image,label,logit,prob_pcos
train/notinfected/Copy of img_0_9989.jpg,0,0.8147374,0.6931181
train/notinfected/img1.jpeg,0,0.4194472,0.60335094
train/notinfected/img2.png,0,1.7238328,0.8486219
train/notinfected/img3.jpg,0,-0.39281118,0.40304074
train/notinfected/img4.jpg,0,3.502314,0.9707536
train/notinfected/img_0_0.jpg,0,-0.31621355,0.42159882
train/notinfected/img_0_100.jpg,0,0.07033269,0.5175759
train/notinfected/img_0_1012.jpg,0,0.062054843,0.5155087
train/notinfected/img_0_1015.jpg,0,4.782955,0.99169827
train/notinfected/img_0_1020.jpg,0,-0.6589286,0.34098035
train/notinfected/img_0_1022.jpg,0,-0.33015397,0.41820315
train/notinfected/img_0_1027.jpg,0,-0.21195823,0.44720793
train/notinfected/img_0_103.jpg,0,-0.15287508,0.46185547
train/notinfected/img_0_1041.jpg,0,0.82866067,0.6960716
train/notinfected/img_0_1050.jpg,0,8.685851,0.9998311
train/notinfected/img_0_1074.jpg,0,-0.35801238,0.4114408
train/notinfected/img_0_1081.jpg,0,0.60936874,0.64779675
train/notinfected/img_0_1082.jpg,0,-0.3988481,0.40158916
train/notinfected/img_0_1083.jpg,0,1.7836304,0.85614455
train/notinfected/img_0_1084.jpg,0,-0.16491583,0.45886427
train/notinfected/img_0_11.jpg,0,0.3904524,0.5963916
train/notinfected/img_0_110.jpg,0,2.2950356,0.908465
train/notinfected/img_0_1107.jpg,0,2.6097336,0.93148535
train/notinfected/img_0_1123.jpg,0,-0.20931435,0.44786164
train/notinfected/img_0_1125.jpg,0,-0.7569519,0.3193084
train/notinfected/img_0_1138.jpg,0,5.2800117,0.9949334
train/notinfected/img_0_1139.jpg,0,2.230397,0.9029461
train/notinfected/img_0_114.jpg,0,-0.067105435,0.48322994
train/notinfected/img_0_1142.jpg,0,0.16274816,0.5405975
train/notinfected/img_0_1147.jpg,0,1.6494992,0.8388234
train/notinfected/img_0_1153.jpg,0,-0.21124499,0.44738427
train/notinfected/img_0_1161.jpg,0,8.410584,0.9997776
train/notinfected/img_0_1163.jpg,0,0.15417075,0.5384665
train/notinfected/img_0_1169.jpg,0,-0.0266757,0.49333146
train/notinfected/img_0_117.jpg,0,-0.33111498,0.41796935
train/notinfected/img_0_1180.jpg,0,-0.060425386,0.48489827
train/notinfected/img_0_1181.jpg,0,-0.18865564,0.4529755
train/notinfected/img_0_1194.jpg,0,1.0716722,0.7449148
train/notinfected/img_0_1202.jpg,0,-0.083652645,0.47909904
train/notinfected/img_0_1218.jpg,0,-0.13423671,0.46649113
train/notinfected/img_0_1224.jpg,0,2.1611662,0.8967076
train/notinfected/img_0_1236.jpg,0,-0.34681734,0.4141544
train/notinfected/img_0_1241.jpg,0,6.300146,0.9981673
train/notinfected/img_0_1242.jpg,0,-0.42402273,0.39555457
train/notinfected/img_0_1248.jpg,0,0.16265893,0.5405753
train/notinfected/img_0_126.jpg,0,2.2815523,0.90733767
train/notinfected/img_0_1261.jpg,0,0.04364907,0.5109105
train/notinfected/img_0_1284.jpg,0,1.856379,0.8648743
train/notinfected/img_0_1285.jpg,0,-0.08439051,0.4789149
train/notinfected/img_0_1288.jpg,0,-0.32069454,0.42050648
train/notinfected/img_0_130.jpg,0,0.38432997,0.594917
train/notinfected/img_0_1300.jpg,0,-0.37765864,0.40669173
train/notinfected/img_0_1305.jpg,0,0.6108394,0.64813226
train/notinfected/img_0_1336.jpg,0,8.222009,0.99973136
train/notinfected/img_0_1337.jpg,0,1.8518151,0.86434007
train/notinfected/img_0_1348.jpg,0,-0.21142873,0.44733885
train/notinfected/img_0_1353.jpg,0,0.39463422,0.59739774
train/notinfected/img_0_1354.jpg,0,-0.16085638,0.4598724
train/notinfected/img_0_1371.jpg,0,-0.5751337,0.3600531
train/notinfected/img_0_1380.jpg,0,9.517419,0.99992645
train/notinfected/img_0_1383.jpg,0,0.17313576,0.5431761
train/notinfected/img_0_1387.jpg,0,-0.469731,0.3846799
train/notinfected/img_0_1388.jpg,0,0.50600874,0.6238703
train/notinfected/img_0_1390.jpg,0,0.38653556,0.59544843
train/notinfected/img_0_1402.jpg,0,-0.040122136,0.4899708
train/notinfected/img_0_1408.jpg,0,1.6804093,0.84295875
train/notinfected/img_0_1416.jpg,0,-0.4100884,0.39889094
train/notinfected/img_0_1423.jpg,0,-0.021270404,0.4946826
train/notinfected/img_0_145.jpg,0,0.14804596,0.53694403
train/notinfected/img_0_1458.jpg,0,3.294273,0.96423185
train/notinfected/img_0_1459.jpg,0,-0.55149686,0.3655172
train/notinfected/img_0_1465.jpg,0,-0.37940165,0.4062712
train/notinfected/img_0_1476.jpg,0,-0.30655402,0.4239561
train/notinfected/img_0_1483.jpg,0,0.06537428,0.51633775
train/notinfected/img_0_1488.jpg,0,-0.1467227,0.46338496
train/notinfected/img_0_1494.jpg,0,0.10661754,0.52662915
train/notinfected/img_0_1502.jpg,0,5.1171722,0.9940428
train/notinfected/img_0_1504.jpg,0,4.3241353,0.98692816
train/notinfected/img_0_1506.jpg,0,-0.19942266,0.4503089
train/notinfected/img_0_1507.jpg,0,1.7539828,0.8524545
train/notinfected/img_0_1550.jpg,0,6.2969565,0.9981615
train/notinfected/img_0_1552.jpg,0,0.60194117,0.6461003
train/notinfected/img_0_1554.jpg,0,7.3392553,0.99935085
train/notinfected/img_0_1563.jpg,0,-0.3401489,0.41577333
train/notinfected/img_0_1569.jpg,0,-0.41556975,0.39757738
train/notinfected/img_0_1600.jpg,0,0.036683135,0.50916976
train/notinfected/img_0_1609.jpg,0,0.11997154,0.52995694
train/notinfected/img_0_1611.jpg,0,0.482456,0.6183276
train/notinfected/img_0_1614.jpg,0,0.0855637,0.52137786
train/notinfected/img_0_1623.jpg,0,-0.0068050716,0.49829873
train/notinfected/img_0_1633.jpg,0,-0.2362012,0.44122276
train/notinfected/img_0_1646.jpg,0,-0.3268809,0.41899976
train/notinfected/img_0_1656.jpg,0,0.09655844,0.52412087
train/notinfected/img_0_1662.jpg,0,3.9055493,0.9802673
train/notinfected/img_0_1675.jpg,0,-0.09437169,0.4764246
train/notinfected/img_0_1678.jpg,0,-0.32505906,0.4194433
train/notinfected/img_0_1679.jpg,0,0.16001341,0.53991824
train/notinfected/img_0_1693.jpg,0,1.9512721,0.8755853
train/notinfected/img_0_1709.jpg,0,-0.26799864,0.4333985
train/notinfected/img_0_171.jpg,0,-0.0035980102,0.4991005
train/notinfected/img_0_1722.jpg,0,0.7241738,0.67352545
train/notinfected/img_0_1723.jpg,0,0.34483993,0.5853658
train/notinfected/img_0_1728.jpg,0,0.06847342,0.51711166
train/notinfected/img_0_1767.jpg,0,-0.32263127,0.42003462
train/notinfected/img_0_1769.jpg,0,-0.020532036,0.49486715
train/notinfected/img_0_1772.jpg,0,6.489198,0.9984825
train/notinfected/img_0_180.jpg,0,1.7585027,0.853022
train/notinfected/img_0_1811.jpg,0,2.1671028,0.8972562
train/notinfected/img_0_1826.jpg,0,-0.28817794,0.42844996
train/notinfected/img_0_1835.jpg,0,0.61487377,0.6490518
train/notinfected/img_0_1838.jpg,0,2.5758817,0.9292931
train/notinfected/img_0_1843.jpg,0,5.6221623,0.99639624
train/notinfected/img_0_1855.jpg,0,-0.3485814,0.4137265
train/notinfected/img_0_1856.jpg,0,-0.091583245,0.4771202
train/notinfected/img_0_1870.jpg,0,-0.37935242,0.40628308
train/notinfected/img_0_1877.jpg,0,0.12857647,0.5320999
train/notinfected/img_0_1882.jpg,0,0.16001594,0.53991884
train/notinfected/img_0_1886.jpg,0,-0.30296463,0.4248329
train/notinfected/img_0_1892.jpg,0,0.5672535,0.63812923
train/notinfected/img_0_1894.jpg,0,0.9365863,0.7184096
train/notinfected/img_0_1903.jpg,0,1.5630523,0.82679087
train/notinfected/img_0_1909.jpg,0,0.48541364,0.6190254
train/notinfected/img_0_1925.jpg,0,5.6402454,0.9964606
train/notinfected/img_0_1926.jpg,0,-0.010802858,0.4972993
train/notinfected/img_0_1928.jpg,0,5.860119,0.9971572
train/notinfected/img_0_1929.jpg,0,-0.38297263,0.40541014
train/notinfected/img_0_1930.jpg,0,0.12128696,0.53028464
train/notinfected/img_0_1950.jpg,0,1.4585261,0.8113072
train/notinfected/img_0_1956.jpg,0,2.6746235,0.93551254
train/notinfected/img_0_1962.jpg,0,-0.045642696,0.48859128
train/notinfected/img_0_1968.jpg,0,-0.11811249,0.47050616
train/notinfected/img_0_1972.jpg,0,0.17103532,0.5426549
train/notinfected/img_0_1992.jpg,0,-0.30211583,0.42504033
train/notinfected/img_0_1994.jpg,0,5.6792564,0.99659556
train/notinfected/img_0_1995.jpg,0,0.49509874,0.62130684
train/notinfected/img_0_2024.jpg,0,-0.27377596,0.43198034
train/notinfected/img_0_2026.jpg,0,0.11033497,0.52755576
train/notinfected/img_0_2027.jpg,0,6.40512,0.99834967
train/notinfected/img_0_2041.jpg,0,-0.21494249,0.44647035
train/notinfected/img_0_2047.jpg,0,4.6412544,0.99044657
train/notinfected/img_0_205.jpg,0,4.8700905,0.99238575
train/notinfected/img_0_2058.jpg,0,-0.15956245,0.4601938
train/notinfected/img_0_210.jpg,0,3.0107949,0.95305943
train/notinfected/img_0_2106.jpg,0,0.22955903,0.5571391
train/notinfected/img_0_2108.jpg,0,-0.060952827,0.48476657
train/notinfected/img_0_2114.jpg,0,0.22965173,0.5571619
train/notinfected/img_0_2123.jpg,0,0.50211465,0.62295616
train/notinfected/img_0_213.jpg,0,-1.0581886,0.25765577
train/notinfected/img_0_2135.jpg,0,0.4823668,0.61830664
train/notinfected/img_0_2136.jpg,0,7.2150245,0.99926513
train/notinfected/img_0_2137.jpg,0,1.8954477,0.86937547
train/notinfected/img_0_2140.jpg,0,-0.57039875,0.36114484
train/notinfected/img_0_2145.jpg,0,-0.1698707,0.45763415
train/notinfected/img_0_2163.jpg,0,0.054240324,0.5135567
train/notinfected/img_0_2164.jpg,0,-0.15090702,0.46234468
train/notinfected/img_0_2167.jpg,0,0.14511982,0.5362164
train/notinfected/img_0_2168.jpg,0,6.88643,0.9989795
train/notinfected/img_0_2183.jpg,0,-0.30058122,0.4254154
train/notinfected/img_0_2192.jpg,0,7.7607226,0.999574
train/notinfected/img_0_2200.jpg,0,7.7148695,0.999554
train/notinfected/img_0_2203.jpg,0,5.025028,0.9934715
train/notinfected/img_0_2208.jpg,0,6.452042,0.99842525
train/notinfected/img_0_2221.jpg,0,0.24573793,0.5611272
train/notinfected/img_0_2233.jpg,0,0.25599778,0.5636522
train/notinfected/img_0_2242.jpg,0,7.379217,0.99937636
train/notinfected/img_0_2246.jpg,0,7.371915,0.9993717
train/notinfected/img_0_2250.jpg,0,2.0666916,0.88762337
train/notinfected/img_0_2258.jpg,0,0.21597798,0.5537856
train/notinfected/img_0_2261.jpg,0,10.671462,0.99997675
train/notinfected/img_0_2271.jpg,0,0.7050235,0.6693006
train/notinfected/img_0_2284.jpg,0,0.061214454,0.51529884
train/notinfected/img_0_2300.jpg,0,0.41219202,0.60161334
train/notinfected/img_0_2303.jpg,0,5.1489487,0.994228
train/notinfected/img_0_2309.jpg,0,-0.04435847,0.48891214
train/notinfected/img_0_2318.jpg,0,-0.3915751,0.40333816
train/notinfected/img_0_2319.jpg,0,0.8434369,0.6991886
train/notinfected/img_0_2326.jpg,0,-0.32757425,0.41883096
train/notinfected/img_0_2327.jpg,0,6.323877,0.9982102
train/notinfected/img_0_2347.jpg,0,5.37647,0.99539715
train/notinfected/img_0_2349.jpg,0,-0.05932582,0.48517287
train/notinfected/img_0_2368.jpg,0,-0.27649,0.4313145
train/notinfected/img_0_2382.jpg,0,-0.19374512,0.45171466
train/notinfected/img_0_2384.jpg,0,-0.25018227,0.43777868
train/notinfected/img_0_239.jpg,0,-0.13322443,0.46674302
train/notinfected/img_0_2412.jpg,0,7.816027,0.999597
train/notinfected/img_0_2422.jpg,0,0.69169825,0.6663446
train/notinfected/img_0_2439.jpg,0,-0.13660866,0.46590084
train/notinfected/img_0_2451.jpg,0,6.7801266,0.9988651
train/notinfected/img_0_2452.jpg,0,5.825367,0.99705696
train/notinfected/img_0_2454.jpg,0,0.38649544,0.5954388
train/notinfected/img_0_2479.jpg,0,6.93252,0.99902546
train/notinfected/img_0_248.jpg,0,0.15677592,0.5391139
train/notinfected/img_0_2480.jpg,0,-0.2414349,0.43993276
train/notinfected/img_0_2481.jpg,0,0.61466825,0.64900494
train/notinfected/img_0_2485.jpg,0,-0.3380982,0.41627154
train/notinfected/img_0_2486.jpg,0,-0.07036304,0.48241654
train/notinfected/img_0_2489.jpg,0,0.093264475,0.5232992
train/notinfected/img_0_2505.jpg,0,0.13286187,0.5331667
train/notinfected/img_0_251.jpg,0,2.3474028,0.9127276
train/notinfected/img_0_2512.jpg,0,6.834347,0.9989249
train/notinfected/img_0_2517.jpg,0,-0.20531453,0.44885093
train/notinfected/img_0_2518.jpg,0,-0.41515955,0.3976756
train/notinfected/img_0_2519.jpg,0,-0.41785708,0.39702967
train/notinfected/img_0_2521.jpg,0,8.868112,0.9998592
train/notinfected/img_0_2534.jpg,0,-0.49618545,0.37843752
train/notinfected/img_0_254.jpg,0,0.09601115,0.5239844
train/notinfected/img_0_2546.jpg,0,8.163249,0.99971515
train/notinfected/img_0_2549.jpg,0,2.1671734,0.89726275
train/notinfected/img_0_257.jpg,0,-0.31549534,0.42177394
train/notinfected/img_0_2571.jpg,0,0.14059386,0.5350907
train/notinfected/img_0_2577.jpg,0,-0.278644,0.43078628
train/notinfected/img_0_258.jpg,0,-0.28266025,0.42980167
train/notinfected/img_0_2601.jpg,0,0.16114053,0.5401982
train/notinfected/img_0_261.jpg,0,0.18739533,0.5467122
train/notinfected/img_0_264.jpg,0,0.7289656,0.6745782
train/notinfected/img_0_2646.jpg,0,0.22185683,0.5552378
train/notinfected/img_0_2700.jpg,0,0.10818331,0.5270195
train/notinfected/img_0_2701.jpg,0,-0.3917946,0.40328535
train/notinfected/img_0_2707.jpg,0,0.10288408,0.52569836
train/notinfected/img_0_2713.jpg,0,4.0707736,0.98322207
train/notinfected/img_0_2727.jpg,0,7.5626125,0.9994808
train/notinfected/img_0_2734.jpg,0,0.38287726,0.5945669
train/notinfected/img_0_2740.jpg,0,-0.31497172,0.42190164
train/notinfected/img_0_2745.jpg,0,7.3303576,0.9993451
train/notinfected/img_0_2760.jpg,0,0.7077518,0.6699042
train/notinfected/img_0_2764.jpg,0,1.7211611,0.8482784
train/notinfected/img_0_2772.jpg,0,-0.097251564,0.47570625
train/notinfected/img_0_2773.jpg,0,0.7127054,0.6709987
train/notinfected/img_0_2774.jpg,0,0.0054997206,0.5013749
train/notinfected/img_0_2780.jpg,0,-0.021410348,0.4946476
train/notinfected/img_0_2782.jpg,0,3.87785,0.9797243
train/notinfected/img_0_2786.jpg,0,-0.090649344,0.47735322
train/notinfected/img_0_2795.jpg,0,4.905253,0.99264693
train/notinfected/img_0_28.jpg,0,0.07196144,0.5179826
train/notinfected/img_0_280.jpg,0,0.9180868,0.7146521
train/notinfected/img_0_2803.jpg,0,-0.7562431,0.3194625
train/notinfected/img_0_2804.jpg,0,6.6858025,0.9987531
train/notinfected/img_0_2819.jpg,0,0.6032315,0.64639527
train/notinfected/img_0_282.jpg,0,-0.13318428,0.46675304
train/notinfected/img_0_2820.jpg,0,0.8059959,0.6912556
train/notinfected/img_0_2843.jpg,0,1.442104,0.80878025
train/notinfected/img_0_2871.jpg,0,-1.3181973,0.21111837
train/notinfected/img_0_2879.jpg,0,-0.6105473,0.35193437
train/notinfected/img_0_2881.jpg,0,-0.11292681,0.47179827
train/notinfected/img_0_2891.jpg,0,6.1910534,0.9979565
train/notinfected/img_0_2897.jpg,0,-0.08413261,0.4789792
train/notinfected/img_0_2900.jpg,0,0.23940772,0.5595677
train/notinfected/img_0_2903.jpg,0,-0.075692184,0.481086
train/notinfected/img_0_2912.jpg,0,-0.3367491,0.41659936
train/notinfected/img_0_2913.jpg,0,4.500276,0.9890161
train/notinfected/img_0_2928.jpg,0,8.400136,0.99977523
train/notinfected/img_0_294.jpg,0,2.2273304,0.9026771
train/notinfected/img_0_2940.jpg,0,-0.25003704,0.4378144
train/notinfected/img_0_2951.jpg,0,0.08341017,0.5208404
train/notinfected/img_0_2957.jpg,0,0.30468866,0.57558835
train/notinfected/img_0_2959.jpg,0,-0.059056118,0.48524022
train/notinfected/img_0_296.jpg,0,1.694112,0.8447642
train/notinfected/img_0_2964.jpg,0,-0.11364567,0.4716191
train/notinfected/img_0_2979.jpg,0,-0.27189454,0.43244207
train/notinfected/img_0_2986.jpg,0,0.1194237,0.52982044
train/notinfected/img_0_2987.jpg,0,0.51921344,0.62696385
train/notinfected/img_0_2996.jpg,0,0.30583742,0.5758689
train/notinfected/img_0_2997.jpg,0,-0.40241423,0.40073243
train/notinfected/img_0_3004.jpg,0,0.15959577,0.5398145
train/notinfected/img_0_3020.jpg,0,-0.10988054,0.4725575
train/notinfected/img_0_3023.jpg,0,-0.22803321,0.44323742
train/notinfected/img_0_3036.jpg,0,-0.2921573,0.42747578
train/notinfected/img_0_3049.jpg,0,0.095918454,0.52396125
train/notinfected/img_0_305.jpg,0,-0.44439623,0.39069393
train/notinfected/img_0_3053.jpg,0,2.3133864,0.90997964
train/notinfected/img_0_3054.jpg,0,9.95938,0.9999527
train/notinfected/img_0_3062.jpg,0,-0.055532187,0.48612055
train/notinfected/img_0_3069.jpg,0,6.306019,0.998178
train/notinfected/img_0_307.jpg,0,-0.026620118,0.49334538
train/notinfected/img_0_309.jpg,0,-0.46431494,0.38596272
train/notinfected/img_0_3091.jpg,0,-0.2838944,0.42949927
train/notinfected/img_0_3102.jpg,0,2.4651039,0.92165893
train/notinfected/img_0_3105.jpg,0,10.631505,0.9999758
train/notinfected/img_0_3117.jpg,0,7.168562,0.99923015
train/notinfected/img_0_3122.jpg,0,6.3887663,0.9983224
train/notinfected/img_0_3124.jpg,0,0.07079703,0.5176919
train/notinfected/img_0_3149.jpg,0,6.909296,0.9990025
train/notinfected/img_0_3154.jpg,0,0.1275925,0.5318549
train/notinfected/img_0_3158.jpg,0,-0.4050159,0.40010783
train/notinfected/img_0_3164.jpg,0,0.6128931,0.64860046
train/notinfected/img_0_3179.jpg,0,-0.05811906,0.48547432
train/notinfected/img_0_3185.jpg,0,7.6448517,0.99952173
train/notinfected/img_0_3205.jpg,0,-0.2570849,0.43608043
train/notinfected/img_0_3207.jpg,0,1.5012088,0.8177547
train/notinfected/img_0_3214.jpg,0,0.10635906,0.5265647
train/notinfected/img_0_3217.jpg,0,1.9855471,0.8792712
train/notinfected/img_0_3229.jpg,0,-0.35370538,0.41248417
train/notinfected/img_0_323.jpg,0,-0.13549952,0.46617684
train/notinfected/img_0_3230.jpg,0,-0.11643417,0.4709243
train/notinfected/img_0_3238.jpg,0,-0.06197551,0.4845111
train/notinfected/img_0_3245.jpg,0,-0.2585684,0.43571568
train/notinfected/img_0_326.jpg,0,-0.17992035,0.45514083
train/notinfected/img_0_3265.jpg,0,0.8171496,0.69363093
train/notinfected/img_0_3279.jpg,0,0.042813644,0.5107018
train/notinfected/img_0_3280.jpg,0,4.903552,0.9926345
train/notinfected/img_0_3282.jpg,0,0.101808116,0.5254301
train/notinfected/img_0_3287.jpg,0,-0.18844596,0.45302746
train/notinfected/img_0_3291.jpg,0,-0.11557427,0.47113857
train/notinfected/img_0_3292.jpg,0,-0.21711141,0.44593433
train/notinfected/img_0_3297.jpg,0,4.518491,0.98921216
train/notinfected/img_0_330.jpg,0,6.930732,0.9990237
train/notinfected/img_0_3309.jpg,0,-0.36255047,0.4103423
train/notinfected/img_0_3318.jpg,0,1.6081551,0.8331551
train/notinfected/img_0_3321.jpg,0,2.7311873,0.93884206
train/notinfected/img_0_3325.jpg,0,0.8017337,0.69034517
train/notinfected/img_0_3328.jpg,0,5.6023207,0.9963243
train/notinfected/img_0_3331.jpg,0,2.9270735,0.9491686
train/notinfected/img_0_3345.jpg,0,-0.31219038,0.42258015
train/notinfected/img_0_3358.jpg,0,4.6278157,0.99031854
train/notinfected/img_0_3365.jpg,0,-0.2842439,0.42941362
train/notinfected/img_0_337.jpg,0,-0.20171283,0.4497421
train/notinfected/img_0_3404.jpg,0,-0.32116842,0.42039102
train/notinfected/img_0_3407.jpg,0,6.965081,0.99905664
train/notinfected/img_0_3409.jpg,0,-0.038223468,0.49044532
train/notinfected/img_0_341.jpg,0,-0.009311533,0.4976721
train/notinfected/img_0_3410.jpg,0,0.063569225,0.51588696
train/notinfected/img_0_3412.jpg,0,1.6797237,0.842868
train/notinfected/img_0_3418.jpg,0,4.450454,0.9884615
train/notinfected/img_0_3430.jpg,0,-0.15286243,0.46185863
train/notinfected/img_0_3433.jpg,0,-0.10306919,0.47425547
train/notinfected/img_0_3436.jpg,0,-0.89273876,0.29054496
train/notinfected/img_0_3440.jpg,0,-0.096562415,0.47587812
train/notinfected/img_0_3442.jpg,0,5.189314,0.99445516
train/notinfected/img_0_3456.jpg,0,3.9480753,0.9810734
train/notinfected/img_0_3463.jpg,0,0.9230899,0.7156713
train/notinfected/img_0_3470.jpg,0,0.053229935,0.5133043
train/notinfected/img_0_3474.jpg,0,1.5859996,0.83005255
train/notinfected/img_0_348.jpg,0,-0.03551335,0.4911226
train/notinfected/img_0_3484.jpg,0,9.974397,0.9999534
train/notinfected/img_0_3504.jpg,0,-0.27563933,0.4315232
train/notinfected/img_0_3520.jpg,0,-0.28687385,0.42876938
train/notinfected/img_0_3522.jpg,0,5.789877,0.996951
train/notinfected/img_0_3526.jpg,0,-0.20899719,0.44794002
train/notinfected/img_0_3533.jpg,0,-0.120179474,0.46999127
train/notinfected/img_0_3540.jpg,0,-0.15309064,0.46180192
train/notinfected/img_0_3545.jpg,0,1.6572249,0.8398651
train/notinfected/img_0_3565.jpg,0,-0.19427666,0.45158303
train/notinfected/img_0_3575.jpg,0,0.148645,0.537093
train/notinfected/img_0_3579.jpg,0,-0.25836483,0.43576568
train/notinfected/img_0_3600.jpg,0,2.5925565,0.930381
train/notinfected/img_0_3602.jpg,0,-0.45464548,0.38825682
train/notinfected/img_0_3611.jpg,0,0.08673355,0.5216698
train/notinfected/img_0_3614.jpg,0,-0.331747,0.41781563
train/notinfected/img_0_3617.jpg,0,4.6170883,0.9902152
train/notinfected/img_0_3623.jpg,0,-0.19413842,0.45161724
train/notinfected/img_0_3624.jpg,0,-0.24170372,0.4398665
train/notinfected/img_0_3630.jpg,0,1.3883767,0.8003329
train/notinfected/img_0_3632.jpg,0,0.13293739,0.5331855
train/notinfected/img_0_3633.jpg,0,1.9745853,0.8781028
train/notinfected/img_0_3639.jpg,0,0.039285563,0.5098201
train/notinfected/img_0_3674.jpg,0,1.4619203,0.81182617
train/notinfected/img_0_3683.jpg,0,1.8885474,0.8685899
train/notinfected/img_0_3706.jpg,0,0.7581987,0.68096256
train/notinfected/img_0_3708.jpg,0,2.056893,0.88664234
train/notinfected/img_0_3716.jpg,0,-0.05869609,0.4853302
train/notinfected/img_0_3734.jpg,0,-0.08714886,0.47822654
train/notinfected/img_0_3737.jpg,0,-0.008039048,0.49799025
train/notinfected/img_0_3762.jpg,0,2.2314038,0.9030344
train/notinfected/img_0_3777.jpg,0,-0.05160609,0.48710135
train/notinfected/img_0_378.jpg,0,5.102445,0.99395496
train/notinfected/img_0_3786.jpg,0,0.18204795,0.54538673
train/notinfected/img_0_38.jpg,0,-0.016402246,0.4958995
train/notinfected/img_0_3810.jpg,0,-0.5089614,0.375437
train/notinfected/img_0_3826.jpg,0,8.47664,0.9997918
train/notinfected/img_0_3839.jpg,0,0.9337866,0.7178428
train/notinfected/img_0_384.jpg,0,1.3602436,0.7957993
train/notinfected/img_0_3845.jpg,0,0.19412155,0.5483785
train/notinfected/img_0_3847.jpg,0,-0.30600783,0.42408943
train/notinfected/img_0_3851.jpg,0,4.648078,0.9905109
train/notinfected/img_0_3852.jpg,0,-0.21005854,0.4476776
train/notinfected/img_0_3859.jpg,0,0.778053,0.6852603
train/notinfected/img_0_3867.jpg,0,0.22115001,0.55506325
train/notinfected/img_0_3883.jpg,0,0.5396492,0.6317308
train/notinfected/img_0_3908.jpg,0,7.777732,0.99958116
train/notinfected/img_0_393.jpg,0,0.61030704,0.64801085
train/notinfected/img_0_3932.jpg,0,8.604655,0.99981683
train/notinfected/img_0_397.jpg,0,2.1248136,0.89329165
train/notinfected/img_0_398.jpg,0,0.61584526,0.64927304
train/notinfected/img_0_3984.jpg,0,0.5948696,0.64448166
train/notinfected/img_0_399.jpg,0,-0.1989527,0.45042524
train/notinfected/img_0_3991.jpg,0,0.10156038,0.5253683
train/notinfected/img_0_3995.jpg,0,0.071377635,0.51783687
train/notinfected/img_0_4.jpg,0,6.401968,0.9983444
train/notinfected/img_0_4021.jpg,0,-0.2374571,0.4409131
train/notinfected/img_0_4036.jpg,0,-0.3276772,0.41880587
train/notinfected/img_0_4042.jpg,0,2.059063,0.88686013
train/notinfected/img_0_4054.jpg,0,0.09796763,0.52447236
train/notinfected/img_0_4055.jpg,0,-0.046553805,0.48836365
train/notinfected/img_0_4089.jpg,0,0.016920423,0.50422996
train/notinfected/img_0_4093.jpg,0,-0.2690487,0.4331407
train/notinfected/img_0_4100.jpg,0,-0.12319934,0.46923906
train/notinfected/img_0_4120.jpg,0,-0.11050017,0.47240302
train/notinfected/img_0_4122.jpg,0,-0.21252808,0.44706705
train/notinfected/img_0_4134.jpg,0,2.570364,0.92892975
train/notinfected/img_0_4143.jpg,0,-0.115823746,0.4710764
train/notinfected/img_0_4146.jpg,0,0.26598427,0.5661068
train/notinfected/img_0_4147.jpg,0,0.16826686,0.54196775
train/notinfected/img_0_4159.jpg,0,-0.31136703,0.4227811
train/notinfected/img_0_4160.jpg,0,-0.23419502,0.4417174
train/notinfected/img_0_4171.jpg,0,2.5188472,0.92545253
train/notinfected/img_0_4172.jpg,0,-0.08146042,0.47964615
train/notinfected/img_0_4195.jpg,0,-0.17463219,0.45645258
train/notinfected/img_0_4196.jpg,0,-0.35509098,0.41214845
train/notinfected/img_0_4200.jpg,0,-0.3141468,0.42210287
train/notinfected/img_0_4210.jpg,0,2.425747,0.9187697
train/notinfected/img_0_4213.jpg,0,0.12950106,0.5323301
train/notinfected/img_0_4226.jpg,0,0.5877894,0.6428578
train/notinfected/img_0_4228.jpg,0,7.1418967,0.9992094
train/notinfected/img_0_4234.jpg,0,-0.2828674,0.42975095
train/notinfected/img_0_4237.jpg,0,-0.6814472,0.33593836
train/notinfected/img_0_424.jpg,0,8.63598,0.99982244
train/notinfected/img_0_4245.jpg,0,0.029568935,0.5073917
train/notinfected/img_0_4249.jpg,0,-0.4005363,0.40118352
train/notinfected/img_0_425.jpg,0,-0.16466129,0.45892745
train/notinfected/img_0_4254.jpg,0,-0.22396284,0.44424218
train/notinfected/img_0_4275.jpg,0,-0.31531402,0.42181814
train/notinfected/img_0_4298.jpg,0,0.043667153,0.51091504
train/notinfected/img_0_431.jpg,0,1.6521724,0.83918446
train/notinfected/img_0_4311.jpg,0,-0.1346798,0.46638086
train/notinfected/img_0_4322.jpg,0,-0.19397107,0.4516587
train/notinfected/img_0_4323.jpg,0,-0.54842734,0.36622936
train/notinfected/img_0_4325.jpg,0,-0.31378934,0.4221901
train/notinfected/img_0_4368.jpg,0,0.1890341,0.5471183
train/notinfected/img_0_4369.jpg,0,0.7570985,0.6807234
train/notinfected/img_0_4374.jpg,0,0.21270755,0.55297726
train/notinfected/img_0_4378.jpg,0,-0.4201717,0.39647564
train/notinfected/img_0_4379.jpg,0,7.519746,0.999458
train/notinfected/img_0_438.jpg,0,-0.2378324,0.4408206
train/notinfected/img_0_4381.jpg,0,1.8024895,0.8584517
train/notinfected/img_0_4390.jpg,0,-0.17975903,0.45518085
train/notinfected/img_0_4392.jpg,0,0.03041676,0.5076036
train/notinfected/img_0_4401.jpg,0,0.70479405,0.66924983
train/notinfected/img_0_4408.jpg,0,-0.3267409,0.41903383
train/notinfected/img_0_4428.jpg,0,7.336147,0.9993488
train/notinfected/img_0_444.jpg,0,0.123810366,0.5309131
train/notinfected/img_0_4443.jpg,0,0.23155768,0.55763215
train/notinfected/img_0_4446.jpg,0,2.1317248,0.8939487
train/notinfected/img_0_4449.jpg,0,1.4470179,0.8095391
train/notinfected/img_0_445.jpg,0,6.611105,0.9986564
train/notinfected/img_0_4462.jpg,0,0.08812994,0.52201825
train/notinfected/img_0_4466.jpg,0,1.292705,0.78460467
train/notinfected/img_0_4480.jpg,0,-0.066686705,0.48333445
train/notinfected/img_0_4481.jpg,0,1.1112742,0.7523666
train/notinfected/img_0_4504.jpg,0,-0.06190463,0.48452878
train/notinfected/img_0_451.jpg,0,-0.062721804,0.48432466
train/notinfected/img_0_4523.jpg,0,1.387964,0.800267
train/notinfected/img_0_4564.jpg,0,4.0376616,0.982667
train/notinfected/img_0_4578.jpg,0,-0.17109817,0.45732948
train/notinfected/img_0_4579.jpg,0,0.03950274,0.5098744
train/notinfected/img_0_4584.jpg,0,0.039354753,0.50983745
train/notinfected/img_0_4591.jpg,0,4.8494787,0.99222845
train/notinfected/img_0_4593.jpg,0,-0.14093442,0.46482462
train/notinfected/img_0_460.jpg,0,6.8352823,0.998926
train/notinfected/img_0_4606.jpg,0,1.940261,0.87438077
train/notinfected/img_0_4613.jpg,0,6.7687063,0.99885213
train/notinfected/img_0_4615.jpg,0,-0.1348568,0.4663368
train/notinfected/img_0_4620.jpg,0,0.11867367,0.52963364
train/notinfected/img_0_4626.jpg,0,0.17698972,0.5441323
train/notinfected/img_0_4639.jpg,0,-0.30491903,0.42435542
train/notinfected/img_0_464.jpg,0,1.6259738,0.83561736
train/notinfected/img_0_4652.jpg,0,0.2077689,0.55175614
train/notinfected/img_0_4653.jpg,0,8.561454,0.9998087
train/notinfected/img_0_4654.jpg,0,0.17003956,0.54240775
train/notinfected/img_0_4664.jpg,0,-0.05583325,0.48604533
train/notinfected/img_0_4665.jpg,0,1.5283056,0.8217583
train/notinfected/img_0_4676.jpg,0,2.1529484,0.895944
train/notinfected/img_0_4678.jpg,0,-0.10046547,0.47490475
train/notinfected/img_0_4679.jpg,0,-0.21471542,0.44652644
train/notinfected/img_0_4681.jpg,0,1.9336851,0.8736567
train/notinfected/img_0_469.jpg,0,5.716111,0.99671835
train/notinfected/img_0_4695.jpg,0,3.8767617,0.97970265
train/notinfected/img_0_47.jpg,0,0.7566826,0.680633
train/notinfected/img_0_4700.jpg,0,0.3460831,0.58566743
train/notinfected/img_0_4702.jpg,0,-0.0816845,0.4795902
train/notinfected/img_0_4704.jpg,0,0.7770575,0.6850456
train/notinfected/img_0_4723.jpg,0,1.741657,0.85089743
train/notinfected/img_0_4735.jpg,0,0.10361916,0.52588165
train/notinfected/img_0_4740.jpg,0,0.043637093,0.51090753
train/notinfected/img_0_4749.jpg,0,0.08423536,0.5210464
train/notinfected/img_0_4750.jpg,0,-0.37281853,0.40786013
train/notinfected/img_0_4772.jpg,0,1.6037624,0.83254355
train/notinfected/img_0_4777.jpg,0,-0.0842168,0.47895825
train/notinfected/img_0_4791.jpg,0,5.107692,0.99398637
train/notinfected/img_0_4796.jpg,0,5.044016,0.9935935
train/notinfected/img_0_4798.jpg,0,0.7554464,0.6803643
train/notinfected/img_0_4807.jpg,0,-0.43754885,0.3923252
train/notinfected/img_0_4809.jpg,0,0.09541444,0.52383554
train/notinfected/img_0_4813.jpg,0,0.061901726,0.5154705
train/notinfected/img_0_4838.jpg,0,-0.08461468,0.4788589
train/notinfected/img_0_4880.jpg,0,0.15516892,0.5387146
train/notinfected/img_0_4892.jpg,0,0.6326002,0.6530788
train/notinfected/img_0_4901.jpg,0,6.41202,0.99836093
train/notinfected/img_0_4903.jpg,0,0.99347574,0.7297739
train/notinfected/img_0_4904.jpg,0,0.08922161,0.52229065
train/notinfected/img_0_4916.jpg,0,-0.22814614,0.44320956
train/notinfected/img_0_4919.jpg,0,0.1843572,0.5459592
train/notinfected/img_0_4922.jpg,0,6.951065,0.9990433
train/notinfected/img_0_4928.jpg,0,-0.13264829,0.46688646
train/notinfected/img_0_4931.jpg,0,-0.061356075,0.48466578
train/notinfected/img_0_4934.jpg,0,0.044792652,0.5111963
train/notinfected/img_0_4938.jpg,0,0.15144473,0.537789
train/notinfected/img_0_4950.jpg,0,4.4786115,0.9887782
train/notinfected/img_0_4952.jpg,0,0.05042824,0.5126044
train/notinfected/img_0_4957.jpg,0,-0.744748,0.32196677
train/notinfected/img_0_496.jpg,0,-0.055672765,0.48608539
train/notinfected/img_0_4961.jpg,0,11.171432,0.99998593
train/notinfected/img_0_4966.jpg,0,0.05444236,0.5136072
train/notinfected/img_0_4967.jpg,0,2.1349487,0.8942539
train/notinfected/img_0_4990.jpg,0,-0.4081982,0.39934424
train/notinfected/img_0_5003.jpg,0,1.746901,0.8515615
train/notinfected/img_0_5011.jpg,0,5.372407,0.9953785
train/notinfected/img_0_5024.jpg,0,1.9946313,0.8802322
train/notinfected/img_0_5035.jpg,0,0.16871127,0.5420781
train/notinfected/img_0_5040.jpg,0,1.6694074,0.84149677
train/notinfected/img_0_5049.jpg,0,0.13034068,0.53253907
train/notinfected/img_0_5050.jpg,0,0.20188648,0.5503009
train/notinfected/img_0_5055.jpg,0,-0.033014484,0.4917471
train/notinfected/img_0_5058.jpg,0,0.45013812,0.61067206
train/notinfected/img_0_5090.jpg,0,1.5451113,0.8242066
train/notinfected/img_0_5091.jpg,0,0.4632449,0.61378366
train/notinfected/img_0_5108.jpg,0,0.13951263,0.5348217
train/notinfected/img_0_5115.jpg,0,0.9458737,0.7202846
train/notinfected/img_0_5124.jpg,0,0.031919807,0.5079793
train/notinfected/img_0_5135.jpg,0,-0.11470726,0.47135457
train/notinfected/img_0_5150.jpg,0,-0.41344482,0.39808643
train/notinfected/img_0_5157.jpg,0,-0.32564768,0.4193
train/notinfected/img_0_5164.jpg,0,0.034159854,0.50853914
train/notinfected/img_0_5172.jpg,0,0.7354723,0.676005
train/notinfected/img_0_5182.jpg,0,0.31224895,0.5774341
train/notinfected/img_0_5190.jpg,0,-0.6141382,0.3511158
train/notinfected/img_0_5195.jpg,0,0.14200673,0.5354422
train/notinfected/img_0_5203.jpg,0,1.3354726,0.7917444
train/notinfected/img_0_5208.jpg,0,-0.23656896,0.44113207
train/notinfected/img_0_5209.jpg,0,0.21747546,0.5541556
train/notinfected/img_0_5220.jpg,0,0.03487937,0.50871897
train/notinfected/img_0_5233.jpg,0,0.10248284,0.5255983
train/notinfected/img_0_5240.jpg,0,0.41298944,0.6018045
train/notinfected/img_0_5255.jpg,0,8.102387,0.9996973
train/notinfected/img_0_5271.jpg,0,1.9650493,0.87707835
train/notinfected/img_0_5272.jpg,0,6.5724335,0.9986035
train/notinfected/img_0_5288.jpg,0,0.14069933,0.5351169
train/notinfected/img_0_529.jpg,0,1.725477,0.84883296
train/notinfected/img_0_5290.jpg,0,0.12127128,0.5302807
train/notinfected/img_0_5291.jpg,0,9.019752,0.999879
train/notinfected/img_0_5304.jpg,0,0.4098666,0.6010559
train/notinfected/img_0_5319.jpg,0,-0.27558798,0.43153575
train/notinfected/img_0_5328.jpg,0,-0.7107065,0.32944274
train/notinfected/img_0_5336.jpg,0,-0.06620138,0.4834557
train/notinfected/img_0_5338.jpg,0,0.025056869,0.50626385
train/notinfected/img_0_5346.jpg,0,0.070353925,0.5175812
train/notinfected/img_0_5347.jpg,0,0.43437657,0.6069183
train/notinfected/img_0_5353.jpg,0,0.6167734,0.64948434
train/notinfected/img_0_5364.jpg,0,1.5993156,0.8319227
train/notinfected/img_0_5365.jpg,0,0.63048416,0.6525993
train/notinfected/img_0_5368.jpg,0,0.17216201,0.54293454
train/notinfected/img_0_5379.jpg,0,0.07235652,0.51808125
train/notinfected/img_0_5384.jpg,0,0.0780507,0.51950276
train/notinfected/img_0_5386.jpg,0,0.6257786,0.65153164
train/notinfected/img_0_5391.jpg,0,-0.10355276,0.4741349
train/notinfected/img_0_5398.jpg,0,0.3681553,0.5910132
train/notinfected/img_0_5405.jpg,0,6.029492,0.99759907
train/notinfected/img_0_5412.jpg,0,-0.004321618,0.49891958
train/notinfected/img_0_5425.jpg,0,0.0040484983,0.5010121
train/notinfected/img_0_5427.jpg,0,-0.1845125,0.45400232
train/notinfected/img_0_5428.jpg,0,-0.2421017,0.43976846
train/notinfected/img_0_5432.jpg,0,0.05997871,0.51499015
train/notinfected/img_0_5444.jpg,0,-0.3070312,0.4238395
train/notinfected/img_0_5448.jpg,0,2.3042407,0.90922767
train/notinfected/img_0_5452.jpg,0,1.4906259,0.8161722
train/notinfected/img_0_5455.jpg,0,0.75417775,0.68008834
train/notinfected/img_0_5479.jpg,0,5.575618,0.9962251
train/notinfected/img_0_5480.jpg,0,1.0031509,0.73167765
train/notinfected/img_0_5491.jpg,0,2.3127542,0.9099278
train/notinfected/img_0_5492.jpg,0,0.05695747,0.51423556
train/notinfected/img_0_5493.jpg,0,0.16600391,0.541406
train/notinfected/img_0_5495.jpg,0,-0.38274696,0.40546453
train/notinfected/img_0_5500.jpg,0,0.6806923,0.6638932
train/notinfected/img_0_5512.jpg,0,1.0700312,0.74460286
train/notinfected/img_0_5520.jpg,0,-0.3155714,0.42175546
train/notinfected/img_0_5523.jpg,0,0.7110939,0.67064285
train/notinfected/img_0_5538.jpg,0,6.743215,0.9988225
train/notinfected/img_0_5547.jpg,0,0.17246392,0.54300946
train/notinfected/img_0_5554.jpg,0,2.0261102,0.88351136
train/notinfected/img_0_5566.jpg,0,-0.04322709,0.48919493
train/notinfected/img_0_5572.jpg,0,0.00689687,0.5017242
train/notinfected/img_0_5573.jpg,0,0.39597127,0.5977193
train/notinfected/img_0_5578.jpg,0,7.8905945,0.9996259
train/notinfected/img_0_5581.jpg,0,-0.46279714,0.3863225
train/notinfected/img_0_5594.jpg,0,6.278056,0.99812645
train/notinfected/img_0_56.jpg,0,7.5348825,0.9994661
train/notinfected/img_0_5614.jpg,0,0.1492247,0.5372371
train/notinfected/img_0_5617.jpg,0,0.109153844,0.52726144
train/notinfected/img_0_5622.jpg,0,6.082235,0.9977221
train/notinfected/img_0_5634.jpg,0,0.4933937,0.6209056
train/notinfected/img_0_5636.jpg,0,0.13463736,0.5336086
train/notinfected/img_0_5638.jpg,0,-0.3115597,0.42273405
train/notinfected/img_0_5649.jpg,0,-0.64890033,0.3432374
train/notinfected/img_0_5651.jpg,0,-0.2556359,0.4364368
train/notinfected/img_0_5656.jpg,0,7.4810553,0.9994367
train/notinfected/img_0_5678.jpg,0,0.15917641,0.5397103
train/notinfected/img_0_5684.jpg,0,0.008243611,0.5020609
train/notinfected/img_0_5694.jpg,0,-0.49079475,0.37970635
train/notinfected/img_0_570.jpg,0,-0.36741477,0.4091659
train/notinfected/img_0_5708.jpg,0,-0.5361946,0.36907324
train/notinfected/img_0_5712.jpg,0,-1.0200614,0.26501545
train/notinfected/img_0_5718.jpg,0,2.186699,0.8990487
train/notinfected/img_0_5724.jpg,0,0.15393445,0.5384078
train/notinfected/img_0_5736.jpg,0,6.997198,0.9990864
train/notinfected/img_0_5745.jpg,0,0.08494633,0.52122384
train/notinfected/img_0_5757.jpg,0,0.19407237,0.54836637
train/notinfected/img_0_5759.jpg,0,0.10863416,0.52713186
train/notinfected/img_0_5762.jpg,0,-0.13268423,0.46687752
train/notinfected/img_0_5763.jpg,0,-0.19232133,0.45206732
train/notinfected/img_0_5764.jpg,0,1.8936174,0.86916745
train/notinfected/img_0_5773.jpg,0,6.1957674,0.9979662
train/notinfected/img_0_5774.jpg,0,-0.013363482,0.49665916
train/notinfected/img_0_5777.jpg,0,0.3459356,0.5856316
train/notinfected/img_0_5794.jpg,0,0.589045,0.643146
train/notinfected/img_0_5803.jpg,0,0.70825046,0.6700145
train/notinfected/img_0_5808.jpg,0,0.041038044,0.5102581
train/notinfected/img_0_5809.jpg,0,2.0284493,0.88375187
train/notinfected/img_0_581.jpg,0,-0.026727812,0.49331847
train/notinfected/img_0_5813.jpg,0,0.029872684,0.5074676
train/notinfected/img_0_5826.jpg,0,0.14041498,0.53504616
train/notinfected/img_0_5830.jpg,0,5.4493847,0.9957195
train/notinfected/img_0_5851.jpg,0,-0.17553467,0.45622867
train/notinfected/img_0_5856.jpg,0,-0.10977721,0.47258326
train/notinfected/img_0_5857.jpg,0,7.8497267,0.99961036
train/notinfected/img_0_586.jpg,0,5.5623507,0.99617493
train/notinfected/img_0_5864.jpg,0,-0.24548623,0.43893483
train/notinfected/img_0_587.jpg,0,0.35521957,0.58788276
train/notinfected/img_0_5877.jpg,0,0.08854863,0.5221227
train/notinfected/img_0_5896.jpg,0,-0.3086553,0.42344302
train/notinfected/img_0_5899.jpg,0,0.08869444,0.5221591
train/notinfected/img_0_5912.jpg,0,0.6640924,0.6601791
train/notinfected/img_0_5916.jpg,0,1.5264195,0.8214819
train/notinfected/img_0_5920.jpg,0,-0.03245549,0.4918868
train/notinfected/img_0_5925.jpg,0,4.6403046,0.99043757
train/notinfected/img_0_5928.jpg,0,4.384143,0.9876801
train/notinfected/img_0_5942.jpg,0,2.0636494,0.88731956
train/notinfected/img_0_5949.jpg,0,0.15166184,0.5378429
train/notinfected/img_0_5954.jpg,0,0.20403948,0.55083364
train/notinfected/img_0_5971.jpg,0,5.7214355,0.99673563
train/notinfected/img_0_5988.jpg,0,0.4380681,0.60779864
train/notinfected/img_0_6005.jpg,0,5.4406376,0.995682
train/notinfected/img_0_6009.jpg,0,-0.21652654,0.4460789
train/notinfected/img_0_601.jpg,0,-0.11380096,0.47158042
train/notinfected/img_0_6013.jpg,0,-0.31453374,0.42200848
train/notinfected/img_0_6015.jpg,0,-0.25502852,0.43658623
train/notinfected/img_0_6017.jpg,0,-0.17293984,0.45687246
train/notinfected/img_0_6022.jpg,0,-0.52277464,0.37220368
train/notinfected/img_0_6040.jpg,0,-0.24289358,0.4395734
train/notinfected/img_0_6044.jpg,0,0.3723159,0.5920185
train/notinfected/img_0_6047.jpg,0,1.4340618,0.8075333
train/notinfected/img_0_6054.jpg,0,2.3454304,0.9125703
train/notinfected/img_0_6056.jpg,0,2.3814578,0.91540235
train/notinfected/img_0_6057.jpg,0,1.2986419,0.7856063
train/notinfected/img_0_6060.jpg,0,-0.7209634,0.32718086
train/notinfected/img_0_6065.jpg,0,8.7279005,0.999838
train/notinfected/img_0_6067.jpg,0,0.2944617,0.5730881
train/notinfected/img_0_6076.jpg,0,0.9564378,0.72240806
train/notinfected/img_0_608.jpg,0,6.557332,0.99858236
train/notinfected/img_0_6087.jpg,0,5.697317,0.9966563
train/notinfected/img_0_609.jpg,0,-0.20441212,0.44907415
train/notinfected/img_0_61.jpg,0,0.079782076,0.51993495
train/notinfected/img_0_6103.jpg,0,0.039969772,0.5099911
train/notinfected/img_0_6108.jpg,0,0.3389592,0.58393764
train/notinfected/img_0_6115.jpg,0,0.21424218,0.55335665
train/notinfected/img_0_6121.jpg,0,1.1670275,0.76260734
train/notinfected/img_0_6124.jpg,0,2.0565417,0.886607
train/notinfected/img_0_6125.jpg,0,0.054097876,0.5135212
train/notinfected/img_0_6126.jpg,0,7.16555,0.9992279
train/notinfected/img_0_6156.jpg,0,0.5913761,0.6436808
train/notinfected/img_0_6157.jpg,0,-0.33127064,0.4179315
train/notinfected/img_0_6162.jpg,0,0.14632434,0.53651595
train/notinfected/img_0_6165.jpg,0,-0.24585816,0.43884325
train/notinfected/img_0_6170.jpg,0,-0.31935942,0.42083186
train/notinfected/img_0_6173.jpg,0,4.458373,0.9885514
train/notinfected/img_0_6176.jpg,0,-0.077177525,0.4807152
train/notinfected/img_0_618.jpg,0,-0.39111137,0.4034498
train/notinfected/img_0_6184.jpg,0,0.042338893,0.51058316
train/notinfected/img_0_6193.jpg,0,-0.23389342,0.44179177
train/notinfected/img_0_6194.jpg,0,-0.7207466,0.32722864
train/notinfected/img_0_6219.jpg,0,-0.07430423,0.48143244
train/notinfected/img_0_6229.jpg,0,8.205195,0.99972683
train/notinfected/img_0_6261.jpg,0,-0.09383943,0.4765573
train/notinfected/img_0_6262.jpg,0,-0.9652222,0.27583385
train/notinfected/img_0_6269.jpg,0,6.9946365,0.999084
train/notinfected/img_0_6294.jpg,0,-0.36591887,0.40952754
train/notinfected/img_0_6301.jpg,0,5.2261763,0.99465466
train/notinfected/img_0_6305.jpg,0,-0.18780342,0.45318663
train/notinfected/img_0_6308.jpg,0,2.9026742,0.94797844
train/notinfected/img_0_6323.jpg,0,0.4720824,0.61587656
train/notinfected/img_0_6333.jpg,0,-0.38661855,0.40453157
train/notinfected/img_0_6338.jpg,0,6.61314,0.99865913
train/notinfected/img_0_6343.jpg,0,1.9869194,0.8794169
train/notinfected/img_0_6349.jpg,0,1.9172983,0.8718369
train/notinfected/img_0_635.jpg,0,-0.8145152,0.30692917
train/notinfected/img_0_6359.jpg,0,1.6430289,0.8379467
train/notinfected/img_0_6401.jpg,0,0.6534342,0.6577839
train/notinfected/img_0_6402.jpg,0,-0.264783,0.43418828
train/notinfected/img_0_6425.jpg,0,-0.29277906,0.42732367
train/notinfected/img_0_6426.jpg,0,7.3489394,0.99935716
train/notinfected/img_0_643.jpg,0,3.6668544,0.9750802
train/notinfected/img_0_6433.jpg,0,0.08587804,0.5214563
train/notinfected/img_0_6453.jpg,0,-0.11772689,0.4706022
train/notinfected/img_0_6464.jpg,0,7.579482,0.9994894
train/notinfected/img_0_6486.jpg,0,0.32625824,0.58084863
train/notinfected/img_0_6487.jpg,0,5.3748474,0.9953897
train/notinfected/img_0_6519.jpg,0,-0.06347881,0.4841356
train/notinfected/img_0_6520.jpg,0,0.0936766,0.52340204
train/notinfected/img_0_6534.jpg,0,-0.24530965,0.43897828
train/notinfected/img_0_6540.jpg,0,0.03321241,0.50830233
train/notinfected/img_0_6549.jpg,0,0.079381354,0.5198349
train/notinfected/img_0_6554.jpg,0,-0.27522328,0.43162525
train/notinfected/img_0_6556.jpg,0,6.018143,0.99757177
train/notinfected/img_0_6577.jpg,0,-0.09729381,0.4756957
train/notinfected/img_0_6582.jpg,0,4.7894316,0.9917514
train/notinfected/img_0_6583.jpg,0,-0.105171934,0.47373122
train/notinfected/img_0_6586.jpg,0,5.2450514,0.9947541
train/notinfected/img_0_6595.jpg,0,-0.00015705265,0.49996072
train/notinfected/img_0_6596.jpg,0,-0.3589945,0.411203
train/notinfected/img_0_6601.jpg,0,-0.052047938,0.48699096
train/notinfected/img_0_6630.jpg,0,2.4631925,0.9215208
train/notinfected/img_0_6635.jpg,0,-0.47406155,0.38365537
train/notinfected/img_0_6637.jpg,0,0.17286265,0.5431084
train/notinfected/img_0_6651.jpg,0,-0.45217088,0.38884473
train/notinfected/img_0_6658.jpg,0,0.5538007,0.6350169
train/notinfected/img_0_6661.jpg,0,1.1268387,0.755255
train/notinfected/img_0_6672.jpg,0,4.6285286,0.99032545
train/notinfected/img_0_6675.jpg,0,-0.14680362,0.4633649
train/notinfected/img_0_6678.jpg,0,-0.26097938,0.43512297
train/notinfected/img_0_6694.jpg,0,-0.21033911,0.44760823
train/notinfected/img_0_6700.jpg,0,-0.08626607,0.4784468
train/notinfected/img_0_672.jpg,0,-0.48253393,0.381654
train/notinfected/img_0_6724.jpg,0,6.0387506,0.9976211
train/notinfected/img_0_6732.jpg,0,-0.12033674,0.46995208
train/notinfected/img_0_6740.jpg,0,9.892653,0.99994946
train/notinfected/img_0_6744.jpg,0,-0.2572399,0.4360423
train/notinfected/img_0_6751.jpg,0,0.9999888,0.7310564
train/notinfected/img_0_6752.jpg,0,0.626066,0.6515969
train/notinfected/img_0_676.jpg,0,0.98980504,0.7290494
train/notinfected/img_0_6765.jpg,0,0.15194364,0.537913
train/notinfected/img_0_6767.jpg,0,-0.09105481,0.477252
train/notinfected/img_0_6783.jpg,0,5.4502583,0.9957231
train/notinfected/img_0_6790.jpg,0,0.23145679,0.5576073
train/notinfected/img_0_6796.jpg,0,-0.4519737,0.3888916
train/notinfected/img_0_6803.jpg,0,6.2197742,0.9980142
train/notinfected/img_0_6811.jpg,0,-0.2804555,0.43034208
train/notinfected/img_0_6816.jpg,0,-0.08280374,0.4793109
train/notinfected/img_0_6833.jpg,0,-0.02779798,0.49305093
train/notinfected/img_0_6837.jpg,0,1.4009569,0.8023357
train/notinfected/img_0_6854.jpg,0,-0.4348527,0.39296815
train/notinfected/img_0_6858.jpg,0,-0.16283613,0.45938072
train/notinfected/img_0_6869.jpg,0,-0.6808164,0.33607912
train/notinfected/img_0_6878.jpg,0,1.9340734,0.87369955
train/notinfected/img_0_6879.jpg,0,-0.41673887,0.39729735
train/notinfected/img_0_6883.jpg,0,-0.7242124,0.32646605
train/notinfected/img_0_6885.jpg,0,-0.46784672,0.38512602
train/notinfected/img_0_6893.jpg,0,-0.4328219,0.39345267
train/notinfected/img_0_6902.jpg,0,8.703971,0.99983406
train/notinfected/img_0_6935.jpg,0,-0.22570834,0.44381127
train/notinfected/img_0_6970.jpg,0,0.47409344,0.61635214
train/notinfected/img_0_699.jpg,0,0.760605,0.68148506
train/notinfected/img_0_6993.jpg,0,0.8409884,0.69867337
train/notinfected/img_0_6998.jpg,0,-0.26391384,0.4344019
train/notinfected/img_0_7.jpg,0,-0.12352076,0.469159
train/notinfected/img_0_7019.jpg,0,2.8374894,0.94466835
train/notinfected/img_0_702.jpg,0,-0.46299204,0.38627627
train/notinfected/img_0_7020.jpg,0,-0.335799,0.4168303
train/notinfected/img_0_7038.jpg,0,0.63231355,0.6530138
train/notinfected/img_0_7039.jpg,0,-0.4730124,0.3839035
train/notinfected/img_0_7043.jpg,0,1.7678151,0.85418576
train/notinfected/img_0_7045.jpg,0,9.125085,0.99989104
train/notinfected/img_0_7049.jpg,0,-0.45806554,0.38744482
train/notinfected/img_0_7050.jpg,0,2.9532995,0.9504192
train/notinfected/img_0_7058.jpg,0,1.7582924,0.85299563
train/notinfected/img_0_706.jpg,0,6.476061,0.99846256
train/notinfected/img_0_7060.jpg,0,-0.42824453,0.3945456
train/notinfected/img_0_7063.jpg,0,-0.1788266,0.4554121
train/notinfected/img_0_7083.jpg,0,2.3558168,0.9133955
train/notinfected/img_0_7102.jpg,0,-0.5171013,0.3735303
train/notinfected/img_0_7107.jpg,0,1.9968712,0.8804682
train/notinfected/img_0_7119.jpg,0,-0.58026344,0.35887197
train/notinfected/img_0_7121.jpg,0,-0.41377166,0.39800808
train/notinfected/img_0_7130.jpg,0,6.578024,0.99861133
train/notinfected/img_0_7135.jpg,0,4.621665,0.99025935
train/notinfected/img_0_7148.jpg,0,-0.15611413,0.46105054
train/notinfected/img_0_7155.jpg,0,-0.017280942,0.49567983
train/notinfected/img_0_7157.jpg,0,0.24132833,0.560041
train/notinfected/img_0_716.jpg,0,1.6248307,0.8354603
train/notinfected/img_0_7165.jpg,0,4.4279146,0.98820144
train/notinfected/img_0_7168.jpg,0,0.21749392,0.5541601
train/notinfected/img_0_7169.jpg,0,1.9376657,0.8740955
train/notinfected/img_0_7170.jpg,0,0.14455223,0.5360753
train/notinfected/img_0_7178.jpg,0,0.15392281,0.5384049
train/notinfected/img_0_7188.jpg,0,0.14914313,0.53721684
train/notinfected/img_0_7191.jpg,0,0.12721846,0.53176177
train/notinfected/img_0_720.jpg,0,3.9988847,0.9819941
train/notinfected/img_0_7202.jpg,0,0.32724813,0.5810897
train/notinfected/img_0_7204.jpg,0,1.110326,0.7521899
train/notinfected/img_0_7219.jpg,0,7.3110037,0.99933225
train/notinfected/img_0_7221.jpg,0,0.112972625,0.52821314
train/notinfected/img_0_7222.jpg,0,5.245874,0.9947584
train/notinfected/img_0_7227.jpg,0,2.0258243,0.8834819
train/notinfected/img_0_7228.jpg,0,9.704661,0.99993896
train/notinfected/img_0_7229.jpg,0,0.05717603,0.5142901
train/notinfected/img_0_7234.jpg,0,0.212952,0.55303776
train/notinfected/img_0_7239.jpg,0,0.70581645,0.6694761
train/notinfected/img_0_7257.jpg,0,0.9851907,0.72813696
train/notinfected/img_0_7273.jpg,0,-0.16407979,0.45907182
train/notinfected/img_0_7278.jpg,0,5.792062,0.99695766
train/notinfected/img_0_7285.jpg,0,6.661457,0.9987224
train/notinfected/img_0_7290.jpg,0,-0.07108157,0.4822371
train/notinfected/img_0_7299.jpg,0,6.2649927,0.9981019
train/notinfected/img_0_7307.jpg,0,0.20679057,0.5515142
train/notinfected/img_0_7316.jpg,0,5.5786448,0.9962366
train/notinfected/img_0_7324.jpg,0,0.7051981,0.66933924
train/notinfected/img_0_7336.jpg,0,-0.2362872,0.44120148
train/notinfected/img_0_7338.jpg,0,0.17112571,0.54267734
train/notinfected/img_0_7366.jpg,0,-0.46153256,0.38662234
train/notinfected/img_0_7372.jpg,0,-0.2866356,0.42882773
train/notinfected/img_0_7383.jpg,0,1.6289693,0.8360284
train/notinfected/img_0_7393.jpg,0,2.9646378,0.9509508
train/notinfected/img_0_7394.jpg,0,2.8957686,0.9476369
train/notinfected/img_0_7403.jpg,0,1.8606298,0.8653704
train/notinfected/img_0_7416.jpg,0,-0.5236093,0.37200862
train/notinfected/img_0_7426.jpg,0,0.013691584,0.50342286
train/notinfected/img_0_7441.jpg,0,0.9602439,0.72317064
train/notinfected/img_0_745.jpg,0,4.3764353,0.9875859
train/notinfected/img_0_7451.jpg,0,4.594608,0.9899949
train/notinfected/img_0_7455.jpg,0,0.64665204,0.65625566
train/notinfected/img_0_7460.jpg,0,0.034824334,0.5087052
train/notinfected/img_0_7464.jpg,0,2.3718052,0.9146519
train/notinfected/img_0_7466.jpg,0,-0.38484588,0.40495864
train/notinfected/img_0_747.jpg,0,1.8673903,0.86615604
train/notinfected/img_0_7507.jpg,0,10.824622,0.9999801
train/notinfected/img_0_7533.jpg,0,1.70715,0.8464663
train/notinfected/img_0_7535.jpg,0,-0.14192837,0.46457738
train/notinfected/img_0_7552.jpg,0,1.590054,0.83062375
train/notinfected/img_0_7598.jpg,0,-0.18967834,0.4527221
train/notinfected/img_0_7606.jpg,0,5.1840725,0.99442613
train/notinfected/img_0_7607.jpg,0,-0.3391744,0.41601005
train/notinfected/img_0_7611.jpg,0,-0.5578758,0.3640391
train/notinfected/img_0_7624.jpg,0,0.12989251,0.53242755
train/notinfected/img_0_7626.jpg,0,0.6310202,0.65272075
train/notinfected/img_0_7631.jpg,0,-0.42269835,0.39587122
train/notinfected/img_0_7633.jpg,0,2.2193623,0.90197486
train/notinfected/img_0_7643.jpg,0,0.056481734,0.5141167
train/notinfected/img_0_7649.jpg,0,0.08275324,0.5206765
train/notinfected/img_0_7654.jpg,0,-0.1283185,0.46796435
train/notinfected/img_0_7656.jpg,0,0.7495988,0.6790913
train/notinfected/img_0_7670.jpg,0,6.256589,0.998086
train/notinfected/img_0_7678.jpg,0,5.6152854,0.9963715
train/notinfected/img_0_7690.jpg,0,0.3321714,0.5822876
train/notinfected/img_0_7712.jpg,0,-0.374525,0.40744808
train/notinfected/img_0_7713.jpg,0,0.11571266,0.5288959
train/notinfected/img_0_7722.jpg,0,0.28944322,0.57185984
train/notinfected/img_0_7736.jpg,0,-0.08943733,0.47765556
train/notinfected/img_0_7741.jpg,0,-0.13474232,0.4663653
train/notinfected/img_0_7747.jpg,0,5.756459,0.9968477
train/notinfected/img_0_7769.jpg,0,0.109346315,0.52730936
train/notinfected/img_0_7777.jpg,0,-0.36039948,0.4108629
train/notinfected/img_0_7788.jpg,0,0.17668085,0.54405564
train/notinfected/img_0_7790.jpg,0,-0.014204459,0.49644893
train/notinfected/img_0_7799.jpg,0,6.2239065,0.99802244
train/notinfected/img_0_7806.jpg,0,2.019786,0.8828589
train/notinfected/img_0_7819.jpg,0,0.058970414,0.5147383
train/notinfected/img_0_7820.jpg,0,0.8177504,0.6937586
train/notinfected/img_0_7829.jpg,0,0.07712731,0.51927227
train/notinfected/img_0_7841.jpg,0,-0.38814625,0.4041636
train/notinfected/img_0_7842.jpg,0,-0.09448694,0.47639582
train/notinfected/img_0_7845.jpg,0,0.15731019,0.5392466
train/notinfected/img_0_786.jpg,0,1.0115714,0.73332757
train/notinfected/img_0_7861.jpg,0,-0.24855343,0.43817958
train/notinfected/img_0_7864.jpg,0,5.1728578,0.99436355
train/notinfected/img_0_7885.jpg,0,7.409353,0.9993948
train/notinfected/img_0_7887.jpg,0,-0.2738106,0.43197185
train/notinfected/img_0_7897.jpg,0,-0.37265337,0.40790004
train/notinfected/img_0_79.jpg,0,-0.037494034,0.4906276
train/notinfected/img_0_7901.jpg,0,-0.09523463,0.4762093
train/notinfected/img_0_7915.jpg,0,4.2255354,0.985593
train/notinfected/img_0_7918.jpg,0,3.811385,0.9783611
train/notinfected/img_0_7921.jpg,0,-0.050648965,0.48734048
train/notinfected/img_0_7925.jpg,0,0.2988093,0.5741514
train/notinfected/img_0_7928.jpg,0,0.1152323,0.5287762
train/notinfected/img_0_7930.jpg,0,1.4711709,0.8132353
train/notinfected/img_0_7933.jpg,0,7.947548,0.99964654
train/notinfected/img_0_7936.jpg,0,0.0611668,0.5152869
train/notinfected/img_0_7937.jpg,0,0.23493508,0.55846506
train/notinfected/img_0_7939.jpg,0,0.040400684,0.5100988
train/notinfected/img_0_794.jpg,0,0.97834015,0.72677875
train/notinfected/img_0_7941.jpg,0,-0.34747088,0.41399586
train/notinfected/img_0_795.jpg,0,-0.15471648,0.46139786
train/notinfected/img_0_7953.jpg,0,-0.32815135,0.4186905
train/notinfected/img_0_7955.jpg,0,-0.05658985,0.4858563
train/notinfected/img_0_7957.jpg,0,-0.47308633,0.383886
train/notinfected/img_0_7964.jpg,0,-0.24951074,0.43794397
train/notinfected/img_0_7969.jpg,0,0.9675915,0.7246392
train/notinfected/img_0_7977.jpg,0,-0.3136425,0.42222586
train/notinfected/img_0_7992.jpg,0,0.18868385,0.5470315
train/notinfected/img_0_7994.jpg,0,-0.28237265,0.42987216
train/notinfected/img_0_7996.jpg,0,-0.38283482,0.40544337
train/notinfected/img_0_8004.jpg,0,-0.22874421,0.443062
train/notinfected/img_0_801.jpg,0,-0.35310647,0.41262937
train/notinfected/img_0_8022.jpg,0,1.6802536,0.84293807
train/notinfected/img_0_8030.jpg,0,-0.27383447,0.43196598
train/notinfected/img_0_8044.jpg,0,0.27307874,0.56784856
train/notinfected/img_0_8059.jpg,0,-0.3508032,0.41318768
train/notinfected/img_0_808.jpg,0,-0.19166672,0.45222947
train/notinfected/img_0_8081.jpg,0,0.7641254,0.6822488
train/notinfected/img_0_8086.jpg,0,0.120255515,0.5300277
train/notinfected/img_0_809.jpg,0,2.55583,0.9279642
train/notinfected/img_0_8105.jpg,0,2.60227,0.93100756
train/notinfected/img_0_8117.jpg,0,0.9916926,0.7294221
train/notinfected/img_0_814.jpg,0,-0.31767777,0.42124182
train/notinfected/img_0_8146.jpg,0,2.498045,0.9240047
train/notinfected/img_0_8156.jpg,0,-0.32648635,0.41909578
train/notinfected/img_0_8189.jpg,0,-0.37044126,0.40843442
train/notinfected/img_0_819.jpg,0,0.78922254,0.6876644
train/notinfected/img_0_8190.jpg,0,0.4774551,0.61714673
train/notinfected/img_0_8198.jpg,0,0.14074093,0.5351273
train/notinfected/img_0_8199.jpg,0,-0.23262365,0.4421049
train/notinfected/img_0_821.jpg,0,7.0672894,0.99914813
train/notinfected/img_0_8220.jpg,0,9.754403,0.99994195
train/notinfected/img_0_8222.jpg,0,0.037236333,0.509308
train/notinfected/img_0_8236.jpg,0,0.18917437,0.54715306
train/notinfected/img_0_8245.jpg,0,0.92501813,0.7160635
train/notinfected/img_0_8250.jpg,0,-0.21783157,0.4457564
train/notinfected/img_0_8251.jpg,0,0.06932978,0.5173255
train/notinfected/img_0_8256.jpg,0,0.7675989,0.6830013
train/notinfected/img_0_8258.jpg,0,0.9731273,0.7257424
train/notinfected/img_0_8259.jpg,0,0.5683329,0.6383784
train/notinfected/img_0_8260.jpg,0,-0.20235464,0.44958323
train/notinfected/img_0_8267.jpg,0,0.00893019,0.5022325
train/notinfected/img_0_8289.jpg,0,1.6504765,0.83895546
train/notinfected/img_0_8329.jpg,0,0.15034865,0.53751653
train/notinfected/img_0_833.jpg,0,-0.43492824,0.39295012
train/notinfected/img_0_8339.jpg,0,-0.4714701,0.38426834
train/notinfected/img_0_8343.jpg,0,1.4932199,0.8165611
train/notinfected/img_0_8358.jpg,0,0.08790539,0.5219622
train/notinfected/img_0_8368.jpg,0,2.3309827,0.91141075
train/notinfected/img_0_8379.jpg,0,1.763591,0.8536588
train/notinfected/img_0_8398.jpg,0,-0.08561362,0.47860962
train/notinfected/img_0_84.jpg,0,-0.25152028,0.43744937
train/notinfected/img_0_840.jpg,0,0.55668503,0.63568515
train/notinfected/img_0_8412.jpg,0,2.1374478,0.89449
train/notinfected/img_0_8413.jpg,0,0.5754041,0.64000916
train/notinfected/img_0_8424.jpg,0,0.11228611,0.5280421
train/notinfected/img_0_8427.jpg,0,0.067514315,0.51687217
train/notinfected/img_0_8435.jpg,0,0.65152115,0.65735316
train/notinfected/img_0_8443.jpg,0,-0.29562303,0.4266278
train/notinfected/img_0_845.jpg,0,0.16280398,0.5406113
train/notinfected/img_0_846.jpg,0,0.58149695,0.6414118
train/notinfected/img_0_8468.jpg,0,7.6881113,0.999542
train/notinfected/img_0_8471.jpg,0,-0.05184047,0.4870428
train/notinfected/img_0_8477.jpg,0,0.06630194,0.51656944
train/notinfected/img_0_8496.jpg,0,-0.35844514,0.41133603
train/notinfected/img_0_8498.jpg,0,0.93691903,0.7184769
train/notinfected/img_0_851.jpg,0,-0.3131868,0.42233709
train/notinfected/img_0_8518.jpg,0,-0.19760709,0.45075837
train/notinfected/img_0_8529.jpg,0,0.60961324,0.6478526
train/notinfected/img_0_8533.jpg,0,0.18764551,0.5467742
train/notinfected/img_0_8536.jpg,0,0.052986152,0.51324344
train/notinfected/img_0_855.jpg,0,1.7238755,0.8486274
train/notinfected/img_0_8561.jpg,0,10.801255,0.9999796
train/notinfected/img_0_858.jpg,0,-0.9128849,0.28640985
train/notinfected/img_0_8590.jpg,0,8.350514,0.9997638
train/notinfected/img_0_8593.jpg,0,0.19671029,0.54901963
train/notinfected/img_0_8596.jpg,0,-0.20948559,0.44781926
train/notinfected/img_0_861.jpg,0,0.94127536,0.7193572
train/notinfected/img_0_8621.jpg,0,0.08368782,0.5209097
train/notinfected/img_0_8633.jpg,0,1.5560079,0.8257798
train/notinfected/img_0_8656.jpg,0,5.5402365,0.9960898
train/notinfected/img_0_8678.jpg,0,1.6326029,0.8365259
train/notinfected/img_0_868.jpg,0,-0.6445299,0.34422326
train/notinfected/img_0_869.jpg,0,0.056217976,0.5140508
train/notinfected/img_0_8691.jpg,0,0.86459595,0.70361996
train/notinfected/img_0_8701.jpg,0,-0.2692703,0.43308622
train/notinfected/img_0_8703.jpg,0,7.9148235,0.99963486
train/notinfected/img_0_8714.jpg,0,0.045849472,0.51146036
train/notinfected/img_0_8721.jpg,0,0.15715924,0.5392091
train/notinfected/img_0_8736.jpg,0,0.98618466,0.7283337
train/notinfected/img_0_8737.jpg,0,0.07517044,0.51878375
train/notinfected/img_0_874.jpg,0,-0.0126698,0.4968326
train/notinfected/img_0_8740.jpg,0,2.0007672,0.8808776
train/notinfected/img_0_8749.jpg,0,-0.30433038,0.4244992
train/notinfected/img_0_875.jpg,0,-0.12522191,0.46873537
train/notinfected/img_0_8758.jpg,0,-0.10491523,0.47379524
train/notinfected/img_0_8765.jpg,0,0.3254389,0.5806492
train/notinfected/img_0_877.jpg,0,-0.7168947,0.32807717
train/notinfected/img_0_8775.jpg,0,1.1438024,0.7583771
train/notinfected/img_0_8783.jpg,0,0.12137123,0.5303056
train/notinfected/img_0_8806.jpg,0,-0.1038658,0.4740568
train/notinfected/img_0_8810.jpg,0,1.3260539,0.7901872
train/notinfected/img_0_8814.jpg,0,-0.14219481,0.46451107
train/notinfected/img_0_8825.jpg,0,9.465639,0.9999225
train/notinfected/img_0_8826.jpg,0,-0.1094417,0.47266686
train/notinfected/img_0_8829.jpg,0,-0.1531283,0.46179256
train/notinfected/img_0_8837.jpg,0,7.831459,0.9996031
train/notinfected/img_0_8841.jpg,0,0.060152292,0.51503354
train/notinfected/img_0_8850.jpg,0,-0.12996255,0.467555
train/notinfected/img_0_8861.jpg,0,-0.39170414,0.40330714
train/notinfected/img_0_8866.jpg,0,-0.051683366,0.487082
train/notinfected/img_0_8885.jpg,0,1.2968752,0.78530866
train/notinfected/img_0_8904.jpg,0,-0.26359752,0.43447956
train/notinfected/img_0_8905.jpg,0,0.035816133,0.50895303
train/notinfected/img_0_8908.jpg,0,1.0861943,0.74766445
train/notinfected/img_0_8931.jpg,0,6.0390406,0.99762183
train/notinfected/img_0_8938.jpg,0,0.21193378,0.552786
train/notinfected/img_0_8946.jpg,0,3.9699068,0.98147446
train/notinfected/img_0_8955.jpg,0,-0.1829858,0.45438078
train/notinfected/img_0_8972.jpg,0,5.5353394,0.9960706
train/notinfected/img_0_8985.jpg,0,-0.14905876,0.46280414
train/notinfected/img_0_8989.jpg,0,1.5804224,0.8292643
train/notinfected/img_0_90.jpg,0,0.032178447,0.50804394
train/notinfected/img_0_9000.jpg,0,0.2361502,0.5587647
train/notinfected/img_0_9002.jpg,0,1.7315247,0.8496073
train/notinfected/img_0_9006.jpg,0,-0.023619546,0.49409544
train/notinfected/img_0_9017.jpg,0,0.12492618,0.531191
train/notinfected/img_0_9027.jpg,0,0.7047041,0.66922987
train/notinfected/img_0_903.jpg,0,-0.07755285,0.4806215
train/notinfected/img_0_9031.jpg,0,0.96399623,0.72392124
train/notinfected/img_0_9038.jpg,0,-0.38790792,0.40422103
train/notinfected/img_0_904.jpg,0,0.18411995,0.5459004
train/notinfected/img_0_9042.jpg,0,-0.17811385,0.45558885
train/notinfected/img_0_9056.jpg,0,-0.011960907,0.4970098
train/notinfected/img_0_9058.jpg,0,1.5580778,0.82607734
train/notinfected/img_0_9075.jpg,0,7.4556427,0.9994222
train/notinfected/img_0_9083.jpg,0,-0.3546625,0.41225228
train/notinfected/img_0_9088.jpg,0,-0.20919189,0.44789192
train/notinfected/img_0_909.jpg,0,6.4784927,0.99846625
train/notinfected/img_0_9100.jpg,0,0.043033652,0.5107568
train/notinfected/img_0_9104.jpg,0,2.810808,0.9432571
train/notinfected/img_0_9116.jpg,0,-0.11243948,0.47191972
train/notinfected/img_0_9121.jpg,0,-0.4963915,0.37838903
train/notinfected/img_0_9128.jpg,0,1.8642063,0.8657865
train/notinfected/img_0_9138.jpg,0,-0.053532355,0.48662007
train/notinfected/img_0_914.jpg,0,2.914657,0.94856626
train/notinfected/img_0_9151.jpg,0,-0.20799276,0.44818845
train/notinfected/img_0_9160.jpg,0,1.6175325,0.83445454
train/notinfected/img_0_9164.jpg,0,0.035801236,0.50894934
train/notinfected/img_0_9186.jpg,0,-0.26168925,0.4349485
train/notinfected/img_0_920.jpg,0,-0.020208655,0.49494797
train/notinfected/img_0_9228.jpg,0,6.3001103,0.9981673
train/notinfected/img_0_923.jpg,0,0.19149166,0.54772717
train/notinfected/img_0_9235.jpg,0,0.4683189,0.6149858
train/notinfected/img_0_9242.jpg,0,0.8475533,0.7000537
train/notinfected/img_0_9245.jpg,0,-0.072474,0.48188943
train/notinfected/img_0_9253.jpg,0,0.14474615,0.5361235
train/notinfected/img_0_9255.jpg,0,0.07563608,0.5189
train/notinfected/img_0_9275.jpg,0,0.72621465,0.67397404
train/notinfected/img_0_930.jpg,0,-0.21300092,0.4469502
train/notinfected/img_0_931.jpg,0,2.5912042,0.9302934
train/notinfected/img_0_9311.jpg,0,-0.2722493,0.43235496
train/notinfected/img_0_933.jpg,0,1.9304198,0.8732959
train/notinfected/img_0_9333.jpg,0,-0.10092275,0.47479072
train/notinfected/img_0_9342.jpg,0,1.1098812,0.7521069
train/notinfected/img_0_9347.jpg,0,0.28263152,0.57019126
train/notinfected/img_0_935.jpg,0,0.6320356,0.6529509
train/notinfected/img_0_936.jpg,0,0.15738659,0.53926563
train/notinfected/img_0_9389.jpg,0,8.654059,0.99982566
train/notinfected/img_0_9391.jpg,0,-0.26435235,0.4342941
train/notinfected/img_0_9392.jpg,0,1.8211391,0.86070275
train/notinfected/img_0_9393.jpg,0,7.3723607,0.99937207
train/notinfected/img_0_9420.jpg,0,2.5003004,0.92416286
train/notinfected/img_0_9422.jpg,0,0.11745275,0.5293295
train/notinfected/img_0_9439.jpg,0,-0.26568815,0.43396595
train/notinfected/img_0_944.jpg,0,0.4672847,0.6147409
train/notinfected/img_0_9465.jpg,0,1.5390348,0.8233243
train/notinfected/img_0_9473.jpg,0,0.14375307,0.5358765
train/notinfected/img_0_9479.jpg,0,0.84889966,0.7003363
train/notinfected/img_0_9487.jpg,0,7.220353,0.99926895
train/notinfected/img_0_9507.jpg,0,0.8574452,0.70212656
train/notinfected/img_0_9512.jpg,0,5.2433295,0.99474514
train/notinfected/img_0_952.jpg,0,-0.23238157,0.44216466
train/notinfected/img_0_9528.jpg,0,-0.39795378,0.40180406
train/notinfected/img_0_9546.jpg,0,7.495247,0.99944454
train/notinfected/img_0_955.jpg,0,0.15915412,0.53970474
train/notinfected/img_0_9566.jpg,0,-0.51677483,0.3736067
train/notinfected/img_0_9570.jpg,0,1.8288884,0.86162925
train/notinfected/img_0_9576.jpg,0,5.303105,0.99504846
train/notinfected/img_0_9579.jpg,0,0.15949793,0.53979015
train/notinfected/img_0_958.jpg,0,0.27099264,0.56733656
train/notinfected/img_0_9582.jpg,0,-0.29604495,0.4265246
train/notinfected/img_0_9592.jpg,0,0.35430056,0.5876601
train/notinfected/img_0_9594.jpg,0,-0.0741094,0.48148113
train/notinfected/img_0_9599.jpg,0,8.588962,0.99981385
train/notinfected/img_0_9613.jpg,0,-0.37624648,0.40703252
train/notinfected/img_0_9617.jpg,0,0.37595025,0.592896
train/notinfected/img_0_9620.jpg,0,0.3585818,0.5886971
train/notinfected/img_0_9621.jpg,0,0.61247176,0.6485044
train/notinfected/img_0_9624.jpg,0,-0.22190145,0.44475114
train/notinfected/img_0_9632.jpg,0,-0.30903438,0.42335045
train/notinfected/img_0_9644.jpg,0,-0.22628981,0.4436677
train/notinfected/img_0_9650.jpg,0,-0.028011525,0.49299756
train/notinfected/img_0_966.jpg,0,-0.019853784,0.49503672
train/notinfected/img_0_9663.jpg,0,0.19462278,0.5485027
train/notinfected/img_0_9674.jpg,0,0.20389351,0.5507975
train/notinfected/img_0_9683.jpg,0,-0.2334553,0.4418998
train/notinfected/img_0_9691.jpg,0,0.09954047,0.5248646
train/notinfected/img_0_9701.jpg,0,4.4255824,0.9881743
train/notinfected/img_0_9706.jpg,0,7.6335845,0.99951637
train/notinfected/img_0_9712.jpg,0,3.9614832,0.9813207
train/notinfected/img_0_9733.jpg,0,0.041177854,0.510293
train/notinfected/img_0_9748.jpg,0,4.5979033,0.9900275
train/notinfected/img_0_9749.jpg,0,0.21041718,0.552411
train/notinfected/img_0_9750.jpg,0,-0.013033016,0.4967418
train/notinfected/img_0_9766.jpg,0,-0.32190374,0.42021188
train/notinfected/img_0_9769.jpg,0,0.026538512,0.5066343
train/notinfected/img_0_9777.jpg,0,0.04104717,0.51026034
train/notinfected/img_0_9788.jpg,0,-0.24136436,0.4399501
train/notinfected/img_0_9791.jpg,0,0.59648466,0.6448516
train/notinfected/img_0_9799.jpg,0,-0.07483088,0.48130098
train/notinfected/img_0_9808.jpg,0,-0.559787,0.36359677
train/notinfected/img_0_9809.jpg,0,-0.10363073,0.47411543
train/notinfected/img_0_9812.jpg,0,0.11883798,0.5296746
train/notinfected/img_0_9813.jpg,0,2.3918667,0.916205
train/notinfected/img_0_9821.jpg,0,0.19621816,0.54889774
train/notinfected/img_0_9823.jpg,0,-0.102395244,0.47442353
train/notinfected/img_0_9832.jpg,0,1.5882103,0.83036417
train/notinfected/img_0_9840.jpg,0,-0.70077795,0.33163977
train/notinfected/img_0_9851.jpg,0,-0.041410774,0.4896488
train/notinfected/img_0_9854.jpg,0,0.057805896,0.51444745
train/notinfected/img_0_9866.jpg,0,-0.19752614,0.45077842
train/notinfected/img_0_9899.jpg,0,0.90065783,0.71108466
train/notinfected/img_0_99.jpg,0,0.05274926,0.51318425
train/notinfected/img_0_9904.jpg,0,2.0524976,0.8861997
train/notinfected/img_0_9906.jpg,0,0.036693603,0.5091724
train/notinfected/img_0_991.jpg,0,-0.49233022,0.37934476
train/notinfected/img_0_9914.jpg,0,2.523656,0.92578363
train/notinfected/img_0_9931.jpg,0,2.3674316,0.91430986
train/notinfected/img_0_9948.jpg,0,-0.4871854,0.38055682
train/notinfected/img_0_995.jpg,0,-0.04605995,0.48848704
train/notinfected/img_0_9952.jpg,0,-0.401471,0.40095899
train/notinfected/img_0_9967.jpg,0,0.09692744,0.5242129
train/notinfected/img_0_9973.jpg,0,5.3207226,0.99513453
train/notinfected/img_0_9989.jpg,0,0.8147374,0.6931181
test/notinfected/img1.jpeg,0,0.4194472,0.60335094
test/notinfected/img2.png,0,1.7238328,0.8486219
test/notinfected/img3.jpg,0,-0.39281118,0.40304074
test/notinfected/img4.jpg,0,3.502314,0.9707536
test/notinfected/img_0_0.jpg,0,-0.31621355,0.42159882
test/notinfected/img_0_100.jpg,0,0.07033269,0.5175759
test/notinfected/img_0_1012.jpg,0,0.062054843,0.5155087
test/notinfected/img_0_1015.jpg,0,4.782955,0.99169827
test/notinfected/img_0_1020.jpg,0,-0.6589286,0.34098035
test/notinfected/img_0_1022.jpg,0,-0.33015397,0.41820315
test/notinfected/img_0_1027.jpg,0,-0.21195823,0.44720793
test/notinfected/img_0_103.jpg,0,-0.15287508,0.46185547
test/notinfected/img_0_1041.jpg,0,0.82866067,0.6960716
test/notinfected/img_0_1050.jpg,0,8.685851,0.9998311
test/notinfected/img_0_1074.jpg,0,-0.35801238,0.4114408
test/notinfected/img_0_1081.jpg,0,0.60936874,0.64779675
test/notinfected/img_0_1082.jpg,0,-0.3988481,0.40158916
test/notinfected/img_0_1083.jpg,0,1.7836304,0.85614455
test/notinfected/img_0_1084.jpg,0,-0.16491583,0.45886427
test/notinfected/img_0_11.jpg,0,0.3904524,0.5963916
test/notinfected/img_0_110.jpg,0,2.2950356,0.908465
test/notinfected/img_0_1107.jpg,0,2.6097336,0.93148535
test/notinfected/img_0_1123.jpg,0,-0.20931435,0.44786164
test/notinfected/img_0_1125.jpg,0,-0.7569519,0.3193084
test/notinfected/img_0_1138.jpg,0,5.2800117,0.9949334
test/notinfected/img_0_1139.jpg,0,2.230397,0.9029461
test/notinfected/img_0_114.jpg,0,-0.067105435,0.48322994
test/notinfected/img_0_1142.jpg,0,0.16274816,0.5405975
test/notinfected/img_0_1147.jpg,0,1.6494992,0.8388234
test/notinfected/img_0_1153.jpg,0,-0.21124499,0.44738427
test/notinfected/img_0_1161.jpg,0,8.410584,0.9997776
test/notinfected/img_0_1163.jpg,0,0.15417075,0.5384665
test/notinfected/img_0_1169.jpg,0,-0.0266757,0.49333146
test/notinfected/img_0_117.jpg,0,-0.33111498,0.41796935
test/notinfected/img_0_1180.jpg,0,-0.060425386,0.48489827
test/notinfected/img_0_1181.jpg,0,-0.18865564,0.4529755
test/notinfected/img_0_1194.jpg,0,1.0716722,0.7449148
test/notinfected/img_0_1202.jpg,0,-0.083652645,0.47909904
test/notinfected/img_0_1218.jpg,0,-0.13423671,0.46649113
test/notinfected/img_0_1224.jpg,0,2.1611662,0.8967076
test/notinfected/img_0_1236.jpg,0,-0.34681734,0.4141544
test/notinfected/img_0_1241.jpg,0,6.300146,0.9981673
test/notinfected/img_0_1242.jpg,0,-0.42402273,0.39555457
test/notinfected/img_0_1248.jpg,0,0.16265893,0.5405753
test/notinfected/img_0_126.jpg,0,2.2815523,0.90733767
test/notinfected/img_0_1261.jpg,0,0.04364907,0.5109105
test/notinfected/img_0_1284.jpg,0,1.856379,0.8648743
test/notinfected/img_0_1285.jpg,0,-0.08439051,0.4789149
test/notinfected/img_0_1288.jpg,0,-0.32069454,0.42050648
test/notinfected/img_0_130.jpg,0,0.38432997,0.594917
test/notinfected/img_0_1300.jpg,0,-0.37765864,0.40669173
test/notinfected/img_0_1305.jpg,0,0.6108394,0.64813226
test/notinfected/img_0_1336.jpg,0,8.222009,0.99973136
test/notinfected/img_0_1337.jpg,0,1.8518151,0.86434007
test/notinfected/img_0_1348.jpg,0,-0.21142873,0.44733885
test/notinfected/img_0_1353.jpg,0,0.39463422,0.59739774
test/notinfected/img_0_1354.jpg,0,-0.16085638,0.4598724
test/notinfected/img_0_1371.jpg,0,-0.5751337,0.3600531
test/notinfected/img_0_1380.jpg,0,9.517419,0.99992645
test/notinfected/img_0_1383.jpg,0,0.17313576,0.5431761
test/notinfected/img_0_1387.jpg,0,-0.469731,0.3846799
test/notinfected/img_0_1388.jpg,0,0.50600874,0.6238703
test/notinfected/img_0_1390.jpg,0,0.38653556,0.59544843
test/notinfected/img_0_1402.jpg,0,-0.040122136,0.4899708
test/notinfected/img_0_1408.jpg,0,1.6804093,0.84295875
test/notinfected/img_0_1416.jpg,0,-0.4100884,0.39889094
test/notinfected/img_0_1423.jpg,0,-0.021270404,0.4946826
test/notinfected/img_0_145.jpg,0,0.14804596,0.53694403
test/notinfected/img_0_1458.jpg,0,3.294273,0.96423185
test/notinfected/img_0_1459.jpg,0,-0.55149686,0.3655172
test/notinfected/img_0_1465.jpg,0,-0.37940165,0.4062712
test/notinfected/img_0_1476.jpg,0,-0.30655402,0.4239561
test/notinfected/img_0_1483.jpg,0,0.06537428,0.51633775
test/notinfected/img_0_1488.jpg,0,-0.1467227,0.46338496
test/notinfected/img_0_1494.jpg,0,0.10661754,0.52662915
test/notinfected/img_0_1502.jpg,0,5.1171722,0.9940428
test/notinfected/img_0_1504.jpg,0,4.3241353,0.98692816
test/notinfected/img_0_1506.jpg,0,-0.19942266,0.4503089
test/notinfected/img_0_1507.jpg,0,1.7539828,0.8524545
test/notinfected/img_0_1550.jpg,0,6.2969565,0.9981615
test/notinfected/img_0_1552.jpg,0,0.60194117,0.6461003
test/notinfected/img_0_1554.jpg,0,7.3392553,0.99935085
test/notinfected/img_0_1563.jpg,0,-0.3401489,0.41577333
test/notinfected/img_0_1569.jpg,0,-0.41556975,0.39757738
test/notinfected/img_0_1600.jpg,0,0.036683135,0.50916976
test/notinfected/img_0_1609.jpg,0,0.11997154,0.52995694
test/notinfected/img_0_1611.jpg,0,0.482456,0.6183276
test/notinfected/img_0_1614.jpg,0,0.0855637,0.52137786
test/notinfected/img_0_1623.jpg,0,-0.0068050716,0.49829873
test/notinfected/img_0_1633.jpg,0,-0.2362012,0.44122276
test/notinfected/img_0_1646.jpg,0,-0.3268809,0.41899976
test/notinfected/img_0_1656.jpg,0,0.09655844,0.52412087
test/notinfected/img_0_1662.jpg,0,3.9055493,0.9802673
test/notinfected/img_0_1675.jpg,0,-0.09437169,0.4764246
test/notinfected/img_0_1678.jpg,0,-0.32505906,0.4194433
test/notinfected/img_0_1679.jpg,0,0.16001341,0.53991824
test/notinfected/img_0_1693.jpg,0,1.9512721,0.8755853
test/notinfected/img_0_1709.jpg,0,-0.26799864,0.4333985
test/notinfected/img_0_171.jpg,0,-0.0035980102,0.4991005
test/notinfected/img_0_1722.jpg,0,0.7241738,0.67352545
test/notinfected/img_0_1723.jpg,0,0.34483993,0.5853658
test/notinfected/img_0_1728.jpg,0,0.06847342,0.51711166
test/notinfected/img_0_1767.jpg,0,-0.32263127,0.42003462
test/notinfected/img_0_1769.jpg,0,-0.020532036,0.49486715
test/notinfected/img_0_1772.jpg,0,6.489198,0.9984825
test/notinfected/img_0_180.jpg,0,1.7585027,0.853022
test/notinfected/img_0_1811.jpg,0,2.1671028,0.8972562
test/notinfected/img_0_1826.jpg,0,-0.28817794,0.42844996
test/notinfected/img_0_1835.jpg,0,0.61487377,0.6490518
test/notinfected/img_0_1838.jpg,0,2.5758817,0.9292931
test/notinfected/img_0_1843.jpg,0,5.6221623,0.99639624
test/notinfected/img_0_1855.jpg,0,-0.3485814,0.4137265
test/notinfected/img_0_1856.jpg,0,-0.091583245,0.4771202
test/notinfected/img_0_1870.jpg,0,-0.37935242,0.40628308
test/notinfected/img_0_1877.jpg,0,0.12857647,0.5320999
test/notinfected/img_0_1882.jpg,0,0.16001594,0.53991884
test/notinfected/img_0_1886.jpg,0,-0.30296463,0.4248329
test/notinfected/img_0_1892.jpg,0,0.5672535,0.63812923
test/notinfected/img_0_1894.jpg,0,0.9365863,0.7184096
test/notinfected/img_0_1903.jpg,0,1.5630523,0.82679087
test/notinfected/img_0_1909.jpg,0,0.48541364,0.6190254
test/notinfected/img_0_1925.jpg,0,5.6402454,0.9964606
test/notinfected/img_0_1926.jpg,0,-0.010802858,0.4972993
test/notinfected/img_0_1928.jpg,0,5.860119,0.9971572
test/notinfected/img_0_1929.jpg,0,-0.38297263,0.40541014
test/notinfected/img_0_1930.jpg,0,0.12128696,0.53028464
test/notinfected/img_0_1950.jpg,0,1.4585261,0.8113072
test/notinfected/img_0_1956.jpg,0,2.6746235,0.93551254
test/notinfected/img_0_1962.jpg,0,-0.045642696,0.48859128
test/notinfected/img_0_1968.jpg,0,-0.11811249,0.47050616
test/notinfected/img_0_1972.jpg,0,0.17103532,0.5426549
test/notinfected/img_0_1992.jpg,0,-0.30211583,0.42504033
test/notinfected/img_0_1994.jpg,0,5.6792564,0.99659556
test/notinfected/img_0_1995.jpg,0,0.49509874,0.62130684
test/notinfected/img_0_2024.jpg,0,-0.27377596,0.43198034
test/notinfected/img_0_2026.jpg,0,0.11033497,0.52755576
test/notinfected/img_0_2027.jpg,0,6.40512,0.99834967
test/notinfected/img_0_2041.jpg,0,-0.21494249,0.44647035
test/notinfected/img_0_2047.jpg,0,4.6412544,0.99044657
test/notinfected/img_0_205.jpg,0,4.8700905,0.99238575
test/notinfected/img_0_2058.jpg,0,-0.15956245,0.4601938
test/notinfected/img_0_210.jpg,0,3.0107949,0.95305943
test/notinfected/img_0_2106.jpg,0,0.22955903,0.5571391
test/notinfected/img_0_2108.jpg,0,-0.060952827,0.48476657
test/notinfected/img_0_2114.jpg,0,0.22965173,0.5571619
test/notinfected/img_0_2123.jpg,0,0.50211465,0.62295616
test/notinfected/img_0_213.jpg,0,-1.0581886,0.25765577
test/notinfected/img_0_2135.jpg,0,0.4823668,0.61830664
test/notinfected/img_0_2136.jpg,0,7.2150245,0.99926513
test/notinfected/img_0_2137.jpg,0,1.8954477,0.86937547
test/notinfected/img_0_2140.jpg,0,-0.57039875,0.36114484
test/notinfected/img_0_2145.jpg,0,-0.1698707,0.45763415
test/notinfected/img_0_2163.jpg,0,0.054240324,0.5135567
test/notinfected/img_0_2164.jpg,0,-0.15090702,0.46234468
test/notinfected/img_0_2167.jpg,0,0.14511982,0.5362164
test/notinfected/img_0_2168.jpg,0,6.88643,0.9989795
test/notinfected/img_0_2183.jpg,0,-0.30058122,0.4254154
test/notinfected/img_0_2192.jpg,0,7.7607226,0.999574
test/notinfected/img_0_2200.jpg,0,7.7148695,0.999554
test/notinfected/img_0_2203.jpg,0,5.025028,0.9934715
test/notinfected/img_0_2208.jpg,0,6.452042,0.99842525
test/notinfected/img_0_2221.jpg,0,0.24573793,0.5611272
test/notinfected/img_0_2233.jpg,0,0.25599778,0.5636522
test/notinfected/img_0_2242.jpg,0,7.379217,0.99937636
test/notinfected/img_0_2246.jpg,0,7.371915,0.9993717
test/notinfected/img_0_2250.jpg,0,2.0666916,0.88762337
test/notinfected/img_0_2258.jpg,0,0.21597798,0.5537856
test/notinfected/img_0_2261.jpg,0,10.671462,0.99997675
test/notinfected/img_0_2271.jpg,0,0.7050235,0.6693006
test/notinfected/img_0_2284.jpg,0,0.061214454,0.51529884
test/notinfected/img_0_2300.jpg,0,0.41219202,0.60161334
test/notinfected/img_0_2303.jpg,0,5.1489487,0.994228
test/notinfected/img_0_2309.jpg,0,-0.04435847,0.48891214
test/notinfected/img_0_2318.jpg,0,-0.3915751,0.40333816
test/notinfected/img_0_2319.jpg,0,0.8434369,0.6991886
test/notinfected/img_0_2326.jpg,0,-0.32757425,0.41883096
test/notinfected/img_0_2327.jpg,0,6.323877,0.9982102
test/notinfected/img_0_2347.jpg,0,5.37647,0.99539715
test/notinfected/img_0_2349.jpg,0,-0.05932582,0.48517287
test/notinfected/img_0_2368.jpg,0,-0.27649,0.4313145
test/notinfected/img_0_2382.jpg,0,-0.19374512,0.45171466
test/notinfected/img_0_2384.jpg,0,-0.25018227,0.43777868
test/notinfected/img_0_239.jpg,0,-0.13322443,0.46674302
test/notinfected/img_0_2412.jpg,0,7.816027,0.999597
test/notinfected/img_0_2422.jpg,0,0.69169825,0.6663446
test/notinfected/img_0_2439.jpg,0,-0.13660866,0.46590084
test/notinfected/img_0_2451.jpg,0,6.7801266,0.9988651
test/notinfected/img_0_2452.jpg,0,5.825367,0.99705696
test/notinfected/img_0_2454.jpg,0,0.38649544,0.5954388
test/notinfected/img_0_2479.jpg,0,6.93252,0.99902546
test/notinfected/img_0_248.jpg,0,0.15677592,0.5391139
test/notinfected/img_0_2480.jpg,0,-0.2414349,0.43993276
test/notinfected/img_0_2481.jpg,0,0.61466825,0.64900494
test/notinfected/img_0_2485.jpg,0,-0.3380982,0.41627154
test/notinfected/img_0_2486.jpg,0,-0.07036304,0.48241654
test/notinfected/img_0_2489.jpg,0,0.093264475,0.5232992
test/notinfected/img_0_2505.jpg,0,0.13286187,0.5331667
test/notinfected/img_0_251.jpg,0,2.3474028,0.9127276
test/notinfected/img_0_2512.jpg,0,6.834347,0.9989249
test/notinfected/img_0_2517.jpg,0,-0.20531453,0.44885093
test/notinfected/img_0_2518.jpg,0,-0.41515955,0.3976756
test/notinfected/img_0_2519.jpg,0,-0.41785708,0.39702967
test/notinfected/img_0_2521.jpg,0,8.868112,0.9998592
test/notinfected/img_0_2534.jpg,0,-0.49618545,0.37843752
test/notinfected/img_0_254.jpg,0,0.09601115,0.5239844
test/notinfected/img_0_2546.jpg,0,8.163249,0.99971515
test/notinfected/img_0_2549.jpg,0,2.1671734,0.89726275
test/notinfected/img_0_257.jpg,0,-0.31549534,0.42177394
test/notinfected/img_0_2571.jpg,0,0.14059386,0.5350907
test/notinfected/img_0_2577.jpg,0,-0.278644,0.43078628
test/notinfected/img_0_258.jpg,0,-0.28266025,0.42980167
test/notinfected/img_0_2601.jpg,0,0.16114053,0.5401982
test/notinfected/img_0_261.jpg,0,0.18739533,0.5467122
test/notinfected/img_0_264.jpg,0,0.7289656,0.6745782
test/notinfected/img_0_2646.jpg,0,0.22185683,0.5552378
test/notinfected/img_0_2700.jpg,0,0.10818331,0.5270195
test/notinfected/img_0_2701.jpg,0,-0.3917946,0.40328535
test/notinfected/img_0_2707.jpg,0,0.10288408,0.52569836
test/notinfected/img_0_2713.jpg,0,4.0707736,0.98322207
test/notinfected/img_0_2727.jpg,0,7.5626125,0.9994808
test/notinfected/img_0_2734.jpg,0,0.38287726,0.5945669
test/notinfected/img_0_2740.jpg,0,-0.31497172,0.42190164
test/notinfected/img_0_2745.jpg,0,7.3303576,0.9993451
test/notinfected/img_0_2760.jpg,0,0.7077518,0.6699042
test/notinfected/img_0_2764.jpg,0,1.7211611,0.8482784
test/notinfected/img_0_2772.jpg,0,-0.097251564,0.47570625
test/notinfected/img_0_2773.jpg,0,0.7127054,0.6709987
test/notinfected/img_0_2774.jpg,0,0.0054997206,0.5013749
test/notinfected/img_0_2780.jpg,0,-0.021410348,0.4946476
test/notinfected/img_0_2782.jpg,0,3.87785,0.9797243
test/notinfected/img_0_2786.jpg,0,-0.090649344,0.47735322
test/notinfected/img_0_2795.jpg,0,4.905253,0.99264693
test/notinfected/img_0_28.jpg,0,0.07196144,0.5179826
test/notinfected/img_0_280.jpg,0,0.9180868,0.7146521
test/notinfected/img_0_2803.jpg,0,-0.7562431,0.3194625
test/notinfected/img_0_2804.jpg,0,6.6858025,0.9987531
test/notinfected/img_0_2819.jpg,0,0.6032315,0.64639527
test/notinfected/img_0_282.jpg,0,-0.13318428,0.46675304
test/notinfected/img_0_2820.jpg,0,0.8059959,0.6912556
test/notinfected/img_0_2843.jpg,0,1.442104,0.80878025
test/notinfected/img_0_2871.jpg,0,-1.3181973,0.21111837
test/notinfected/img_0_2879.jpg,0,-0.6105473,0.35193437
test/notinfected/img_0_2881.jpg,0,-0.11292681,0.47179827
test/notinfected/img_0_2891.jpg,0,6.1910534,0.9979565
test/notinfected/img_0_2897.jpg,0,-0.08413261,0.4789792
test/notinfected/img_0_2900.jpg,0,0.23940772,0.5595677
test/notinfected/img_0_2903.jpg,0,-0.075692184,0.481086
test/notinfected/img_0_2912.jpg,0,-0.3367491,0.41659936
test/notinfected/img_0_2913.jpg,0,4.500276,0.9890161
test/notinfected/img_0_2928.jpg,0,8.400136,0.99977523
test/notinfected/img_0_294.jpg,0,2.2273304,0.9026771
test/notinfected/img_0_2940.jpg,0,-0.25003704,0.4378144
test/notinfected/img_0_2951.jpg,0,0.08341017,0.5208404
test/notinfected/img_0_2957.jpg,0,0.30468866,0.57558835
test/notinfected/img_0_2959.jpg,0,-0.059056118,0.48524022
test/notinfected/img_0_296.jpg,0,1.694112,0.8447642
test/notinfected/img_0_2964.jpg,0,-0.11364567,0.4716191
test/notinfected/img_0_2979.jpg,0,-0.27189454,0.43244207
test/notinfected/img_0_2986.jpg,0,0.1194237,0.52982044
test/notinfected/img_0_2987.jpg,0,0.51921344,0.62696385
test/notinfected/img_0_2996.jpg,0,0.30583742,0.5758689
test/notinfected/img_0_2997.jpg,0,-0.40241423,0.40073243
test/notinfected/img_0_3004.jpg,0,0.15959577,0.5398145
test/notinfected/img_0_3020.jpg,0,-0.10988054,0.4725575
test/notinfected/img_0_3023.jpg,0,-0.22803321,0.44323742
test/notinfected/img_0_3036.jpg,0,-0.2921573,0.42747578
test/notinfected/img_0_3049.jpg,0,0.095918454,0.52396125
test/notinfected/img_0_305.jpg,0,-0.44439623,0.39069393
test/notinfected/img_0_3053.jpg,0,2.3133864,0.90997964
test/notinfected/img_0_3054.jpg,0,9.95938,0.9999527
test/notinfected/img_0_3062.jpg,0,-0.055532187,0.48612055
test/notinfected/img_0_3069.jpg,0,6.306019,0.998178
test/notinfected/img_0_307.jpg,0,-0.026620118,0.49334538
test/notinfected/img_0_309.jpg,0,-0.46431494,0.38596272
test/notinfected/img_0_3091.jpg,0,-0.2838944,0.42949927
test/notinfected/img_0_3102.jpg,0,2.4651039,0.92165893
test/notinfected/img_0_3105.jpg,0,10.631505,0.9999758
test/notinfected/img_0_3117.jpg,0,7.168562,0.99923015
test/notinfected/img_0_3122.jpg,0,6.3887663,0.9983224
test/notinfected/img_0_3124.jpg,0,0.07079703,0.5176919
test/notinfected/img_0_3149.jpg,0,6.909296,0.9990025
test/notinfected/img_0_3154.jpg,0,0.1275925,0.5318549
test/notinfected/img_0_3158.jpg,0,-0.4050159,0.40010783
test/notinfected/img_0_3164.jpg,0,0.6128931,0.64860046
test/notinfected/img_0_3179.jpg,0,-0.05811906,0.48547432
test/notinfected/img_0_3185.jpg,0,7.6448517,0.99952173
test/notinfected/img_0_3205.jpg,0,-0.2570849,0.43608043
test/notinfected/img_0_3207.jpg,0,1.5012088,0.8177547
test/notinfected/img_0_3214.jpg,0,0.10635906,0.5265647
test/notinfected/img_0_3217.jpg,0,1.9855471,0.8792712
test/notinfected/img_0_3229.jpg,0,-0.35370538,0.41248417
test/notinfected/img_0_323.jpg,0,-0.13549952,0.46617684
test/notinfected/img_0_3230.jpg,0,-0.11643417,0.4709243
test/notinfected/img_0_3238.jpg,0,-0.06197551,0.4845111
test/notinfected/img_0_3245.jpg,0,-0.2585684,0.43571568
test/notinfected/img_0_326.jpg,0,-0.17992035,0.45514083
test/notinfected/img_0_3265.jpg,0,0.8171496,0.69363093
test/notinfected/img_0_3279.jpg,0,0.042813644,0.5107018
test/notinfected/img_0_3280.jpg,0,4.903552,0.9926345
test/notinfected/img_0_3282.jpg,0,0.101808116,0.5254301
test/notinfected/img_0_3287.jpg,0,-0.18844596,0.45302746
test/notinfected/img_0_3291.jpg,0,-0.11557427,0.47113857
test/notinfected/img_0_3292.jpg,0,-0.21711141,0.44593433
test/notinfected/img_0_3297.jpg,0,4.518491,0.98921216
test/notinfected/img_0_330.jpg,0,6.930732,0.9990237
test/notinfected/img_0_3309.jpg,0,-0.36255047,0.4103423
test/notinfected/img_0_3318.jpg,0,1.6081551,0.8331551
test/notinfected/img_0_3321.jpg,0,2.7311873,0.93884206
test/notinfected/img_0_3325.jpg,0,0.8017337,0.69034517
test/notinfected/img_0_3328.jpg,0,5.6023207,0.9963243
test/notinfected/img_0_3331.jpg,0,2.9270735,0.9491686
test/notinfected/img_0_3345.jpg,0,-0.31219038,0.42258015
test/notinfected/img_0_3358.jpg,0,4.6278157,0.99031854
test/notinfected/img_0_3365.jpg,0,-0.2842439,0.42941362
test/notinfected/img_0_337.jpg,0,-0.20171283,0.4497421
test/notinfected/img_0_3404.jpg,0,-0.32116842,0.42039102
test/notinfected/img_0_3407.jpg,0,6.965081,0.99905664
test/notinfected/img_0_3409.jpg,0,-0.038223468,0.49044532
test/notinfected/img_0_341.jpg,0,-0.009311533,0.4976721
test/notinfected/img_0_3410.jpg,0,0.063569225,0.51588696
test/notinfected/img_0_3412.jpg,0,1.6797237,0.842868
test/notinfected/img_0_3418.jpg,0,4.450454,0.9884615
test/notinfected/img_0_3430.jpg,0,-0.15286243,0.46185863
test/notinfected/img_0_3433.jpg,0,-0.10306919,0.47425547
test/notinfected/img_0_3436.jpg,0,-0.89273876,0.29054496
test/notinfected/img_0_3440.jpg,0,-0.096562415,0.47587812
test/notinfected/img_0_3442.jpg,0,5.189314,0.99445516
test/notinfected/img_0_3456.jpg,0,3.9480753,0.9810734
test/notinfected/img_0_3463.jpg,0,0.9230899,0.7156713
test/notinfected/img_0_3470.jpg,0,0.053229935,0.5133043
test/notinfected/img_0_3474.jpg,0,1.5859996,0.83005255
test/notinfected/img_0_348.jpg,0,-0.03551335,0.4911226
test/notinfected/img_0_3484.jpg,0,9.974397,0.9999534
test/notinfected/img_0_3504.jpg,0,-0.27563933,0.4315232
test/notinfected/img_0_3520.jpg,0,-0.28687385,0.42876938
test/notinfected/img_0_3522.jpg,0,5.789877,0.996951
test/notinfected/img_0_3526.jpg,0,-0.20899719,0.44794002
test/notinfected/img_0_3533.jpg,0,-0.120179474,0.46999127
test/notinfected/img_0_3540.jpg,0,-0.15309064,0.46180192
test/notinfected/img_0_3545.jpg,0,1.6572249,0.8398651
test/notinfected/img_0_3565.jpg,0,-0.19427666,0.45158303
test/notinfected/img_0_3575.jpg,0,0.148645,0.537093
test/notinfected/img_0_3579.jpg,0,-0.25836483,0.43576568
test/notinfected/img_0_3600.jpg,0,2.5925565,0.930381
test/notinfected/img_0_3602.jpg,0,-0.45464548,0.38825682
test/notinfected/img_0_3611.jpg,0,0.08673355,0.5216698
test/notinfected/img_0_3614.jpg,0,-0.331747,0.41781563
test/notinfected/img_0_3617.jpg,0,4.6170883,0.9902152
test/notinfected/img_0_3623.jpg,0,-0.19413842,0.45161724
test/notinfected/img_0_3624.jpg,0,-0.24170372,0.4398665
test/notinfected/img_0_3630.jpg,0,1.3883767,0.8003329
test/notinfected/img_0_3632.jpg,0,0.13293739,0.5331855
test/notinfected/img_0_3633.jpg,0,1.9745853,0.8781028
test/notinfected/img_0_3639.jpg,0,0.039285563,0.5098201
test/notinfected/img_0_3674.jpg,0,1.4619203,0.81182617
test/notinfected/img_0_3683.jpg,0,1.8885474,0.8685899
test/notinfected/img_0_3706.jpg,0,0.7581987,0.68096256
test/notinfected/img_0_3708.jpg,0,2.056893,0.88664234
test/notinfected/img_0_3716.jpg,0,-0.05869609,0.4853302
test/notinfected/img_0_3734.jpg,0,-0.08714886,0.47822654
test/notinfected/img_0_3737.jpg,0,-0.008039048,0.49799025
test/notinfected/img_0_3762.jpg,0,2.2314038,0.9030344
test/notinfected/img_0_3777.jpg,0,-0.05160609,0.48710135
test/notinfected/img_0_378.jpg,0,5.102445,0.99395496
test/notinfected/img_0_3786.jpg,0,0.18204795,0.54538673
test/notinfected/img_0_38.jpg,0,-0.016402246,0.4958995
test/notinfected/img_0_3810.jpg,0,-0.5089614,0.375437
test/notinfected/img_0_3826.jpg,0,8.47664,0.9997918
test/notinfected/img_0_3839.jpg,0,0.9337866,0.7178428
test/notinfected/img_0_384.jpg,0,1.3602436,0.7957993
test/notinfected/img_0_3845.jpg,0,0.19412155,0.5483785
test/notinfected/img_0_3847.jpg,0,-0.30600783,0.42408943
test/notinfected/img_0_3851.jpg,0,4.648078,0.9905109
test/notinfected/img_0_3852.jpg,0,-0.21005854,0.4476776
test/notinfected/img_0_3859.jpg,0,0.778053,0.6852603
test/notinfected/img_0_3867.jpg,0,0.22115001,0.55506325
test/notinfected/img_0_3883.jpg,0,0.5396492,0.6317308
test/notinfected/img_0_3908.jpg,0,7.777732,0.99958116
test/notinfected/img_0_393.jpg,0,0.61030704,0.64801085
test/notinfected/img_0_3932.jpg,0,8.604655,0.99981683
test/notinfected/img_0_397.jpg,0,2.1248136,0.89329165
test/notinfected/img_0_398.jpg,0,0.61584526,0.64927304
test/notinfected/img_0_3984.jpg,0,0.5948696,0.64448166
test/notinfected/img_0_399.jpg,0,-0.1989527,0.45042524
test/notinfected/img_0_3991.jpg,0,0.10156038,0.5253683
test/notinfected/img_0_3995.jpg,0,0.071377635,0.51783687
test/notinfected/img_0_4.jpg,0,6.401968,0.9983444
test/notinfected/img_0_4021.jpg,0,-0.2374571,0.4409131
test/notinfected/img_0_4036.jpg,0,-0.3276772,0.41880587
test/notinfected/img_0_4042.jpg,0,2.059063,0.88686013
test/notinfected/img_0_4054.jpg,0,0.09796763,0.52447236
test/notinfected/img_0_4055.jpg,0,-0.046553805,0.48836365
test/notinfected/img_0_4089.jpg,0,0.016920423,0.50422996
test/notinfected/img_0_4093.jpg,0,-0.2690487,0.4331407
test/notinfected/img_0_4100.jpg,0,-0.12319934,0.46923906
test/notinfected/img_0_4120.jpg,0,-0.11050017,0.47240302
test/notinfected/img_0_4122.jpg,0,-0.21252808,0.44706705
test/notinfected/img_0_4134.jpg,0,2.570364,0.92892975
test/notinfected/img_0_4143.jpg,0,-0.115823746,0.4710764
test/notinfected/img_0_4146.jpg,0,0.26598427,0.5661068
test/notinfected/img_0_4147.jpg,0,0.16826686,0.54196775
test/notinfected/img_0_4159.jpg,0,-0.31136703,0.4227811
test/notinfected/img_0_4160.jpg,0,-0.23419502,0.4417174
test/notinfected/img_0_4171.jpg,0,2.5188472,0.92545253
test/notinfected/img_0_4172.jpg,0,-0.08146042,0.47964615
test/notinfected/img_0_4195.jpg,0,-0.17463219,0.45645258
test/notinfected/img_0_4196.jpg,0,-0.35509098,0.41214845
test/notinfected/img_0_4200.jpg,0,-0.3141468,0.42210287
test/notinfected/img_0_4210.jpg,0,2.425747,0.9187697
test/notinfected/img_0_4213.jpg,0,0.12950106,0.5323301
test/notinfected/img_0_4226.jpg,0,0.5877894,0.6428578
test/notinfected/img_0_4228.jpg,0,7.1418967,0.9992094
test/notinfected/img_0_4234.jpg,0,-0.2828674,0.42975095
test/notinfected/img_0_4237.jpg,0,-0.6814472,0.33593836
test/notinfected/img_0_424.jpg,0,8.63598,0.99982244
test/notinfected/img_0_4245.jpg,0,0.029568935,0.5073917
test/notinfected/img_0_4249.jpg,0,-0.4005363,0.40118352
test/notinfected/img_0_425.jpg,0,-0.16466129,0.45892745
test/notinfected/img_0_4254.jpg,0,-0.22396284,0.44424218
test/notinfected/img_0_4275.jpg,0,-0.31531402,0.42181814
test/notinfected/img_0_4298.jpg,0,0.043667153,0.51091504
test/notinfected/img_0_431.jpg,0,1.6521724,0.83918446
test/notinfected/img_0_4311.jpg,0,-0.1346798,0.46638086
test/notinfected/img_0_4322.jpg,0,-0.19397107,0.4516587
test/notinfected/img_0_4323.jpg,0,-0.54842734,0.36622936
test/notinfected/img_0_4325.jpg,0,-0.31378934,0.4221901
test/notinfected/img_0_4368.jpg,0,0.1890341,0.5471183
test/notinfected/img_0_4369.jpg,0,0.7570985,0.6807234
test/notinfected/img_0_4374.jpg,0,0.21270755,0.55297726
test/notinfected/img_0_4378.jpg,0,-0.4201717,0.39647564
test/notinfected/img_0_4379.jpg,0,7.519746,0.999458
test/notinfected/img_0_438.jpg,0,-0.2378324,0.4408206
test/notinfected/img_0_4381.jpg,0,1.8024895,0.8584517
test/notinfected/img_0_4390.jpg,0,-0.17975903,0.45518085
test/notinfected/img_0_4392.jpg,0,0.03041676,0.5076036
test/notinfected/img_0_4401.jpg,0,0.70479405,0.66924983
test/notinfected/img_0_4408.jpg,0,-0.3267409,0.41903383
test/notinfected/img_0_4428.jpg,0,7.336147,0.9993488
test/notinfected/img_0_444.jpg,0,0.123810366,0.5309131
test/notinfected/img_0_4443.jpg,0,0.23155768,0.55763215
test/notinfected/img_0_4446.jpg,0,2.1317248,0.8939487
test/notinfected/img_0_4449.jpg,0,1.4470179,0.8095391
test/notinfected/img_0_445.jpg,0,6.611105,0.9986564
test/notinfected/img_0_4462.jpg,0,0.08812994,0.52201825
test/notinfected/img_0_4466.jpg,0,1.292705,0.78460467
test/notinfected/img_0_4480.jpg,0,-0.066686705,0.48333445
test/notinfected/img_0_4481.jpg,0,1.1112742,0.7523666
test/notinfected/img_0_4504.jpg,0,-0.06190463,0.48452878
test/notinfected/img_0_451.jpg,0,-0.062721804,0.48432466
test/notinfected/img_0_4523.jpg,0,1.387964,0.800267
test/notinfected/img_0_4564.jpg,0,4.0376616,0.982667
test/notinfected/img_0_4578.jpg,0,-0.17109817,0.45732948
test/notinfected/img_0_4579.jpg,0,0.03950274,0.5098744
test/notinfected/img_0_4584.jpg,0,0.039354753,0.50983745
test/notinfected/img_0_4591.jpg,0,4.8494787,0.99222845
test/notinfected/img_0_4593.jpg,0,-0.14093442,0.46482462
test/notinfected/img_0_460.jpg,0,6.8352823,0.998926
test/notinfected/img_0_4606.jpg,0,1.940261,0.87438077
test/notinfected/img_0_4613.jpg,0,6.7687063,0.99885213
test/notinfected/img_0_4615.jpg,0,-0.1348568,0.4663368
test/notinfected/img_0_4620.jpg,0,0.11867367,0.52963364
test/notinfected/img_0_4626.jpg,0,0.17698972,0.5441323
test/notinfected/img_0_4639.jpg,0,-0.30491903,0.42435542
test/notinfected/img_0_464.jpg,0,1.6259738,0.83561736
test/notinfected/img_0_4652.jpg,0,0.2077689,0.55175614
test/notinfected/img_0_4653.jpg,0,8.561454,0.9998087
test/notinfected/img_0_4654.jpg,0,0.17003956,0.54240775
test/notinfected/img_0_4664.jpg,0,-0.05583325,0.48604533
test/notinfected/img_0_4665.jpg,0,1.5283056,0.8217583
test/notinfected/img_0_4676.jpg,0,2.1529484,0.895944
test/notinfected/img_0_4678.jpg,0,-0.10046547,0.47490475
test/notinfected/img_0_4679.jpg,0,-0.21471542,0.44652644
test/notinfected/img_0_4681.jpg,0,1.9336851,0.8736567
test/notinfected/img_0_469.jpg,0,5.716111,0.99671835
test/notinfected/img_0_4695.jpg,0,3.8767617,0.97970265
test/notinfected/img_0_47.jpg,0,0.7566826,0.680633
test/notinfected/img_0_4700.jpg,0,0.3460831,0.58566743
test/notinfected/img_0_4702.jpg,0,-0.0816845,0.4795902
test/notinfected/img_0_4704.jpg,0,0.7770575,0.6850456
test/notinfected/img_0_4723.jpg,0,1.741657,0.85089743
test/notinfected/img_0_4735.jpg,0,0.10361916,0.52588165
test/notinfected/img_0_4740.jpg,0,0.043637093,0.51090753
test/notinfected/img_0_4749.jpg,0,0.08423536,0.5210464
test/notinfected/img_0_4750.jpg,0,-0.37281853,0.40786013
test/notinfected/img_0_4772.jpg,0,1.6037624,0.83254355
test/notinfected/img_0_4777.jpg,0,-0.0842168,0.47895825
test/notinfected/img_0_4791.jpg,0,5.107692,0.99398637
test/notinfected/img_0_4796.jpg,0,5.044016,0.9935935
test/notinfected/img_0_4798.jpg,0,0.7554464,0.6803643
test/notinfected/img_0_4807.jpg,0,-0.43754885,0.3923252
test/notinfected/img_0_4809.jpg,0,0.09541444,0.52383554
test/notinfected/img_0_4813.jpg,0,0.061901726,0.5154705
test/notinfected/img_0_4838.jpg,0,-0.08461468,0.4788589
test/notinfected/img_0_4880.jpg,0,0.15516892,0.5387146
test/notinfected/img_0_4892.jpg,0,0.6326002,0.6530788
test/notinfected/img_0_4901.jpg,0,6.41202,0.99836093
test/notinfected/img_0_4903.jpg,0,0.99347574,0.7297739
test/notinfected/img_0_4904.jpg,0,0.08922161,0.52229065
test/notinfected/img_0_4916.jpg,0,-0.22814614,0.44320956
test/notinfected/img_0_4919.jpg,0,0.1843572,0.5459592
test/notinfected/img_0_4922.jpg,0,6.951065,0.9990433
test/notinfected/img_0_4928.jpg,0,-0.13264829,0.46688646
test/notinfected/img_0_4931.jpg,0,-0.061356075,0.48466578
test/notinfected/img_0_4934.jpg,0,0.044792652,0.5111963
test/notinfected/img_0_4938.jpg,0,0.15144473,0.537789
test/notinfected/img_0_4950.jpg,0,4.4786115,0.9887782
test/notinfected/img_0_4952.jpg,0,0.05042824,0.5126044
test/notinfected/img_0_4957.jpg,0,-0.744748,0.32196677
test/notinfected/img_0_496.jpg,0,-0.055672765,0.48608539
test/notinfected/img_0_4961.jpg,0,11.171432,0.99998593
test/notinfected/img_0_4966.jpg,0,0.05444236,0.5136072
test/notinfected/img_0_4967.jpg,0,2.1349487,0.8942539
test/notinfected/img_0_4990.jpg,0,-0.4081982,0.39934424
test/notinfected/img_0_5003.jpg,0,1.746901,0.8515615
test/notinfected/img_0_5011.jpg,0,5.372407,0.9953785
test/notinfected/img_0_5024.jpg,0,1.9946313,0.8802322
test/notinfected/img_0_5035.jpg,0,0.16871127,0.5420781
test/notinfected/img_0_5040.jpg,0,1.6694074,0.84149677
test/notinfected/img_0_5049.jpg,0,0.13034068,0.53253907
test/notinfected/img_0_5050.jpg,0,0.20188648,0.5503009
test/notinfected/img_0_5055.jpg,0,-0.033014484,0.4917471
test/notinfected/img_0_5058.jpg,0,0.45013812,0.61067206
test/notinfected/img_0_5090.jpg,0,1.5451113,0.8242066
test/notinfected/img_0_5091.jpg,0,0.4632449,0.61378366
test/notinfected/img_0_5108.jpg,0,0.13951263,0.5348217
test/notinfected/img_0_5115.jpg,0,0.9458737,0.7202846
test/notinfected/img_0_5124.jpg,0,0.031919807,0.5079793
test/notinfected/img_0_5135.jpg,0,-0.11470726,0.47135457
test/notinfected/img_0_5150.jpg,0,-0.41344482,0.39808643
test/notinfected/img_0_5157.jpg,0,-0.32564768,0.4193
test/notinfected/img_0_5164.jpg,0,0.034159854,0.50853914
test/notinfected/img_0_5172.jpg,0,0.7354723,0.676005
test/notinfected/img_0_5182.jpg,0,0.31224895,0.5774341
test/notinfected/img_0_5190.jpg,0,-0.6141382,0.3511158
test/notinfected/img_0_5195.jpg,0,0.14200673,0.5354422
test/notinfected/img_0_5203.jpg,0,1.3354726,0.7917444
test/notinfected/img_0_5208.jpg,0,-0.23656896,0.44113207
test/notinfected/img_0_5209.jpg,0,0.21747546,0.5541556
test/notinfected/img_0_5220.jpg,0,0.03487937,0.50871897
test/notinfected/img_0_5233.jpg,0,0.10248284,0.5255983
test/notinfected/img_0_5240.jpg,0,0.41298944,0.6018045
test/notinfected/img_0_5255.jpg,0,8.102387,0.9996973
test/notinfected/img_0_5271.jpg,0,1.9650493,0.87707835
test/notinfected/img_0_5272.jpg,0,6.5724335,0.9986035
test/notinfected/img_0_5288.jpg,0,0.14069933,0.5351169
test/notinfected/img_0_529.jpg,0,1.725477,0.84883296
test/notinfected/img_0_5290.jpg,0,0.12127128,0.5302807
test/notinfected/img_0_5291.jpg,0,9.019752,0.999879
test/notinfected/img_0_5304.jpg,0,0.4098666,0.6010559
test/notinfected/img_0_5319.jpg,0,-0.27558798,0.43153575
test/notinfected/img_0_5328.jpg,0,-0.7107065,0.32944274
test/notinfected/img_0_5336.jpg,0,-0.06620138,0.4834557
test/notinfected/img_0_5338.jpg,0,0.025056869,0.50626385
test/notinfected/img_0_5346.jpg,0,0.070353925,0.5175812
test/notinfected/img_0_5347.jpg,0,0.43437657,0.6069183
test/notinfected/img_0_5353.jpg,0,0.6167734,0.64948434
test/notinfected/img_0_5364.jpg,0,1.5993156,0.8319227
test/notinfected/img_0_5365.jpg,0,0.63048416,0.6525993
test/notinfected/img_0_5368.jpg,0,0.17216201,0.54293454
test/notinfected/img_0_5379.jpg,0,0.07235652,0.51808125
test/notinfected/img_0_5384.jpg,0,0.0780507,0.51950276
test/notinfected/img_0_5386.jpg,0,0.6257786,0.65153164
test/notinfected/img_0_5391.jpg,0,-0.10355276,0.4741349
test/notinfected/img_0_5398.jpg,0,0.3681553,0.5910132
test/notinfected/img_0_5405.jpg,0,6.029492,0.99759907
test/notinfected/img_0_5412.jpg,0,-0.004321618,0.49891958
test/notinfected/img_0_5425.jpg,0,0.0040484983,0.5010121
test/notinfected/img_0_5427.jpg,0,-0.1845125,0.45400232
test/notinfected/img_0_5428.jpg,0,-0.2421017,0.43976846
test/notinfected/img_0_5432.jpg,0,0.05997871,0.51499015
test/notinfected/img_0_5444.jpg,0,-0.3070312,0.4238395
test/notinfected/img_0_5448.jpg,0,2.3042407,0.90922767
test/notinfected/img_0_5452.jpg,0,1.4906259,0.8161722
test/notinfected/img_0_5455.jpg,0,0.75417775,0.68008834
test/notinfected/img_0_5479.jpg,0,5.575618,0.9962251
test/notinfected/img_0_5480.jpg,0,1.0031509,0.73167765
test/notinfected/img_0_5491.jpg,0,2.3127542,0.9099278
test/notinfected/img_0_5492.jpg,0,0.05695747,0.51423556
test/notinfected/img_0_5493.jpg,0,0.16600391,0.541406
test/notinfected/img_0_5495.jpg,0,-0.38274696,0.40546453
test/notinfected/img_0_5500.jpg,0,0.6806923,0.6638932
test/notinfected/img_0_5512.jpg,0,1.0700312,0.74460286
test/notinfected/img_0_5520.jpg,0,-0.3155714,0.42175546
test/notinfected/img_0_5523.jpg,0,0.7110939,0.67064285
test/notinfected/img_0_5538.jpg,0,6.743215,0.9988225
test/notinfected/img_0_5547.jpg,0,0.17246392,0.54300946
test/notinfected/img_0_5554.jpg,0,2.0261102,0.88351136
test/notinfected/img_0_5566.jpg,0,-0.04322709,0.48919493
test/notinfected/img_0_5572.jpg,0,0.00689687,0.5017242
test/notinfected/img_0_5573.jpg,0,0.39597127,0.5977193
test/notinfected/img_0_5578.jpg,0,7.8905945,0.9996259
test/notinfected/img_0_5581.jpg,0,-0.46279714,0.3863225
test/notinfected/img_0_5594.jpg,0,6.278056,0.99812645
test/notinfected/img_0_56.jpg,0,7.5348825,0.9994661
test/notinfected/img_0_5614.jpg,0,0.1492247,0.5372371
test/notinfected/img_0_5617.jpg,0,0.109153844,0.52726144
test/notinfected/img_0_5622.jpg,0,6.082235,0.9977221
test/notinfected/img_0_5634.jpg,0,0.4933937,0.6209056
test/notinfected/img_0_5636.jpg,0,0.13463736,0.5336086
test/notinfected/img_0_5638.jpg,0,-0.3115597,0.42273405
test/notinfected/img_0_5649.jpg,0,-0.64890033,0.3432374
test/notinfected/img_0_5651.jpg,0,-0.2556359,0.4364368
test/notinfected/img_0_5656.jpg,0,7.4810553,0.9994367
test/notinfected/img_0_5678.jpg,0,0.15917641,0.5397103
test/notinfected/img_0_5684.jpg,0,0.008243611,0.5020609
test/notinfected/img_0_5694.jpg,0,-0.49079475,0.37970635
test/notinfected/img_0_570.jpg,0,-0.36741477,0.4091659
test/notinfected/img_0_5708.jpg,0,-0.5361946,0.36907324
test/notinfected/img_0_5712.jpg,0,-1.0200614,0.26501545
test/notinfected/img_0_5718.jpg,0,2.186699,0.8990487
test/notinfected/img_0_5724.jpg,0,0.15393445,0.5384078
test/notinfected/img_0_5736.jpg,0,6.997198,0.9990864
test/notinfected/img_0_5745.jpg,0,0.08494633,0.52122384
test/notinfected/img_0_5757.jpg,0,0.19407237,0.54836637
test/notinfected/img_0_5759.jpg,0,0.10863416,0.52713186
test/notinfected/img_0_5762.jpg,0,-0.13268423,0.46687752
test/notinfected/img_0_5763.jpg,0,-0.19232133,0.45206732
test/notinfected/img_0_5764.jpg,0,1.8936174,0.86916745
test/notinfected/img_0_5773.jpg,0,6.1957674,0.9979662
test/notinfected/img_0_5774.jpg,0,-0.013363482,0.49665916
test/notinfected/img_0_5777.jpg,0,0.3459356,0.5856316
test/notinfected/img_0_5794.jpg,0,0.589045,0.643146
test/notinfected/img_0_5803.jpg,0,0.70825046,0.6700145
test/notinfected/img_0_5808.jpg,0,0.041038044,0.5102581
test/notinfected/img_0_5809.jpg,0,2.0284493,0.88375187
test/notinfected/img_0_581.jpg,0,-0.026727812,0.49331847
test/notinfected/img_0_5813.jpg,0,0.029872684,0.5074676
test/notinfected/img_0_5826.jpg,0,0.14041498,0.53504616
test/notinfected/img_0_5830.jpg,0,5.4493847,0.9957195
test/notinfected/img_0_5851.jpg,0,-0.17553467,0.45622867
test/notinfected/img_0_5856.jpg,0,-0.10977721,0.47258326
test/notinfected/img_0_5857.jpg,0,7.8497267,0.99961036
test/notinfected/img_0_586.jpg,0,5.5623507,0.99617493
test/notinfected/img_0_5864.jpg,0,-0.24548623,0.43893483
test/notinfected/img_0_587.jpg,0,0.35521957,0.58788276
test/notinfected/img_0_5877.jpg,0,0.08854863,0.5221227
test/notinfected/img_0_5896.jpg,0,-0.3086553,0.42344302
test/notinfected/img_0_5899.jpg,0,0.08869444,0.5221591
test/notinfected/img_0_5912.jpg,0,0.6640924,0.6601791
test/notinfected/img_0_5916.jpg,0,1.5264195,0.8214819
test/notinfected/img_0_5920.jpg,0,-0.03245549,0.4918868
test/notinfected/img_0_5925.jpg,0,4.6403046,0.99043757
test/notinfected/img_0_5928.jpg,0,4.384143,0.9876801
test/notinfected/img_0_5942.jpg,0,2.0636494,0.88731956
test/notinfected/img_0_5949.jpg,0,0.15166184,0.5378429
test/notinfected/img_0_5954.jpg,0,0.20403948,0.55083364
test/notinfected/img_0_5971.jpg,0,5.7214355,0.99673563
test/notinfected/img_0_5988.jpg,0,0.4380681,0.60779864
test/notinfected/img_0_6005.jpg,0,5.4406376,0.995682
test/notinfected/img_0_6009.jpg,0,-0.21652654,0.4460789
test/notinfected/img_0_601.jpg,0,-0.11380096,0.47158042
test/notinfected/img_0_6013.jpg,0,-0.31453374,0.42200848
test/notinfected/img_0_6015.jpg,0,-0.25502852,0.43658623
test/notinfected/img_0_6017.jpg,0,-0.17293984,0.45687246
test/notinfected/img_0_6022.jpg,0,-0.52277464,0.37220368
test/notinfected/img_0_6040.jpg,0,-0.24289358,0.4395734
test/notinfected/img_0_6044.jpg,0,0.3723159,0.5920185
test/notinfected/img_0_6047.jpg,0,1.4340618,0.8075333
test/notinfected/img_0_6054.jpg,0,2.3454304,0.9125703
test/notinfected/img_0_6056.jpg,0,2.3814578,0.91540235
test/notinfected/img_0_6057.jpg,0,1.2986419,0.7856063
test/notinfected/img_0_6060.jpg,0,-0.7209634,0.32718086
test/notinfected/img_0_6065.jpg,0,8.7279005,0.999838
test/notinfected/img_0_6067.jpg,0,0.2944617,0.5730881
test/notinfected/img_0_6076.jpg,0,0.9564378,0.72240806
test/notinfected/img_0_608.jpg,0,6.557332,0.99858236
test/notinfected/img_0_6087.jpg,0,5.697317,0.9966563
test/notinfected/img_0_609.jpg,0,-0.20441212,0.44907415
test/notinfected/img_0_61.jpg,0,0.079782076,0.51993495
test/notinfected/img_0_6103.jpg,0,0.039969772,0.5099911
test/notinfected/img_0_6108.jpg,0,0.3389592,0.58393764
test/notinfected/img_0_6115.jpg,0,0.21424218,0.55335665
test/notinfected/img_0_6121.jpg,0,1.1670275,0.76260734
test/notinfected/img_0_6124.jpg,0,2.0565417,0.886607
test/notinfected/img_0_6125.jpg,0,0.054097876,0.5135212
test/notinfected/img_0_6126.jpg,0,7.16555,0.9992279
test/notinfected/img_0_6156.jpg,0,0.5913761,0.6436808
test/notinfected/img_0_6157.jpg,0,-0.33127064,0.4179315
test/notinfected/img_0_6162.jpg,0,0.14632434,0.53651595
test/notinfected/img_0_6165.jpg,0,-0.24585816,0.43884325
test/notinfected/img_0_6170.jpg,0,-0.31935942,0.42083186
test/notinfected/img_0_6173.jpg,0,4.458373,0.9885514
test/notinfected/img_0_6176.jpg,0,-0.077177525,0.4807152
test/notinfected/img_0_618.jpg,0,-0.39111137,0.4034498
test/notinfected/img_0_6184.jpg,0,0.042338893,0.51058316
test/notinfected/img_0_6193.jpg,0,-0.23389342,0.44179177
test/notinfected/img_0_6194.jpg,0,-0.7207466,0.32722864
test/notinfected/img_0_6219.jpg,0,-0.07430423,0.48143244
test/notinfected/img_0_6229.jpg,0,8.205195,0.99972683
test/notinfected/img_0_6261.jpg,0,-0.09383943,0.4765573
test/notinfected/img_0_6262.jpg,0,-0.9652222,0.27583385
test/notinfected/img_0_6269.jpg,0,6.9946365,0.999084
test/notinfected/img_0_6294.jpg,0,-0.36591887,0.40952754
test/notinfected/img_0_6301.jpg,0,5.2261763,0.99465466
test/notinfected/img_0_6305.jpg,0,-0.18780342,0.45318663
test/notinfected/img_0_6308.jpg,0,2.9026742,0.94797844
test/notinfected/img_0_6323.jpg,0,0.4720824,0.61587656
test/notinfected/img_0_6333.jpg,0,-0.38661855,0.40453157
test/notinfected/img_0_6338.jpg,0,6.61314,0.99865913
test/notinfected/img_0_6343.jpg,0,1.9869194,0.8794169
test/notinfected/img_0_6349.jpg,0,1.9172983,0.8718369
test/notinfected/img_0_635.jpg,0,-0.8145152,0.30692917
test/notinfected/img_0_6359.jpg,0,1.6430289,0.8379467
test/notinfected/img_0_6401.jpg,0,0.6534342,0.6577839
test/notinfected/img_0_6402.jpg,0,-0.264783,0.43418828
test/notinfected/img_0_6425.jpg,0,-0.29277906,0.42732367
test/notinfected/img_0_6426.jpg,0,7.3489394,0.99935716
test/notinfected/img_0_643.jpg,0,3.6668544,0.9750802
test/notinfected/img_0_6433.jpg,0,0.08587804,0.5214563
test/notinfected/img_0_6453.jpg,0,-0.11772689,0.4706022
test/notinfected/img_0_6464.jpg,0,7.579482,0.9994894
test/notinfected/img_0_6486.jpg,0,0.32625824,0.58084863
test/notinfected/img_0_6487.jpg,0,5.3748474,0.9953897
test/notinfected/img_0_6519.jpg,0,-0.06347881,0.4841356
test/notinfected/img_0_6520.jpg,0,0.0936766,0.52340204
test/notinfected/img_0_6534.jpg,0,-0.24530965,0.43897828
test/notinfected/img_0_6540.jpg,0,0.03321241,0.50830233
test/notinfected/img_0_6549.jpg,0,0.079381354,0.5198349
test/notinfected/img_0_6554.jpg,0,-0.27522328,0.43162525
test/notinfected/img_0_6556.jpg,0,6.018143,0.99757177
test/notinfected/img_0_6577.jpg,0,-0.09729381,0.4756957
test/notinfected/img_0_6582.jpg,0,4.7894316,0.9917514
test/notinfected/img_0_6583.jpg,0,-0.105171934,0.47373122
test/notinfected/img_0_6586.jpg,0,5.2450514,0.9947541
test/notinfected/img_0_6595.jpg,0,-0.00015705265,0.49996072
test/notinfected/img_0_6596.jpg,0,-0.3589945,0.411203
test/notinfected/img_0_6601.jpg,0,-0.052047938,0.48699096
test/notinfected/img_0_6630.jpg,0,2.4631925,0.9215208
test/notinfected/img_0_6635.jpg,0,-0.47406155,0.38365537
test/notinfected/img_0_6637.jpg,0,0.17286265,0.5431084
test/notinfected/img_0_6651.jpg,0,-0.45217088,0.38884473
test/notinfected/img_0_6658.jpg,0,0.5538007,0.6350169
test/notinfected/img_0_6661.jpg,0,1.1268387,0.755255
test/notinfected/img_0_6672.jpg,0,4.6285286,0.99032545
test/notinfected/img_0_6675.jpg,0,-0.14680362,0.4633649
test/notinfected/img_0_6678.jpg,0,-0.26097938,0.43512297
test/notinfected/img_0_6694.jpg,0,-0.21033911,0.44760823
test/notinfected/img_0_6700.jpg,0,-0.08626607,0.4784468
test/notinfected/img_0_672.jpg,0,-0.48253393,0.381654
test/notinfected/img_0_6724.jpg,0,6.0387506,0.9976211
test/notinfected/img_0_6732.jpg,0,-0.12033674,0.46995208
test/notinfected/img_0_6740.jpg,0,9.892653,0.99994946
test/notinfected/img_0_6744.jpg,0,-0.2572399,0.4360423
test/notinfected/img_0_6751.jpg,0,0.9999888,0.7310564
test/notinfected/img_0_6752.jpg,0,0.626066,0.6515969
test/notinfected/img_0_676.jpg,0,0.98980504,0.7290494
test/notinfected/img_0_6765.jpg,0,0.15194364,0.537913
test/notinfected/img_0_6767.jpg,0,-0.09105481,0.477252
test/notinfected/img_0_6783.jpg,0,5.4502583,0.9957231
test/notinfected/img_0_6790.jpg,0,0.23145679,0.5576073
test/notinfected/img_0_6796.jpg,0,-0.4519737,0.3888916
test/notinfected/img_0_6803.jpg,0,6.2197742,0.9980142
test/notinfected/img_0_6811.jpg,0,-0.2804555,0.43034208
test/notinfected/img_0_6816.jpg,0,-0.08280374,0.4793109
test/notinfected/img_0_6833.jpg,0,-0.02779798,0.49305093
test/notinfected/img_0_6837.jpg,0,1.4009569,0.8023357
test/notinfected/img_0_6854.jpg,0,-0.4348527,0.39296815
test/notinfected/img_0_6858.jpg,0,-0.16283613,0.45938072
test/notinfected/img_0_6869.jpg,0,-0.6808164,0.33607912
test/notinfected/img_0_6878.jpg,0,1.9340734,0.87369955
test/notinfected/img_0_6879.jpg,0,-0.41673887,0.39729735
test/notinfected/img_0_6883.jpg,0,-0.7242124,0.32646605
test/notinfected/img_0_6885.jpg,0,-0.46784672,0.38512602
test/notinfected/img_0_6893.jpg,0,-0.4328219,0.39345267
test/notinfected/img_0_6902.jpg,0,8.703971,0.99983406
test/notinfected/img_0_6935.jpg,0,-0.22570834,0.44381127
test/notinfected/img_0_6970.jpg,0,0.47409344,0.61635214
test/notinfected/img_0_699.jpg,0,0.760605,0.68148506
test/notinfected/img_0_6993.jpg,0,0.8409884,0.69867337
test/notinfected/img_0_6998.jpg,0,-0.26391384,0.4344019
test/notinfected/img_0_7.jpg,0,-0.06092906,0.48477244
test/notinfected/img_0_7019.jpg,0,2.8374894,0.94466835
test/notinfected/img_0_702.jpg,0,-0.46299204,0.38627627
test/notinfected/img_0_7020.jpg,0,-0.335799,0.4168303
test/notinfected/img_0_7038.jpg,0,0.63231355,0.6530138
test/notinfected/img_0_7039.jpg,0,-0.4730124,0.3839035
test/notinfected/img_0_7043.jpg,0,1.7678151,0.85418576
test/notinfected/img_0_7045.jpg,0,9.125085,0.99989104
test/notinfected/img_0_7049.jpg,0,-0.45806554,0.38744482
test/notinfected/img_0_7050.jpg,0,2.9532995,0.9504192
test/notinfected/img_0_7058.jpg,0,1.7582924,0.85299563
test/notinfected/img_0_706.jpg,0,6.476061,0.99846256
test/notinfected/img_0_7060.jpg,0,-0.42824453,0.3945456
test/notinfected/img_0_7063.jpg,0,-0.1788266,0.4554121
test/notinfected/img_0_7083.jpg,0,2.3558168,0.9133955
test/notinfected/img_0_7102.jpg,0,-0.5171013,0.3735303
test/notinfected/img_0_7107.jpg,0,1.9968712,0.8804682
test/notinfected/img_0_7119.jpg,0,-0.58026344,0.35887197
test/notinfected/img_0_7121.jpg,0,-0.41377166,0.39800808
test/notinfected/img_0_7130.jpg,0,6.578024,0.99861133
test/notinfected/img_0_7135.jpg,0,4.621665,0.99025935
test/notinfected/img_0_7148.jpg,0,-0.15611413,0.46105054
test/notinfected/img_0_7155.jpg,0,-0.017280942,0.49567983
test/notinfected/img_0_7157.jpg,0,0.24132833,0.560041
test/notinfected/img_0_716.jpg,0,1.6248307,0.8354603
test/notinfected/img_0_7165.jpg,0,4.4279146,0.98820144
test/notinfected/img_0_7168.jpg,0,0.21749392,0.5541601
test/notinfected/img_0_7169.jpg,0,1.9376657,0.8740955
test/notinfected/img_0_7170.jpg,0,0.14455223,0.5360753
test/notinfected/img_0_7178.jpg,0,0.15392281,0.5384049
test/notinfected/img_0_7188.jpg,0,0.14914313,0.53721684
test/notinfected/img_0_7191.jpg,0,0.12721846,0.53176177
test/notinfected/img_0_720.jpg,0,3.9988847,0.9819941
test/notinfected/img_0_7202.jpg,0,0.32724813,0.5810897
test/notinfected/img_0_7204.jpg,0,1.110326,0.7521899
test/notinfected/img_0_7219.jpg,0,7.3110037,0.99933225
test/notinfected/img_0_7221.jpg,0,0.112972625,0.52821314
test/notinfected/img_0_7222.jpg,0,5.245874,0.9947584
test/notinfected/img_0_7227.jpg,0,2.0258243,0.8834819
test/notinfected/img_0_7228.jpg,0,9.704661,0.99993896
test/notinfected/img_0_7229.jpg,0,0.05717603,0.5142901
test/notinfected/img_0_7234.jpg,0,0.212952,0.55303776
test/notinfected/img_0_7239.jpg,0,0.70581645,0.6694761
test/notinfected/img_0_7257.jpg,0,0.9851907,0.72813696
test/notinfected/img_0_7273.jpg,0,-0.16407979,0.45907182
test/notinfected/img_0_7278.jpg,0,5.792062,0.99695766
test/notinfected/img_0_7285.jpg,0,6.661457,0.9987224
test/notinfected/img_0_7290.jpg,0,-0.07108157,0.4822371
test/notinfected/img_0_7299.jpg,0,6.2649927,0.9981019
test/notinfected/img_0_7307.jpg,0,0.20679057,0.5515142
test/notinfected/img_0_7316.jpg,0,5.5786448,0.9962366
test/notinfected/img_0_7324.jpg,0,0.7051981,0.66933924
test/notinfected/img_0_7336.jpg,0,-0.2362872,0.44120148
test/notinfected/img_0_7338.jpg,0,0.17112571,0.54267734
test/notinfected/img_0_7366.jpg,0,-0.46153256,0.38662234
test/notinfected/img_0_7372.jpg,0,-0.2866356,0.42882773
test/notinfected/img_0_7383.jpg,0,1.6289693,0.8360284
test/notinfected/img_0_7393.jpg,0,2.9646378,0.9509508
test/notinfected/img_0_7394.jpg,0,2.8957686,0.9476369
test/notinfected/img_0_7403.jpg,0,1.8606298,0.8653704
test/notinfected/img_0_7416.jpg,0,-0.5236093,0.37200862
test/notinfected/img_0_7426.jpg,0,0.013691584,0.50342286
test/notinfected/img_0_7441.jpg,0,0.9602439,0.72317064
test/notinfected/img_0_745.jpg,0,4.3764353,0.9875859
test/notinfected/img_0_7451.jpg,0,4.594608,0.9899949
test/notinfected/img_0_7455.jpg,0,0.64665204,0.65625566
test/notinfected/img_0_7460.jpg,0,0.034824334,0.5087052
test/notinfected/img_0_7464.jpg,0,2.3718052,0.9146519
test/notinfected/img_0_7466.jpg,0,-0.38484588,0.40495864
test/notinfected/img_0_747.jpg,0,1.8673903,0.86615604
test/notinfected/img_0_7507.jpg,0,10.824622,0.9999801
test/notinfected/img_0_7533.jpg,0,1.70715,0.8464663
test/notinfected/img_0_7535.jpg,0,-0.14192837,0.46457738
test/notinfected/img_0_7552.jpg,0,1.590054,0.83062375
test/notinfected/img_0_7598.jpg,0,-0.18967834,0.4527221
test/notinfected/img_0_7606.jpg,0,5.1840725,0.99442613
test/notinfected/img_0_7607.jpg,0,-0.3391744,0.41601005
test/notinfected/img_0_7611.jpg,0,-0.5578758,0.3640391
test/notinfected/img_0_7624.jpg,0,0.12989251,0.53242755
test/notinfected/img_0_7626.jpg,0,0.6310202,0.65272075
test/notinfected/img_0_7631.jpg,0,-0.42269835,0.39587122
test/notinfected/img_0_7633.jpg,0,2.2193623,0.90197486
test/notinfected/img_0_7643.jpg,0,0.056481734,0.5141167
test/notinfected/img_0_7649.jpg,0,0.08275324,0.5206765
test/notinfected/img_0_7654.jpg,0,-0.1283185,0.46796435
test/notinfected/img_0_7656.jpg,0,0.7495988,0.6790913
test/notinfected/img_0_7670.jpg,0,6.256589,0.998086
test/notinfected/img_0_7678.jpg,0,5.6152854,0.9963715
test/notinfected/img_0_7690.jpg,0,0.3321714,0.5822876
test/notinfected/img_0_7712.jpg,0,-0.374525,0.40744808
test/notinfected/img_0_7713.jpg,0,0.11571266,0.5288959
test/notinfected/img_0_7722.jpg,0,0.28944322,0.57185984
test/notinfected/img_0_7736.jpg,0,-0.08943733,0.47765556
test/notinfected/img_0_7741.jpg,0,-0.13474232,0.4663653
test/notinfected/img_0_7747.jpg,0,5.756459,0.9968477
test/notinfected/img_0_7769.jpg,0,0.109346315,0.52730936
test/notinfected/img_0_7777.jpg,0,-0.36039948,0.4108629
test/notinfected/img_0_7788.jpg,0,0.17668085,0.54405564
test/notinfected/img_0_7790.jpg,0,-0.014204459,0.49644893
test/notinfected/img_0_7799.jpg,0,6.2239065,0.99802244
test/notinfected/img_0_7806.jpg,0,2.019786,0.8828589
test/notinfected/img_0_7819.jpg,0,0.058970414,0.5147383
test/notinfected/img_0_7820.jpg,0,0.8177504,0.6937586
test/notinfected/img_0_7829.jpg,0,0.07712731,0.51927227
test/notinfected/img_0_7841.jpg,0,-0.38814625,0.4041636
test/notinfected/img_0_7842.jpg,0,-0.09448694,0.47639582
test/notinfected/img_0_7845.jpg,0,0.15731019,0.5392466
test/notinfected/img_0_786.jpg,0,1.0115714,0.73332757
test/notinfected/img_0_7861.jpg,0,-0.24855343,0.43817958
test/notinfected/img_0_7864.jpg,0,5.1728578,0.99436355
test/notinfected/img_0_7885.jpg,0,7.409353,0.9993948
test/notinfected/img_0_7887.jpg,0,-0.2738106,0.43197185
test/notinfected/img_0_7897.jpg,0,-0.37265337,0.40790004
test/notinfected/img_0_79.jpg,0,-0.037494034,0.4906276
test/notinfected/img_0_7901.jpg,0,-0.09523463,0.4762093
test/notinfected/img_0_7915.jpg,0,4.2255354,0.985593
test/notinfected/img_0_7918.jpg,0,3.811385,0.9783611
test/notinfected/img_0_7921.jpg,0,-0.050648965,0.48734048
test/notinfected/img_0_7925.jpg,0,0.2988093,0.5741514
test/notinfected/img_0_7928.jpg,0,0.1152323,0.5287762
test/notinfected/img_0_7930.jpg,0,1.4711709,0.8132353
test/notinfected/img_0_7933.jpg,0,7.947548,0.99964654
test/notinfected/img_0_7936.jpg,0,0.0611668,0.5152869
test/notinfected/img_0_7937.jpg,0,0.23493508,0.55846506
test/notinfected/img_0_7939.jpg,0,0.040400684,0.5100988
test/notinfected/img_0_794.jpg,0,0.97834015,0.72677875
test/notinfected/img_0_7941.jpg,0,-0.34747088,0.41399586
test/notinfected/img_0_795.jpg,0,-0.15471648,0.46139786
test/notinfected/img_0_7953.jpg,0,-0.32815135,0.4186905
test/notinfected/img_0_7955.jpg,0,-0.05658985,0.4858563
test/notinfected/img_0_7957.jpg,0,-0.47308633,0.383886
test/notinfected/img_0_7964.jpg,0,-0.24951074,0.43794397
test/notinfected/img_0_7969.jpg,0,0.9675915,0.7246392
test/notinfected/img_0_7977.jpg,0,-0.3136425,0.42222586
test/notinfected/img_0_7992.jpg,0,0.18868385,0.5470315
test/notinfected/img_0_7994.jpg,0,-0.28237265,0.42987216
test/notinfected/img_0_7996.jpg,0,-0.38283482,0.40544337
test/notinfected/img_0_8004.jpg,0,-0.22874421,0.443062
test/notinfected/img_0_801.jpg,0,-0.35310647,0.41262937
test/notinfected/img_0_8022.jpg,0,1.6802536,0.84293807
test/notinfected/img_0_8030.jpg,0,-0.27383447,0.43196598
test/notinfected/img_0_8044.jpg,0,0.27307874,0.56784856
test/notinfected/img_0_8059.jpg,0,-0.3508032,0.41318768
test/notinfected/img_0_808.jpg,0,-0.19166672,0.45222947
test/notinfected/img_0_8081.jpg,0,0.7641254,0.6822488
test/notinfected/img_0_8086.jpg,0,0.120255515,0.5300277
test/notinfected/img_0_809.jpg,0,2.55583,0.9279642
test/notinfected/img_0_8105.jpg,0,2.60227,0.93100756
test/notinfected/img_0_8117.jpg,0,0.9916926,0.7294221
test/notinfected/img_0_814.jpg,0,-0.31767777,0.42124182
test/notinfected/img_0_8146.jpg,0,2.498045,0.9240047
test/notinfected/img_0_8156.jpg,0,-0.32648635,0.41909578
test/notinfected/img_0_8189.jpg,0,-0.37044126,0.40843442
test/notinfected/img_0_819.jpg,0,0.78922254,0.6876644
test/notinfected/img_0_8190.jpg,0,0.4774551,0.61714673
test/notinfected/img_0_8198.jpg,0,0.14074093,0.5351273
test/notinfected/img_0_8199.jpg,0,-0.23262365,0.4421049
test/notinfected/img_0_821.jpg,0,7.0672894,0.99914813
test/notinfected/img_0_8220.jpg,0,9.754403,0.99994195
test/notinfected/img_0_8222.jpg,0,0.037236333,0.509308
test/notinfected/img_0_8236.jpg,0,0.18917437,0.54715306
test/notinfected/img_0_8245.jpg,0,0.92501813,0.7160635
test/notinfected/img_0_8250.jpg,0,-0.21783157,0.4457564
test/notinfected/img_0_8251.jpg,0,0.06932978,0.5173255
test/notinfected/img_0_8256.jpg,0,0.7675989,0.6830013
test/notinfected/img_0_8258.jpg,0,0.9731273,0.7257424
test/notinfected/img_0_8259.jpg,0,0.5683329,0.6383784
test/notinfected/img_0_8260.jpg,0,-0.20235464,0.44958323
test/notinfected/img_0_8267.jpg,0,0.00893019,0.5022325
test/notinfected/img_0_8289.jpg,0,1.6504765,0.83895546
test/notinfected/img_0_8329.jpg,0,0.15034865,0.53751653
test/notinfected/img_0_833.jpg,0,-0.43492824,0.39295012
test/notinfected/img_0_8339.jpg,0,-0.4714701,0.38426834
test/notinfected/img_0_8343.jpg,0,1.4932199,0.8165611
test/notinfected/img_0_8358.jpg,0,0.08790539,0.5219622
test/notinfected/img_0_8368.jpg,0,2.3309827,0.91141075
test/notinfected/img_0_8379.jpg,0,1.763591,0.8536588
test/notinfected/img_0_8398.jpg,0,-0.08561362,0.47860962
test/notinfected/img_0_84.jpg,0,-0.25152028,0.43744937
test/notinfected/img_0_840.jpg,0,0.55668503,0.63568515
test/notinfected/img_0_8412.jpg,0,2.1374478,0.89449
test/notinfected/img_0_8413.jpg,0,0.5754041,0.64000916
test/notinfected/img_0_8424.jpg,0,0.11228611,0.5280421
test/notinfected/img_0_8427.jpg,0,0.067514315,0.51687217
test/notinfected/img_0_8435.jpg,0,0.65152115,0.65735316
test/notinfected/img_0_8443.jpg,0,-0.29562303,0.4266278
test/notinfected/img_0_845.jpg,0,0.16280398,0.5406113
test/notinfected/img_0_846.jpg,0,0.58149695,0.6414118
test/notinfected/img_0_8468.jpg,0,7.6881113,0.999542
test/notinfected/img_0_8471.jpg,0,-0.05184047,0.4870428
test/notinfected/img_0_8477.jpg,0,0.06630194,0.51656944
test/notinfected/img_0_8496.jpg,0,-0.35844514,0.41133603
test/notinfected/img_0_8498.jpg,0,0.93691903,0.7184769
test/notinfected/img_0_851.jpg,0,-0.3131868,0.42233709
test/notinfected/img_0_8518.jpg,0,-0.19760709,0.45075837
test/notinfected/img_0_8529.jpg,0,0.60961324,0.6478526
test/notinfected/img_0_8533.jpg,0,0.18764551,0.5467742
test/notinfected/img_0_8536.jpg,0,0.052986152,0.51324344
test/notinfected/img_0_855.jpg,0,1.7238755,0.8486274
test/notinfected/img_0_8561.jpg,0,10.801255,0.9999796
test/notinfected/img_0_858.jpg,0,-0.9128849,0.28640985
test/notinfected/img_0_8590.jpg,0,8.350514,0.9997638
test/notinfected/img_0_8593.jpg,0,0.19671029,0.54901963
test/notinfected/img_0_8596.jpg,0,-0.20948559,0.44781926
test/notinfected/img_0_861.jpg,0,0.94127536,0.7193572
test/notinfected/img_0_8621.jpg,0,0.08368782,0.5209097
test/notinfected/img_0_8633.jpg,0,1.5560079,0.8257798
test/notinfected/img_0_8656.jpg,0,5.5402365,0.9960898
test/notinfected/img_0_8678.jpg,0,1.6326029,0.8365259
test/notinfected/img_0_868.jpg,0,-0.6445299,0.34422326
test/notinfected/img_0_869.jpg,0,0.056217976,0.5140508
test/notinfected/img_0_8691.jpg,0,0.86459595,0.70361996
test/notinfected/img_0_8701.jpg,0,-0.2692703,0.43308622
test/notinfected/img_0_8703.jpg,0,7.9148235,0.99963486
test/notinfected/img_0_8714.jpg,0,0.045849472,0.51146036
test/notinfected/img_0_8721.jpg,0,0.15715924,0.5392091
test/notinfected/img_0_8736.jpg,0,0.98618466,0.7283337
test/notinfected/img_0_8737.jpg,0,0.07517044,0.51878375
test/notinfected/img_0_874.jpg,0,-0.0126698,0.4968326
test/notinfected/img_0_8740.jpg,0,2.0007672,0.8808776
test/notinfected/img_0_8749.jpg,0,-0.30433038,0.4244992
test/notinfected/img_0_875.jpg,0,-0.12522191,0.46873537
test/notinfected/img_0_8758.jpg,0,-0.10491523,0.47379524
test/notinfected/img_0_8765.jpg,0,0.3254389,0.5806492
test/notinfected/img_0_877.jpg,0,-0.7168947,0.32807717
test/notinfected/img_0_8775.jpg,0,1.1438024,0.7583771
test/notinfected/img_0_8783.jpg,0,0.12137123,0.5303056
test/notinfected/img_0_8806.jpg,0,-0.1038658,0.4740568
test/notinfected/img_0_8810.jpg,0,1.3260539,0.7901872
test/notinfected/img_0_8814.jpg,0,-0.14219481,0.46451107
test/notinfected/img_0_8825.jpg,0,9.465639,0.9999225
test/notinfected/img_0_8826.jpg,0,-0.1094417,0.47266686
test/notinfected/img_0_8829.jpg,0,-0.1531283,0.46179256
test/notinfected/img_0_8837.jpg,0,7.831459,0.9996031
test/notinfected/img_0_8841.jpg,0,0.060152292,0.51503354
test/notinfected/img_0_8850.jpg,0,-0.12996255,0.467555
test/notinfected/img_0_8861.jpg,0,-0.39170414,0.40330714
test/notinfected/img_0_8866.jpg,0,-0.051683366,0.487082
test/notinfected/img_0_8885.jpg,0,1.2968752,0.78530866
test/notinfected/img_0_8904.jpg,0,-0.26359752,0.43447956
test/notinfected/img_0_8905.jpg,0,0.035816133,0.50895303
test/notinfected/img_0_8908.jpg,0,1.0861943,0.74766445
test/notinfected/img_0_8931.jpg,0,6.0390406,0.99762183
test/notinfected/img_0_8938.jpg,0,0.21193378,0.552786
test/notinfected/img_0_8946.jpg,0,3.9699068,0.98147446
test/notinfected/img_0_8955.jpg,0,-0.1829858,0.45438078
test/notinfected/img_0_8972.jpg,0,5.5353394,0.9960706
test/notinfected/img_0_8985.jpg,0,-0.14905876,0.46280414
test/notinfected/img_0_8989.jpg,0,1.5804224,0.8292643
test/notinfected/img_0_90.jpg,0,0.032178447,0.50804394
test/notinfected/img_0_9000.jpg,0,0.2361502,0.5587647
test/notinfected/img_0_9002.jpg,0,1.7315247,0.8496073
test/notinfected/img_0_9006.jpg,0,-0.023619546,0.49409544
test/notinfected/img_0_9017.jpg,0,0.12492618,0.531191
test/notinfected/img_0_9027.jpg,0,0.7047041,0.66922987
test/notinfected/img_0_903.jpg,0,-0.07755285,0.4806215
test/notinfected/img_0_9031.jpg,0,0.96399623,0.72392124
test/notinfected/img_0_9038.jpg,0,-0.38790792,0.40422103
test/notinfected/img_0_904.jpg,0,0.18411995,0.5459004
test/notinfected/img_0_9042.jpg,0,-0.17811385,0.45558885
test/notinfected/img_0_9056.jpg,0,-0.011960907,0.4970098
test/notinfected/img_0_9058.jpg,0,1.5580778,0.82607734
test/notinfected/img_0_9075.jpg,0,7.4556427,0.9994222
test/notinfected/img_0_9083.jpg,0,-0.3546625,0.41225228
test/notinfected/img_0_9088.jpg,0,-0.20919189,0.44789192
test/notinfected/img_0_909.jpg,0,6.4784927,0.99846625
test/notinfected/img_0_9100.jpg,0,0.043033652,0.5107568
test/notinfected/img_0_9104.jpg,0,2.810808,0.9432571
test/notinfected/img_0_9116.jpg,0,-0.11243948,0.47191972
test/notinfected/img_0_9121.jpg,0,-0.4963915,0.37838903
test/notinfected/img_0_9128.jpg,0,1.8642063,0.8657865
test/notinfected/img_0_9138.jpg,0,-0.053532355,0.48662007
test/notinfected/img_0_914.jpg,0,2.914657,0.94856626
test/notinfected/img_0_9151.jpg,0,-0.20799276,0.44818845
test/notinfected/img_0_9160.jpg,0,1.6175325,0.83445454
test/notinfected/img_0_9164.jpg,0,0.035801236,0.50894934
test/notinfected/img_0_9186.jpg,0,-0.26168925,0.4349485
test/notinfected/img_0_920.jpg,0,-0.020208655,0.49494797
test/notinfected/img_0_9228.jpg,0,6.3001103,0.9981673
test/notinfected/img_0_923.jpg,0,0.19149166,0.54772717
test/notinfected/img_0_9235.jpg,0,0.4683189,0.6149858
test/notinfected/img_0_9242.jpg,0,0.8475533,0.7000537
test/notinfected/img_0_9245.jpg,0,-0.072474,0.48188943
test/notinfected/img_0_9253.jpg,0,0.14474615,0.5361235
test/notinfected/img_0_9255.jpg,0,0.07563608,0.5189
test/notinfected/img_0_9275.jpg,0,0.72621465,0.67397404
test/notinfected/img_0_930.jpg,0,-0.21300092,0.4469502
test/notinfected/img_0_931.jpg,0,2.5912042,0.9302934
test/notinfected/img_0_9311.jpg,0,-0.2722493,0.43235496
test/notinfected/img_0_933.jpg,0,1.9304198,0.8732959
test/notinfected/img_0_9333.jpg,0,-0.10092275,0.47479072
test/notinfected/img_0_9342.jpg,0,1.1098812,0.7521069
test/notinfected/img_0_9347.jpg,0,0.28263152,0.57019126
test/notinfected/img_0_935.jpg,0,0.6320356,0.6529509
test/notinfected/img_0_936.jpg,0,0.15738659,0.53926563
test/notinfected/img_0_9389.jpg,0,8.654059,0.99982566
test/notinfected/img_0_9391.jpg,0,-0.26435235,0.4342941
test/notinfected/img_0_9392.jpg,0,1.8211391,0.86070275
test/notinfected/img_0_9393.jpg,0,7.3723607,0.99937207
test/notinfected/img_0_9420.jpg,0,2.5003004,0.92416286
test/notinfected/img_0_9422.jpg,0,0.11745275,0.5293295
test/notinfected/img_0_9439.jpg,0,-0.26568815,0.43396595
test/notinfected/img_0_944.jpg,0,0.4672847,0.6147409
test/notinfected/img_0_9465.jpg,0,1.5390348,0.8233243
test/notinfected/img_0_9473.jpg,0,0.14375307,0.5358765
test/notinfected/img_0_9479.jpg,0,0.84889966,0.7003363
test/notinfected/img_0_9487.jpg,0,7.220353,0.99926895
test/notinfected/img_0_9507.jpg,0,0.8574452,0.70212656
test/notinfected/img_0_9512.jpg,0,5.2433295,0.99474514
test/notinfected/img_0_952.jpg,0,-0.23238157,0.44216466
test/notinfected/img_0_9528.jpg,0,-0.39795378,0.40180406
test/notinfected/img_0_9546.jpg,0,7.495247,0.99944454
test/notinfected/img_0_955.jpg,0,0.15915412,0.53970474
test/notinfected/img_0_9566.jpg,0,-0.51677483,0.3736067
test/notinfected/img_0_9570.jpg,0,1.8288884,0.86162925
test/notinfected/img_0_9576.jpg,0,5.303105,0.99504846
test/notinfected/img_0_9579.jpg,0,0.15949793,0.53979015
test/notinfected/img_0_958.jpg,0,0.27099264,0.56733656
test/notinfected/img_0_9582.jpg,0,-0.29604495,0.4265246
test/notinfected/img_0_9592.jpg,0,0.35430056,0.5876601
test/notinfected/img_0_9594.jpg,0,-0.0741094,0.48148113
test/notinfected/img_0_9599.jpg,0,8.588962,0.99981385
test/notinfected/img_0_9613.jpg,0,-0.37624648,0.40703252
test/notinfected/img_0_9617.jpg,0,0.37595025,0.592896
test/notinfected/img_0_9620.jpg,0,0.3585818,0.5886971
test/notinfected/img_0_9621.jpg,0,0.61247176,0.6485044
test/notinfected/img_0_9624.jpg,0,-0.22190145,0.44475114
test/notinfected/img_0_9632.jpg,0,-0.30903438,0.42335045
test/notinfected/img_0_9644.jpg,0,-0.22628981,0.4436677
test/notinfected/img_0_9650.jpg,0,-0.028011525,0.49299756
test/notinfected/img_0_966.jpg,0,-0.019853784,0.49503672
test/notinfected/img_0_9663.jpg,0,0.19462278,0.5485027
test/notinfected/img_0_9674.jpg,0,0.20389351,0.5507975
test/notinfected/img_0_9683.jpg,0,-0.2334553,0.4418998
test/notinfected/img_0_9691.jpg,0,0.09954047,0.5248646
test/notinfected/img_0_9701.jpg,0,4.4255824,0.9881743
test/notinfected/img_0_9706.jpg,0,7.6335845,0.99951637
test/notinfected/img_0_9712.jpg,0,3.9614832,0.9813207
test/notinfected/img_0_9733.jpg,0,0.041177854,0.510293
test/notinfected/img_0_9748.jpg,0,4.5979033,0.9900275
test/notinfected/img_0_9749.jpg,0,0.21041718,0.552411
test/notinfected/img_0_9750.jpg,0,-0.013033016,0.4967418
test/notinfected/img_0_9766.jpg,0,-0.32190374,0.42021188
test/notinfected/img_0_9769.jpg,0,0.026538512,0.5066343
test/notinfected/img_0_9777.jpg,0,0.04104717,0.51026034
test/notinfected/img_0_9788.jpg,0,-0.24136436,0.4399501
test/notinfected/img_0_9791.jpg,0,0.59648466,0.6448516
test/notinfected/img_0_9799.jpg,0,-0.07483088,0.48130098
test/notinfected/img_0_9808.jpg,0,-0.559787,0.36359677
test/notinfected/img_0_9809.jpg,0,-0.10363073,0.47411543
test/notinfected/img_0_9812.jpg,0,0.11883798,0.5296746
test/notinfected/img_0_9813.jpg,0,2.3918667,0.916205
test/notinfected/img_0_9821.jpg,0,0.19621816,0.54889774
test/notinfected/img_0_9823.jpg,0,-0.102395244,0.47442353
test/notinfected/img_0_9832.jpg,0,1.5882103,0.83036417
test/notinfected/img_0_9840.jpg,0,-0.70077795,0.33163977
test/notinfected/img_0_9851.jpg,0,-0.041410774,0.4896488
test/notinfected/img_0_9854.jpg,0,0.057805896,0.51444745
test/notinfected/img_0_9866.jpg,0,-0.19752614,0.45077842
test/notinfected/img_0_9899.jpg,0,0.90065783,0.71108466
test/notinfected/img_0_99.jpg,0,0.05274926,0.51318425
test/notinfected/img_0_9904.jpg,0,2.0524976,0.8861997
test/notinfected/img_0_9906.jpg,0,0.036693603,0.5091724
test/notinfected/img_0_991.jpg,0,-0.49233022,0.37934476
test/notinfected/img_0_9914.jpg,0,2.523656,0.92578363
test/notinfected/img_0_9931.jpg,0,2.3674316,0.91430986
test/notinfected/img_0_9948.jpg,0,-0.4871854,0.38055682
test/notinfected/img_0_995.jpg,0,-0.04605995,0.48848704
test/notinfected/img_0_9952.jpg,0,-0.401471,0.40095899
test/notinfected/img_0_9967.jpg,0,0.09692744,0.5242129
test/notinfected/img_0_9973.jpg,0,5.3207226,0.99513453
test/notinfected/img_0_9989.jpg,0,0.8147374,0.6931181
test/notinfected/OIP (1).jpg,0,-0.06092906,0.48477244
test/notinfected/WhatsApp Image 2022-04-01 at 3.35.25 PM.jpeg,0,-0.06092906,0.48477244
test/notinfected/WhatsApp Image 2022-04-01 at 3.39.07 PM.jpeg,0,-0.06092906,0.48477244
train/infected/img1.jpg,1,-6.71743,0.0012081815
train/infected/img10.jpg,1,9.940404,0.99995184
train/infected/img2.jpg,1,11.767108,0.99999225
train/infected/img3.jpg,1,7.658944,0.9995284
train/infected/img4.jpg,1,9.959658,0.9999527
train/infected/img5.jpg,1,3.3390791,0.96574533
train/infected/img6.jpg,1,-6.5864983,0.0013769615
train/infected/img7.jpg,1,9.940404,0.99995184
train/infected/img8.jpg,1,11.767108,0.99999225
train/infected/img_0_1023.jpg,1,9.394708,0.9999168
train/infected/img_0_1033.jpg,1,3.0260224,0.953736
train/infected/img_0_1071.jpg,1,3.2993586,0.9644068
train/infected/img_0_1075.jpg,1,1.6037335,0.83253956
train/infected/img_0_1079.jpg,1,5.498191,0.99592257
train/infected/img_0_1083.jpg,1,8.647367,0.99982446
train/infected/img_0_1087.jpg,1,8.222964,0.9997316
train/infected/img_0_1088.jpg,1,8.495182,0.9997956
train/infected/img_0_1099.jpg,1,9.228827,0.9999019
train/infected/img_0_113.jpg,1,8.723949,0.9998374
train/infected/img_0_1130.jpg,1,2.6990204,0.93696886
train/infected/img_0_1141.jpg,1,-7.9580245,0.0003497212
train/infected/img_0_1142.jpg,1,11.844335,0.99999285
train/infected/img_0_1182.jpg,1,7.512499,0.9994541
train/infected/img_0_1195.jpg,1,-5.2715464,0.005109423
train/infected/img_0_1223.jpg,1,-5.103949,0.006036062
train/infected/img_0_1226.jpg,1,8.129953,0.9997055
train/infected/img_0_1234.jpg,1,9.785825,0.99994373
train/infected/img_0_1257.jpg,1,5.1230183,0.9940773
train/infected/img_0_126.jpg,1,7.1244006,0.9991954
train/infected/img_0_1260.jpg,1,-5.312357,0.004906104
train/infected/img_0_1272.jpg,1,7.8017797,0.9995912
train/infected/img_0_1275.jpg,1,4.9651294,0.99307126
train/infected/img_0_1287.jpg,1,10.592903,0.99997497
train/infected/img_0_1290.jpg,1,3.5957077,0.97329164
train/infected/img_0_1305.jpg,1,10.293342,0.99996614
train/infected/img_0_1313.jpg,1,10.70824,0.9999776
train/infected/img_0_1324.jpg,1,7.773252,0.99957937
train/infected/img_0_1329.jpg,1,1.203908,0.7692192
train/infected/img_0_1373.jpg,1,7.700824,0.9995478
train/infected/img_0_1377.jpg,1,-5.704723,0.0033191466
train/infected/img_0_1387.jpg,1,2.903878,0.9480378
train/infected/img_0_1410.jpg,1,9.5332365,0.99992764
train/infected/img_0_1421.jpg,1,-6.069153,0.0023077938
train/infected/img_0_1472.jpg,1,10.14914,0.9999609
train/infected/img_0_1475.jpg,1,3.0994403,0.9568696
train/infected/img_0_1531.jpg,1,10.285071,0.9999659
train/infected/img_0_1539.jpg,1,8.576043,0.9998115
train/infected/img_0_155.jpg,1,-7.583395,0.000508572
train/infected/img_0_1553.jpg,1,11.08538,0.9999846
train/infected/img_0_1556.jpg,1,8.3909025,0.9997731
train/infected/img_0_1560.jpg,1,9.766005,0.99994266
train/infected/img_0_1575.jpg,1,7.8852525,0.9996239
train/infected/img_0_1589.jpg,1,9.909781,0.9999503
train/infected/img_0_1590.jpg,1,-6.1141286,0.0022065223
train/infected/img_0_1600.jpg,1,10.946173,0.99998236
train/infected/img_0_1651.jpg,1,8.789399,0.99984765
train/infected/img_0_1656.jpg,1,1.6010485,0.8321649
train/infected/img_0_1663.jpg,1,2.51415,0.92512786
train/infected/img_0_1669.jpg,1,8.461996,0.9997887
train/infected/img_0_1706.jpg,1,10.162078,0.9999614
train/infected/img_0_1725.jpg,1,3.3820581,0.967139
train/infected/img_0_1736.jpg,1,9.674553,0.9999372
train/infected/img_0_1743.jpg,1,-5.164754,0.0056819995
train/infected/img_0_1753.jpg,1,2.7771454,0.9414283
train/infected/img_0_1757.jpg,1,9.019311,0.999879
train/infected/img_0_1786.jpg,1,3.8140996,0.9784185
train/infected/img_0_1797.jpg,1,10.563489,0.99997413
train/infected/img_0_1808.jpg,1,6.5080814,0.9985109
train/infected/img_0_1812.jpg,1,10.586722,0.9999747
train/infected/img_0_1814.jpg,1,-6.263919,0.0019001529
train/infected/img_0_182.jpg,1,6.840514,0.9989316
train/infected/img_0_1820.jpg,1,9.426804,0.9999194
train/infected/img_0_1836.jpg,1,8.978663,0.9998739
train/infected/img_0_1845.jpg,1,2.0397787,0.88491076
train/infected/img_0_1854.jpg,1,11.634347,0.9999912
train/infected/img_0_1869.jpg,1,11.3701105,0.99998844
train/infected/img_0_1877.jpg,1,-4.662988,0.009349969
train/infected/img_0_188.jpg,1,11.100997,0.99998486
train/infected/img_0_1886.jpg,1,-6.6964116,0.0012338127
train/infected/img_0_1889.jpg,1,-5.651439,0.0035001636
train/infected/img_0_1901.jpg,1,10.581845,0.9999746
train/infected/img_0_1903.jpg,1,7.5663586,0.99948263
train/infected/img_0_1916.jpg,1,3.8275404,0.97870046
train/infected/img_0_1939.jpg,1,10.627107,0.9999758
train/infected/img_0_1944.jpg,1,7.9883223,0.99966073
train/infected/img_0_1949.jpg,1,8.047625,0.9996803
train/infected/img_0_1959.jpg,1,-6.031026,0.0023972667
train/infected/img_0_1970.jpg,1,-6.133616,0.0021640316
train/infected/img_0_1974.jpg,1,-6.651897,0.0012899039
train/infected/img_0_1988.jpg,1,9.2927,0.99990785
train/infected/img_0_2019.jpg,1,9.415618,0.9999186
train/infected/img_0_2026.jpg,1,9.100915,0.9998884
train/infected/img_0_2027.jpg,1,9.068855,0.99988484
train/infected/img_0_2065.jpg,1,8.970939,0.9998729
train/infected/img_0_209.jpg,1,-5.864045,0.002831692
train/infected/img_0_2098.jpg,1,7.5395346,0.9994686
train/infected/img_0_2130.jpg,1,7.4283733,0.9994062
train/infected/img_0_2132.jpg,1,6.5810175,0.9986155
train/infected/img_0_2137.jpg,1,5.117315,0.99404365
train/infected/img_0_2158.jpg,1,-6.1279106,0.0021763865
train/infected/img_0_2172.jpg,1,8.001313,0.99966514
train/infected/img_0_2175.jpg,1,-5.5940866,0.0037060096
train/infected/img_0_2176.jpg,1,9.610597,0.999933
train/infected/img_0_2179.jpg,1,8.374886,0.9997695
train/infected/img_0_2184.jpg,1,-7.1346602,0.0007963618
train/infected/img_0_2196.jpg,1,7.9949646,0.999663
train/infected/img_0_2245.jpg,1,5.152699,0.99424946
train/infected/img_0_2263.jpg,1,-5.0878468,0.0061334427
train/infected/img_0_2276.jpg,1,-5.4743223,0.0041755605
train/infected/img_0_2284.jpg,1,-5.116433,0.0059616226
train/infected/img_0_2298.jpg,1,10.930774,0.9999821
train/infected/img_0_2300.jpg,1,3.1383212,0.95844615
train/infected/img_0_233.jpg,1,-6.3954415,0.0016663672
train/infected/img_0_2341.jpg,1,-5.6924853,0.0033598773
train/infected/img_0_2357.jpg,1,8.795678,0.9998486
train/infected/img_0_236.jpg,1,10.016189,0.9999553
train/infected/img_0_2380.jpg,1,8.102815,0.99969745
train/infected/img_0_2388.jpg,1,7.635918,0.99951744
train/infected/img_0_2389.jpg,1,1.9891944,0.8796579
train/infected/img_0_2412.jpg,1,8.602272,0.99981636
train/infected/img_0_242.jpg,1,-7.2889094,0.0006826063
train/infected/img_0_2436.jpg,1,10.752113,0.99997854
train/infected/img_0_2439.jpg,1,8.016039,0.99967
train/infected/img_0_2440.jpg,1,-5.586688,0.0037334277
train/infected/img_0_2444.jpg,1,1.7551774,0.8526046
train/infected/img_0_245.jpg,1,7.071397,0.9991517
train/infected/img_0_2457.jpg,1,8.69474,0.9998325
train/infected/img_0_2460.jpg,1,10.776282,0.99997914
train/infected/img_0_2490.jpg,1,8.140141,0.9997085
train/infected/img_0_2500.jpg,1,9.993751,0.99995434
train/infected/img_0_2502.jpg,1,10.113795,0.99995947
train/infected/img_0_2507.jpg,1,-6.8769417,0.0010302308
train/infected/img_0_2508.jpg,1,-5.4244566,0.00438812
train/infected/img_0_2515.jpg,1,2.9169235,0.94867665
train/infected/img_0_2543.jpg,1,-5.808026,0.0029943602
train/infected/img_0_2546.jpg,1,11.250585,0.999987
train/infected/img_0_2557.jpg,1,8.912114,0.9998653
train/infected/img_0_2559.jpg,1,8.009901,0.999668
train/infected/img_0_2578.jpg,1,7.437526,0.9994116
train/infected/img_0_2584.jpg,1,6.98984,0.9990796
train/infected/img_0_263.jpg,1,10.807682,0.99997973
train/infected/img_0_2643.jpg,1,8.651032,0.99982506
train/infected/img_0_2648.jpg,1,12.710504,0.999997
train/infected/img_0_2652.jpg,1,9.022699,0.99987936
train/infected/img_0_2704.jpg,1,-6.5552225,0.0014206452
train/infected/img_0_2715.jpg,1,1.6182704,0.8345565
train/infected/img_0_2720.jpg,1,7.984907,0.99965954
train/infected/img_0_2723.jpg,1,11.825085,0.9999927
train/infected/img_0_2724.jpg,1,-6.2005014,0.0020243071
train/infected/img_0_2739.jpg,1,-7.2155294,0.00073454133
train/infected/img_0_2742.jpg,1,8.943365,0.99986935
train/infected/img_0_2743.jpg,1,7.5602326,0.9994796
train/infected/img_0_2748.jpg,1,4.6979218,0.99096817
train/infected/img_0_2749.jpg,1,9.779822,0.9999434
train/infected/img_0_275.jpg,1,11.420274,0.99998903
train/infected/img_0_2752.jpg,1,9.50402,0.9999255
train/infected/img_0_2754.jpg,1,9.36564,0.9999144
train/infected/img_0_2762.jpg,1,-5.7867317,0.0030586093
train/infected/img_0_2765.jpg,1,8.932725,0.99986804
train/infected/img_0_2770.jpg,1,14.462636,0.9999995
train/infected/img_0_278.jpg,1,10.516715,0.99997294
train/infected/img_0_2794.jpg,1,8.978159,0.9998739
train/infected/img_0_2799.jpg,1,10.434726,0.99997056
train/infected/img_0_2829.jpg,1,9.71194,0.99993944
train/infected/img_0_2839.jpg,1,10.730462,0.9999782
train/infected/img_0_2860.jpg,1,10.005088,0.9999548
train/infected/img_0_2879.jpg,1,-6.016523,0.0024322027
train/infected/img_0_2886.jpg,1,10.681548,0.999977
train/infected/img_0_2900.jpg,1,9.872457,0.9999484
train/infected/img_0_2908.jpg,1,7.594075,0.9994968
train/infected/img_0_2913.jpg,1,4.102255,0.9837336
train/infected/img_0_2930.jpg,1,4.1409516,0.9843413
train/infected/img_0_2935.jpg,1,12.773725,0.99999714
train/infected/img_0_2956.jpg,1,-4.6454253,0.009514056
train/infected/img_0_2968.jpg,1,-5.4623995,0.0042254315
train/infected/img_0_2982.jpg,1,-6.33624,0.0017678182
train/infected/img_0_2986.jpg,1,-5.2199016,0.0053787744
train/infected/img_0_2993.jpg,1,10.17702,0.999962
train/infected/img_0_3002.jpg,1,-6.3884406,0.0016780548
train/infected/img_0_3022.jpg,1,-7.931259,0.0003592046
train/infected/img_0_3024.jpg,1,10.723204,0.99997795
train/infected/img_0_3045.jpg,1,7.21624,0.99926597
train/infected/img_0_3078.jpg,1,7.9410963,0.9996443
train/infected/img_0_3088.jpg,1,9.469448,0.9999229
train/infected/img_0_3103.jpg,1,6.2166986,0.9980082
train/infected/img_0_3114.jpg,1,-6.8672233,0.0010402814
train/infected/img_0_3137.jpg,1,10.815522,0.99998
train/infected/img_0_3138.jpg,1,-6.1346955,0.0021617017
train/infected/img_0_3148.jpg,1,-6.584878,0.0013791911
train/infected/img_0_3171.jpg,1,8.27793,0.999746
train/infected/img_0_3177.jpg,1,6.297785,0.99816304
train/infected/img_0_3192.jpg,1,8.128737,0.99970514
train/infected/img_0_3218.jpg,1,3.049594,0.95476496
train/infected/img_0_322.jpg,1,10.208297,0.99996316
train/infected/img_0_3233.jpg,1,9.720641,0.9999399
train/infected/img_0_3241.jpg,1,-5.4564934,0.004250355
train/infected/img_0_3244.jpg,1,9.523455,0.9999269
train/infected/img_0_3250.jpg,1,8.841893,0.9998554
train/infected/img_0_3254.jpg,1,-6.0563164,0.0023375389
train/infected/img_0_3255.jpg,1,-5.221054,0.005372612
train/infected/img_0_3259.jpg,1,9.308773,0.9999094
train/infected/img_0_3260.jpg,1,5.966789,0.99744415
train/infected/img_0_3286.jpg,1,7.654333,0.99952626
train/infected/img_0_3288.jpg,1,-7.3282666,0.00065627997
train/infected/img_0_3295.jpg,1,10.476732,0.99997187
train/infected/img_0_330.jpg,1,-6.0234995,0.0024153339
train/infected/img_0_3327.jpg,1,1.3425214,0.7929043
train/infected/img_0_333.jpg,1,10.744702,0.9999784
train/infected/img_0_3335.jpg,1,7.708318,0.9995511
train/infected/img_0_3339.jpg,1,3.556307,0.9722481
train/infected/img_0_3340.jpg,1,9.096028,0.99988794
train/infected/img_0_3352.jpg,1,9.5260105,0.99992704
train/infected/img_0_3358.jpg,1,11.785338,0.9999924
train/infected/img_0_336.jpg,1,7.768215,0.9995772
train/infected/img_0_3363.jpg,1,4.3411293,0.98714554
train/infected/img_0_3371.jpg,1,5.4519396,0.99573034
train/infected/img_0_3378.jpg,1,-6.6433964,0.001300901
train/infected/img_0_3391.jpg,1,6.942979,0.9990356
train/infected/img_0_3424.jpg,1,8.026608,0.9996735
train/infected/img_0_3451.jpg,1,8.647059,0.99982446
train/infected/img_0_3471.jpg,1,10.395457,0.9999695
train/infected/img_0_3475.jpg,1,-5.736066,0.0032170576
train/infected/img_0_3486.jpg,1,8.778314,0.999846
train/infected/img_0_3492.jpg,1,6.638793,0.99869317
train/infected/img_0_3509.jpg,1,6.6587186,0.99871886
train/infected/img_0_3515.jpg,1,9.843275,0.99994695
train/infected/img_0_3520.jpg,1,10.659453,0.9999765
train/infected/img_0_3526.jpg,1,11.284625,0.9999875
train/infected/img_0_3530.jpg,1,4.5054717,0.9890723
train/infected/img_0_3544.jpg,1,8.331244,0.99975914
train/infected/img_0_3559.jpg,1,-6.2451644,0.0019360561
train/infected/img_0_357.jpg,1,6.4782095,0.9984658
train/infected/img_0_3592.jpg,1,-7.108144,0.0008177434
train/infected/img_0_360.jpg,1,7.8495584,0.99961025
train/infected/img_0_3614.jpg,1,6.186032,0.9979462
train/infected/img_0_3626.jpg,1,-5.64412,0.003525785
train/infected/img_0_3647.jpg,1,6.929834,0.99902284
train/infected/img_0_3648.jpg,1,-6.137932,0.0021547321
train/infected/img_0_366.jpg,1,6.0665064,0.99768615
train/infected/img_0_367.jpg,1,-6.978491,0.00093084096
train/infected/img_0_3678.jpg,1,1.763914,0.8536992
train/infected/img_0_3696.jpg,1,7.461006,0.9994253
train/infected/img_0_3714.jpg,1,8.157714,0.9997136
train/infected/img_0_372.jpg,1,10.332833,0.99996746
train/infected/img_0_3746.jpg,1,9.323206,0.9999107
train/infected/img_0_3750.jpg,1,8.25871,0.999741
train/infected/img_0_3752.jpg,1,8.705712,0.9998344
train/infected/img_0_3754.jpg,1,8.490855,0.9997948
train/infected/img_0_3757.jpg,1,9.740278,0.9999411
train/infected/img_0_3775.jpg,1,8.33523,0.9997601
train/infected/img_0_3776.jpg,1,9.842284,0.99994683
train/infected/img_0_378.jpg,1,11.166064,0.9999858
train/infected/img_0_3792.jpg,1,9.210456,0.9999
train/infected/img_0_3794.jpg,1,-6.448942,0.0015796955
train/infected/img_0_3796.jpg,1,9.373566,0.999915
train/infected/img_0_3799.jpg,1,-4.867531,0.0076336153
train/infected/img_0_3865.jpg,1,9.986625,0.999954
train/infected/img_0_3867.jpg,1,9.765003,0.99994254
train/infected/img_0_3870.jpg,1,9.051221,0.9998827
train/infected/img_0_3900.jpg,1,9.669517,0.9999368
train/infected/img_0_3913.jpg,1,-5.644621,0.0035240264
train/infected/img_0_3918.jpg,1,7.505827,0.9994504
train/infected/img_0_3925.jpg,1,-5.93301,0.0026434853
train/infected/img_0_3926.jpg,1,11.322709,0.99998796
train/infected/img_0_3933.jpg,1,2.7989388,0.9426185
train/infected/img_0_3940.jpg,1,7.52122,0.99945885
train/infected/img_0_3943.jpg,1,10.665208,0.99997663
train/infected/img_0_3945.jpg,1,3.7125733,0.9761672
train/infected/img_0_3957.jpg,1,9.276768,0.9999064
train/infected/img_0_3965.jpg,1,10.508205,0.9999727
train/infected/img_0_3968.jpg,1,8.50842,0.99979824
train/infected/img_0_3982.jpg,1,5.607579,0.99634343
train/infected/img_0_3986.jpg,1,9.316916,0.9999101
train/infected/img_0_3997.jpg,1,-6.0982914,0.002241667
train/infected/img_0_4007.jpg,1,3.8992763,0.98014563
train/infected/img_0_4014.jpg,1,9.415421,0.9999186
train/infected/img_0_4055.jpg,1,9.333151,0.99991155
train/infected/img_0_4067.jpg,1,8.918748,0.9998661
train/infected/img_0_409.jpg,1,7.9896092,0.9996612
train/infected/img_0_4098.jpg,1,12.513787,0.9999963
train/infected/img_0_4104.jpg,1,-5.0071545,0.006645455
train/infected/img_0_4123.jpg,1,10.750451,0.99997854
train/infected/img_0_4154.jpg,1,3.2220538,0.9616558
train/infected/img_0_4200.jpg,1,10.211606,0.9999633
train/infected/img_0_4204.jpg,1,8.331241,0.99975914
train/infected/img_0_4207.jpg,1,8.871518,0.9998597
train/infected/img_0_4208.jpg,1,7.306651,0.99932945
train/infected/img_0_4214.jpg,1,8.612607,0.99981827
train/infected/img_0_4217.jpg,1,-6.3836317,0.0016861302
train/infected/img_0_4249.jpg,1,9.842259,0.99994683
train/infected/img_0_4257.jpg,1,10.839674,0.99998045
train/infected/img_0_4264.jpg,1,7.011437,0.9990994
train/infected/img_0_4283.jpg,1,10.346452,0.99996793
train/infected/img_0_4285.jpg,1,7.0861144,0.9991641
train/infected/img_0_4288.jpg,1,9.608387,0.9999329
train/infected/img_0_4296.jpg,1,-8.078293,0.00031010393
train/infected/img_0_4344.jpg,1,9.59213,0.9999317
train/infected/img_0_4375.jpg,1,10.919591,0.9999819
train/infected/img_0_4394.jpg,1,9.5508995,0.99992883
train/infected/img_0_4402.jpg,1,-6.291214,0.001849084
train/infected/img_0_4431.jpg,1,8.861886,0.99985826
train/infected/img_0_4454.jpg,1,-7.622807,0.00048892765
train/infected/img_0_4458.jpg,1,1.2783959,0.7821766
train/infected/img_0_4468.jpg,1,10.25067,0.9999647
train/infected/img_0_4470.jpg,1,9.956384,0.99995255
train/infected/img_0_4472.jpg,1,13.374622,0.99999845
train/infected/img_0_4480.jpg,1,1.2205155,0.7721542
train/infected/img_0_4494.jpg,1,10.480692,0.999972
train/infected/img_0_4497.jpg,1,-4.938508,0.0071143047
train/infected/img_0_4528.jpg,1,6.7031174,0.99877447
train/infected/img_0_4529.jpg,1,8.258383,0.999741
train/infected/img_0_4611.jpg,1,-5.888015,0.0027648096
train/infected/img_0_4634.jpg,1,9.740025,0.9999411
train/infected/img_0_4667.jpg,1,10.404246,0.9999697
train/infected/img_0_4694.jpg,1,-3.9804559,0.018334685
train/infected/img_0_4743.jpg,1,8.23771,0.99973553
train/infected/img_0_4746.jpg,1,8.804906,0.99985003
train/infected/img_0_475.jpg,1,13.389522,0.99999845
train/infected/img_0_4752.jpg,1,10.761992,0.9999788
train/infected/img_0_4761.jpg,1,7.229619,0.99927574
train/infected/img_0_4795.jpg,1,12.919871,0.9999975
train/infected/img_0_4808.jpg,1,10.248509,0.9999646
train/infected/img_0_4851.jpg,1,11.258807,0.9999871
train/infected/img_0_4879.jpg,1,7.304038,0.99932766
train/infected/img_0_4883.jpg,1,5.3637595,0.99533856
train/infected/img_0_4893.jpg,1,10.278837,0.99996567
train/infected/img_0_4908.jpg,1,-5.5012746,0.0040649744
train/infected/img_0_4909.jpg,1,8.9520445,0.99987054
train/infected/img_0_492.jpg,1,9.336286,0.9999118
train/infected/img_0_4927.jpg,1,9.204804,0.9998994
train/infected/img_0_4969.jpg,1,5.4294987,0.9956338
train/infected/img_0_497.jpg,1,-6.9598904,0.00094830047
train/infected/img_0_4974.jpg,1,13.654761,0.9999988
train/infected/img_0_4978.jpg,1,-6.8696423,0.0010377706
train/infected/img_0_4981.jpg,1,12.200501,0.999995
train/infected/img_0_5011.jpg,1,10.487645,0.9999721
train/infected/img_0_5019.jpg,1,-7.9105616,0.00036671397
train/infected/img_0_5036.jpg,1,-6.5968904,0.0013627453
train/infected/img_0_5078.jpg,1,9.799552,0.99994457
train/infected/img_0_5091.jpg,1,10.052785,0.99995697
train/infected/img_0_5103.jpg,1,7.2421813,0.9992848
train/infected/img_0_5125.jpg,1,1.4366552,0.80793613
train/infected/img_0_5154.jpg,1,9.862012,0.9999479
train/infected/img_0_5157.jpg,1,10.968891,0.9999827
train/infected/img_0_516.jpg,1,9.379327,0.9999156
train/infected/img_0_5164.jpg,1,12.198041,0.999995
train/infected/img_0_5171.jpg,1,-4.632475,0.009636874
train/infected/img_0_5205.jpg,1,10.387105,0.9999691
train/infected/img_0_5206.jpg,1,11.687083,0.99999166
train/infected/img_0_5223.jpg,1,-5.757661,0.0031485464
train/infected/img_0_5224.jpg,1,11.353514,0.9999883
train/infected/img_0_5246.jpg,1,4.1671705,0.98474044
train/infected/img_0_5250.jpg,1,8.67183,0.9998287
train/infected/img_0_5273.jpg,1,14.720753,0.99999964
train/infected/img_0_5284.jpg,1,7.2371073,0.9992811
train/infected/img_0_5288.jpg,1,10.180789,0.9999621
train/infected/img_0_5299.jpg,1,7.356406,0.99936193
train/infected/img_0_53.jpg,1,-4.8968697,0.0074145435
train/infected/img_0_5300.jpg,1,9.834267,0.9999465
train/infected/img_0_5301.jpg,1,2.7324398,0.9389139
train/infected/img_0_5320.jpg,1,-5.8153696,0.002972516
train/infected/img_0_5327.jpg,1,10.836371,0.99998033
train/infected/img_0_533.jpg,1,-5.4150734,0.0044293054
train/infected/img_0_5337.jpg,1,8.585721,0.99981326
train/infected/img_0_5356.jpg,1,6.764147,0.9988469
train/infected/img_0_5383.jpg,1,-6.8070407,0.0011047391
train/infected/img_0_54.jpg,1,8.976916,0.99987376
train/infected/img_0_5412.jpg,1,9.650813,0.9999356
train/infected/img_0_5440.jpg,1,8.105109,0.99969816
train/infected/img_0_5451.jpg,1,9.122765,0.9998908
train/infected/img_0_5464.jpg,1,9.079705,0.99988604
train/infected/img_0_5475.jpg,1,10.019617,0.99995553
train/infected/img_0_5476.jpg,1,9.4471445,0.9999211
train/infected/img_0_5480.jpg,1,4.3850617,0.9876913
train/infected/img_0_5492.jpg,1,8.63963,0.99982315
train/infected/img_0_5493.jpg,1,-5.306367,0.0049354346
train/infected/img_0_5513.jpg,1,-6.334574,0.0017707598
train/infected/img_0_5518.jpg,1,7.797907,0.9995896
train/infected/img_0_553.jpg,1,10.248664,0.9999646
train/infected/img_0_5531.jpg,1,8.072232,0.999688
train/infected/img_0_5536.jpg,1,11.980992,0.9999937
train/infected/img_0_5544.jpg,1,8.575526,0.99981135
train/infected/img_0_5552.jpg,1,3.5609581,0.9723733
train/infected/img_0_5554.jpg,1,9.072276,0.9998852
train/infected/img_0_5564.jpg,1,7.211671,0.99926263
train/infected/img_0_5605.jpg,1,9.6366415,0.9999347
train/infected/img_0_5625.jpg,1,10.119415,0.9999597
train/infected/img_0_5668.jpg,1,4.2180424,0.98548627
train/infected/img_0_567.jpg,1,10.185482,0.99996233
train/infected/img_0_5671.jpg,1,9.350811,0.9999131
train/infected/img_0_5673.jpg,1,9.561,0.99992955
train/infected/img_0_5679.jpg,1,6.166316,0.9979055
train/infected/img_0_5690.jpg,1,-6.8302984,0.0010793692
train/infected/img_0_5696.jpg,1,10.325434,0.9999672
train/infected/img_0_57.jpg,1,2.9885702,0.9520551
train/infected/img_0_571.jpg,1,7.1411524,0.99920887
train/infected/img_0_5716.jpg,1,8.666497,0.99982774
train/infected/img_0_5740.jpg,1,1.6066861,0.8329508
train/infected/img_0_5750.jpg,1,7.9928193,0.9996623
train/infected/img_0_5772.jpg,1,-7.2001505,0.0007459167
train/infected/img_0_5783.jpg,1,-6.6589766,0.0012808157
train/infected/img_0_5784.jpg,1,8.857125,0.99985766
train/infected/img_0_5785.jpg,1,7.8878117,0.99962485
train/infected/img_0_5794.jpg,1,-5.982686,0.002515698
train/infected/img_0_5811.jpg,1,-5.94667,0.0026077142
train/infected/img_0_5812.jpg,1,-5.5155168,0.004007721
train/infected/img_0_5817.jpg,1,3.9980605,0.9819795
train/infected/img_0_5829.jpg,1,8.767371,0.9998443
train/infected/img_0_5836.jpg,1,7.308468,0.99933064
train/infected/img_0_5841.jpg,1,8.743212,0.9998405
train/infected/img_0_5845.jpg,1,9.879983,0.99994886
train/infected/img_0_5854.jpg,1,9.125686,0.99989116
train/infected/img_0_5863.jpg,1,-8.871766,0.00014027492
train/infected/img_0_5874.jpg,1,8.291753,0.9997495
train/infected/img_0_5879.jpg,1,5.9917326,0.9975069
train/infected/img_0_5883.jpg,1,-7.7984457,0.000410204
train/infected/img_0_5888.jpg,1,-5.991388,0.0024939564
train/infected/img_0_5900.jpg,1,11.2591915,0.9999871
train/infected/img_0_5906.jpg,1,11.808585,0.9999926
train/infected/img_0_5911.jpg,1,-6.2676086,0.0018931682
train/infected/img_0_5915.jpg,1,8.303107,0.99975234
train/infected/img_0_5927.jpg,1,10.771676,0.999979
train/infected/img_0_5932.jpg,1,-8.260581,0.00025844193
train/infected/img_0_5946.jpg,1,2.8067753,0.9430409
train/infected/img_0_5951.jpg,1,3.8054898,0.97823596
train/infected/img_0_5957.jpg,1,-6.3714085,0.0017068312
train/infected/img_0_5964.jpg,1,-7.103314,0.0008216994
train/infected/img_0_5965.jpg,1,-5.796548,0.0030288224
train/infected/img_0_5970.jpg,1,-4.922499,0.0072282827
train/infected/img_0_5985.jpg,1,9.09066,0.9998872
train/infected/img_0_5986.jpg,1,-6.0503683,0.0023514514
train/infected/img_0_5990.jpg,1,8.098327,0.999696
train/infected/img_0_60.jpg,1,10.8161955,0.99998
train/infected/img_0_6028.jpg,1,6.760943,0.9988432
train/infected/img_0_6049.jpg,1,-5.2241964,0.005355846
train/infected/img_0_6061.jpg,1,6.5170674,0.99852425
train/infected/img_0_6064.jpg,1,9.670426,0.9999368
train/infected/img_0_6069.jpg,1,7.937707,0.9996431
train/infected/img_0_6077.jpg,1,8.228081,0.99973303
train/infected/img_0_6082.jpg,1,7.8039503,0.999592
train/infected/img_0_6114.jpg,1,-6.0828266,0.0022765237
train/infected/img_0_6118.jpg,1,3.9145103,0.98043996
train/infected/img_0_6121.jpg,1,9.036946,0.999881
train/infected/img_0_6125.jpg,1,1.5053358,0.8183689
train/infected/img_0_6127.jpg,1,5.6386757,0.9964551
train/infected/img_0_6155.jpg,1,7.7930546,0.9995876
train/infected/img_0_6159.jpg,1,-6.88787,0.001019045
train/infected/img_0_6167.jpg,1,7.493594,0.9994437
train/infected/img_0_6168.jpg,1,-6.1447167,0.002140193
train/infected/img_0_6171.jpg,1,4.0155115,0.98228574
train/infected/img_0_6200.jpg,1,-5.922084,0.0026724495
train/infected/img_0_6218.jpg,1,-6.3162055,0.0018035277
train/infected/img_0_6220.jpg,1,10.825278,0.9999801
train/infected/img_0_6223.jpg,1,8.907304,0.9998646
train/infected/img_0_625.jpg,1,-6.659262,0.0012804503
train/infected/img_0_6271.jpg,1,7.927251,0.9996394
train/infected/img_0_6276.jpg,1,-5.6058154,0.003662955
train/infected/img_0_6298.jpg,1,11.690682,0.99999166
train/infected/img_0_6303.jpg,1,7.2369585,0.999281
train/infected/img_0_6323.jpg,1,9.454535,0.9999217
train/infected/img_0_635.jpg,1,9.685147,0.9999378
train/infected/img_0_6386.jpg,1,1.3583473,0.795491
train/infected/img_0_6390.jpg,1,8.6386595,0.9998229
train/infected/img_0_6399.jpg,1,7.9253507,0.9996387
train/infected/img_0_6403.jpg,1,5.749017,0.99682426
train/infected/img_0_6409.jpg,1,10.945279,0.99998236
train/infected/img_0_6414.jpg,1,7.312435,0.9993332
train/infected/img_0_6430.jpg,1,1.7093586,0.84675306
train/infected/img_0_6447.jpg,1,8.807977,0.9998505
train/infected/img_0_6451.jpg,1,8.100284,0.9996966
train/infected/img_0_6480.jpg,1,-6.7940025,0.001119221
train/infected/img_0_6496.jpg,1,2.0596328,0.88691735
train/infected/img_0_6498.jpg,1,-6.227883,0.0019697384
train/infected/img_0_6504.jpg,1,9.113386,0.99988985
train/infected/img_0_6505.jpg,1,8.5889225,0.99981385
train/infected/img_0_6525.jpg,1,-6.2546363,0.0019178396
train/infected/img_0_6531.jpg,1,7.6741905,0.99953556
train/infected/img_0_6536.jpg,1,9.187125,0.9998976
train/infected/img_0_6544.jpg,1,9.459666,0.99992204
train/infected/img_0_6547.jpg,1,12.336469,0.9999956
train/infected/img_0_657.jpg,1,1.9253083,0.87272924
train/infected/img_0_6571.jpg,1,7.9155893,0.9996351
train/infected/img_0_6595.jpg,1,8.539332,0.99980444
train/infected/img_0_664.jpg,1,9.094137,0.9998877
train/infected/img_0_6646.jpg,1,-5.2214155,0.0053706807
train/infected/img_0_6669.jpg,1,8.282756,0.9997472
train/infected/img_0_6671.jpg,1,4.2869425,0.9864395
train/infected/img_0_6676.jpg,1,-5.679467,0.0034037526
train/infected/img_0_6680.jpg,1,-7.0995255,0.00082481565
train/infected/img_0_6687.jpg,1,10.908984,0.99998176
train/infected/img_0_670.jpg,1,6.743477,0.99882287
train/infected/img_0_6701.jpg,1,10.355849,0.9999682
train/infected/img_0_6703.jpg,1,-5.56514,0.00381444
train/infected/img_0_6733.jpg,1,-6.2721295,0.0018846446
train/infected/img_0_6744.jpg,1,8.890582,0.9998623
train/infected/img_0_6756.jpg,1,11.29536,0.9999876
train/infected/img_0_6777.jpg,1,10.897866,0.9999815
train/infected/img_0_6819.jpg,1,9.025736,0.9998797
train/infected/img_0_6872.jpg,1,11.678963,0.99999154
train/infected/img_0_688.jpg,1,9.692499,0.99993825
train/infected/img_0_6891.jpg,1,7.6741686,0.99953556
train/infected/img_0_6899.jpg,1,8.848517,0.99985635
train/infected/img_0_6903.jpg,1,-5.5018525,0.0040626354
train/infected/img_0_693.jpg,1,-4.814823,0.008043434
train/infected/img_0_6936.jpg,1,8.440678,0.9997842
train/infected/img_0_6941.jpg,1,1.4902344,0.8161134
train/infected/img_0_695.jpg,1,-6.4245653,0.0016186137
train/infected/img_0_6955.jpg,1,11.206317,0.9999864
train/infected/img_0_6974.jpg,1,11.019988,0.99998367
train/infected/img_0_6976.jpg,1,-5.5414715,0.003905441
train/infected/img_0_698.jpg,1,-5.8355093,0.002913422
train/infected/img_0_6990.jpg,1,10.7312,0.9999782
train/infected/img_0_6995.jpg,1,7.375991,0.99937433
train/infected/img_0_7002.jpg,1,-5.923217,0.0026694315
train/infected/img_0_7006.jpg,1,3.277578,0.96365154
train/infected/img_0_7011.jpg,1,8.847229,0.99985623
train/infected/img_0_7041.jpg,1,-7.5409355,0.000530619
train/infected/img_0_705.jpg,1,-6.6492286,0.0012933458
train/infected/img_0_7050.jpg,1,8.07067,0.99968755
train/infected/img_0_7064.jpg,1,-5.801433,0.0030141068
train/infected/img_0_7077.jpg,1,-6.337177,0.0017661655
train/infected/img_0_7079.jpg,1,-6.7333775,0.0011890896
train/infected/img_0_7091.jpg,1,8.632745,0.99982184
train/infected/img_0_712.jpg,1,6.469075,0.9984517
train/infected/img_0_7123.jpg,1,10.315418,0.99996686
train/infected/img_0_7138.jpg,1,9.120244,0.99989057
train/infected/img_0_7162.jpg,1,9.13977,0.9998927
train/infected/img_0_7169.jpg,1,9.122748,0.9998908
train/infected/img_0_7172.jpg,1,9.148253,0.99989355
train/infected/img_0_7174.jpg,1,-5.1948214,0.0055146273
train/infected/img_0_7175.jpg,1,6.5615854,0.9985884
train/infected/img_0_7176.jpg,1,10.192967,0.99996257
train/infected/img_0_7193.jpg,1,11.034238,0.9999839
train/infected/img_0_7194.jpg,1,9.686084,0.9999379
train/infected/img_0_7207.jpg,1,4.685983,0.9908606
train/infected/img_0_722.jpg,1,8.903464,0.9998641
train/infected/img_0_7230.jpg,1,-7.738263,0.00043563804
train/infected/img_0_7239.jpg,1,-5.762935,0.0031320357
train/infected/img_0_7240.jpg,1,8.862133,0.9998584
train/infected/img_0_7241.jpg,1,-5.6526957,0.003495784
train/infected/img_0_7321.jpg,1,7.1119356,0.9991854
train/infected/img_0_7324.jpg,1,1.1536204,0.7601716
train/infected/img_0_7333.jpg,1,-7.7474213,0.0004316683
train/infected/img_0_7356.jpg,1,-6.7842493,0.0011301781
train/infected/img_0_7368.jpg,1,11.040427,0.9999839
train/infected/img_0_737.jpg,1,9.893422,0.99994946
train/infected/img_0_7375.jpg,1,4.3775673,0.98759985
train/infected/img_0_7378.jpg,1,7.056054,0.9991386
train/infected/img_0_7379.jpg,1,1.0479989,0.7403904
train/infected/img_0_7385.jpg,1,8.603356,0.9998166
train/infected/img_0_7387.jpg,1,-5.929743,0.0026521136
train/infected/img_0_7388.jpg,1,-6.5219154,0.0014686887
train/infected/img_0_74.jpg,1,9.607932,0.99993277
train/infected/img_0_7407.jpg,1,9.776637,0.99994326
train/infected/img_0_7409.jpg,1,3.7003744,0.9758818
train/infected/img_0_7416.jpg,1,-7.3770614,0.0006250452
train/infected/img_0_7422.jpg,1,11.796957,0.9999925
train/infected/img_0_7430.jpg,1,9.780627,0.9999435
train/infected/img_0_7452.jpg,1,8.389878,0.99977285
train/infected/img_0_7453.jpg,1,-6.1085215,0.0022189019
train/infected/img_0_7454.jpg,1,-5.227579,0.005337856
train/infected/img_0_7461.jpg,1,6.7989826,0.9988863
train/infected/img_0_7480.jpg,1,-5.821371,0.0029547822
train/infected/img_0_7482.jpg,1,-5.697253,0.003343949
train/infected/img_0_7483.jpg,1,11.625571,0.99999106
train/infected/img_0_7485.jpg,1,11.048989,0.99998415
train/infected/img_0_75.jpg,1,1.8758291,0.86713135
train/infected/img_0_7501.jpg,1,9.471868,0.999923
train/infected/img_0_7526.jpg,1,11.019645,0.99998367
train/infected/img_0_7530.jpg,1,7.0097084,0.9990977
train/infected/img_0_7552.jpg,1,11.452384,0.9999894
train/infected/img_0_7558.jpg,1,10.517321,0.99997294
train/infected/img_0_7559.jpg,1,4.6076493,0.99012333
train/infected/img_0_7566.jpg,1,3.442201,0.96899766
train/infected/img_0_7599.jpg,1,9.44996,0.9999213
train/infected/img_0_7601.jpg,1,8.944936,0.9998696
train/infected/img_0_7623.jpg,1,9.438491,0.99992037
train/infected/img_0_7628.jpg,1,2.5377762,0.92674804
train/infected/img_0_7630.jpg,1,-4.9529834,0.0070127817
train/infected/img_0_7635.jpg,1,1.2149676,0.77117676
train/infected/img_0_764.jpg,1,4.298313,0.98659086
train/infected/img_0_7648.jpg,1,-5.4211473,0.004402601
train/infected/img_0_766.jpg,1,3.0095463,0.9530036
train/infected/img_0_7663.jpg,1,-5.6393003,0.0035427595
train/infected/img_0_7678.jpg,1,-5.35146,0.004718851
train/infected/img_0_7688.jpg,1,6.507104,0.99850947
train/infected/img_0_769.jpg,1,-5.8149657,0.0029737132
train/infected/img_0_7693.jpg,1,3.016615,0.95331913
train/infected/img_0_7738.jpg,1,8.949721,0.9998702
train/infected/img_0_7757.jpg,1,1.8250735,0.8611738
train/infected/img_0_7765.jpg,1,-4.8407464,0.007839216
train/infected/img_0_7783.jpg,1,8.148271,0.99971086
train/infected/img_0_7789.jpg,1,-6.89475,0.0010120647
train/infected/img_0_7795.jpg,1,7.203859,0.9992568
train/infected/img_0_7805.jpg,1,9.258399,0.99990475
train/infected/img_0_7808.jpg,1,8.618304,0.99981934
train/infected/img_0_781.jpg,1,-6.154199,0.0021200378
train/infected/img_0_7818.jpg,1,10.27414,0.9999654
train/infected/img_0_7831.jpg,1,13.130668,0.999998
train/infected/img_0_7861.jpg,1,6.4909544,0.99848527
train/infected/img_0_7880.jpg,1,11.421786,0.99998903
train/infected/img_0_7929.jpg,1,-6.127662,0.002176926
train/infected/img_0_793.jpg,1,8.603477,0.9998166
train/infected/img_0_7934.jpg,1,-6.1222014,0.0021888202
train/infected/img_0_7944.jpg,1,9.408416,0.999918
train/infected/img_0_795.jpg,1,12.042192,0.99999416
train/infected/img_0_7983.jpg,1,9.319674,0.99991035
train/infected/img_0_7999.jpg,1,8.59945,0.9998159
train/infected/img_0_800.jpg,1,-6.1172476,0.002199666
train/infected/img_0_8032.jpg,1,8.224542,0.9997321
train/infected/img_0_8040.jpg,1,10.733066,0.9999782
train/infected/img_0_8042.jpg,1,1.9645507,0.8770246
train/infected/img_0_8045.jpg,1,-6.271674,0.0018855016
train/infected/img_0_807.jpg,1,7.5734024,0.9994863
train/infected/img_0_8080.jpg,1,11.905184,0.9999932
train/infected/img_0_8086.jpg,1,-6.036512,0.0023841828
train/infected/img_0_8093.jpg,1,6.196234,0.99796706
train/infected/img_0_8100.jpg,1,8.858581,0.9998579
train/infected/img_0_8106.jpg,1,9.075568,0.99988556
train/infected/img_0_8107.jpg,1,7.4542875,0.99942136
train/infected/img_0_8121.jpg,1,9.628736,0.9999342
train/infected/img_0_8129.jpg,1,5.3953085,0.9954827
train/infected/img_0_8132.jpg,1,8.467395,0.9997899
train/infected/img_0_8139.jpg,1,-6.743783,0.0011767952
train/infected/img_0_8144.jpg,1,8.79403,0.99984837
train/infected/img_0_8153.jpg,1,8.794459,0.9998485
train/infected/img_0_8156.jpg,1,-5.5072145,0.004040997
train/infected/img_0_8160.jpg,1,-6.399231,0.0016600752
train/infected/img_0_8184.jpg,1,8.318252,0.99975604
train/infected/img_0_8198.jpg,1,10.477122,0.99997187
train/infected/img_0_820.jpg,1,-6.177226,0.0020718777
train/infected/img_0_8205.jpg,1,-6.0923223,0.0022550572
train/infected/img_0_8217.jpg,1,-6.352928,0.0017386118
train/infected/img_0_8239.jpg,1,10.154777,0.99996114
train/infected/img_0_8240.jpg,1,2.769898,0.9410273
train/infected/img_0_8270.jpg,1,3.4755392,0.9699837
train/infected/img_0_8280.jpg,1,10.426259,0.9999703
train/infected/img_0_8290.jpg,1,8.665808,0.9998276
train/infected/img_0_8299.jpg,1,10.789639,0.9999794
train/infected/img_0_8304.jpg,1,8.630448,0.9998215
train/infected/img_0_8332.jpg,1,5.705206,0.99668247
train/infected/img_0_8381.jpg,1,10.528297,0.9999732
train/infected/img_0_8382.jpg,1,-5.8588085,0.0028465171
train/infected/img_0_8386.jpg,1,8.701694,0.9998337
train/infected/img_0_8394.jpg,1,10.753136,0.99997866
train/infected/img_0_8395.jpg,1,9.93055,0.99995136
train/infected/img_0_8403.jpg,1,-6.2365217,0.0019528284
train/infected/img_0_8428.jpg,1,9.584172,0.9999312
train/infected/img_0_8429.jpg,1,8.43276,0.9997824
train/infected/img_0_8431.jpg,1,5.0315638,0.9935137
train/infected/img_0_8449.jpg,1,10.936952,0.99998224
train/infected/img_0_8459.jpg,1,8.025918,0.99967325
train/infected/img_0_8469.jpg,1,-6.8944635,0.0010123546
train/infected/img_0_8472.jpg,1,-6.1357555,0.0021594167
train/infected/img_0_8488.jpg,1,7.9753137,0.9996563
train/infected/img_0_8508.jpg,1,4.2266397,0.98560876
train/infected/img_0_8541.jpg,1,10.150066,0.9999609
train/infected/img_0_8558.jpg,1,-6.0835304,0.0022749256
train/infected/img_0_8575.jpg,1,7.9801903,0.999658
train/infected/img_0_8591.jpg,1,7.598394,0.99949896
train/infected/img_0_8608.jpg,1,11.4030485,0.9999888
train/infected/img_0_8610.jpg,1,9.330092,0.9999113
train/infected/img_0_8620.jpg,1,8.059552,0.9996841
train/infected/img_0_8634.jpg,1,3.260395,0.9630449
train/infected/img_0_8655.jpg,1,2.93756,0.9496723
train/infected/img_0_866.jpg,1,9.343743,0.9999125
train/infected/img_0_8668.jpg,1,8.665832,0.9998276
train/infected/img_0_8689.jpg,1,10.513438,0.9999728
train/infected/img_0_87.jpg,1,9.850661,0.9999473
train/infected/img_0_8701.jpg,1,-6.670568,0.0012660736
train/infected/img_0_8718.jpg,1,5.8415003,0.99710387
train/infected/img_0_8731.jpg,1,3.2473416,0.9625775
train/infected/img_0_8749.jpg,1,8.620183,0.9998196
train/infected/img_0_8761.jpg,1,1.3906121,0.80068994
train/infected/img_0_8765.jpg,1,9.0567465,0.9998834
train/infected/img_0_8781.jpg,1,-7.7878733,0.00041456206
train/infected/img_0_8788.jpg,1,6.4908895,0.99848515
train/infected/img_0_8789.jpg,1,-6.121934,0.0021894046
train/infected/img_0_8792.jpg,1,-7.4998703,0.0005528503
train/infected/img_0_8793.jpg,1,-6.7011724,0.00122796
train/infected/img_0_8807.jpg,1,9.67299,0.99993706
train/infected/img_0_8808.jpg,1,-6.8294687,0.0010802643
train/infected/img_0_8809.jpg,1,8.387593,0.99977237
train/infected/img_0_8837.jpg,1,8.606804,0.9998172
train/infected/img_0_8849.jpg,1,-6.8540754,0.0010540347
train/infected/img_0_8860.jpg,1,9.186369,0.9998976
train/infected/img_0_8865.jpg,1,1.7582371,0.85298866
train/infected/img_0_8866.jpg,1,11.234359,0.99998677
train/infected/img_0_8884.jpg,1,9.250072,0.9999039
train/infected/img_0_8887.jpg,1,-6.2446327,0.0019370838
train/infected/img_0_8892.jpg,1,7.7517424,0.9995702
train/infected/img_0_8910.jpg,1,10.137059,0.9999604
train/infected/img_0_8933.jpg,1,-5.9915686,0.002493507
train/infected/img_0_8934.jpg,1,8.441316,0.9997843
train/infected/img_0_8943.jpg,1,9.049544,0.9998826
train/infected/img_0_8946.jpg,1,2.9825745,0.9517806
train/infected/img_0_8957.jpg,1,9.429645,0.99991965
train/infected/img_0_8970.jpg,1,-5.861257,0.0028395755
train/infected/img_0_8973.jpg,1,13.234785,0.9999982
train/infected/img_0_8994.jpg,1,8.868661,0.9998592
train/infected/img_0_9004.jpg,1,7.1706915,0.9992318
train/infected/img_0_9011.jpg,1,7.08626,0.9991642
train/infected/img_0_9029.jpg,1,11.213353,0.9999865
train/infected/img_0_9050.jpg,1,8.3493395,0.99976355
train/infected/img_0_9054.jpg,1,-6.0588455,0.0023316483
train/infected/img_0_9055.jpg,1,6.6108055,0.99865603
train/infected/img_0_9072.jpg,1,9.38787,0.9999163
train/infected/img_0_9077.jpg,1,-6.318578,0.0017992621
train/infected/img_0_9089.jpg,1,13.718943,0.9999989
train/infected/img_0_9094.jpg,1,9.568153,0.99993
train/infected/img_0_9105.jpg,1,4.529825,0.98933244
train/infected/img_0_9114.jpg,1,2.4986475,0.92404693
train/infected/img_0_9115.jpg,1,7.78478,0.99958414
train/infected/img_0_9136.jpg,1,8.780976,0.99984634
train/infected/img_0_9143.jpg,1,8.100844,0.99969685
train/infected/img_0_9158.jpg,1,-7.613334,0.00049357885
train/infected/img_0_9159.jpg,1,-4.9918156,0.0067474823
train/infected/img_0_9166.jpg,1,10.874135,0.99998105
train/infected/img_0_9172.jpg,1,-6.288461,0.0018541721
train/infected/img_0_9181.jpg,1,10.681081,0.999977
train/infected/img_0_9184.jpg,1,9.882632,0.999949
train/infected/img_0_92.jpg,1,9.479477,0.9999236
train/infected/img_0_9207.jpg,1,-5.759309,0.0031433783
train/infected/img_0_9208.jpg,1,10.999743,0.9999833
train/infected/img_0_9218.jpg,1,6.5397854,0.99855727
train/infected/img_0_9255.jpg,1,10.33986,0.9999677
train/infected/img_0_9275.jpg,1,-6.2048187,0.0020156042
train/infected/img_0_9277.jpg,1,-5.123868,0.0059177238
train/infected/img_0_9323.jpg,1,12.123532,0.9999945
train/infected/img_0_9325.jpg,1,5.083723,0.9938414
train/infected/img_0_9343.jpg,1,10.809953,0.99997985
train/infected/img_0_9357.jpg,1,9.97783,0.9999536
train/infected/img_0_9362.jpg,1,2.8694725,0.94631654
train/infected/img_0_937.jpg,1,11.576926,0.9999906
train/infected/img_0_9407.jpg,1,8.722081,0.99983704
train/infected/img_0_9446.jpg,1,-6.705961,0.0012221007
train/infected/img_0_9474.jpg,1,11.556316,0.99999046
train/infected/img_0_9478.jpg,1,9.308261,0.9999093
train/infected/img_0_948.jpg,1,7.823913,0.9996001
train/infected/img_0_9499.jpg,1,6.7703333,0.99885404
train/infected/img_0_9501.jpg,1,12.364484,0.9999957
train/infected/img_0_9520.jpg,1,7.9104724,0.9996332
train/infected/img_0_9541.jpg,1,7.1628003,0.99922574
train/infected/img_0_9546.jpg,1,11.45017,0.9999894
train/infected/img_0_9591.jpg,1,2.897488,0.94772214
train/infected/img_0_9595.jpg,1,13.687615,0.9999988
train/infected/img_0_9599.jpg,1,11.055955,0.99998426
train/infected/img_0_9640.jpg,1,1.2080593,0.7699554
train/infected/img_0_9647.jpg,1,-8.252875,0.00026044057
train/infected/img_0_9658.jpg,1,7.8835397,0.9996232
train/infected/img_0_9678.jpg,1,-6.0645685,0.002318373
train/infected/img_0_9693.jpg,1,8.010758,0.99966824
train/infected/img_0_9706.jpg,1,11.784085,0.9999924
train/infected/img_0_9708.jpg,1,-5.9158797,0.0026890363
train/infected/img_0_9720.jpg,1,7.273279,0.9993067
train/infected/img_0_9742.jpg,1,7.248109,0.9992889
train/infected/img_0_9744.jpg,1,9.295579,0.9999082
train/infected/img_0_9762.jpg,1,8.337284,0.9997607
train/infected/img_0_9786.jpg,1,10.133,0.9999603
train/infected/img_0_9805.jpg,1,9.746194,0.99994147
train/infected/img_0_9818.jpg,1,10.089006,0.9999585
train/infected/img_0_9819.jpg,1,-5.36285,0.0046656565
train/infected/img_0_9828.jpg,1,-7.090931,0.0008319292
train/infected/img_0_9842.jpg,1,8.572278,0.99981076
train/infected/img_0_9849.jpg,1,6.4862795,0.9984781
train/infected/img_0_9852.jpg,1,10.02332,0.99995565
train/infected/img_0_9853.jpg,1,10.481955,0.999972
train/infected/img_0_9909.jpg,1,-7.3807254,0.0006227606
train/infected/img_0_9921.jpg,1,7.1472178,0.9992136
train/infected/img_0_993.jpg,1,1.3673412,0.7969502
train/infected/img_0_9935.jpg,1,9.224332,0.9999014
train/infected/img_0_9948.jpg,1,9.63663,0.9999347
train/infected/img_0_9949.jpg,1,4.300829,0.986624
train/infected/img_0_9950.jpg,1,-6.209284,0.0020066423
train/infected/img_0_9961.jpg,1,2.9834943,0.9518229
train/infected/img_0_9976.jpg,1,11.335741,0.9999881
train/infected/img_0_9984.jpg,1,12.034347,0.99999404
train/infected/img_0_9985.jpg,1,-5.1249924,0.005911113
train/infected/img_0_9988.jpg,1,4.068876,0.9831907
train/infected/img_0_9997.jpg,1,9.510549,0.999926
train/infected/img_0_9998.jpg,1,-6.860635,0.0010471506
test/infected/img1.jpg,1,-6.71743,0.0012081815
test/infected/img10.jpg,1,9.940404,0.99995184
test/infected/img2.jpg,1,11.767108,0.99999225
test/infected/img3.jpg,1,7.658944,0.9995284
test/infected/img4.jpg,1,9.959658,0.9999527
test/infected/img5.jpg,1,3.3390791,0.96574533
test/infected/img6.jpg,1,-6.5864983,0.0013769615
test/infected/img7.jpg,1,9.940404,0.99995184
test/infected/img8.jpg,1,11.767108,0.99999225
test/infected/img_0_1023.jpg,1,9.394708,0.9999168
test/infected/img_0_1033.jpg,1,3.0260224,0.953736
test/infected/img_0_1071.jpg,1,3.2993586,0.9644068
test/infected/img_0_1075.jpg,1,1.6037335,0.83253956
test/infected/img_0_1079.jpg,1,5.498191,0.99592257
test/infected/img_0_1083.jpg,1,8.647367,0.99982446
test/infected/img_0_1087.jpg,1,8.222964,0.9997316
test/infected/img_0_1088.jpg,1,8.495182,0.9997956
test/infected/img_0_1099.jpg,1,9.228827,0.9999019
test/infected/img_0_113.jpg,1,8.723949,0.9998374
test/infected/img_0_1130.jpg,1,2.6990204,0.93696886
test/infected/img_0_1141.jpg,1,-7.9580245,0.0003497212
test/infected/img_0_1142.jpg,1,11.844335,0.99999285
test/infected/img_0_1182.jpg,1,7.512499,0.9994541
test/infected/img_0_1195.jpg,1,-5.2715464,0.005109423
test/infected/img_0_1223.jpg,1,-5.103949,0.006036062
test/infected/img_0_1226.jpg,1,8.129953,0.9997055
test/infected/img_0_1234.jpg,1,9.785825,0.99994373
test/infected/img_0_1257.jpg,1,5.1230183,0.9940773
test/infected/img_0_126.jpg,1,7.1244006,0.9991954
test/infected/img_0_1260.jpg,1,-5.312357,0.004906104
test/infected/img_0_1272.jpg,1,7.8017797,0.9995912
test/infected/img_0_1275.jpg,1,4.9651294,0.99307126
test/infected/img_0_1287.jpg,1,10.592903,0.99997497
test/infected/img_0_1290.jpg,1,3.5957077,0.97329164
test/infected/img_0_1305.jpg,1,10.293342,0.99996614
test/infected/img_0_1313.jpg,1,10.70824,0.9999776
test/infected/img_0_1324.jpg,1,7.773252,0.99957937
test/infected/img_0_1329.jpg,1,1.203908,0.7692192
test/infected/img_0_1373.jpg,1,7.700824,0.9995478
test/infected/img_0_1377.jpg,1,-5.704723,0.0033191466
test/infected/img_0_1387.jpg,1,2.903878,0.9480378
test/infected/img_0_1410.jpg,1,9.5332365,0.99992764
test/infected/img_0_1421.jpg,1,-6.069153,0.0023077938
test/infected/img_0_1472.jpg,1,10.14914,0.9999609
test/infected/img_0_1475.jpg,1,3.0994403,0.9568696
test/infected/img_0_1531.jpg,1,10.285071,0.9999659
test/infected/img_0_1539.jpg,1,8.576043,0.9998115
test/infected/img_0_155.jpg,1,-7.583395,0.000508572
test/infected/img_0_1553.jpg,1,11.08538,0.9999846
test/infected/img_0_1556.jpg,1,8.3909025,0.9997731
test/infected/img_0_1560.jpg,1,9.766005,0.99994266
test/infected/img_0_1575.jpg,1,7.8852525,0.9996239
test/infected/img_0_1589.jpg,1,9.909781,0.9999503
test/infected/img_0_1590.jpg,1,-6.1141286,0.0022065223
test/infected/img_0_1600.jpg,1,10.946173,0.99998236
test/infected/img_0_1651.jpg,1,8.789399,0.99984765
test/infected/img_0_1656.jpg,1,1.6010485,0.8321649
test/infected/img_0_1663.jpg,1,2.51415,0.92512786
test/infected/img_0_1669.jpg,1,8.461996,0.9997887
test/infected/img_0_1706.jpg,1,10.162078,0.9999614
test/infected/img_0_1725.jpg,1,3.3820581,0.967139
test/infected/img_0_1736.jpg,1,9.674553,0.9999372
test/infected/img_0_1743.jpg,1,-5.164754,0.0056819995
test/infected/img_0_1753.jpg,1,2.7771454,0.9414283
test/infected/img_0_1757.jpg,1,9.019311,0.999879
test/infected/img_0_1786.jpg,1,3.8140996,0.9784185
test/infected/img_0_1797.jpg,1,10.563489,0.99997413
test/infected/img_0_1808.jpg,1,6.5080814,0.9985109
test/infected/img_0_1812.jpg,1,10.586722,0.9999747
test/infected/img_0_1814.jpg,1,-6.263919,0.0019001529
test/infected/img_0_182.jpg,1,6.840514,0.9989316
test/infected/img_0_1820.jpg,1,9.426804,0.9999194
test/infected/img_0_1836.jpg,1,8.978663,0.9998739
test/infected/img_0_1845.jpg,1,2.0397787,0.88491076
test/infected/img_0_1854.jpg,1,11.634347,0.9999912
test/infected/img_0_1869.jpg,1,11.3701105,0.99998844
test/infected/img_0_1877.jpg,1,-4.662988,0.009349969
test/infected/img_0_188.jpg,1,11.100997,0.99998486
test/infected/img_0_1886.jpg,1,-6.6964116,0.0012338127
test/infected/img_0_1889.jpg,1,-5.651439,0.0035001636
test/infected/img_0_1901.jpg,1,10.581845,0.9999746
test/infected/img_0_1903.jpg,1,7.5663586,0.99948263
test/infected/img_0_1916.jpg,1,3.8275404,0.97870046
test/infected/img_0_1939.jpg,1,10.627107,0.9999758
test/infected/img_0_1944.jpg,1,7.9883223,0.99966073
test/infected/img_0_1949.jpg,1,8.047625,0.9996803
test/infected/img_0_1959.jpg,1,-6.031026,0.0023972667
test/infected/img_0_1970.jpg,1,-6.133616,0.0021640316
test/infected/img_0_1974.jpg,1,-6.651897,0.0012899039
test/infected/img_0_1988.jpg,1,9.2927,0.99990785
test/infected/img_0_2019.jpg,1,9.415618,0.9999186
test/infected/img_0_2026.jpg,1,9.100915,0.9998884
test/infected/img_0_2027.jpg,1,9.068855,0.99988484
test/infected/img_0_2065.jpg,1,8.970939,0.9998729
test/infected/img_0_209.jpg,1,-5.864045,0.002831692
test/infected/img_0_2098.jpg,1,7.5395346,0.9994686
test/infected/img_0_2130.jpg,1,7.4283733,0.9994062
test/infected/img_0_2132.jpg,1,6.5810175,0.9986155
test/infected/img_0_2137.jpg,1,5.117315,0.99404365
test/infected/img_0_2158.jpg,1,-6.1279106,0.0021763865
test/infected/img_0_2172.jpg,1,8.001313,0.99966514
test/infected/img_0_2175.jpg,1,-5.5940866,0.0037060096
test/infected/img_0_2176.jpg,1,9.610597,0.999933
test/infected/img_0_2179.jpg,1,8.374886,0.9997695
test/infected/img_0_2184.jpg,1,-7.1346602,0.0007963618
test/infected/img_0_2196.jpg,1,7.9949646,0.999663
test/infected/img_0_2245.jpg,1,5.152699,0.99424946
test/infected/img_0_2263.jpg,1,-5.0878468,0.0061334427
test/infected/img_0_2276.jpg,1,-5.4743223,0.0041755605
test/infected/img_0_2284.jpg,1,-5.116433,0.0059616226
test/infected/img_0_2298.jpg,1,10.930774,0.9999821
test/infected/img_0_2300.jpg,1,3.1383212,0.95844615
test/infected/img_0_233.jpg,1,-6.3954415,0.0016663672
test/infected/img_0_2341.jpg,1,-5.6924853,0.0033598773
test/infected/img_0_2357.jpg,1,8.795678,0.9998486
test/infected/img_0_236.jpg,1,10.016189,0.9999553
test/infected/img_0_2380.jpg,1,8.102815,0.99969745
test/infected/img_0_2388.jpg,1,7.635918,0.99951744
test/infected/img_0_2389.jpg,1,1.9891944,0.8796579
test/infected/img_0_2412.jpg,1,8.602272,0.99981636
test/infected/img_0_242.jpg,1,-7.2889094,0.0006826063
test/infected/img_0_2436.jpg,1,10.752113,0.99997854
test/infected/img_0_2439.jpg,1,8.016039,0.99967
test/infected/img_0_2440.jpg,1,-5.586688,0.0037334277
test/infected/img_0_2444.jpg,1,1.7551774,0.8526046
test/infected/img_0_245.jpg,1,7.071397,0.9991517
test/infected/img_0_2457.jpg,1,8.69474,0.9998325
test/infected/img_0_2460.jpg,1,10.776282,0.99997914
test/infected/img_0_2490.jpg,1,8.140141,0.9997085
test/infected/img_0_2500.jpg,1,9.993751,0.99995434
test/infected/img_0_2502.jpg,1,10.113795,0.99995947
test/infected/img_0_2507.jpg,1,-6.8769417,0.0010302308
test/infected/img_0_2508.jpg,1,-5.4244566,0.00438812
test/infected/img_0_2515.jpg,1,2.9169235,0.94867665
test/infected/img_0_2543.jpg,1,-5.808026,0.0029943602
test/infected/img_0_2546.jpg,1,11.250585,0.999987
test/infected/img_0_2557.jpg,1,8.912114,0.9998653
test/infected/img_0_2559.jpg,1,8.009901,0.999668
test/infected/img_0_2578.jpg,1,7.437526,0.9994116
test/infected/img_0_2584.jpg,1,6.98984,0.9990796
test/infected/img_0_263.jpg,1,10.807682,0.99997973
test/infected/img_0_2643.jpg,1,8.651032,0.99982506
test/infected/img_0_2648.jpg,1,12.710504,0.999997
test/infected/img_0_2652.jpg,1,9.022699,0.99987936
test/infected/img_0_2704.jpg,1,-6.5552225,0.0014206452
test/infected/img_0_2715.jpg,1,1.6182704,0.8345565
test/infected/img_0_2720.jpg,1,7.984907,0.99965954
test/infected/img_0_2723.jpg,1,11.825085,0.9999927
test/infected/img_0_2724.jpg,1,-6.2005014,0.0020243071
test/infected/img_0_2739.jpg,1,-7.2155294,0.00073454133
test/infected/img_0_2742.jpg,1,8.943365,0.99986935
test/infected/img_0_2743.jpg,1,7.5602326,0.9994796
test/infected/img_0_2748.jpg,1,4.6979218,0.99096817
test/infected/img_0_2749.jpg,1,9.779822,0.9999434
test/infected/img_0_275.jpg,1,11.420274,0.99998903
test/infected/img_0_2752.jpg,1,9.50402,0.9999255
test/infected/img_0_2754.jpg,1,9.36564,0.9999144
test/infected/img_0_2762.jpg,1,-5.7867317,0.0030586093
test/infected/img_0_2765.jpg,1,8.932725,0.99986804
test/infected/img_0_2770.jpg,1,14.462636,0.9999995
test/infected/img_0_278.jpg,1,10.516715,0.99997294
test/infected/img_0_2794.jpg,1,8.978159,0.9998739
test/infected/img_0_2799.jpg,1,10.434726,0.99997056
test/infected/img_0_2829.jpg,1,9.71194,0.99993944
test/infected/img_0_2839.jpg,1,10.730462,0.9999782
test/infected/img_0_2860.jpg,1,10.005088,0.9999548
test/infected/img_0_2879.jpg,1,-6.016523,0.0024322027
test/infected/img_0_2886.jpg,1,10.681548,0.999977
test/infected/img_0_2900.jpg,1,9.872457,0.9999484
test/infected/img_0_2908.jpg,1,7.594075,0.9994968
test/infected/img_0_2913.jpg,1,4.102255,0.9837336
test/infected/img_0_2930.jpg,1,4.1409516,0.9843413
test/infected/img_0_2935.jpg,1,12.773725,0.99999714
test/infected/img_0_2956.jpg,1,-4.6454253,0.009514056
test/infected/img_0_2968.jpg,1,-5.4623995,0.0042254315
test/infected/img_0_2982.jpg,1,-6.33624,0.0017678182
test/infected/img_0_2986.jpg,1,-5.2199016,0.0053787744
test/infected/img_0_2993.jpg,1,10.17702,0.999962
test/infected/img_0_3002.jpg,1,-6.3884406,0.0016780548
test/infected/img_0_3022.jpg,1,-7.931259,0.0003592046
test/infected/img_0_3024.jpg,1,10.723204,0.99997795
test/infected/img_0_3045.jpg,1,7.21624,0.99926597
test/infected/img_0_3078.jpg,1,7.9410963,0.9996443
test/infected/img_0_3088.jpg,1,9.469448,0.9999229
test/infected/img_0_3103.jpg,1,6.2166986,0.9980082
test/infected/img_0_3114.jpg,1,-6.8672233,0.0010402814
test/infected/img_0_3137.jpg,1,10.815522,0.99998
test/infected/img_0_3138.jpg,1,-6.1346955,0.0021617017
test/infected/img_0_3148.jpg,1,-6.584878,0.0013791911
test/infected/img_0_3171.jpg,1,8.27793,0.999746
test/infected/img_0_3177.jpg,1,6.297785,0.99816304
test/infected/img_0_3192.jpg,1,8.128737,0.99970514
test/infected/img_0_3218.jpg,1,3.049594,0.95476496
test/infected/img_0_322.jpg,1,10.208297,0.99996316
test/infected/img_0_3233.jpg,1,9.720641,0.9999399
test/infected/img_0_3241.jpg,1,-5.4564934,0.004250355
test/infected/img_0_3244.jpg,1,9.523455,0.9999269
test/infected/img_0_3250.jpg,1,8.841893,0.9998554
test/infected/img_0_3254.jpg,1,-6.0563164,0.0023375389
test/infected/img_0_3255.jpg,1,-5.221054,0.005372612
test/infected/img_0_3259.jpg,1,9.308773,0.9999094
test/infected/img_0_3260.jpg,1,5.966789,0.99744415
test/infected/img_0_3286.jpg,1,7.654333,0.99952626
test/infected/img_0_3288.jpg,1,-7.3282666,0.00065627997
test/infected/img_0_3295.jpg,1,10.476732,0.99997187
test/infected/img_0_330.jpg,1,-6.0234995,0.0024153339
test/infected/img_0_3327.jpg,1,1.3425214,0.7929043
test/infected/img_0_333.jpg,1,10.744702,0.9999784
test/infected/img_0_3335.jpg,1,7.708318,0.9995511
test/infected/img_0_3339.jpg,1,3.556307,0.9722481
test/infected/img_0_3340.jpg,1,9.096028,0.99988794
test/infected/img_0_3352.jpg,1,9.5260105,0.99992704
test/infected/img_0_3358.jpg,1,11.785338,0.9999924
test/infected/img_0_336.jpg,1,7.768215,0.9995772
test/infected/img_0_3363.jpg,1,4.3411293,0.98714554
test/infected/img_0_3371.jpg,1,5.4519396,0.99573034
test/infected/img_0_3378.jpg,1,-6.6433964,0.001300901
test/infected/img_0_3391.jpg,1,6.942979,0.9990356
test/infected/img_0_3424.jpg,1,8.026608,0.9996735
test/infected/img_0_3451.jpg,1,8.647059,0.99982446
test/infected/img_0_3471.jpg,1,10.395457,0.9999695
test/infected/img_0_3475.jpg,1,-5.736066,0.0032170576
test/infected/img_0_3486.jpg,1,8.778314,0.999846
test/infected/img_0_3492.jpg,1,6.638793,0.99869317
test/infected/img_0_3509.jpg,1,6.6587186,0.99871886
test/infected/img_0_3515.jpg,1,9.843275,0.99994695
test/infected/img_0_3520.jpg,1,10.659453,0.9999765
test/infected/img_0_3526.jpg,1,11.284625,0.9999875
test/infected/img_0_3530.jpg,1,4.5054717,0.9890723
test/infected/img_0_3544.jpg,1,8.331244,0.99975914
test/infected/img_0_3559.jpg,1,-6.2451644,0.0019360561
test/infected/img_0_357.jpg,1,6.4782095,0.9984658
test/infected/img_0_3592.jpg,1,-7.108144,0.0008177434
test/infected/img_0_360.jpg,1,7.8495584,0.99961025
test/infected/img_0_3614.jpg,1,6.186032,0.9979462
test/infected/img_0_3626.jpg,1,-5.64412,0.003525785
test/infected/img_0_3647.jpg,1,6.929834,0.99902284
test/infected/img_0_3648.jpg,1,-6.137932,0.0021547321
test/infected/img_0_366.jpg,1,6.0665064,0.99768615
test/infected/img_0_367.jpg,1,-6.978491,0.00093084096
test/infected/img_0_3678.jpg,1,1.763914,0.8536992
test/infected/img_0_3696.jpg,1,7.461006,0.9994253
test/infected/img_0_3714.jpg,1,8.157714,0.9997136
test/infected/img_0_372.jpg,1,10.332833,0.99996746
test/infected/img_0_3746.jpg,1,9.323206,0.9999107
test/infected/img_0_3750.jpg,1,8.25871,0.999741
test/infected/img_0_3752.jpg,1,8.705712,0.9998344
test/infected/img_0_3754.jpg,1,8.490855,0.9997948
test/infected/img_0_3757.jpg,1,9.740278,0.9999411
test/infected/img_0_3775.jpg,1,8.33523,0.9997601
test/infected/img_0_3776.jpg,1,9.842284,0.99994683
test/infected/img_0_378.jpg,1,11.166064,0.9999858
test/infected/img_0_3792.jpg,1,9.210456,0.9999
test/infected/img_0_3794.jpg,1,-6.448942,0.0015796955
test/infected/img_0_3796.jpg,1,9.373566,0.999915
test/infected/img_0_3799.jpg,1,-4.867531,0.0076336153
test/infected/img_0_3865.jpg,1,9.986625,0.999954
test/infected/img_0_3867.jpg,1,9.765003,0.99994254
test/infected/img_0_3870.jpg,1,9.051221,0.9998827
test/infected/img_0_3900.jpg,1,9.669517,0.9999368
test/infected/img_0_3913.jpg,1,-5.644621,0.0035240264
test/infected/img_0_3918.jpg,1,7.505827,0.9994504
test/infected/img_0_3925.jpg,1,-5.93301,0.0026434853
test/infected/img_0_3926.jpg,1,11.322709,0.99998796
test/infected/img_0_3933.jpg,1,2.7989388,0.9426185
test/infected/img_0_3940.jpg,1,7.52122,0.99945885
test/infected/img_0_3943.jpg,1,10.665208,0.99997663
test/infected/img_0_3945.jpg,1,3.7125733,0.9761672
test/infected/img_0_3957.jpg,1,9.276768,0.9999064
test/infected/img_0_3965.jpg,1,10.508205,0.9999727
test/infected/img_0_3968.jpg,1,8.50842,0.99979824
test/infected/img_0_3982.jpg,1,5.607579,0.99634343
test/infected/img_0_3986.jpg,1,9.316916,0.9999101
test/infected/img_0_3997.jpg,1,-6.0982914,0.002241667
test/infected/img_0_4007.jpg,1,3.8992763,0.98014563
test/infected/img_0_4014.jpg,1,9.415421,0.9999186
test/infected/img_0_4055.jpg,1,9.333151,0.99991155
test/infected/img_0_4067.jpg,1,8.918748,0.9998661
test/infected/img_0_409.jpg,1,7.9896092,0.9996612
test/infected/img_0_4098.jpg,1,12.513787,0.9999963
test/infected/img_0_4104.jpg,1,-5.0071545,0.006645455
test/infected/img_0_4123.jpg,1,10.750451,0.99997854
test/infected/img_0_4154.jpg,1,3.2220538,0.9616558
test/infected/img_0_4200.jpg,1,10.211606,0.9999633
test/infected/img_0_4204.jpg,1,8.331241,0.99975914
test/infected/img_0_4207.jpg,1,8.871518,0.9998597
test/infected/img_0_4208.jpg,1,7.306651,0.99932945
test/infected/img_0_4214.jpg,1,8.612607,0.99981827
test/infected/img_0_4217.jpg,1,-6.3836317,0.0016861302
test/infected/img_0_4249.jpg,1,9.842259,0.99994683
test/infected/img_0_4257.jpg,1,10.839674,0.99998045
test/infected/img_0_4264.jpg,1,7.011437,0.9990994
test/infected/img_0_4283.jpg,1,10.346452,0.99996793
test/infected/img_0_4285.jpg,1,7.0861144,0.9991641
test/infected/img_0_4288.jpg,1,9.608387,0.9999329
test/infected/img_0_4296.jpg,1,-8.078293,0.00031010393
test/infected/img_0_4344.jpg,1,9.59213,0.9999317
test/infected/img_0_4375.jpg,1,10.919591,0.9999819
test/infected/img_0_4394.jpg,1,9.5508995,0.99992883
test/infected/img_0_4402.jpg,1,-6.291214,0.001849084
test/infected/img_0_4431.jpg,1,8.861886,0.99985826
test/infected/img_0_4454.jpg,1,-7.622807,0.00048892765
test/infected/img_0_4458.jpg,1,1.2783959,0.7821766
test/infected/img_0_4468.jpg,1,10.25067,0.9999647
test/infected/img_0_4470.jpg,1,9.956384,0.99995255
test/infected/img_0_4472.jpg,1,13.374622,0.99999845
test/infected/img_0_4480.jpg,1,1.2205155,0.7721542
test/infected/img_0_4494.jpg,1,10.480692,0.999972
test/infected/img_0_4497.jpg,1,-4.938508,0.0071143047
test/infected/img_0_4528.jpg,1,6.7031174,0.99877447
test/infected/img_0_4529.jpg,1,8.258383,0.999741
test/infected/img_0_4611.jpg,1,-5.888015,0.0027648096
test/infected/img_0_4634.jpg,1,9.740025,0.9999411
test/infected/img_0_4667.jpg,1,10.404246,0.9999697
test/infected/img_0_4694.jpg,1,-3.9804559,0.018334685
test/infected/img_0_4743.jpg,1,8.23771,0.99973553
test/infected/img_0_4746.jpg,1,8.804906,0.99985003
test/infected/img_0_475.jpg,1,13.389522,0.99999845
test/infected/img_0_4752.jpg,1,10.761992,0.9999788
test/infected/img_0_4761.jpg,1,7.229619,0.99927574
test/infected/img_0_4795.jpg,1,12.919871,0.9999975
test/infected/img_0_4808.jpg,1,10.248509,0.9999646
test/infected/img_0_4851.jpg,1,11.258807,0.9999871
test/infected/img_0_4879.jpg,1,7.304038,0.99932766
test/infected/img_0_4883.jpg,1,5.3637595,0.99533856
test/infected/img_0_4893.jpg,1,10.278837,0.99996567
test/infected/img_0_4908.jpg,1,-5.5012746,0.0040649744
test/infected/img_0_4909.jpg,1,8.9520445,0.99987054
test/infected/img_0_492.jpg,1,9.336286,0.9999118
test/infected/img_0_4927.jpg,1,9.204804,0.9998994
test/infected/img_0_4969.jpg,1,5.4294987,0.9956338
test/infected/img_0_497.jpg,1,-6.9598904,0.00094830047
test/infected/img_0_4974.jpg,1,13.654761,0.9999988
test/infected/img_0_4978.jpg,1,-6.8696423,0.0010377706
test/infected/img_0_4981.jpg,1,12.200501,0.999995
test/infected/img_0_5011.jpg,1,10.487645,0.9999721
test/infected/img_0_5019.jpg,1,-7.9105616,0.00036671397
test/infected/img_0_5036.jpg,1,-6.5968904,0.0013627453
test/infected/img_0_5078.jpg,1,9.799552,0.99994457
test/infected/img_0_5091.jpg,1,10.052785,0.99995697
test/infected/img_0_5103.jpg,1,7.2421813,0.9992848
test/infected/img_0_5125.jpg,1,1.4366552,0.80793613
test/infected/img_0_5154.jpg,1,9.862012,0.9999479
test/infected/img_0_5157.jpg,1,10.968891,0.9999827
test/infected/img_0_516.jpg,1,9.379327,0.9999156
test/infected/img_0_5164.jpg,1,12.198041,0.999995
test/infected/img_0_5171.jpg,1,-4.632475,0.009636874
test/infected/img_0_5205.jpg,1,10.387105,0.9999691
test/infected/img_0_5206.jpg,1,11.687083,0.99999166
test/infected/img_0_5223.jpg,1,-5.757661,0.0031485464
test/infected/img_0_5224.jpg,1,11.353514,0.9999883
test/infected/img_0_5246.jpg,1,4.1671705,0.98474044
test/infected/img_0_5250.jpg,1,8.67183,0.9998287
test/infected/img_0_5273.jpg,1,14.720753,0.99999964
test/infected/img_0_5284.jpg,1,7.2371073,0.9992811
test/infected/img_0_5288.jpg,1,10.180789,0.9999621
test/infected/img_0_5299.jpg,1,7.356406,0.99936193
test/infected/img_0_53.jpg,1,-4.8968697,0.0074145435
test/infected/img_0_5300.jpg,1,9.834267,0.9999465
test/infected/img_0_5301.jpg,1,2.7324398,0.9389139
test/infected/img_0_5320.jpg,1,-5.8153696,0.002972516
test/infected/img_0_5327.jpg,1,10.836371,0.99998033
test/infected/img_0_533.jpg,1,-5.4150734,0.0044293054
test/infected/img_0_5337.jpg,1,8.585721,0.99981326
test/infected/img_0_5356.jpg,1,6.764147,0.9988469
test/infected/img_0_5383.jpg,1,-6.8070407,0.0011047391
test/infected/img_0_54.jpg,1,8.976916,0.99987376
test/infected/img_0_5412.jpg,1,9.650813,0.9999356
test/infected/img_0_5440.jpg,1,8.105109,0.99969816
test/infected/img_0_5451.jpg,1,9.122765,0.9998908
test/infected/img_0_5464.jpg,1,9.079705,0.99988604
test/infected/img_0_5475.jpg,1,10.019617,0.99995553
test/infected/img_0_5476.jpg,1,9.4471445,0.9999211
test/infected/img_0_5480.jpg,1,4.3850617,0.9876913
test/infected/img_0_5492.jpg,1,8.63963,0.99982315
test/infected/img_0_5493.jpg,1,-5.306367,0.0049354346
test/infected/img_0_5513.jpg,1,-6.334574,0.0017707598
test/infected/img_0_5518.jpg,1,7.797907,0.9995896
test/infected/img_0_553.jpg,1,10.248664,0.9999646
test/infected/img_0_5531.jpg,1,8.072232,0.999688
test/infected/img_0_5536.jpg,1,11.980992,0.9999937
test/infected/img_0_5544.jpg,1,8.575526,0.99981135
test/infected/img_0_5552.jpg,1,3.5609581,0.9723733
test/infected/img_0_5554.jpg,1,9.072276,0.9998852
test/infected/img_0_5564.jpg,1,7.211671,0.99926263
test/infected/img_0_5605.jpg,1,9.6366415,0.9999347
test/infected/img_0_5625.jpg,1,10.119415,0.9999597
test/infected/img_0_5668.jpg,1,4.2180424,0.98548627
test/infected/img_0_567.jpg,1,10.185482,0.99996233
test/infected/img_0_5671.jpg,1,9.350811,0.9999131
test/infected/img_0_5673.jpg,1,9.561,0.99992955
test/infected/img_0_5679.jpg,1,6.166316,0.9979055
test/infected/img_0_5690.jpg,1,-6.8302984,0.0010793692
test/infected/img_0_5696.jpg,1,10.325434,0.9999672
test/infected/img_0_57.jpg,1,2.9885702,0.9520551
test/infected/img_0_571.jpg,1,7.1411524,0.99920887
test/infected/img_0_5716.jpg,1,8.666497,0.99982774
test/infected/img_0_5740.jpg,1,1.6066861,0.8329508
test/infected/img_0_5750.jpg,1,7.9928193,0.9996623
test/infected/img_0_5772.jpg,1,-7.2001505,0.0007459167
test/infected/img_0_5783.jpg,1,-6.6589766,0.0012808157
test/infected/img_0_5784.jpg,1,8.857125,0.99985766
test/infected/img_0_5785.jpg,1,7.8878117,0.99962485
test/infected/img_0_5794.jpg,1,-5.982686,0.002515698
test/infected/img_0_5811.jpg,1,-5.94667,0.0026077142
test/infected/img_0_5812.jpg,1,-5.5155168,0.004007721
test/infected/img_0_5817.jpg,1,3.9980605,0.9819795
test/infected/img_0_5829.jpg,1,8.767371,0.9998443
test/infected/img_0_5836.jpg,1,7.308468,0.99933064
test/infected/img_0_5841.jpg,1,8.743212,0.9998405
test/infected/img_0_5845.jpg,1,9.879983,0.99994886
test/infected/img_0_5854.jpg,1,9.125686,0.99989116
test/infected/img_0_5863.jpg,1,-8.871766,0.00014027492
test/infected/img_0_5874.jpg,1,8.291753,0.9997495
test/infected/img_0_5879.jpg,1,5.9917326,0.9975069
test/infected/img_0_5883.jpg,1,-7.7984457,0.000410204
test/infected/img_0_5888.jpg,1,-5.991388,0.0024939564
test/infected/img_0_5900.jpg,1,11.2591915,0.9999871
test/infected/img_0_5906.jpg,1,11.808585,0.9999926
test/infected/img_0_5911.jpg,1,-6.2676086,0.0018931682
test/infected/img_0_5915.jpg,1,8.303107,0.99975234
test/infected/img_0_5927.jpg,1,10.771676,0.999979
test/infected/img_0_5932.jpg,1,-8.260581,0.00025844193
test/infected/img_0_5946.jpg,1,2.8067753,0.9430409
test/infected/img_0_5951.jpg,1,3.8054898,0.97823596
test/infected/img_0_5957.jpg,1,-6.3714085,0.0017068312
test/infected/img_0_5964.jpg,1,-7.103314,0.0008216994
test/infected/img_0_5965.jpg,1,-5.796548,0.0030288224
test/infected/img_0_5970.jpg,1,-4.922499,0.0072282827
test/infected/img_0_5985.jpg,1,9.09066,0.9998872
test/infected/img_0_5986.jpg,1,-6.0503683,0.0023514514
test/infected/img_0_5990.jpg,1,8.098327,0.999696
test/infected/img_0_60.jpg,1,10.8161955,0.99998
test/infected/img_0_6028.jpg,1,6.760943,0.9988432
test/infected/img_0_6049.jpg,1,-5.2241964,0.005355846
test/infected/img_0_6061.jpg,1,6.5170674,0.99852425
test/infected/img_0_6064.jpg,1,9.670426,0.9999368
test/infected/img_0_6069.jpg,1,7.937707,0.9996431
test/infected/img_0_6077.jpg,1,8.228081,0.99973303
test/infected/img_0_6082.jpg,1,7.8039503,0.999592
test/infected/img_0_6114.jpg,1,-6.0828266,0.0022765237
test/infected/img_0_6118.jpg,1,3.9145103,0.98043996
test/infected/img_0_6121.jpg,1,9.036946,0.999881
test/infected/img_0_6125.jpg,1,1.5053358,0.8183689
test/infected/img_0_6127.jpg,1,5.6386757,0.9964551
test/infected/img_0_6155.jpg,1,7.7930546,0.9995876
test/infected/img_0_6159.jpg,1,-6.88787,0.001019045
test/infected/img_0_6167.jpg,1,7.493594,0.9994437
test/infected/img_0_6168.jpg,1,-6.1447167,0.002140193
test/infected/img_0_6171.jpg,1,4.0155115,0.98228574
test/infected/img_0_6200.jpg,1,-5.922084,0.0026724495
test/infected/img_0_6218.jpg,1,-6.3162055,0.0018035277
test/infected/img_0_6220.jpg,1,10.825278,0.9999801
test/infected/img_0_6223.jpg,1,8.907304,0.9998646
test/infected/img_0_625.jpg,1,-6.659262,0.0012804503
test/infected/img_0_6271.jpg,1,7.927251,0.9996394
test/infected/img_0_6276.jpg,1,-5.6058154,0.003662955
test/infected/img_0_6298.jpg,1,11.690682,0.99999166
test/infected/img_0_6303.jpg,1,7.2369585,0.999281
test/infected/img_0_6323.jpg,1,9.454535,0.9999217
test/infected/img_0_635.jpg,1,9.685147,0.9999378
test/infected/img_0_6386.jpg,1,1.3583473,0.795491
test/infected/img_0_6390.jpg,1,8.6386595,0.9998229
test/infected/img_0_6399.jpg,1,7.9253507,0.9996387
test/infected/img_0_6403.jpg,1,5.749017,0.99682426
test/infected/img_0_6409.jpg,1,10.945279,0.99998236
test/infected/img_0_6414.jpg,1,7.312435,0.9993332
test/infected/img_0_6430.jpg,1,1.7093586,0.84675306
test/infected/img_0_6447.jpg,1,8.807977,0.9998505
test/infected/img_0_6451.jpg,1,8.100284,0.9996966
test/infected/img_0_6480.jpg,1,-6.7940025,0.001119221
test/infected/img_0_6496.jpg,1,2.0596328,0.88691735
test/infected/img_0_6498.jpg,1,-6.227883,0.0019697384
test/infected/img_0_6504.jpg,1,9.113386,0.99988985
test/infected/img_0_6505.jpg,1,8.5889225,0.99981385
test/infected/img_0_6525.jpg,1,-6.2546363,0.0019178396
test/infected/img_0_6531.jpg,1,7.6741905,0.99953556
test/infected/img_0_6536.jpg,1,9.187125,0.9998976
test/infected/img_0_6544.jpg,1,9.459666,0.99992204
test/infected/img_0_6547.jpg,1,12.336469,0.9999956
test/infected/img_0_657.jpg,1,1.9253083,0.87272924
test/infected/img_0_6571.jpg,1,7.9155893,0.9996351
test/infected/img_0_6595.jpg,1,8.539332,0.99980444
test/infected/img_0_664.jpg,1,9.094137,0.9998877
test/infected/img_0_6646.jpg,1,-5.2214155,0.0053706807
test/infected/img_0_6669.jpg,1,8.282756,0.9997472
test/infected/img_0_6671.jpg,1,4.2869425,0.9864395
test/infected/img_0_6676.jpg,1,-5.679467,0.0034037526
test/infected/img_0_6680.jpg,1,-7.0995255,0.00082481565
test/infected/img_0_6687.jpg,1,10.908984,0.99998176
test/infected/img_0_670.jpg,1,6.743477,0.99882287
test/infected/img_0_6701.jpg,1,10.355849,0.9999682
test/infected/img_0_6703.jpg,1,-5.56514,0.00381444
test/infected/img_0_6733.jpg,1,-6.2721295,0.0018846446
test/infected/img_0_6744.jpg,1,8.890582,0.9998623
test/infected/img_0_6756.jpg,1,11.29536,0.9999876
test/infected/img_0_6777.jpg,1,10.897866,0.9999815
test/infected/img_0_6819.jpg,1,9.025736,0.9998797
test/infected/img_0_6872.jpg,1,11.678963,0.99999154
test/infected/img_0_688.jpg,1,9.692499,0.99993825
test/infected/img_0_6891.jpg,1,7.6741686,0.99953556
test/infected/img_0_6899.jpg,1,8.848517,0.99985635
test/infected/img_0_6903.jpg,1,-5.5018525,0.0040626354
test/infected/img_0_693.jpg,1,-4.814823,0.008043434
test/infected/img_0_6936.jpg,1,8.440678,0.9997842
test/infected/img_0_6941.jpg,1,1.4902344,0.8161134
test/infected/img_0_695.jpg,1,-6.4245653,0.0016186137
test/infected/img_0_6955.jpg,1,11.206317,0.9999864
test/infected/img_0_6974.jpg,1,11.019988,0.99998367
test/infected/img_0_6976.jpg,1,-5.5414715,0.003905441
test/infected/img_0_698.jpg,1,-5.8355093,0.002913422
test/infected/img_0_6990.jpg,1,10.7312,0.9999782
test/infected/img_0_6995.jpg,1,7.375991,0.99937433
test/infected/img_0_7002.jpg,1,-5.923217,0.0026694315
test/infected/img_0_7006.jpg,1,3.277578,0.96365154
test/infected/img_0_7011.jpg,1,8.847229,0.99985623
test/infected/img_0_7041.jpg,1,-7.5409355,0.000530619
test/infected/img_0_705.jpg,1,-6.6492286,0.0012933458
test/infected/img_0_7050.jpg,1,8.07067,0.99968755
test/infected/img_0_7064.jpg,1,-5.801433,0.0030141068
test/infected/img_0_7077.jpg,1,-6.337177,0.0017661655
test/infected/img_0_7079.jpg,1,-6.7333775,0.0011890896
test/infected/img_0_7091.jpg,1,8.632745,0.99982184
test/infected/img_0_712.jpg,1,6.469075,0.9984517
test/infected/img_0_7123.jpg,1,10.315418,0.99996686
test/infected/img_0_7138.jpg,1,9.120244,0.99989057
test/infected/img_0_7162.jpg,1,9.13977,0.9998927
test/infected/img_0_7169.jpg,1,9.122748,0.9998908
test/infected/img_0_7172.jpg,1,9.148253,0.99989355
test/infected/img_0_7174.jpg,1,-5.1948214,0.0055146273
test/infected/img_0_7175.jpg,1,6.5615854,0.9985884
test/infected/img_0_7176.jpg,1,10.192967,0.99996257
test/infected/img_0_7193.jpg,1,11.034238,0.9999839
test/infected/img_0_7194.jpg,1,9.686084,0.9999379
test/infected/img_0_7207.jpg,1,4.685983,0.9908606
test/infected/img_0_722.jpg,1,8.903464,0.9998641
test/infected/img_0_7230.jpg,1,-7.738263,0.00043563804
test/infected/img_0_7239.jpg,1,-5.762935,0.0031320357
test/infected/img_0_7240.jpg,1,8.862133,0.9998584
test/infected/img_0_7241.jpg,1,-5.6526957,0.003495784
test/infected/img_0_7321.jpg,1,7.1119356,0.9991854
test/infected/img_0_7324.jpg,1,1.1536204,0.7601716
test/infected/img_0_7333.jpg,1,-7.7474213,0.0004316683
test/infected/img_0_7356.jpg,1,-6.7842493,0.0011301781
test/infected/img_0_7368.jpg,1,11.040427,0.9999839
test/infected/img_0_737.jpg,1,9.893422,0.99994946
test/infected/img_0_7375.jpg,1,4.3775673,0.98759985
test/infected/img_0_7378.jpg,1,7.056054,0.9991386
test/infected/img_0_7379.jpg,1,1.0479989,0.7403904
test/infected/img_0_7385.jpg,1,8.603356,0.9998166
test/infected/img_0_7387.jpg,1,-5.929743,0.0026521136
test/infected/img_0_7388.jpg,1,-6.5219154,0.0014686887
test/infected/img_0_74.jpg,1,9.607932,0.99993277
test/infected/img_0_7407.jpg,1,9.776637,0.99994326
test/infected/img_0_7409.jpg,1,3.7003744,0.9758818
test/infected/img_0_7416.jpg,1,-7.3770614,0.0006250452
test/infected/img_0_7422.jpg,1,11.796957,0.9999925
test/infected/img_0_7430.jpg,1,9.780627,0.9999435
test/infected/img_0_7452.jpg,1,8.389878,0.99977285
test/infected/img_0_7453.jpg,1,-6.1085215,0.0022189019
test/infected/img_0_7454.jpg,1,-5.227579,0.005337856
test/infected/img_0_7461.jpg,1,6.7989826,0.9988863
test/infected/img_0_7480.jpg,1,-5.821371,0.0029547822
test/infected/img_0_7482.jpg,1,-5.697253,0.003343949
test/infected/img_0_7483.jpg,1,11.625571,0.99999106
test/infected/img_0_7485.jpg,1,11.048989,0.99998415
test/infected/img_0_75.jpg,1,1.8758291,0.86713135
test/infected/img_0_7501.jpg,1,9.471868,0.999923
test/infected/img_0_7526.jpg,1,11.019645,0.99998367
test/infected/img_0_7530.jpg,1,7.0097084,0.9990977
test/infected/img_0_7552.jpg,1,11.452384,0.9999894
test/infected/img_0_7558.jpg,1,10.517321,0.99997294
test/infected/img_0_7559.jpg,1,4.6076493,0.99012333
test/infected/img_0_7566.jpg,1,3.442201,0.96899766
test/infected/img_0_7599.jpg,1,9.44996,0.9999213
test/infected/img_0_7601.jpg,1,8.944936,0.9998696
test/infected/img_0_7623.jpg,1,9.438491,0.99992037
test/infected/img_0_7628.jpg,1,2.5377762,0.92674804
test/infected/img_0_7630.jpg,1,-4.9529834,0.0070127817
test/infected/img_0_7635.jpg,1,1.2149676,0.77117676
test/infected/img_0_764.jpg,1,4.298313,0.98659086
test/infected/img_0_7648.jpg,1,-5.4211473,0.004402601
test/infected/img_0_766.jpg,1,3.0095463,0.9530036
test/infected/img_0_7663.jpg,1,-5.6393003,0.0035427595
test/infected/img_0_7678.jpg,1,-5.35146,0.004718851
test/infected/img_0_7688.jpg,1,6.507104,0.99850947
test/infected/img_0_769.jpg,1,-5.8149657,0.0029737132
test/infected/img_0_7693.jpg,1,3.016615,0.95331913
test/infected/img_0_7738.jpg,1,8.949721,0.9998702
test/infected/img_0_7757.jpg,1,1.8250735,0.8611738
test/infected/img_0_7765.jpg,1,-4.8407464,0.007839216
test/infected/img_0_7783.jpg,1,8.148271,0.99971086
test/infected/img_0_7789.jpg,1,-6.89475,0.0010120647
test/infected/img_0_7795.jpg,1,7.203859,0.9992568
test/infected/img_0_7805.jpg,1,9.258399,0.99990475
test/infected/img_0_7808.jpg,1,8.618304,0.99981934
test/infected/img_0_781.jpg,1,-6.154199,0.0021200378
test/infected/img_0_7818.jpg,1,10.27414,0.9999654
test/infected/img_0_7831.jpg,1,13.130668,0.999998
test/infected/img_0_7861.jpg,1,6.4909544,0.99848527
test/infected/img_0_7880.jpg,1,11.421786,0.99998903
test/infected/img_0_7929.jpg,1,-6.127662,0.002176926
test/infected/img_0_793.jpg,1,8.603477,0.9998166
test/infected/img_0_7934.jpg,1,-6.1222014,0.0021888202
test/infected/img_0_7944.jpg,1,9.408416,0.999918
test/infected/img_0_795.jpg,1,12.042192,0.99999416
test/infected/img_0_7983.jpg,1,9.319674,0.99991035
test/infected/img_0_7999.jpg,1,8.59945,0.9998159
test/infected/img_0_800.jpg,1,-6.1172476,0.002199666
test/infected/img_0_8032.jpg,1,8.224542,0.9997321
test/infected/img_0_8040.jpg,1,10.733066,0.9999782
test/infected/img_0_8042.jpg,1,1.9645507,0.8770246
test/infected/img_0_8045.jpg,1,-6.271674,0.0018855016
test/infected/img_0_807.jpg,1,7.5734024,0.9994863
test/infected/img_0_8080.jpg,1,11.905184,0.9999932
test/infected/img_0_8086.jpg,1,-6.036512,0.0023841828
test/infected/img_0_8093.jpg,1,6.196234,0.99796706
test/infected/img_0_8100.jpg,1,8.858581,0.9998579
test/infected/img_0_8106.jpg,1,9.075568,0.99988556
test/infected/img_0_8107.jpg,1,7.4542875,0.99942136
test/infected/img_0_8121.jpg,1,9.628736,0.9999342
test/infected/img_0_8129.jpg,1,5.3953085,0.9954827
test/infected/img_0_8132.jpg,1,8.467395,0.9997899
test/infected/img_0_8139.jpg,1,-6.743783,0.0011767952
test/infected/img_0_8144.jpg,1,8.79403,0.99984837
test/infected/img_0_8153.jpg,1,8.794459,0.9998485
test/infected/img_0_8156.jpg,1,-5.5072145,0.004040997
test/infected/img_0_8160.jpg,1,-6.399231,0.0016600752
test/infected/img_0_8184.jpg,1,8.318252,0.99975604
test/infected/img_0_8198.jpg,1,10.477122,0.99997187
test/infected/img_0_820.jpg,1,-6.177226,0.0020718777
test/infected/img_0_8205.jpg,1,-6.0923223,0.0022550572
test/infected/img_0_8217.jpg,1,-6.352928,0.0017386118
test/infected/img_0_8239.jpg,1,10.154777,0.99996114
test/infected/img_0_8240.jpg,1,2.769898,0.9410273
test/infected/img_0_8270.jpg,1,3.4755392,0.9699837
test/infected/img_0_8280.jpg,1,10.426259,0.9999703
test/infected/img_0_8290.jpg,1,8.665808,0.9998276
test/infected/img_0_8299.jpg,1,10.789639,0.9999794
test/infected/img_0_8304.jpg,1,8.630448,0.9998215
test/infected/img_0_8332.jpg,1,5.705206,0.99668247
test/infected/img_0_8381.jpg,1,10.528297,0.9999732
test/infected/img_0_8382.jpg,1,-5.8588085,0.0028465171
test/infected/img_0_8386.jpg,1,8.701694,0.9998337
test/infected/img_0_8394.jpg,1,10.753136,0.99997866
test/infected/img_0_8395.jpg,1,9.93055,0.99995136
test/infected/img_0_8403.jpg,1,-6.2365217,0.0019528284
test/infected/img_0_8428.jpg,1,9.584172,0.9999312
test/infected/img_0_8429.jpg,1,8.43276,0.9997824
test/infected/img_0_8431.jpg,1,5.0315638,0.9935137
test/infected/img_0_8449.jpg,1,10.936952,0.99998224
test/infected/img_0_8459.jpg,1,8.025918,0.99967325
test/infected/img_0_8469.jpg,1,-6.8944635,0.0010123546
test/infected/img_0_8472.jpg,1,-6.1357555,0.0021594167
test/infected/img_0_8488.jpg,1,7.9753137,0.9996563
test/infected/img_0_8508.jpg,1,4.2266397,0.98560876
test/infected/img_0_8541.jpg,1,10.150066,0.9999609
test/infected/img_0_8558.jpg,1,-6.0835304,0.0022749256
test/infected/img_0_8575.jpg,1,7.9801903,0.999658
test/infected/img_0_8591.jpg,1,7.598394,0.99949896
test/infected/img_0_8608.jpg,1,11.4030485,0.9999888
test/infected/img_0_8610.jpg,1,9.330092,0.9999113
test/infected/img_0_8620.jpg,1,8.059552,0.9996841
test/infected/img_0_8634.jpg,1,3.260395,0.9630449
test/infected/img_0_8655.jpg,1,2.93756,0.9496723
test/infected/img_0_866.jpg,1,9.343743,0.9999125
test/infected/img_0_8668.jpg,1,8.665832,0.9998276
test/infected/img_0_8689.jpg,1,10.513438,0.9999728
test/infected/img_0_87.jpg,1,9.850661,0.9999473
test/infected/img_0_8701.jpg,1,-6.670568,0.0012660736
test/infected/img_0_8718.jpg,1,5.8415003,0.99710387
test/infected/img_0_8731.jpg,1,3.2473416,0.9625775
test/infected/img_0_8749.jpg,1,8.620183,0.9998196
test/infected/img_0_8761.jpg,1,1.3906121,0.80068994
test/infected/img_0_8765.jpg,1,9.0567465,0.9998834
test/infected/img_0_8781.jpg,1,-7.7878733,0.00041456206
test/infected/img_0_8788.jpg,1,6.4908895,0.99848515
test/infected/img_0_8789.jpg,1,-6.121934,0.0021894046
test/infected/img_0_8792.jpg,1,-7.4998703,0.0005528503
test/infected/img_0_8793.jpg,1,-6.7011724,0.00122796
test/infected/img_0_8807.jpg,1,9.67299,0.99993706
test/infected/img_0_8808.jpg,1,-6.8294687,0.0010802643
test/infected/img_0_8809.jpg,1,8.387593,0.99977237
test/infected/img_0_8837.jpg,1,8.606804,0.9998172
test/infected/img_0_8849.jpg,1,-6.8540754,0.0010540347
test/infected/img_0_8860.jpg,1,9.186369,0.9998976
test/infected/img_0_8865.jpg,1,1.7582371,0.85298866
test/infected/img_0_8866.jpg,1,11.234359,0.99998677
test/infected/img_0_8884.jpg,1,9.250072,0.9999039
test/infected/img_0_8887.jpg,1,-6.2446327,0.0019370838
test/infected/img_0_8892.jpg,1,7.7517424,0.9995702
test/infected/img_0_8910.jpg,1,10.137059,0.9999604
test/infected/img_0_8933.jpg,1,-5.9915686,0.002493507
test/infected/img_0_8934.jpg,1,8.441316,0.9997843
test/infected/img_0_8943.jpg,1,9.049544,0.9998826
test/infected/img_0_8946.jpg,1,2.9825745,0.9517806
test/infected/img_0_8957.jpg,1,9.429645,0.99991965
test/infected/img_0_8970.jpg,1,-5.861257,0.0028395755
test/infected/img_0_8973.jpg,1,13.234785,0.9999982
test/infected/img_0_8994.jpg,1,8.868661,0.9998592
test/infected/img_0_9004.jpg,1,7.1706915,0.9992318
test/infected/img_0_9011.jpg,1,7.08626,0.9991642
test/infected/img_0_9029.jpg,1,11.213353,0.9999865
test/infected/img_0_9050.jpg,1,8.3493395,0.99976355
test/infected/img_0_9054.jpg,1,-6.0588455,0.0023316483
test/infected/img_0_9055.jpg,1,6.6108055,0.99865603
test/infected/img_0_9072.jpg,1,9.38787,0.9999163
test/infected/img_0_9077.jpg,1,-6.318578,0.0017992621
test/infected/img_0_9089.jpg,1,13.718943,0.9999989
test/infected/img_0_9094.jpg,1,9.568153,0.99993
test/infected/img_0_9105.jpg,1,4.529825,0.98933244
test/infected/img_0_9114.jpg,1,2.4986475,0.92404693
test/infected/img_0_9115.jpg,1,7.78478,0.99958414
test/infected/img_0_9136.jpg,1,8.780976,0.99984634
test/infected/img_0_9143.jpg,1,8.100844,0.99969685
test/infected/img_0_9158.jpg,1,-7.613334,0.00049357885
test/infected/img_0_9159.jpg,1,-4.9918156,0.0067474823
test/infected/img_0_9166.jpg,1,10.874135,0.99998105
test/infected/img_0_9172.jpg,1,-6.288461,0.0018541721
test/infected/img_0_9181.jpg,1,10.681081,0.999977
test/infected/img_0_9184.jpg,1,9.882632,0.999949
test/infected/img_0_92.jpg,1,9.479477,0.9999236
test/infected/img_0_9207.jpg,1,-5.759309,0.0031433783
test/infected/img_0_9208.jpg,1,10.999743,0.9999833
test/infected/img_0_9218.jpg,1,6.5397854,0.99855727
test/infected/img_0_9255.jpg,1,10.33986,0.9999677
test/infected/img_0_9275.jpg,1,-6.2048187,0.0020156042
test/infected/img_0_9277.jpg,1,-5.123868,0.0059177238
test/infected/img_0_9323.jpg,1,12.123532,0.9999945
test/infected/img_0_9325.jpg,1,5.083723,0.9938414
test/infected/img_0_9343.jpg,1,10.809953,0.99997985
test/infected/img_0_9357.jpg,1,9.97783,0.9999536
test/infected/img_0_9362.jpg,1,2.8694725,0.94631654
test/infected/img_0_937.jpg,1,11.576926,0.9999906
test/infected/img_0_9407.jpg,1,8.722081,0.99983704
test/infected/img_0_9446.jpg,1,-6.705961,0.0012221007
test/infected/img_0_9474.jpg,1,11.556316,0.99999046
test/infected/img_0_9478.jpg,1,9.308261,0.9999093
test/infected/img_0_948.jpg,1,7.823913,0.9996001
test/infected/img_0_9499.jpg,1,6.7703333,0.99885404
test/infected/img_0_9501.jpg,1,12.364484,0.9999957
test/infected/img_0_9520.jpg,1,7.9104724,0.9996332
test/infected/img_0_9541.jpg,1,7.1628003,0.99922574
test/infected/img_0_9546.jpg,1,11.45017,0.9999894
test/infected/img_0_9591.jpg,1,2.897488,0.94772214
test/infected/img_0_9595.jpg,1,13.687615,0.9999988
test/infected/img_0_9599.jpg,1,11.055955,0.99998426
test/infected/img_0_9640.jpg,1,1.2080593,0.7699554
test/infected/img_0_9647.jpg,1,-8.252875,0.00026044057
test/infected/img_0_9658.jpg,1,7.8835397,0.9996232
test/infected/img_0_9678.jpg,1,-6.0645685,0.002318373
test/infected/img_0_9693.jpg,1,8.010758,0.99966824
test/infected/img_0_9706.jpg,1,11.784085,0.9999924
test/infected/img_0_9708.jpg,1,-5.9158797,0.0026890363
test/infected/img_0_9720.jpg,1,7.273279,0.9993067
test/infected/img_0_9742.jpg,1,7.248109,0.9992889
test/infected/img_0_9744.jpg,1,9.295579,0.9999082
test/infected/img_0_9762.jpg,1,8.337284,0.9997607
test/infected/img_0_9786.jpg,1,10.133,0.9999603
test/infected/img_0_9805.jpg,1,9.746194,0.99994147
test/infected/img_0_9818.jpg,1,10.089006,0.9999585
test/infected/img_0_9819.jpg,1,-5.36285,0.0046656565
test/infected/img_0_9828.jpg,1,-7.090931,0.0008319292
test/infected/img_0_9842.jpg,1,8.572278,0.99981076
test/infected/img_0_9849.jpg,1,6.4862795,0.9984781
test/infected/img_0_9852.jpg,1,10.02332,0.99995565
test/infected/img_0_9853.jpg,1,10.481955,0.999972
test/infected/img_0_9909.jpg,1,-7.3807254,0.0006227606
test/infected/img_0_9921.jpg,1,7.1472178,0.9992136
test/infected/img_0_993.jpg,1,1.3673412,0.7969502
test/infected/img_0_9935.jpg,1,9.224332,0.9999014
test/infected/img_0_9948.jpg,1,9.635833,0.9999347
test/infected/img_0_9949.jpg,1,4.3005443,0.9866203
test/infected/img_0_9950.jpg,1,-6.2099075,0.0020053936
test/infected/img_0_9961.jpg,1,2.9835658,0.9518261
test/infected/img_0_9976.jpg,1,11.335178,0.9999881
test/infected/img_0_9984.jpg,1,12.035028,0.99999404
test/infected/img_0_9985.jpg,1,-5.1249566,0.005911324
test/infected/img_0_9988.jpg,1,4.068515,0.9831849
test/infected/img_0_9997.jpg,1,9.510822,0.999926
test/infected/img_0_9998.jpg,1,-6.860058,0.0010477543
test/infected/OIP.jpg,1,-0.060955726,0.48476577
test/infected/R.jpg,1,-0.060955726,0.48476577
test/infected/WhatsApp Image 2022-04-01 at 3.49.22 PM.jpeg,1,-0.060955726,0.48476577
test/infected/WhatsApp Image 2022-04-01 at 3.49.45 PM.jpeg,1,-0.060955726,0.48476577
test/infected/WhatsApp Image 2022-04-01 at 3.50.05 PM.jpeg,1,-0.060955726,0.48476577
test/infected/WhatsApp Image 2022-04-01 at 3.50.20 PM.jpeg,1,-0.060955726,0.48476577
