image,label,logit,prob_pcos
PCOS/noninfected/Image_001.jpg,0,0.8147374,0.6931181
PCOS/noninfected/Image_002.jpg,0,0.8147374,0.6931181
PCOS/noninfected/Image_003.jpg,0,-0.31621355,0.42159882
PCOS/noninfected/Image_004.jpg,0,-0.31621355,0.42159882
PCOS/noninfected/Image_005.jpg,0,6.401968,0.9983444
PCOS/noninfected/Image_006.jpg,0,6.401968,0.9983444
PCOS/noninfected/Image_007.jpg,0,-0.12352076,0.469159
PCOS/noninfected/Image_008.jpg,0,-0.12352076,0.469159
PCOS/noninfected/Image_009.jpg,0,0.3904524,0.5963916
PCOS/noninfected/Image_010.jpg,0,0.3904524,0.5963916
PCOS/noninfected/Image_011.jpg,0,0.07196144,0.5179826
PCOS/noninfected/Image_012.jpg,0,0.07196144,0.5179826
PCOS/noninfected/Image_013.jpg,0,-0.016402246,0.4958995
PCOS/noninfected/Image_014.jpg,0,-0.016402246,0.4958995
PCOS/noninfected/Image_015.jpg,0,0.7566826,0.680633
PCOS/noninfected/Image_016.jpg,0,0.7566826,0.680633
PCOS/noninfected/Image_017.jpg,0,7.5348825,0.9994661
PCOS/noninfected/Image_018.jpg,0,7.5348825,0.9994661
PCOS/noninfected/Image_019.jpg,0,0.079782076,0.51993495
PCOS/noninfected/Image_020.jpg,0,0.079782076,0.51993495
PCOS/noninfected/Image_021.jpg,0,-0.037494034,0.4906276
PCOS/noninfected/Image_022.jpg,0,-0.037494034,0.4906276
PCOS/noninfected/Image_023.jpg,0,-0.25152028,0.43744937
PCOS/noninfected/Image_024.jpg,0,-0.25152028,0.43744937
PCOS/noninfected/Image_025.jpg,0,0.032178447,0.50804394
PCOS/noninfected/Image_026.jpg,0,0.032178447,0.50804394
PCOS/noninfected/Image_027.jpg,0,0.05274926,0.51318425
PCOS/noninfected/Image_028.jpg,0,0.05274926,0.51318425
PCOS/noninfected/Image_029.jpg,0,0.07033269,0.5175759
PCOS/noninfected/Image_030.jpg,0,0.07033269,0.5175759
PCOS/noninfected/Image_031.jpg,0,-0.15287508,0.46185547
PCOS/noninfected/Image_032.jpg,0,-0.15287508,0.46185547
PCOS/noninfected/Image_033.jpg,0,2.2950356,0.908465
PCOS/noninfected/Image_034.jpg,0,2.2950356,0.908465
PCOS/noninfected/Image_035.jpg,0,-0.067105435,0.48322994
PCOS/noninfected/Image_036.jpg,0,-0.067105435,0.48322994
PCOS/noninfected/Image_037.jpg,0,-0.33111498,0.41796935
PCOS/noninfected/Image_038.jpg,0,-0.33111498,0.41796935
PCOS/noninfected/Image_039.jpg,0,2.2815523,0.90733767
PCOS/noninfected/Image_040.jpg,0,2.2815523,0.90733767
PCOS/noninfected/Image_041.jpg,0,0.38432997,0.594917
PCOS/noninfected/Image_042.jpg,0,0.38432997,0.594917
PCOS/noninfected/Image_043.jpg,0,0.14804596,0.53694403
PCOS/noninfected/Image_044.jpg,0,0.14804596,0.53694403
PCOS/noninfected/Image_045.jpg,0,-0.0035980102,0.4991005
PCOS/noninfected/Image_046.jpg,0,-0.0035980102,0.4991005
PCOS/noninfected/Image_047.jpg,0,1.7585027,0.853022
PCOS/noninfected/Image_048.jpg,0,1.7585027,0.853022
PCOS/noninfected/Image_049.jpg,0,4.8700905,0.99238575
PCOS/noninfected/Image_050.jpg,0,4.8700905,0.99238575
PCOS/noninfected/Image_051.jpg,0,3.0107949,0.95305943
PCOS/noninfected/Image_052.jpg,0,3.0107949,0.95305943
PCOS/noninfected/Image_053.jpg,0,-1.0581886,0.25765577
PCOS/noninfected/Image_054.jpg,0,-1.0581886,0.25765577
PCOS/noninfected/Image_055.jpg,0,-0.13322443,0.46674302
PCOS/noninfected/Image_056.jpg,0,-0.13322443,0.46674302
PCOS/noninfected/Image_057.jpg,0,0.15677592,0.5391139
PCOS/noninfected/Image_058.jpg,0,0.15677592,0.5391139
PCOS/noninfected/Image_059.jpg,0,2.3474028,0.9127276
PCOS/noninfected/Image_060.jpg,0,2.3474028,0.9127276
PCOS/noninfected/Image_061.jpg,0,0.09601115,0.5239844
PCOS/noninfected/Image_062.jpg,0,0.09601115,0.5239844
PCOS/noninfected/Image_063.jpg,0,-0.31549534,0.42177394
PCOS/noninfected/Image_064.jpg,0,-0.31549534,0.42177394
PCOS/noninfected/Image_065.jpg,0,-0.28266025,0.42980167
PCOS/noninfected/Image_066.jpg,0,-0.28266025,0.42980167
PCOS/noninfected/Image_067.jpg,0,0.18739533,0.5467122
PCOS/noninfected/Image_068.jpg,0,0.18739533,0.5467122
PCOS/noninfected/Image_069.jpg,0,0.7289656,0.6745782
PCOS/noninfected/Image_070.jpg,0,0.7289656,0.6745782
PCOS/noninfected/Image_071.jpg,0,0.9180868,0.7146521
PCOS/noninfected/Image_072.jpg,0,0.9180868,0.7146521
PCOS/noninfected/Image_073.jpg,0,-0.13318428,0.46675304
PCOS/noninfected/Image_074.jpg,0,-0.13318428,0.46675304
PCOS/noninfected/Image_075.jpg,0,2.2273304,0.9026771
PCOS/noninfected/Image_076.jpg,0,2.2273304,0.9026771
PCOS/noninfected/Image_077.jpg,0,1.694112,0.8447642
PCOS/noninfected/Image_078.jpg,0,1.694112,0.8447642
PCOS/noninfected/Image_079.jpg,0,-0.44439623,0.39069393
PCOS/noninfected/Image_080.jpg,0,-0.44439623,0.39069393
PCOS/noninfected/Image_081.jpg,0,-0.026620118,0.49334538
PCOS/noninfected/Image_082.jpg,0,-0.026620118,0.49334538
PCOS/noninfected/Image_083.jpg,0,-0.46431494,0.38596272
PCOS/noninfected/Image_084.jpg,0,-0.46431494,0.38596272
PCOS/noninfected/Image_085.jpg,0,-0.13549952,0.46617684
PCOS/noninfected/Image_086.jpg,0,-0.13549952,0.46617684
PCOS/noninfected/Image_087.jpg,0,-0.17992035,0.45514083
PCOS/noninfected/Image_088.jpg,0,-0.17992035,0.45514083
PCOS/noninfected/Image_089.jpg,0,6.930732,0.9990237
PCOS/noninfected/Image_090.jpg,0,6.930732,0.9990237
PCOS/noninfected/Image_091.jpg,0,-0.20171283,0.4497421
PCOS/noninfected/Image_092.jpg,0,-0.20171283,0.4497421
PCOS/noninfected/Image_093.jpg,0,-0.009311533,0.4976721
PCOS/noninfected/Image_094.jpg,0,-0.009311533,0.4976721
PCOS/noninfected/Image_095.jpg,0,-0.03551335,0.4911226
PCOS/noninfected/Image_096.jpg,0,-0.03551335,0.4911226
PCOS/noninfected/Image_097.jpg,0,5.102445,0.99395496
PCOS/noninfected/Image_098.jpg,0,5.102445,0.99395496
PCOS/noninfected/Image_099.jpg,0,1.3602436,0.7957993
PCOS/noninfected/Image_100.jpg,0,1.3602436,0.7957993
PCOS/noninfected/Image_1000.jpg,0,0.1890341,0.5471183
PCOS/noninfected/Image_1001.jpg,0,0.7570985,0.6807234
PCOS/noninfected/Image_1002.jpg,0,0.7570985,0.6807234
PCOS/noninfected/Image_1003.jpg,0,0.21270755,0.55297726
PCOS/noninfected/Image_1004.jpg,0,0.21270755,0.55297726
PCOS/noninfected/Image_1005.jpg,0,-0.4201717,0.39647564
PCOS/noninfected/Image_1006.jpg,0,-0.4201717,0.39647564
PCOS/noninfected/Image_1007.jpg,0,7.519746,0.999458
PCOS/noninfected/Image_1008.jpg,0,7.519746,0.999458
PCOS/noninfected/Image_1009.jpg,0,1.8024895,0.8584517
PCOS/noninfected/Image_101.jpg,0,0.61030704,0.64801085
PCOS/noninfected/Image_1010.jpg,0,1.8024895,0.8584517
PCOS/noninfected/Image_1011.jpg,0,-0.17975903,0.45518085
PCOS/noninfected/Image_1012.jpg,0,-0.17975903,0.45518085
PCOS/noninfected/Image_1013.jpg,0,0.03041676,0.5076036
PCOS/noninfected/Image_1014.jpg,0,0.03041676,0.5076036
PCOS/noninfected/Image_1015.jpg,0,0.70479405,0.66924983
PCOS/noninfected/Image_1016.jpg,0,0.70479405,0.66924983
PCOS/noninfected/Image_1017.jpg,0,-0.3267409,0.41903383
PCOS/noninfected/Image_1018.jpg,0,-0.3267409,0.41903383
PCOS/noninfected/Image_1019.jpg,0,7.336147,0.9993488
PCOS/noninfected/Image_102.jpg,0,0.61030704,0.64801085
PCOS/noninfected/Image_1020.jpg,0,7.336147,0.9993488
PCOS/noninfected/Image_1021.jpg,0,0.23155768,0.55763215
PCOS/noninfected/Image_1022.jpg,0,0.23155768,0.55763215
PCOS/noninfected/Image_1023.jpg,0,2.1317248,0.8939487
PCOS/noninfected/Image_1024.jpg,0,2.1317248,0.8939487
PCOS/noninfected/Image_103.jpg,0,2.1248136,0.89329165
PCOS/noninfected/Image_104.jpg,0,2.1248136,0.89329165
PCOS/noninfected/Image_105.jpg,0,0.61584526,0.64927304
PCOS/noninfected/Image_106.jpg,0,0.61584526,0.64927304
PCOS/noninfected/Image_107.jpg,0,-0.1989527,0.45042524
PCOS/noninfected/Image_108.jpg,0,-0.1989527,0.45042524
PCOS/noninfected/Image_109.jpg,0,8.63598,0.99982244
PCOS/noninfected/Image_110.jpg,0,8.63598,0.99982244
PCOS/noninfected/Image_111.jpg,0,-0.16466129,0.45892745
PCOS/noninfected/Image_112.jpg,0,-0.16466129,0.45892745
PCOS/noninfected/Image_113.jpg,0,1.6521724,0.83918446
PCOS/noninfected/Image_114.jpg,0,1.6521724,0.83918446
PCOS/noninfected/Image_115.jpg,0,-0.2378324,0.4408206
PCOS/noninfected/Image_116.jpg,0,-0.2378324,0.4408206
PCOS/noninfected/Image_117.jpg,0,0.123810366,0.5309131
PCOS/noninfected/Image_118.jpg,0,0.123810366,0.5309131
PCOS/noninfected/Image_119.jpg,0,6.611105,0.9986564
PCOS/noninfected/Image_120.jpg,0,6.611105,0.9986564
PCOS/noninfected/Image_121.jpg,0,-0.062721804,0.48432466
PCOS/noninfected/Image_122.jpg,0,-0.062721804,0.48432466
PCOS/noninfected/Image_123.jpg,0,6.8352823,0.998926
PCOS/noninfected/Image_124.jpg,0,6.8352823,0.998926
PCOS/noninfected/Image_125.jpg,0,1.6259738,0.83561736
PCOS/noninfected/Image_126.jpg,0,1.6259738,0.83561736
PCOS/noninfected/Image_127.jpg,0,5.716111,0.99671835
PCOS/noninfected/Image_128.jpg,0,5.716111,0.99671835
PCOS/noninfected/Image_129.jpg,0,-0.055672765,0.48608539
PCOS/noninfected/Image_130.jpg,0,-0.055672765,0.48608539
PCOS/noninfected/Image_131.jpg,0,1.725477,0.84883296
PCOS/noninfected/Image_132.jpg,0,1.725477,0.84883296
PCOS/noninfected/Image_133.jpg,0,-0.36741477,0.4091659
PCOS/noninfected/Image_134.jpg,0,-0.36741477,0.4091659
PCOS/noninfected/Image_135.jpg,0,-0.026727812,0.49331847
PCOS/noninfected/Image_136.jpg,0,-0.026727812,0.49331847
PCOS/noninfected/Image_137.jpg,0,5.5623507,0.99617493
PCOS/noninfected/Image_138.jpg,0,5.5623507,0.99617493
PCOS/noninfected/Image_139.jpg,0,0.35521957,0.58788276
PCOS/noninfected/Image_140.jpg,0,0.35521957,0.58788276
PCOS/noninfected/Image_141.jpg,0,-0.11380096,0.47158042
PCOS/noninfected/Image_142.jpg,0,-0.11380096,0.47158042
PCOS/noninfected/Image_143.jpg,0,6.557332,0.99858236
PCOS/noninfected/Image_144.jpg,0,6.557332,0.99858236
PCOS/noninfected/Image_145.jpg,0,-0.20441212,0.44907415
PCOS/noninfected/Image_146.jpg,0,-0.20441212,0.44907415
PCOS/noninfected/Image_147.jpg,0,-0.39111137,0.4034498
PCOS/noninfected/Image_148.jpg,0,-0.39111137,0.4034498
PCOS/noninfected/Image_149.jpg,0,-0.8145152,0.30692917
PCOS/noninfected/Image_150.jpg,0,-0.8145152,0.30692917
PCOS/noninfected/Image_151.jpg,0,3.6668544,0.9750802
PCOS/noninfected/Image_152.jpg,0,3.6668544,0.9750802
PCOS/noninfected/Image_153.jpg,0,-0.48253393,0.381654
PCOS/noninfected/Image_154.jpg,0,-0.48253393,0.381654
PCOS/noninfected/Image_155.jpg,0,0.98980504,0.7290494
PCOS/noninfected/Image_156.jpg,0,0.98980504,0.7290494
PCOS/noninfected/Image_157.jpg,0,0.760605,0.68148506
PCOS/noninfected/Image_158.jpg,0,0.760605,0.68148506
PCOS/noninfected/Image_159.jpg,0,-0.46299204,0.38627627
PCOS/noninfected/Image_160.jpg,0,-0.46299204,0.38627627
PCOS/noninfected/Image_161.jpg,0,6.476061,0.99846256
PCOS/noninfected/Image_162.jpg,0,6.476061,0.99846256
PCOS/noninfected/Image_163.jpg,0,1.6248307,0.8354603
PCOS/noninfected/Image_164.jpg,0,1.6248307,0.8354603
PCOS/noninfected/Image_165.jpg,0,3.9988847,0.9819941
PCOS/noninfected/Image_166.jpg,0,3.9988847,0.9819941
PCOS/noninfected/Image_167.jpg,0,4.3764353,0.9875859
PCOS/noninfected/Image_168.jpg,0,4.3764353,0.9875859
PCOS/noninfected/Image_169.jpg,0,1.8673903,0.86615604
PCOS/noninfected/Image_170.jpg,0,1.8673903,0.86615604
PCOS/noninfected/Image_171.jpg,0,1.0115714,0.73332757
PCOS/noninfected/Image_172.jpg,0,1.0115714,0.73332757
PCOS/noninfected/Image_173.jpg,0,0.97834015,0.72677875
PCOS/noninfected/Image_174.jpg,0,0.97834015,0.72677875
PCOS/noninfected/Image_175.jpg,0,-0.15471648,0.46139786
PCOS/noninfected/Image_176.jpg,0,-0.15471648,0.46139786
PCOS/noninfected/Image_177.jpg,0,-0.35310647,0.41262937
PCOS/noninfected/Image_178.jpg,0,-0.35310647,0.41262937
PCOS/noninfected/Image_179.jpg,0,-0.19166672,0.45222947
PCOS/noninfected/Image_180.jpg,0,-0.19166672,0.45222947
PCOS/noninfected/Image_181.jpg,0,2.55583,0.9279642
PCOS/noninfected/Image_182.jpg,0,2.55583,0.9279642
PCOS/noninfected/Image_183.jpg,0,-0.31767777,0.42124182
PCOS/noninfected/Image_184.jpg,0,-0.31767777,0.42124182
PCOS/noninfected/Image_185.jpg,0,0.78922254,0.6876644
PCOS/noninfected/Image_186.jpg,0,0.78922254,0.6876644
PCOS/noninfected/Image_187.jpg,0,7.0672894,0.99914813
PCOS/noninfected/Image_188.jpg,0,7.0672894,0.99914813
PCOS/noninfected/Image_189.jpg,0,-0.43492824,0.39295012
PCOS/noninfected/Image_190.jpg,0,-0.43492824,0.39295012
PCOS/noninfected/Image_191.jpg,0,0.55668503,0.63568515
PCOS/noninfected/Image_192.jpg,0,0.55668503,0.63568515
PCOS/noninfected/Image_193.jpg,0,0.16280398,0.5406113
PCOS/noninfected/Image_194.jpg,0,0.16280398,0.5406113
PCOS/noninfected/Image_195.jpg,0,0.58149695,0.6414118
PCOS/noninfected/Image_196.jpg,0,0.58149695,0.6414118
PCOS/noninfected/Image_197.jpg,0,-0.3131868,0.42233709
PCOS/noninfected/Image_198.jpg,0,-0.3131868,0.42233709
PCOS/noninfected/Image_199.jpg,0,1.7238755,0.8486274
PCOS/noninfected/Image_200.jpg,0,1.7238755,0.8486274
PCOS/noninfected/Image_201.jpg,0,-0.9128849,0.28640985
PCOS/noninfected/Image_202.jpg,0,-0.9128849,0.28640985
PCOS/noninfected/Image_203.jpg,0,0.94127536,0.7193572
PCOS/noninfected/Image_204.jpg,0,0.94127536,0.7193572
PCOS/noninfected/Image_205.jpg,0,-0.6445299,0.34422326
PCOS/noninfected/Image_206.jpg,0,-0.6445299,0.34422326
PCOS/noninfected/Image_207.jpg,0,0.056217976,0.5140508
PCOS/noninfected/Image_208.jpg,0,0.056217976,0.5140508
PCOS/noninfected/Image_209.jpg,0,-0.0126698,0.4968326
PCOS/noninfected/Image_210.jpg,0,-0.0126698,0.4968326
PCOS/noninfected/Image_211.jpg,0,-0.12522191,0.46873537
PCOS/noninfected/Image_212.jpg,0,-0.12522191,0.46873537
PCOS/noninfected/Image_213.jpg,0,-0.7168947,0.32807717
PCOS/noninfected/Image_214.jpg,0,-0.7168947,0.32807717
PCOS/noninfected/Image_215.jpg,0,-0.07755285,0.4806215
PCOS/noninfected/Image_216.jpg,0,-0.07755285,0.4806215
PCOS/noninfected/Image_217.jpg,0,0.18411995,0.5459004
PCOS/noninfected/Image_218.jpg,0,0.18411995,0.5459004
PCOS/noninfected/Image_219.jpg,0,6.4784927,0.99846625
PCOS/noninfected/Image_220.jpg,0,6.4784927,0.99846625
PCOS/noninfected/Image_221.jpg,0,2.914657,0.94856626
PCOS/noninfected/Image_222.jpg,0,2.914657,0.94856626
PCOS/noninfected/Image_223.jpg,0,-0.020208655,0.49494797
PCOS/noninfected/Image_224.jpg,0,-0.020208655,0.49494797
PCOS/noninfected/Image_225.jpg,0,0.19149166,0.54772717
PCOS/noninfected/Image_226.jpg,0,0.19149166,0.54772717
PCOS/noninfected/Image_227.jpg,0,-0.21300092,0.4469502
PCOS/noninfected/Image_228.jpg,0,-0.21300092,0.4469502
PCOS/noninfected/Image_229.jpg,0,2.5912042,0.9302934
PCOS/noninfected/Image_230.jpg,0,2.5912042,0.9302934
PCOS/noninfected/Image_231.jpg,0,1.9304198,0.8732959
PCOS/noninfected/Image_232.jpg,0,1.9304198,0.8732959
PCOS/noninfected/Image_233.jpg,0,0.6320356,0.6529509
PCOS/noninfected/Image_234.jpg,0,0.6320356,0.6529509
PCOS/noninfected/Image_235.jpg,0,0.15738659,0.53926563
PCOS/noninfected/Image_236.jpg,0,0.15738659,0.53926563
PCOS/noninfected/Image_237.jpg,0,0.4672847,0.6147409
PCOS/noninfected/Image_238.jpg,0,0.4672847,0.6147409
PCOS/noninfected/Image_239.jpg,0,-0.23238157,0.44216466
PCOS/noninfected/Image_240.jpg,0,-0.23238157,0.44216466
PCOS/noninfected/Image_241.jpg,0,0.15915412,0.53970474
PCOS/noninfected/Image_242.jpg,0,0.15915412,0.53970474
PCOS/noninfected/Image_243.jpg,0,0.27099264,0.56733656
PCOS/noninfected/Image_244.jpg,0,0.27099264,0.56733656
PCOS/noninfected/Image_245.jpg,0,-0.019853784,0.49503672
PCOS/noninfected/Image_246.jpg,0,-0.019853784,0.49503672
PCOS/noninfected/Image_247.jpg,0,-0.49233022,0.37934476
PCOS/noninfected/Image_248.jpg,0,-0.49233022,0.37934476
PCOS/noninfected/Image_249.jpg,0,-0.04605995,0.48848704
PCOS/noninfected/Image_250.jpg,0,-0.04605995,0.48848704
PCOS/noninfected/Image_251.jpg,0,0.062054843,0.5155087
PCOS/noninfected/Image_252.jpg,0,0.062054843,0.5155087
PCOS/noninfected/Image_253.jpg,0,4.782955,0.99169827
PCOS/noninfected/Image_254.jpg,0,4.782955,0.99169827
PCOS/noninfected/Image_255.jpg,0,-0.6589286,0.34098035
PCOS/noninfected/Image_256.jpg,0,-0.6589286,0.34098035
PCOS/noninfected/Image_257.jpg,0,-0.33015397,0.41820315
PCOS/noninfected/Image_258.jpg,0,-0.33015397,0.41820315
PCOS/noninfected/Image_259.jpg,0,-0.21195823,0.44720793
PCOS/noninfected/Image_260.jpg,0,-0.21195823,0.44720793
PCOS/noninfected/Image_261.jpg,0,0.82866067,0.6960716
PCOS/noninfected/Image_262.jpg,0,0.82866067,0.6960716
PCOS/noninfected/Image_263.jpg,0,8.685851,0.9998311
PCOS/noninfected/Image_264.jpg,0,8.685851,0.9998311
PCOS/noninfected/Image_265.jpg,0,-0.35801238,0.4114408
PCOS/noninfected/Image_266.jpg,0,-0.35801238,0.4114408
PCOS/noninfected/Image_267.jpg,0,0.60936874,0.64779675
PCOS/noninfected/Image_268.jpg,0,0.60936874,0.64779675
PCOS/noninfected/Image_269.jpg,0,-0.3988481,0.40158916
PCOS/noninfected/Image_270.jpg,0,-0.3988481,0.40158916
PCOS/noninfected/Image_271.jpg,0,1.7836304,0.85614455
PCOS/noninfected/Image_272.jpg,0,1.7836304,0.85614455
PCOS/noninfected/Image_273.jpg,0,-0.16491583,0.45886427
PCOS/noninfected/Image_274.jpg,0,-0.16491583,0.45886427
PCOS/noninfected/Image_275.jpg,0,2.6097336,0.93148535
PCOS/noninfected/Image_276.jpg,0,2.6097336,0.93148535
PCOS/noninfected/Image_277.jpg,0,-0.20931435,0.44786164
PCOS/noninfected/Image_278.jpg,0,-0.20931435,0.44786164
PCOS/noninfected/Image_279.jpg,0,-0.7569519,0.3193084
PCOS/noninfected/Image_280.jpg,0,-0.7569519,0.3193084
PCOS/noninfected/Image_281.jpg,0,5.2800117,0.9949334
PCOS/noninfected/Image_282.jpg,0,5.2800117,0.9949334
PCOS/noninfected/Image_283.jpg,0,2.230397,0.9029461
PCOS/noninfected/Image_284.jpg,0,2.230397,0.9029461
PCOS/noninfected/Image_285.jpg,0,0.16274816,0.5405975
PCOS/noninfected/Image_286.jpg,0,0.16274816,0.5405975
PCOS/noninfected/Image_287.jpg,0,1.6494992,0.8388234
PCOS/noninfected/Image_288.jpg,0,1.6494992,0.8388234
PCOS/noninfected/Image_289.jpg,0,-0.21124499,0.44738427
PCOS/noninfected/Image_290.jpg,0,-0.21124499,0.44738427
PCOS/noninfected/Image_291.jpg,0,8.410584,0.9997776
PCOS/noninfected/Image_292.jpg,0,8.410584,0.9997776
PCOS/noninfected/Image_293.jpg,0,0.15417075,0.5384665
PCOS/noninfected/Image_294.jpg,0,0.15417075,0.5384665
PCOS/noninfected/Image_295.jpg,0,-0.0266757,0.49333146
PCOS/noninfected/Image_296.jpg,0,-0.0266757,0.49333146
PCOS/noninfected/Image_297.jpg,0,-0.060425386,0.48489827
PCOS/noninfected/Image_298.jpg,0,-0.060425386,0.48489827
PCOS/noninfected/Image_299.jpg,0,-0.18865564,0.4529755
PCOS/noninfected/Image_300.jpg,0,-0.18865564,0.4529755
PCOS/noninfected/Image_301.jpg,0,1.0716722,0.7449148
PCOS/noninfected/Image_302.jpg,0,1.0716722,0.7449148
PCOS/noninfected/Image_303.jpg,0,-0.083652645,0.47909904
PCOS/noninfected/Image_304.jpg,0,-0.083652645,0.47909904
PCOS/noninfected/Image_305.jpg,0,-0.13423671,0.46649113
PCOS/noninfected/Image_306.jpg,0,-0.13423671,0.46649113
PCOS/noninfected/Image_307.jpg,0,2.1611662,0.8967076
PCOS/noninfected/Image_308.jpg,0,2.1611662,0.8967076
PCOS/noninfected/Image_309.jpg,0,-0.34681734,0.4141544
PCOS/noninfected/Image_310.jpg,0,-0.34681734,0.4141544
PCOS/noninfected/Image_311.jpg,0,6.300146,0.9981673
PCOS/noninfected/Image_312.jpg,0,6.300146,0.9981673
PCOS/noninfected/Image_313.jpg,0,-0.42402273,0.39555457
PCOS/noninfected/Image_314.jpg,0,-0.42402273,0.39555457
PCOS/noninfected/Image_315.jpg,0,0.16265893,0.5405753
PCOS/noninfected/Image_316.jpg,0,0.16265893,0.5405753
PCOS/noninfected/Image_317.jpg,0,0.04364907,0.5109105
PCOS/noninfected/Image_318.jpg,0,0.04364907,0.5109105
PCOS/noninfected/Image_319.jpg,0,1.856379,0.8648743
PCOS/noninfected/Image_320.jpg,0,1.856379,0.8648743
PCOS/noninfected/Image_321.jpg,0,-0.08439051,0.4789149
PCOS/noninfected/Image_322.jpg,0,-0.08439051,0.4789149
PCOS/noninfected/Image_323.jpg,0,-0.32069454,0.42050648
PCOS/noninfected/Image_324.jpg,0,-0.32069454,0.42050648
PCOS/noninfected/Image_325.jpg,0,-0.37765864,0.40669173
PCOS/noninfected/Image_326.jpg,0,-0.37765864,0.40669173
PCOS/noninfected/Image_327.jpg,0,0.6108394,0.64813226
PCOS/noninfected/Image_328.jpg,0,0.6108394,0.64813226
PCOS/noninfected/Image_329.jpg,0,8.222009,0.99973136
PCOS/noninfected/Image_330.jpg,0,8.222009,0.99973136
PCOS/noninfected/Image_331.jpg,0,1.8518151,0.86434007
PCOS/noninfected/Image_332.jpg,0,1.8518151,0.86434007
PCOS/noninfected/Image_333.jpg,0,-0.21142873,0.44733885
PCOS/noninfected/Image_334.jpg,0,-0.21142873,0.44733885
PCOS/noninfected/Image_335.jpg,0,0.39463422,0.59739774
PCOS/noninfected/Image_336.jpg,0,0.39463422,0.59739774
PCOS/noninfected/Image_337.jpg,0,-0.16085638,0.4598724
PCOS/noninfected/Image_338.jpg,0,-0.16085638,0.4598724
PCOS/noninfected/Image_339.jpg,0,-0.5751337,0.3600531
PCOS/noninfected/Image_340.jpg,0,-0.5751337,0.3600531
PCOS/noninfected/Image_341.jpg,0,9.517419,0.99992645
PCOS/noninfected/Image_342.jpg,0,9.517419,0.99992645
PCOS/noninfected/Image_343.jpg,0,0.17313576,0.5431761
PCOS/noninfected/Image_344.jpg,0,0.17313576,0.5431761
PCOS/noninfected/Image_345.jpg,0,-0.469731,0.3846799
PCOS/noninfected/Image_346.jpg,0,-0.469731,0.3846799
PCOS/noninfected/Image_347.jpg,0,0.50600874,0.6238703
PCOS/noninfected/Image_348.jpg,0,0.50600874,0.6238703
PCOS/noninfected/Image_349.jpg,0,0.38653556,0.59544843
PCOS/noninfected/Image_350.jpg,0,0.38653556,0.59544843
PCOS/noninfected/Image_351.jpg,0,-0.040122136,0.4899708
PCOS/noninfected/Image_352.jpg,0,-0.040122136,0.4899708
PCOS/noninfected/Image_353.jpg,0,1.6804093,0.84295875
PCOS/noninfected/Image_354.jpg,0,1.6804093,0.84295875
PCOS/noninfected/Image_355.jpg,0,-0.4100884,0.39889094
PCOS/noninfected/Image_356.jpg,0,-0.4100884,0.39889094
PCOS/noninfected/Image_357.jpg,0,-0.021270404,0.4946826
PCOS/noninfected/Image_358.jpg,0,-0.021270404,0.4946826
PCOS/noninfected/Image_359.jpg,0,3.294273,0.96423185
PCOS/noninfected/Image_360.jpg,0,3.294273,0.96423185
PCOS/noninfected/Image_361.jpg,0,-0.55149686,0.3655172
PCOS/noninfected/Image_362.jpg,0,-0.55149686,0.3655172
PCOS/noninfected/Image_363.jpg,0,-0.37940165,0.4062712
PCOS/noninfected/Image_364.jpg,0,-0.37940165,0.4062712
PCOS/noninfected/Image_365.jpg,0,-0.30655402,0.4239561
PCOS/noninfected/Image_366.jpg,0,-0.30655402,0.4239561
PCOS/noninfected/Image_367.jpg,0,0.06537428,0.51633775
PCOS/noninfected/Image_368.jpg,0,0.06537428,0.51633775
PCOS/noninfected/Image_369.jpg,0,-0.1467227,0.46338496
PCOS/noninfected/Image_370.jpg,0,-0.1467227,0.46338496
PCOS/noninfected/Image_371.jpg,0,0.10661754,0.52662915
PCOS/noninfected/Image_372.jpg,0,0.10661754,0.52662915
PCOS/noninfected/Image_373.jpg,0,5.1171722,0.9940428
PCOS/noninfected/Image_374.jpg,0,5.1171722,0.9940428
PCOS/noninfected/Image_375.jpg,0,4.3241353,0.98692816
PCOS/noninfected/Image_376.jpg,0,4.3241353,0.98692816
PCOS/noninfected/Image_377.jpg,0,-0.19942266,0.4503089
PCOS/noninfected/Image_378.jpg,0,-0.19942266,0.4503089
PCOS/noninfected/Image_379.jpg,0,1.7539828,0.8524545
PCOS/noninfected/Image_380.jpg,0,1.7539828,0.8524545
PCOS/noninfected/Image_381.jpg,0,6.2969565,0.9981615
PCOS/noninfected/Image_382.jpg,0,6.2969565,0.9981615
PCOS/noninfected/Image_383.jpg,0,0.60194117,0.6461003
PCOS/noninfected/Image_384.jpg,0,0.60194117,0.6461003
PCOS/noninfected/Image_385.jpg,0,7.3392553,0.99935085
PCOS/noninfected/Image_386.jpg,0,7.3392553,0.99935085
PCOS/noninfected/Image_387.jpg,0,-0.3401489,0.41577333
PCOS/noninfected/Image_388.jpg,0,-0.3401489,0.41577333
PCOS/noninfected/Image_389.jpg,0,-0.41556975,0.39757738
PCOS/noninfected/Image_390.jpg,0,-0.41556975,0.39757738
PCOS/noninfected/Image_391.jpg,0,0.036683135,0.50916976
PCOS/noninfected/Image_392.jpg,0,0.036683135,0.50916976
PCOS/noninfected/Image_393.jpg,0,0.11997154,0.52995694
PCOS/noninfected/Image_394.jpg,0,0.11997154,0.52995694
PCOS/noninfected/Image_395.jpg,0,0.482456,0.6183276
PCOS/noninfected/Image_396.jpg,0,0.482456,0.6183276
PCOS/noninfected/Image_397.jpg,0,0.0855637,0.52137786
PCOS/noninfected/Image_398.jpg,0,0.0855637,0.52137786
PCOS/noninfected/Image_399.jpg,0,-0.0068050716,0.49829873
PCOS/noninfected/Image_400.jpg,0,-0.0068050716,0.49829873
PCOS/noninfected/Image_401.jpg,0,-0.2362012,0.44122276
PCOS/noninfected/Image_402.jpg,0,-0.2362012,0.44122276
PCOS/noninfected/Image_403.jpg,0,-0.3268809,0.41899976
PCOS/noninfected/Image_404.jpg,0,-0.3268809,0.41899976
PCOS/noninfected/Image_405.jpg,0,0.09655844,0.52412087
PCOS/noninfected/Image_406.jpg,0,0.09655844,0.52412087
PCOS/noninfected/Image_407.jpg,0,3.9055493,0.9802673
PCOS/noninfected/Image_408.jpg,0,3.9055493,0.9802673
PCOS/noninfected/Image_409.jpg,0,-0.09437169,0.4764246
PCOS/noninfected/Image_410.jpg,0,-0.09437169,0.4764246
PCOS/noninfected/Image_411.jpg,0,-0.32505906,0.4194433
PCOS/noninfected/Image_412.jpg,0,-0.32505906,0.4194433
PCOS/noninfected/Image_413.jpg,0,0.16001341,0.53991824
PCOS/noninfected/Image_414.jpg,0,0.16001341,0.53991824
PCOS/noninfected/Image_415.jpg,0,1.9512721,0.8755853
PCOS/noninfected/Image_416.jpg,0,1.9512721,0.8755853
PCOS/noninfected/Image_417.jpg,0,-0.26799864,0.4333985
PCOS/noninfected/Image_418.jpg,0,-0.26799864,0.4333985
PCOS/noninfected/Image_419.jpg,0,0.7241738,0.67352545
PCOS/noninfected/Image_420.jpg,0,0.7241738,0.67352545
PCOS/noninfected/Image_421.jpg,0,0.34483993,0.5853658
PCOS/noninfected/Image_422.jpg,0,0.34483993,0.5853658
PCOS/noninfected/Image_423.jpg,0,0.06847342,0.51711166
PCOS/noninfected/Image_424.jpg,0,0.06847342,0.51711166
PCOS/noninfected/Image_425.jpg,0,-0.32263127,0.42003462
PCOS/noninfected/Image_426.jpg,0,-0.32263127,0.42003462
PCOS/noninfected/Image_427.jpg,0,-0.020532036,0.49486715
PCOS/noninfected/Image_428.jpg,0,-0.020532036,0.49486715
PCOS/noninfected/Image_429.jpg,0,6.489198,0.9984825
PCOS/noninfected/Image_430.jpg,0,6.489198,0.9984825
PCOS/noninfected/Image_431.jpg,0,2.1671028,0.8972562
PCOS/noninfected/Image_432.jpg,0,2.1671028,0.8972562
PCOS/noninfected/Image_433.jpg,0,-0.28817794,0.42844996
PCOS/noninfected/Image_434.jpg,0,-0.28817794,0.42844996
PCOS/noninfected/Image_435.jpg,0,0.61487377,0.6490518
PCOS/noninfected/Image_436.jpg,0,0.61487377,0.6490518
PCOS/noninfected/Image_437.jpg,0,2.5758817,0.9292931
PCOS/noninfected/Image_438.jpg,0,2.5758817,0.9292931
PCOS/noninfected/Image_439.jpg,0,5.6221623,0.99639624
PCOS/noninfected/Image_440.jpg,0,5.6221623,0.99639624
PCOS/noninfected/Image_441.jpg,0,-0.3485814,0.4137265
PCOS/noninfected/Image_442.jpg,0,-0.3485814,0.4137265
PCOS/noninfected/Image_443.jpg,0,-0.091583245,0.4771202
PCOS/noninfected/Image_444.jpg,0,-0.091583245,0.4771202
PCOS/noninfected/Image_445.jpg,0,-0.37935242,0.40628308
PCOS/noninfected/Image_446.jpg,0,-0.37935242,0.40628308
PCOS/noninfected/Image_447.jpg,0,0.12857647,0.5320999
PCOS/noninfected/Image_448.jpg,0,0.12857647,0.5320999
PCOS/noninfected/Image_449.jpg,0,0.16001594,0.53991884
PCOS/noninfected/Image_450.jpg,0,0.16001594,0.53991884
PCOS/noninfected/Image_451.jpg,0,-0.30296463,0.4248329
PCOS/noninfected/Image_452.jpg,0,-0.30296463,0.4248329
PCOS/noninfected/Image_453.jpg,0,0.5672535,0.63812923
PCOS/noninfected/Image_454.jpg,0,0.5672535,0.63812923
PCOS/noninfected/Image_455.jpg,0,0.9365863,0.7184096
PCOS/noninfected/Image_456.jpg,0,0.9365863,0.7184096
PCOS/noninfected/Image_457.jpg,0,1.5630523,0.82679087
PCOS/noninfected/Image_458.jpg,0,1.5630523,0.82679087
PCOS/noninfected/Image_459.jpg,0,0.48541364,0.6190254
PCOS/noninfected/Image_460.jpg,0,0.48541364,0.6190254
PCOS/noninfected/Image_461.jpg,0,5.6402454,0.9964606
PCOS/noninfected/Image_462.jpg,0,5.6402454,0.9964606
PCOS/noninfected/Image_463.jpg,0,-0.010802858,0.4972993
PCOS/noninfected/Image_464.jpg,0,-0.010802858,0.4972993
PCOS/noninfected/Image_465.jpg,0,5.860119,0.9971572
PCOS/noninfected/Image_466.jpg,0,5.860119,0.9971572
PCOS/noninfected/Image_467.jpg,0,-0.38297263,0.40541014
PCOS/noninfected/Image_468.jpg,0,-0.38297263,0.40541014
PCOS/noninfected/Image_469.jpg,0,0.12128696,0.53028464
PCOS/noninfected/Image_470.jpg,0,0.12128696,0.53028464
PCOS/noninfected/Image_471.jpg,0,1.4585261,0.8113072
PCOS/noninfected/Image_472.jpg,0,1.4585261,0.8113072
PCOS/noninfected/Image_473.jpg,0,2.6746235,0.93551254
PCOS/noninfected/Image_474.jpg,0,2.6746235,0.93551254
PCOS/noninfected/Image_475.jpg,0,-0.045642696,0.48859128
PCOS/noninfected/Image_476.jpg,0,-0.045642696,0.48859128
PCOS/noninfected/Image_477.jpg,0,-0.11811249,0.47050616
PCOS/noninfected/Image_478.jpg,0,-0.11811249,0.47050616
PCOS/noninfected/Image_479.jpg,0,0.17103532,0.5426549
PCOS/noninfected/Image_480.jpg,0,0.17103532,0.5426549
PCOS/noninfected/Image_481.jpg,0,-0.30211583,0.42504033
PCOS/noninfected/Image_482.jpg,0,-0.30211583,0.42504033
PCOS/noninfected/Image_483.jpg,0,5.6792564,0.99659556
PCOS/noninfected/Image_484.jpg,0,5.6792564,0.99659556
PCOS/noninfected/Image_485.jpg,0,0.49509874,0.62130684
PCOS/noninfected/Image_486.jpg,0,0.49509874,0.62130684
PCOS/noninfected/Image_487.jpg,0,-0.27377596,0.43198034
PCOS/noninfected/Image_488.jpg,0,-0.27377596,0.43198034
PCOS/noninfected/Image_489.jpg,0,0.11033497,0.52755576
PCOS/noninfected/Image_490.jpg,0,0.11033497,0.52755576
PCOS/noninfected/Image_491.jpg,0,6.40512,0.99834967
PCOS/noninfected/Image_492.jpg,0,6.40512,0.99834967
PCOS/noninfected/Image_493.jpg,0,-0.21494249,0.44647035
PCOS/noninfected/Image_494.jpg,0,-0.21494249,0.44647035
PCOS/noninfected/Image_495.jpg,0,4.6412544,0.99044657
PCOS/noninfected/Image_496.jpg,0,4.6412544,0.99044657
PCOS/noninfected/Image_497.jpg,0,-0.15956245,0.4601938
PCOS/noninfected/Image_498.jpg,0,-0.15956245,0.4601938
PCOS/noninfected/Image_499.jpg,0,0.22955903,0.5571391
PCOS/noninfected/Image_500.jpg,0,0.22955903,0.5571391
PCOS/noninfected/Image_501.jpg,0,-0.060952827,0.48476657
PCOS/noninfected/Image_502.jpg,0,-0.060952827,0.48476657
PCOS/noninfected/Image_503.jpg,0,0.22965173,0.5571619
PCOS/noninfected/Image_504.jpg,0,0.22965173,0.5571619
PCOS/noninfected/Image_505.jpg,0,0.50211465,0.62295616
PCOS/noninfected/Image_506.jpg,0,0.50211465,0.62295616
PCOS/noninfected/Image_507.jpg,0,0.4823668,0.61830664
PCOS/noninfected/Image_508.jpg,0,0.4823668,0.61830664
PCOS/noninfected/Image_509.jpg,0,7.2150245,0.99926513
PCOS/noninfected/Image_510.jpg,0,7.2150245,0.99926513
PCOS/noninfected/Image_511.jpg,0,1.8954477,0.86937547
PCOS/noninfected/Image_512.jpg,0,1.8954477,0.86937547
PCOS/noninfected/Image_513.jpg,0,-0.57039875,0.36114484
PCOS/noninfected/Image_514.jpg,0,-0.57039875,0.36114484
PCOS/noninfected/Image_515.jpg,0,-0.1698707,0.45763415
PCOS/noninfected/Image_516.jpg,0,-0.1698707,0.45763415
PCOS/noninfected/Image_517.jpg,0,0.054240324,0.5135567
PCOS/noninfected/Image_518.jpg,0,0.054240324,0.5135567
PCOS/noninfected/Image_519.jpg,0,-0.15090702,0.46234468
PCOS/noninfected/Image_520.jpg,0,-0.15090702,0.46234468
PCOS/noninfected/Image_521.jpg,0,0.14511982,0.5362164
PCOS/noninfected/Image_522.jpg,0,0.14511982,0.5362164
PCOS/noninfected/Image_523.jpg,0,6.88643,0.9989795
PCOS/noninfected/Image_524.jpg,0,6.88643,0.9989795
PCOS/noninfected/Image_525.jpg,0,-0.30058122,0.4254154
PCOS/noninfected/Image_526.jpg,0,-0.30058122,0.4254154
PCOS/noninfected/Image_527.jpg,0,7.7607226,0.999574
PCOS/noninfected/Image_528.jpg,0,7.7607226,0.999574
PCOS/noninfected/Image_529.jpg,0,7.7148695,0.999554
PCOS/noninfected/Image_530.jpg,0,7.7148695,0.999554
PCOS/noninfected/Image_531.jpg,0,5.025028,0.9934715
PCOS/noninfected/Image_532.jpg,0,5.025028,0.9934715
PCOS/noninfected/Image_533.jpg,0,6.452042,0.99842525
PCOS/noninfected/Image_534.jpg,0,6.452042,0.99842525
PCOS/noninfected/Image_535.jpg,0,0.24573793,0.5611272
PCOS/noninfected/Image_536.jpg,0,0.24573793,0.5611272
PCOS/noninfected/Image_537.jpg,0,0.25599778,0.5636522
PCOS/noninfected/Image_538.jpg,0,0.25599778,0.5636522
PCOS/noninfected/Image_539.jpg,0,7.379217,0.99937636
PCOS/noninfected/Image_540.jpg,0,7.379217,0.99937636
PCOS/noninfected/Image_541.jpg,0,7.371915,0.9993717
PCOS/noninfected/Image_542.jpg,0,7.371915,0.9993717
PCOS/noninfected/Image_543.jpg,0,2.0666916,0.88762337
PCOS/noninfected/Image_544.jpg,0,2.0666916,0.88762337
PCOS/noninfected/Image_545.jpg,0,0.21597798,0.5537856
PCOS/noninfected/Image_546.jpg,0,0.21597798,0.5537856
PCOS/noninfected/Image_547.jpg,0,10.671462,0.99997675
PCOS/noninfected/Image_548.jpg,0,10.671462,0.99997675
PCOS/noninfected/Image_549.jpg,0,0.7050235,0.6693006
PCOS/noninfected/Image_550.jpg,0,0.7050235,0.6693006
PCOS/noninfected/Image_551.jpg,0,0.061214454,0.51529884
PCOS/noninfected/Image_552.jpg,0,0.061214454,0.51529884
PCOS/noninfected/Image_553.jpg,0,0.41219202,0.60161334
PCOS/noninfected/Image_554.jpg,0,0.41219202,0.60161334
PCOS/noninfected/Image_555.jpg,0,5.1489487,0.994228
PCOS/noninfected/Image_556.jpg,0,5.1489487,0.994228
PCOS/noninfected/Image_557.jpg,0,-0.04435847,0.48891214
PCOS/noninfected/Image_558.jpg,0,-0.04435847,0.48891214
PCOS/noninfected/Image_559.jpg,0,-0.3915751,0.40333816
PCOS/noninfected/Image_560.jpg,0,-0.3915751,0.40333816
PCOS/noninfected/Image_561.jpg,0,0.8434369,0.6991886
PCOS/noninfected/Image_562.jpg,0,0.8434369,0.6991886
PCOS/noninfected/Image_563.jpg,0,-0.32757425,0.41883096
PCOS/noninfected/Image_564.jpg,0,-0.32757425,0.41883096
PCOS/noninfected/Image_565.jpg,0,6.323877,0.9982102
PCOS/noninfected/Image_566.jpg,0,6.323877,0.9982102
PCOS/noninfected/Image_567.jpg,0,5.37647,0.99539715
PCOS/noninfected/Image_568.jpg,0,5.37647,0.99539715
PCOS/noninfected/Image_569.jpg,0,-0.05932582,0.48517287
PCOS/noninfected/Image_570.jpg,0,-0.05932582,0.48517287
PCOS/noninfected/Image_571.jpg,0,-0.27649,0.4313145
PCOS/noninfected/Image_572.jpg,0,-0.27649,0.4313145
PCOS/noninfected/Image_573.jpg,0,-0.19374512,0.45171466
PCOS/noninfected/Image_574.jpg,0,-0.19374512,0.45171466
PCOS/noninfected/Image_575.jpg,0,-0.25018227,0.43777868
PCOS/noninfected/Image_576.jpg,0,-0.25018227,0.43777868
PCOS/noninfected/Image_577.jpg,0,7.816027,0.999597
PCOS/noninfected/Image_578.jpg,0,7.816027,0.999597
PCOS/noninfected/Image_579.jpg,0,0.69169825,0.6663446
PCOS/noninfected/Image_580.jpg,0,0.69169825,0.6663446
PCOS/noninfected/Image_581.jpg,0,-0.13660866,0.46590084
PCOS/noninfected/Image_582.jpg,0,-0.13660866,0.46590084
PCOS/noninfected/Image_583.jpg,0,6.7801266,0.9988651
PCOS/noninfected/Image_584.jpg,0,6.7801266,0.9988651
PCOS/noninfected/Image_585.jpg,0,5.825367,0.99705696
PCOS/noninfected/Image_586.jpg,0,5.825367,0.99705696
PCOS/noninfected/Image_587.jpg,0,0.38649544,0.5954388
PCOS/noninfected/Image_588.jpg,0,0.38649544,0.5954388
PCOS/noninfected/Image_589.jpg,0,6.93252,0.99902546
PCOS/noninfected/Image_590.jpg,0,6.93252,0.99902546
PCOS/noninfected/Image_591.jpg,0,-0.2414349,0.43993276
PCOS/noninfected/Image_592.jpg,0,-0.2414349,0.43993276
PCOS/noninfected/Image_593.jpg,0,0.61466825,0.64900494
PCOS/noninfected/Image_594.jpg,0,0.61466825,0.64900494
PCOS/noninfected/Image_595.jpg,0,-0.3380982,0.41627154
PCOS/noninfected/Image_596.jpg,0,-0.3380982,0.41627154
PCOS/noninfected/Image_597.jpg,0,-0.07036304,0.48241654
PCOS/noninfected/Image_598.jpg,0,-0.07036304,0.48241654
PCOS/noninfected/Image_599.jpg,0,0.093264475,0.5232992
PCOS/noninfected/Image_600.jpg,0,0.093264475,0.5232992
PCOS/noninfected/Image_601.jpg,0,0.13286187,0.5331667
PCOS/noninfected/Image_602.jpg,0,0.13286187,0.5331667
PCOS/noninfected/Image_603.jpg,0,6.834347,0.9989249
PCOS/noninfected/Image_604.jpg,0,6.834347,0.9989249
PCOS/noninfected/Image_605.jpg,0,-0.20531453,0.44885093
PCOS/noninfected/Image_606.jpg,0,-0.20531453,0.44885093
PCOS/noninfected/Image_607.jpg,0,-0.41515955,0.3976756
PCOS/noninfected/Image_608.jpg,0,-0.41515955,0.3976756
PCOS/noninfected/Image_609.jpg,0,-0.41785708,0.39702967
PCOS/noninfected/Image_610.jpg,0,-0.41785708,0.39702967
PCOS/noninfected/Image_611.jpg,0,8.868112,0.9998592
PCOS/noninfected/Image_612.jpg,0,8.868112,0.9998592
PCOS/noninfected/Image_613.jpg,0,-0.49618545,0.37843752
PCOS/noninfected/Image_614.jpg,0,-0.49618545,0.37843752
PCOS/noninfected/Image_615.jpg,0,8.163249,0.99971515
PCOS/noninfected/Image_616.jpg,0,8.163249,0.99971515
PCOS/noninfected/Image_617.jpg,0,2.1671734,0.89726275
PCOS/noninfected/Image_618.jpg,0,2.1671734,0.89726275
PCOS/noninfected/Image_619.jpg,0,0.14059386,0.5350907
PCOS/noninfected/Image_620.jpg,0,0.14059386,0.5350907
PCOS/noninfected/Image_621.jpg,0,-0.278644,0.43078628
PCOS/noninfected/Image_622.jpg,0,-0.278644,0.43078628
PCOS/noninfected/Image_623.jpg,0,0.16114053,0.5401982
PCOS/noninfected/Image_624.jpg,0,0.16114053,0.5401982
PCOS/noninfected/Image_625.jpg,0,0.22185683,0.5552378
PCOS/noninfected/Image_626.jpg,0,0.22185683,0.5552378
PCOS/noninfected/Image_627.jpg,0,0.10818331,0.5270195
PCOS/noninfected/Image_628.jpg,0,0.10818331,0.5270195
PCOS/noninfected/Image_629.jpg,0,-0.3917946,0.40328535
PCOS/noninfected/Image_630.jpg,0,-0.3917946,0.40328535
PCOS/noninfected/Image_631.jpg,0,0.10288408,0.52569836
PCOS/noninfected/Image_632.jpg,0,0.10288408,0.52569836
PCOS/noninfected/Image_633.jpg,0,4.0707736,0.98322207
PCOS/noninfected/Image_634.jpg,0,4.0707736,0.98322207
PCOS/noninfected/Image_635.jpg,0,7.5626125,0.9994808
PCOS/noninfected/Image_636.jpg,0,7.5626125,0.9994808
PCOS/noninfected/Image_637.jpg,0,0.38287726,0.5945669
PCOS/noninfected/Image_638.jpg,0,0.38287726,0.5945669
PCOS/noninfected/Image_639.jpg,0,-0.31497172,0.42190164
PCOS/noninfected/Image_640.jpg,0,-0.31497172,0.42190164
PCOS/noninfected/Image_641.jpg,0,7.3303576,0.9993451
PCOS/noninfected/Image_642.jpg,0,7.3303576,0.9993451
PCOS/noninfected/Image_643.jpg,0,0.7077518,0.6699042
PCOS/noninfected/Image_644.jpg,0,0.7077518,0.6699042
PCOS/noninfected/Image_645.jpg,0,1.7211611,0.8482784
PCOS/noninfected/Image_646.jpg,0,1.7211611,0.8482784
PCOS/noninfected/Image_647.jpg,0,-0.097251564,0.47570625
PCOS/noninfected/Image_648.jpg,0,-0.097251564,0.47570625
PCOS/noninfected/Image_649.jpg,0,0.7127054,0.6709987
PCOS/noninfected/Image_650.jpg,0,0.7127054,0.6709987
PCOS/noninfected/Image_651.jpg,0,0.0054997206,0.5013749
PCOS/noninfected/Image_652.jpg,0,0.0054997206,0.5013749
PCOS/noninfected/Image_653.jpg,0,-0.021410348,0.4946476
PCOS/noninfected/Image_654.jpg,0,-0.021410348,0.4946476
PCOS/noninfected/Image_655.jpg,0,3.87785,0.9797243
PCOS/noninfected/Image_656.jpg,0,3.87785,0.9797243
PCOS/noninfected/Image_657.jpg,0,-0.090649344,0.47735322
PCOS/noninfected/Image_658.jpg,0,-0.090649344,0.47735322
PCOS/noninfected/Image_659.jpg,0,4.905253,0.99264693
PCOS/noninfected/Image_660.jpg,0,4.905253,0.99264693
PCOS/noninfected/Image_661.jpg,0,-0.7562431,0.3194625
PCOS/noninfected/Image_662.jpg,0,-0.7562431,0.3194625
PCOS/noninfected/Image_663.jpg,0,6.6858025,0.9987531
PCOS/noninfected/Image_664.jpg,0,6.6858025,0.9987531
PCOS/noninfected/Image_665.jpg,0,0.6032315,0.64639527
PCOS/noninfected/Image_666.jpg,0,0.6032315,0.64639527
PCOS/noninfected/Image_667.jpg,0,0.8059959,0.6912556
PCOS/noninfected/Image_668.jpg,0,0.8059959,0.6912556
PCOS/noninfected/Image_669.jpg,0,1.442104,0.80878025
PCOS/noninfected/Image_670.jpg,0,1.442104,0.80878025
PCOS/noninfected/Image_671.jpg,0,-1.3181973,0.21111837
PCOS/noninfected/Image_672.jpg,0,-1.3181973,0.21111837
PCOS/noninfected/Image_673.jpg,0,-0.6105473,0.35193437
PCOS/noninfected/Image_674.jpg,0,-0.6105473,0.35193437
PCOS/noninfected/Image_675.jpg,0,-0.11292681,0.47179827
PCOS/noninfected/Image_676.jpg,0,-0.11292681,0.47179827
PCOS/noninfected/Image_677.jpg,0,6.1910534,0.9979565
PCOS/noninfected/Image_678.jpg,0,6.1910534,0.9979565
PCOS/noninfected/Image_679.jpg,0,-0.08413261,0.4789792
PCOS/noninfected/Image_680.jpg,0,-0.08413261,0.4789792
PCOS/noninfected/Image_681.jpg,0,0.23940772,0.5595677
PCOS/noninfected/Image_682.jpg,0,0.23940772,0.5595677
PCOS/noninfected/Image_683.jpg,0,-0.075692184,0.481086
PCOS/noninfected/Image_684.jpg,0,-0.075692184,0.481086
PCOS/noninfected/Image_685.jpg,0,-0.3367491,0.41659936
PCOS/noninfected/Image_686.jpg,0,-0.3367491,0.41659936
PCOS/noninfected/Image_687.jpg,0,4.500276,0.9890161
PCOS/noninfected/Image_688.jpg,0,4.500276,0.9890161
PCOS/noninfected/Image_689.jpg,0,8.400136,0.99977523
PCOS/noninfected/Image_690.jpg,0,8.400136,0.99977523
PCOS/noninfected/Image_691.jpg,0,-0.25003704,0.4378144
PCOS/noninfected/Image_692.jpg,0,-0.25003704,0.4378144
PCOS/noninfected/Image_693.jpg,0,0.08341017,0.5208404
PCOS/noninfected/Image_694.jpg,0,0.08341017,0.5208404
PCOS/noninfected/Image_695.jpg,0,0.30468866,0.57558835
PCOS/noninfected/Image_696.jpg,0,0.30468866,0.57558835
PCOS/noninfected/Image_697.jpg,0,-0.059056118,0.48524022
PCOS/noninfected/Image_698.jpg,0,-0.059056118,0.48524022
PCOS/noninfected/Image_699.jpg,0,-0.11364567,0.4716191
PCOS/noninfected/Image_700.jpg,0,-0.11364567,0.4716191
PCOS/noninfected/Image_701.jpg,0,-0.27189454,0.43244207
PCOS/noninfected/Image_702.jpg,0,-0.27189454,0.43244207
PCOS/noninfected/Image_703.jpg,0,0.1194237,0.52982044
PCOS/noninfected/Image_704.jpg,0,0.1194237,0.52982044
PCOS/noninfected/Image_705.jpg,0,0.51921344,0.62696385
PCOS/noninfected/Image_706.jpg,0,0.51921344,0.62696385
PCOS/noninfected/Image_707.jpg,0,0.30583742,0.5758689
PCOS/noninfected/Image_708.jpg,0,0.30583742,0.5758689
PCOS/noninfected/Image_709.jpg,0,-0.40241423,0.40073243
PCOS/noninfected/Image_710.jpg,0,-0.40241423,0.40073243
PCOS/noninfected/Image_711.jpg,0,0.15959577,0.5398145
PCOS/noninfected/Image_712.jpg,0,0.15959577,0.5398145
PCOS/noninfected/Image_713.jpg,0,-0.10988054,0.4725575
PCOS/noninfected/Image_714.jpg,0,-0.10988054,0.4725575
PCOS/noninfected/Image_715.jpg,0,-0.22803321,0.44323742
PCOS/noninfected/Image_716.jpg,0,-0.22803321,0.44323742
PCOS/noninfected/Image_717.jpg,0,-0.2921573,0.42747578
PCOS/noninfected/Image_718.jpg,0,-0.2921573,0.42747578
PCOS/noninfected/Image_719.jpg,0,0.095918454,0.52396125
PCOS/noninfected/Image_720.jpg,0,0.095918454,0.52396125
PCOS/noninfected/Image_721.jpg,0,2.3133864,0.90997964
PCOS/noninfected/Image_722.jpg,0,2.3133864,0.90997964
PCOS/noninfected/Image_723.jpg,0,9.95938,0.9999527
PCOS/noninfected/Image_724.jpg,0,9.95938,0.9999527
PCOS/noninfected/Image_725.jpg,0,-0.055532187,0.48612055
PCOS/noninfected/Image_726.jpg,0,-0.055532187,0.48612055
PCOS/noninfected/Image_727.jpg,0,6.306019,0.998178
PCOS/noninfected/Image_728.jpg,0,6.306019,0.998178
PCOS/noninfected/Image_729.jpg,0,-0.2838944,0.42949927
PCOS/noninfected/Image_730.jpg,0,-0.2838944,0.42949927
PCOS/noninfected/Image_731.jpg,0,2.4651039,0.92165893
PCOS/noninfected/Image_732.jpg,0,2.4651039,0.92165893
PCOS/noninfected/Image_733.jpg,0,10.631505,0.9999758
PCOS/noninfected/Image_734.jpg,0,10.631505,0.9999758
PCOS/noninfected/Image_735.jpg,0,7.168562,0.99923015
PCOS/noninfected/Image_736.jpg,0,7.168562,0.99923015
PCOS/noninfected/Image_737.jpg,0,6.3887663,0.9983224
PCOS/noninfected/Image_738.jpg,0,6.3887663,0.9983224
PCOS/noninfected/Image_739.jpg,0,0.07079703,0.5176919
PCOS/noninfected/Image_740.jpg,0,0.07079703,0.5176919
PCOS/noninfected/Image_741.jpg,0,6.909296,0.9990025
PCOS/noninfected/Image_742.jpg,0,6.909296,0.9990025
PCOS/noninfected/Image_743.jpg,0,0.1275925,0.5318549
PCOS/noninfected/Image_744.jpg,0,0.1275925,0.5318549
PCOS/noninfected/Image_745.jpg,0,-0.4050159,0.40010783
PCOS/noninfected/Image_746.jpg,0,-0.4050159,0.40010783
PCOS/noninfected/Image_747.jpg,0,0.6128931,0.64860046
PCOS/noninfected/Image_748.jpg,0,0.6128931,0.64860046
PCOS/noninfected/Image_749.jpg,0,-0.05811906,0.48547432
PCOS/noninfected/Image_750.jpg,0,-0.05811906,0.48547432
PCOS/noninfected/Image_751.jpg,0,7.6448517,0.99952173
PCOS/noninfected/Image_752.jpg,0,7.6448517,0.99952173
PCOS/noninfected/Image_753.jpg,0,-0.2570849,0.43608043
PCOS/noninfected/Image_754.jpg,0,-0.2570849,0.43608043
PCOS/noninfected/Image_755.jpg,0,1.5012088,0.8177547
PCOS/noninfected/Image_756.jpg,0,1.5012088,0.8177547
PCOS/noninfected/Image_757.jpg,0,0.10635906,0.5265647
PCOS/noninfected/Image_758.jpg,0,0.10635906,0.5265647
PCOS/noninfected/Image_759.jpg,0,1.9855471,0.8792712
PCOS/noninfected/Image_760.jpg,0,1.9855471,0.8792712
PCOS/noninfected/Image_761.jpg,0,-0.35370538,0.41248417
PCOS/noninfected/Image_762.jpg,0,-0.35370538,0.41248417
PCOS/noninfected/Image_763.jpg,0,-0.11643417,0.4709243
PCOS/noninfected/Image_764.jpg,0,-0.11643417,0.4709243
PCOS/noninfected/Image_765.jpg,0,-0.06197551,0.4845111
PCOS/noninfected/Image_766.jpg,0,-0.06197551,0.4845111
PCOS/noninfected/Image_767.jpg,0,-0.2585684,0.43571568
PCOS/noninfected/Image_768.jpg,0,-0.2585684,0.43571568
PCOS/noninfected/Image_769.jpg,0,0.8171496,0.69363093
PCOS/noninfected/Image_770.jpg,0,0.8171496,0.69363093
PCOS/noninfected/Image_771.jpg,0,0.042813644,0.5107018
PCOS/noninfected/Image_772.jpg,0,0.042813644,0.5107018
PCOS/noninfected/Image_773.jpg,0,4.903552,0.9926345
PCOS/noninfected/Image_774.jpg,0,4.903552,0.9926345
PCOS/noninfected/Image_775.jpg,0,0.101808116,0.5254301
PCOS/noninfected/Image_776.jpg,0,0.101808116,0.5254301
PCOS/noninfected/Image_777.jpg,0,-0.18844596,0.45302746
PCOS/noninfected/Image_778.jpg,0,-0.18844596,0.45302746
PCOS/noninfected/Image_779.jpg,0,-0.11557427,0.47113857
PCOS/noninfected/Image_780.jpg,0,-0.11557427,0.47113857
PCOS/noninfected/Image_781.jpg,0,-0.21711141,0.44593433
PCOS/noninfected/Image_782.jpg,0,-0.21711141,0.44593433
PCOS/noninfected/Image_783.jpg,0,4.518491,0.98921216
PCOS/noninfected/Image_784.jpg,0,4.518491,0.98921216
PCOS/noninfected/Image_785.jpg,0,-0.36255047,0.4103423
PCOS/noninfected/Image_786.jpg,0,-0.36255047,0.4103423
PCOS/noninfected/Image_787.jpg,0,1.6081551,0.8331551
PCOS/noninfected/Image_788.jpg,0,1.6081551,0.8331551
PCOS/noninfected/Image_789.jpg,0,2.7311873,0.93884206
PCOS/noninfected/Image_790.jpg,0,2.7311873,0.93884206
PCOS/noninfected/Image_791.jpg,0,0.8017337,0.69034517
PCOS/noninfected/Image_792.jpg,0,0.8017337,0.69034517
PCOS/noninfected/Image_793.jpg,0,5.6023207,0.9963243
PCOS/noninfected/Image_794.jpg,0,5.6023207,0.9963243
PCOS/noninfected/Image_795.jpg,0,2.9270735,0.9491686
PCOS/noninfected/Image_796.jpg,0,2.9270735,0.9491686
PCOS/noninfected/Image_797.jpg,0,-0.31219038,0.42258015
PCOS/noninfected/Image_798.jpg,0,-0.31219038,0.42258015
PCOS/noninfected/Image_799.jpg,0,4.6278157,0.99031854
PCOS/noninfected/Image_800.jpg,0,4.6278157,0.99031854
PCOS/noninfected/Image_801.jpg,0,-0.2842439,0.42941362
PCOS/noninfected/Image_802.jpg,0,-0.2842439,0.42941362
PCOS/noninfected/Image_803.jpg,0,-0.32116842,0.42039102
PCOS/noninfected/Image_804.jpg,0,-0.32116842,0.42039102
PCOS/noninfected/Image_805.jpg,0,6.965081,0.99905664
PCOS/noninfected/Image_806.jpg,0,6.965081,0.99905664
PCOS/noninfected/Image_807.jpg,0,-0.038223468,0.49044532
PCOS/noninfected/Image_808.jpg,0,-0.038223468,0.49044532
PCOS/noninfected/Image_809.jpg,0,0.063569225,0.51588696
PCOS/noninfected/Image_810.jpg,0,0.063569225,0.51588696
PCOS/noninfected/Image_811.jpg,0,1.6797237,0.842868
PCOS/noninfected/Image_812.jpg,0,1.6797237,0.842868
PCOS/noninfected/Image_813.jpg,0,4.450454,0.9884615
PCOS/noninfected/Image_814.jpg,0,4.450454,0.9884615
PCOS/noninfected/Image_815.jpg,0,-0.15286243,0.46185863
PCOS/noninfected/Image_816.jpg,0,-0.15286243,0.46185863
PCOS/noninfected/Image_817.jpg,0,-0.10306919,0.47425547
PCOS/noninfected/Image_818.jpg,0,-0.10306919,0.47425547
PCOS/noninfected/Image_819.jpg,0,-0.89273876,0.29054496
PCOS/noninfected/Image_820.jpg,0,-0.89273876,0.29054496
PCOS/noninfected/Image_821.jpg,0,-0.096562415,0.47587812
PCOS/noninfected/Image_822.jpg,0,-0.096562415,0.47587812
PCOS/noninfected/Image_823.jpg,0,5.189314,0.99445516
PCOS/noninfected/Image_824.jpg,0,5.189314,0.99445516
PCOS/noninfected/Image_825.jpg,0,3.9480753,0.9810734
PCOS/noninfected/Image_826.jpg,0,3.9480753,0.9810734
PCOS/noninfected/Image_827.jpg,0,0.9230899,0.7156713
PCOS/noninfected/Image_828.jpg,0,0.9230899,0.7156713
PCOS/noninfected/Image_829.jpg,0,0.053229935,0.5133043
PCOS/noninfected/Image_830.jpg,0,0.053229935,0.5133043
PCOS/noninfected/Image_831.jpg,0,1.5859996,0.83005255
PCOS/noninfected/Image_832.jpg,0,1.5859996,0.83005255
PCOS/noninfected/Image_833.jpg,0,9.974397,0.9999534
PCOS/noninfected/Image_834.jpg,0,9.974397,0.9999534
PCOS/noninfected/Image_835.jpg,0,-0.27563933,0.4315232
PCOS/noninfected/Image_836.jpg,0,-0.27563933,0.4315232
PCOS/noninfected/Image_837.jpg,0,-0.28687385,0.42876938
PCOS/noninfected/Image_838.jpg,0,-0.28687385,0.42876938
PCOS/noninfected/Image_839.jpg,0,5.789877,0.996951
PCOS/noninfected/Image_840.jpg,0,5.789877,0.996951
PCOS/noninfected/Image_841.jpg,0,-0.20899719,0.44794002
PCOS/noninfected/Image_842.jpg,0,-0.20899719,0.44794002
PCOS/noninfected/Image_843.jpg,0,-0.120179474,0.46999127
PCOS/noninfected/Image_844.jpg,0,-0.120179474,0.46999127
PCOS/noninfected/Image_845.jpg,0,-0.15309064,0.46180192
PCOS/noninfected/Image_846.jpg,0,-0.15309064,0.46180192
PCOS/noninfected/Image_847.jpg,0,1.6572249,0.8398651
PCOS/noninfected/Image_848.jpg,0,1.6572249,0.8398651
PCOS/noninfected/Image_849.jpg,0,-0.19427666,0.45158303
PCOS/noninfected/Image_850.jpg,0,-0.19427666,0.45158303
PCOS/noninfected/Image_851.jpg,0,0.148645,0.537093
PCOS/noninfected/Image_852.jpg,0,0.148645,0.537093
PCOS/noninfected/Image_853.jpg,0,-0.25836483,0.43576568
PCOS/noninfected/Image_854.jpg,0,-0.25836483,0.43576568
PCOS/noninfected/Image_855.jpg,0,2.5925565,0.930381
PCOS/noninfected/Image_856.jpg,0,2.5925565,0.930381
PCOS/noninfected/Image_857.jpg,0,-0.45464548,0.38825682
PCOS/noninfected/Image_858.jpg,0,-0.45464548,0.38825682
PCOS/noninfected/Image_859.jpg,0,0.08673355,0.5216698
PCOS/noninfected/Image_860.jpg,0,0.08673355,0.5216698
PCOS/noninfected/Image_861.jpg,0,-0.331747,0.41781563
PCOS/noninfected/Image_862.jpg,0,-0.331747,0.41781563
PCOS/noninfected/Image_863.jpg,0,4.6170883,0.9902152
PCOS/noninfected/Image_864.jpg,0,4.6170883,0.9902152
PCOS/noninfected/Image_865.jpg,0,-0.19413842,0.45161724
PCOS/noninfected/Image_866.jpg,0,-0.19413842,0.45161724
PCOS/noninfected/Image_867.jpg,0,-0.24170372,0.4398665
PCOS/noninfected/Image_868.jpg,0,-0.24170372,0.4398665
PCOS/noninfected/Image_869.jpg,0,1.3883767,0.8003329
PCOS/noninfected/Image_870.jpg,0,1.3883767,0.8003329
PCOS/noninfected/Image_871.jpg,0,0.13293739,0.5331855
PCOS/noninfected/Image_872.jpg,0,0.13293739,0.5331855
PCOS/noninfected/Image_873.jpg,0,1.9745853,0.8781028
PCOS/noninfected/Image_874.jpg,0,1.9745853,0.8781028
PCOS/noninfected/Image_875.jpg,0,0.039285563,0.5098201
PCOS/noninfected/Image_876.jpg,0,0.039285563,0.5098201
PCOS/noninfected/Image_877.jpg,0,1.4619203,0.81182617
PCOS/noninfected/Image_878.jpg,0,1.4619203,0.81182617
PCOS/noninfected/Image_879.jpg,0,1.8885474,0.8685899
PCOS/noninfected/Image_880.jpg,0,1.8885474,0.8685899
PCOS/noninfected/Image_881.jpg,0,0.7581987,0.68096256
PCOS/noninfected/Image_882.jpg,0,0.7581987,0.68096256
PCOS/noninfected/Image_883.jpg,0,2.056893,0.88664234
PCOS/noninfected/Image_884.jpg,0,2.056893,0.88664234
PCOS/noninfected/Image_885.jpg,0,-0.05869609,0.4853302
PCOS/noninfected/Image_886.jpg,0,-0.05869609,0.4853302
PCOS/noninfected/Image_887.jpg,0,-0.08714886,0.47822654
PCOS/noninfected/Image_888.jpg,0,-0.08714886,0.47822654
PCOS/noninfected/Image_889.jpg,0,-0.008039048,0.49799025
PCOS/noninfected/Image_890.jpg,0,-0.008039048,0.49799025
PCOS/noninfected/Image_891.jpg,0,2.2314038,0.9030344
PCOS/noninfected/Image_892.jpg,0,2.2314038,0.9030344
PCOS/noninfected/Image_893.jpg,0,-0.05160609,0.48710135
PCOS/noninfected/Image_894.jpg,0,-0.05160609,0.48710135
PCOS/noninfected/Image_895.jpg,0,0.18204795,0.54538673
PCOS/noninfected/Image_896.jpg,0,0.18204795,0.54538673
PCOS/noninfected/Image_897.jpg,0,-0.5089614,0.375437
PCOS/noninfected/Image_898.jpg,0,-0.5089614,0.375437
PCOS/noninfected/Image_899.jpg,0,8.47664,0.9997918
PCOS/noninfected/Image_900.jpg,0,8.47664,0.9997918
PCOS/noninfected/Image_901.jpg,0,0.9337866,0.7178428
PCOS/noninfected/Image_902.jpg,0,0.9337866,0.7178428
PCOS/noninfected/Image_903.jpg,0,0.19412155,0.5483785
PCOS/noninfected/Image_904.jpg,0,0.19412155,0.5483785
PCOS/noninfected/Image_905.jpg,0,-0.30600783,0.42408943
PCOS/noninfected/Image_906.jpg,0,-0.30600783,0.42408943
PCOS/noninfected/Image_907.jpg,0,4.648078,0.9905109
PCOS/noninfected/Image_908.jpg,0,4.648078,0.9905109
PCOS/noninfected/Image_909.jpg,0,-0.21005854,0.4476776
PCOS/noninfected/Image_910.jpg,0,-0.21005854,0.4476776
PCOS/noninfected/Image_911.jpg,0,0.778053,0.6852603
PCOS/noninfected/Image_912.jpg,0,0.778053,0.6852603
PCOS/noninfected/Image_913.jpg,0,0.22115001,0.55506325
PCOS/noninfected/Image_914.jpg,0,0.22115001,0.55506325
PCOS/noninfected/Image_915.jpg,0,0.5396492,0.6317308
PCOS/noninfected/Image_916.jpg,0,0.5396492,0.6317308
PCOS/noninfected/Image_917.jpg,0,7.777732,0.99958116
PCOS/noninfected/Image_918.jpg,0,7.777732,0.99958116
PCOS/noninfected/Image_919.jpg,0,8.604655,0.99981683
PCOS/noninfected/Image_920.jpg,0,8.604655,0.99981683
PCOS/noninfected/Image_921.jpg,0,0.5948696,0.64448166
PCOS/noninfected/Image_922.jpg,0,0.5948696,0.64448166
PCOS/noninfected/Image_923.jpg,0,0.10156038,0.5253683
PCOS/noninfected/Image_924.jpg,0,0.10156038,0.5253683
PCOS/noninfected/Image_925.jpg,0,0.071377635,0.51783687
PCOS/noninfected/Image_926.jpg,0,0.071377635,0.51783687
PCOS/noninfected/Image_927.jpg,0,-0.2374571,0.4409131
PCOS/noninfected/Image_928.jpg,0,-0.2374571,0.4409131
PCOS/noninfected/Image_929.jpg,0,-0.3276772,0.41880587
PCOS/noninfected/Image_930.jpg,0,-0.3276772,0.41880587
PCOS/noninfected/Image_931.jpg,0,2.059063,0.88686013
PCOS/noninfected/Image_932.jpg,0,2.059063,0.88686013
PCOS/noninfected/Image_933.jpg,0,0.09796763,0.52447236
PCOS/noninfected/Image_934.jpg,0,0.09796763,0.52447236
PCOS/noninfected/Image_935.jpg,0,-0.046553805,0.48836365
PCOS/noninfected/Image_936.jpg,0,-0.046553805,0.48836365
PCOS/noninfected/Image_937.jpg,0,0.016920423,0.50422996
PCOS/noninfected/Image_938.jpg,0,0.016920423,0.50422996
PCOS/noninfected/Image_939.jpg,0,-0.2690487,0.4331407
PCOS/noninfected/Image_940.jpg,0,-0.2690487,0.4331407
PCOS/noninfected/Image_941.jpg,0,-0.12319934,0.46923906
PCOS/noninfected/Image_942.jpg,0,-0.12319934,0.46923906
PCOS/noninfected/Image_943.jpg,0,-0.11050017,0.47240302
PCOS/noninfected/Image_944.jpg,0,-0.11050017,0.47240302
PCOS/noninfected/Image_945.jpg,0,-0.21252808,0.44706705
PCOS/noninfected/Image_946.jpg,0,-0.21252808,0.44706705
PCOS/noninfected/Image_947.jpg,0,2.570364,0.92892975
PCOS/noninfected/Image_948.jpg,0,2.570364,0.92892975
PCOS/noninfected/Image_949.jpg,0,-0.115823746,0.4710764
PCOS/noninfected/Image_950.jpg,0,-0.115823746,0.4710764
PCOS/noninfected/Image_951.jpg,0,0.26598427,0.5661068
PCOS/noninfected/Image_952.jpg,0,0.26598427,0.5661068
PCOS/noninfected/Image_953.jpg,0,0.16826686,0.54196775
PCOS/noninfected/Image_954.jpg,0,0.16826686,0.54196775
PCOS/noninfected/Image_955.jpg,0,-0.31136703,0.4227811
PCOS/noninfected/Image_956.jpg,0,-0.31136703,0.4227811
PCOS/noninfected/Image_957.jpg,0,-0.23419502,0.4417174
PCOS/noninfected/Image_958.jpg,0,-0.23419502,0.4417174
PCOS/noninfected/Image_959.jpg,0,2.5188472,0.92545253
PCOS/noninfected/Image_960.jpg,0,2.5188472,0.92545253
PCOS/noninfected/Image_961.jpg,0,-0.08146042,0.47964615
PCOS/noninfected/Image_962.jpg,0,-0.08146042,0.47964615
PCOS/noninfected/Image_963.jpg,0,-0.17463219,0.45645258
PCOS/noninfected/Image_964.jpg,0,-0.17463219,0.45645258
PCOS/noninfected/Image_965.jpg,0,-0.35509098,0.41214845
PCOS/noninfected/Image_966.jpg,0,-0.35509098,0.41214845
PCOS/noninfected/Image_967.jpg,0,-0.3141468,0.42210287
PCOS/noninfected/Image_968.jpg,0,-0.3141468,0.42210287
PCOS/noninfected/Image_969.jpg,0,2.425747,0.9187697
PCOS/noninfected/Image_970.jpg,0,2.425747,0.9187697
PCOS/noninfected/Image_971.jpg,0,0.12950106,0.5323301
PCOS/noninfected/Image_972.jpg,0,0.12950106,0.5323301
PCOS/noninfected/Image_973.jpg,0,0.5877894,0.6428578
PCOS/noninfected/Image_974.jpg,0,0.5877894,0.6428578
PCOS/noninfected/Image_975.jpg,0,7.1418967,0.9992094
PCOS/noninfected/Image_976.jpg,0,7.1418967,0.9992094
PCOS/noninfected/Image_977.jpg,0,-0.2828674,0.42975095
PCOS/noninfected/Image_978.jpg,0,-0.2828674,0.42975095
PCOS/noninfected/Image_979.jpg,0,-0.6814472,0.33593836
PCOS/noninfected/Image_980.jpg,0,-0.6814472,0.33593836
PCOS/noninfected/Image_981.jpg,0,0.029568935,0.5073917
PCOS/noninfected/Image_982.jpg,0,0.029568935,0.5073917
PCOS/noninfected/Image_983.jpg,0,-0.4005363,0.40118352
PCOS/noninfected/Image_984.jpg,0,-0.4005363,0.40118352
PCOS/noninfected/Image_985.jpg,0,-0.22396284,0.44424218
PCOS/noninfected/Image_986.jpg,0,-0.22396284,0.44424218
PCOS/noninfected/Image_987.jpg,0,-0.31531402,0.42181814
PCOS/noninfected/Image_988.jpg,0,-0.31531402,0.42181814
PCOS/noninfected/Image_989.jpg,0,0.043667153,0.51091504
PCOS/noninfected/Image_990.jpg,0,0.043667153,0.51091504
PCOS/noninfected/Image_991.jpg,0,-0.1346798,0.46638086
PCOS/noninfected/Image_992.jpg,0,-0.1346798,0.46638086
PCOS/noninfected/Image_993.jpg,0,-0.19397107,0.4516587
PCOS/noninfected/Image_994.jpg,0,-0.19397107,0.4516587
PCOS/noninfected/Image_995.jpg,0,-0.54842734,0.36622936
PCOS/noninfected/Image_996.jpg,0,-0.54842734,0.36622936
PCOS/noninfected/Image_997.jpg,0,-0.31378934,0.4221901
PCOS/noninfected/Image_998.jpg,0,-0.31378934,0.4221901
PCOS/noninfected/Image_999.jpg,0,0.1890341,0.5471183
PCOS/noninfected/Image_resize_001.jpg,0,-0.32586133,0.41924796
PCOS/noninfected/Image_resize_002.jpg,0,-0.55167574,0.36547574
PCOS/noninfected/Image_resize_003.jpg,0,-0.55167574,0.36547574
PCOS/noninfected/Image_resize_004.jpg,0,-0.27469546,0.43175477
PCOS/noninfected/Image_resize_005.jpg,0,-0.32586133,0.41924796
PCOS/noninfected/Image_resize_006.jpg,0,-0.55167574,0.36547574
PCOS/noninfected/Image_resize_007.jpg,0,-0.55167574,0.36547574
PCOS/noninfected/Image_resize_008.jpg,0,-0.27469546,0.43175477
PCOS/noninfected/Image_resize_009.jpg,0,0.003656868,0.5009142
PCOS/noninfected/Image_resize_010.jpg,0,0.014834365,0.50370854
PCOS/noninfected/Image_resize_011.jpg,0,0.014834365,0.50370854
PCOS/noninfected/Image_resize_012.jpg,0,-0.08864809,0.47785246
PCOS/noninfected/Image_resize_013.jpg,0,0.003656868,0.5009142
PCOS/noninfected/Image_resize_014.jpg,0,0.014834365,0.50370854
PCOS/noninfected/Image_resize_015.jpg,0,0.014834365,0.50370854
PCOS/noninfected/Image_resize_016.jpg,0,-0.08864809,0.47785246
PCOS/noninfected/Image_resize_017.jpg,0,-0.21606682,0.4461925
PCOS/noninfected/Image_resize_018.jpg,0,0.9985798,0.7307793
PCOS/noninfected/Image_resize_019.jpg,0,0.9985798,0.7307793
PCOS/noninfected/Image_resize_020.jpg,0,2.7678065,0.9409112
PCOS/noninfected/Image_resize_021.jpg,0,-0.21606682,0.4461925
PCOS/noninfected/Image_resize_022.jpg,0,0.9985798,0.7307793
PCOS/noninfected/Image_resize_023.jpg,0,0.9985798,0.7307793
PCOS/noninfected/Image_resize_024.jpg,0,2.7678065,0.9409112
PCOS/noninfected/Image_resize_025.jpg,0,0.050064407,0.51251346
PCOS/noninfected/Image_resize_026.jpg,0,-0.16548216,0.4587236
PCOS/noninfected/Image_resize_027.jpg,0,-0.16548216,0.4587236
PCOS/noninfected/Image_resize_028.jpg,0,-0.43477064,0.39298776
PCOS/noninfected/Image_resize_029.jpg,0,0.050064407,0.51251346
PCOS/noninfected/Image_resize_030.jpg,0,-0.16548216,0.4587236
PCOS/noninfected/Image_resize_031.jpg,0,-0.16548216,0.4587236
PCOS/noninfected/Image_resize_032.jpg,0,-0.43477064,0.39298776
PCOS/noninfected/Image_resize_033.jpg,0,-0.3074312,0.42374188
PCOS/noninfected/Image_resize_034.jpg,0,-0.12591407,0.468563
PCOS/noninfected/Image_resize_035.jpg,0,-0.12591407,0.468563
PCOS/noninfected/Image_resize_036.jpg,0,-0.020247767,0.49493822
PCOS/noninfected/Image_resize_037.jpg,0,-0.3074312,0.42374188
PCOS/noninfected/Image_resize_038.jpg,0,-0.12591407,0.468563
PCOS/noninfected/Image_resize_039.jpg,0,-0.12591407,0.468563
PCOS/noninfected/Image_resize_040.jpg,0,-0.020247767,0.49493822
PCOS/noninfected/Image_resize_041.jpg,0,-0.32940885,0.41838443
PCOS/noninfected/Image_resize_042.jpg,0,0.18846181,0.5469765
PCOS/noninfected/Image_resize_043.jpg,0,0.18846181,0.5469765
PCOS/noninfected/Image_resize_044.jpg,0,-0.2688486,0.43318975
PCOS/noninfected/Image_resize_045.jpg,0,-0.32940885,0.41838443
PCOS/noninfected/Image_resize_046.jpg,0,0.18846181,0.5469765
PCOS/noninfected/Image_resize_047.jpg,0,0.18846181,0.5469765
PCOS/noninfected/Image_resize_048.jpg,0,-0.2688486,0.43318975
PCOS/noninfected/Image_resize_049.jpg,0,-0.009864055,0.49753398
PCOS/noninfected/Image_resize_050.jpg,0,-0.12864783,0.46788234
PCOS/noninfected/Image_resize_051.jpg,0,-0.12864783,0.46788234
PCOS/noninfected/Image_resize_052.jpg,0,-0.15398832,0.46157882
PCOS/noninfected/Image_resize_053.jpg,0,-0.009864055,0.49753398
PCOS/noninfected/Image_resize_054.jpg,0,-0.12864783,0.46788234
PCOS/noninfected/Image_resize_055.jpg,0,-0.12864783,0.46788234
PCOS/noninfected/Image_resize_056.jpg,0,-0.15398832,0.46157882
PCOS/noninfected/Image_resize_057.jpg,0,-0.15332621,0.46174335
PCOS/noninfected/Image_resize_058.jpg,0,0.14431041,0.53601515
PCOS/noninfected/Image_resize_059.jpg,0,0.14431041,0.53601515
PCOS/noninfected/Image_resize_060.jpg,0,0.05591414,0.5139749
PCOS/noninfected/Image_resize_061.jpg,0,-0.15332621,0.46174335
PCOS/noninfected/Image_resize_062.jpg,0,0.14431041,0.53601515
PCOS/noninfected/Image_resize_063.jpg,0,0.14431041,0.53601515
PCOS/noninfected/Image_resize_064.jpg,0,0.05591414,0.5139749
PCOS/noninfected/Image_resize_065.jpg,0,-0.029721877,0.49257007
PCOS/noninfected/Image_resize_066.jpg,0,1.3772972,0.7985565
PCOS/noninfected/Image_resize_067.jpg,0,1.3772972,0.7985565
PCOS/noninfected/Image_resize_068.jpg,0,3.2468176,0.9625586
PCOS/noninfected/Image_resize_069.jpg,0,-0.029721877,0.49257007
PCOS/noninfected/Image_resize_070.jpg,0,1.3772972,0.7985565
PCOS/noninfected/Image_resize_071.jpg,0,1.3772972,0.7985565
PCOS/noninfected/Image_resize_072.jpg,0,3.2468176,0.9625586
PCOS/noninfected/Image_resize_073.jpg,0,-0.0697909,0.48255935
PCOS/noninfected/Image_resize_074.jpg,0,-0.3583348,0.41136277
PCOS/noninfected/Image_resize_075.jpg,0,-0.3583348,0.41136277
PCOS/noninfected/Image_resize_076.jpg,0,-0.117548004,0.47064674
PCOS/noninfected/Image_resize_077.jpg,0,-0.0697909,0.48255935
PCOS/noninfected/Image_resize_078.jpg,0,-0.3583348,0.41136277
PCOS/noninfected/Image_resize_079.jpg,0,-0.3583348,0.41136277
PCOS/noninfected/Image_resize_080.jpg,0,-0.117548004,0.47064674
PCOS/noninfected/Image_resize_081.jpg,0,-0.1352767,0.4662323
PCOS/noninfected/Image_resize_082.jpg,0,-0.060010888,0.48500177
PCOS/noninfected/Image_resize_083.jpg,0,-0.060010888,0.48500177
PCOS/noninfected/Image_resize_084.jpg,0,0.0451611,0.51128834
PCOS/noninfected/Image_resize_085.jpg,0,-0.1352767,0.4662323
PCOS/noninfected/Image_resize_086.jpg,0,-0.060010888,0.48500177
PCOS/noninfected/Image_resize_087.jpg,0,-0.060010888,0.48500177
PCOS/noninfected/Image_resize_088.jpg,0,0.0451611,0.51128834
PCOS/noninfected/Image_resize_089.jpg,0,-0.7761249,0.31515566
PCOS/noninfected/Image_resize_090.jpg,0,-0.62506646,0.34863004
PCOS/noninfected/Image_resize_091.jpg,0,-0.62506646,0.34863004
PCOS/noninfected/Image_resize_092.jpg,0,-0.24982503,0.4378666
PCOS/noninfected/Image_resize_093.jpg,0,-0.7761249,0.31515566
PCOS/noninfected/Image_resize_094.jpg,0,-0.62506646,0.34863004
PCOS/noninfected/Image_resize_095.jpg,0,-0.62506646,0.34863004
PCOS/noninfected/Image_resize_096.jpg,0,-0.24982503,0.4378666
PCOS/noninfected/Image_resize_097.jpg,0,-0.07014096,0.4824719
PCOS/noninfected/Image_resize_098.jpg,0,-0.0508618,0.4872873
PCOS/noninfected/Image_resize_099.jpg,0,-0.0508618,0.4872873
PCOS/noninfected/Image_resize_100.jpg,0,-0.030083345,0.4924797
PCOS/noninfected/Image_resize_101.jpg,0,-0.07014096,0.4824719
PCOS/noninfected/Image_resize_102.jpg,0,-0.0508618,0.4872873
PCOS/noninfected/Image_resize_103.jpg,0,-0.0508618,0.4872873
PCOS/noninfected/Image_resize_104.jpg,0,-0.030083345,0.4924797
PCOS/noninfected/Image_resize_105.jpg,0,-0.17108272,0.45733333
PCOS/noninfected/Image_resize_106.jpg,0,-0.064325124,0.48392424
PCOS/noninfected/Image_resize_107.jpg,0,-0.064325124,0.48392424
PCOS/noninfected/Image_resize_108.jpg,0,-0.05393067,0.48652062
PCOS/noninfected/Image_resize_109.jpg,0,-0.17108272,0.45733333
PCOS/noninfected/Image_resize_110.jpg,0,-0.064325124,0.48392424
PCOS/noninfected/Image_resize_111.jpg,0,-0.064325124,0.48392424
PCOS/noninfected/Image_resize_112.jpg,0,-0.05393067,0.48652062
PCOS/noninfected/Image_resize_113.jpg,0,-0.11061299,0.47237495
PCOS/noninfected/Image_resize_114.jpg,0,-0.13457328,0.46640733
PCOS/noninfected/Image_resize_115.jpg,0,-0.13457328,0.46640733
PCOS/noninfected/Image_resize_116.jpg,0,-0.08197132,0.47951865
PCOS/noninfected/Image_resize_117.jpg,0,-0.11061299,0.47237495
PCOS/noninfected/Image_resize_118.jpg,0,-0.13457328,0.46640733
PCOS/noninfected/Image_resize_119.jpg,0,-0.13457328,0.46640733
PCOS/noninfected/Image_resize_120.jpg,0,-0.08197132,0.47951865
PCOS/noninfected/Image_resize_121.jpg,0,-0.46293572,0.38628966
PCOS/noninfected/Image_resize_122.jpg,0,-0.45161447,0.388977
PCOS/noninfected/Image_resize_123.jpg,0,-0.45161447,0.388977
PCOS/noninfected/Image_resize_124.jpg,0,-0.46006575,0.38697025
PCOS/noninfected/Image_resize_125.jpg,0,-0.46293572,0.38628966
PCOS/noninfected/Image_resize_126.jpg,0,-0.45161447,0.388977
PCOS/noninfected/Image_resize_127.jpg,0,-0.45161447,0.388977
PCOS/noninfected/Image_resize_128.jpg,0,-0.46006575,0.38697025
PCOS/noninfected/Image_resize_129.jpg,0,-0.022269158,0.4944329
PCOS/noninfected/Image_resize_130.jpg,0,-0.20832825,0.44810548
PCOS/noninfected/Image_resize_131.jpg,0,-0.20832825,0.44810548
PCOS/noninfected/Image_resize_132.jpg,0,-0.13793623,0.46557048
PCOS/noninfected/Image_resize_133.jpg,0,-0.022269158,0.4944329
PCOS/noninfected/Image_resize_134.jpg,0,-0.20832825,0.44810548
PCOS/noninfected/Image_resize_135.jpg,0,-0.20832825,0.44810548
PCOS/noninfected/Image_resize_136.jpg,0,-0.13793623,0.46557048
PCOS/noninfected/Image_resize_137.jpg,0,0.3719051,0.5919192
PCOS/noninfected/Image_resize_138.jpg,0,0.07465004,0.5186538
PCOS/noninfected/Image_resize_139.jpg,0,0.07465004,0.5186538
PCOS/noninfected/Image_resize_140.jpg,0,-0.06888611,0.4827853
PCOS/noninfected/Image_resize_141.jpg,0,0.3719051,0.5919192
PCOS/noninfected/Image_resize_142.jpg,0,0.07465004,0.5186538
PCOS/noninfected/Image_resize_143.jpg,0,0.07465004,0.5186538
PCOS/noninfected/Image_resize_144.jpg,0,-0.06888611,0.4827853
PCOS/noninfected/Image_resize_145.jpg,0,0.051732294,0.5129302
PCOS/noninfected/Image_resize_146.jpg,0,-0.21264048,0.44703928
PCOS/noninfected/Image_resize_147.jpg,0,-0.21264048,0.44703928
PCOS/noninfected/Image_resize_148.jpg,0,-0.12653948,0.46840724
PCOS/noninfected/Image_resize_149.jpg,0,0.051732294,0.5129302
PCOS/noninfected/Image_resize_150.jpg,0,-0.21264048,0.44703928
PCOS/noninfected/Image_resize_151.jpg,0,-0.21264048,0.44703928
PCOS/noninfected/Image_resize_152.jpg,0,-0.12653948,0.46840724
PCOS/noninfected/Image_resize_153.jpg,0,-0.21890634,0.4454909
PCOS/noninfected/Image_resize_154.jpg,0,-0.26600447,0.43388826
PCOS/noninfected/Image_resize_155.jpg,0,-0.26600447,0.43388826
PCOS/noninfected/Image_resize_156.jpg,0,-0.25043315,0.4377169
PCOS/noninfected/Image_resize_157.jpg,0,-0.21890634,0.4454909
PCOS/noninfected/Image_resize_158.jpg,0,-0.26600447,0.43388826
PCOS/noninfected/Image_resize_159.jpg,0,-0.26600447,0.43388826
PCOS/noninfected/Image_resize_160.jpg,0,-0.25043315,0.4377169
PCOS/noninfected/Image_resize_161.jpg,0,-0.04958798,0.48760554
PCOS/noninfected/Image_resize_162.jpg,0,-0.031811602,0.4920478
PCOS/noninfected/Image_resize_163.jpg,0,-0.031811602,0.4920478
PCOS/noninfected/Image_resize_164.jpg,0,0.0993839,0.5248256
PCOS/noninfected/Image_resize_165.jpg,0,-0.04958798,0.48760554
PCOS/noninfected/Image_resize_166.jpg,0,-0.031811602,0.4920478
PCOS/noninfected/Image_resize_167.jpg,0,-0.031811602,0.4920478
PCOS/noninfected/Image_resize_168.jpg,0,0.0993839,0.5248256
PCOS/noninfected/Image_resize_169.jpg,0,-0.38512173,0.40489218
PCOS/noninfected/Image_resize_170.jpg,0,0.41443914,0.6021518
PCOS/noninfected/Image_resize_171.jpg,0,0.41443914,0.6021518
PCOS/noninfected/Image_resize_172.jpg,0,-0.13388467,0.46657875
PCOS/noninfected/Image_resize_173.jpg,0,-0.38512173,0.40489218
PCOS/noninfected/Image_resize_174.jpg,0,0.41443914,0.6021518
PCOS/noninfected/Image_resize_175.jpg,0,0.41443914,0.6021518
PCOS/noninfected/Image_resize_176.jpg,0,-0.13388467,0.46657875
PCOS/noninfected/Image_resize_177.jpg,0,-0.097824454,0.47556338
PCOS/noninfected/Image_resize_178.jpg,0,0.007882195,0.5019705
PCOS/noninfected/Image_resize_179.jpg,0,0.007882195,0.5019705
PCOS/noninfected/Image_resize_180.jpg,0,-0.07627918,0.48093942
PCOS/noninfected/Image_resize_181.jpg,0,-0.097824454,0.47556338
PCOS/noninfected/Image_resize_182.jpg,0,0.007882195,0.5019705
PCOS/noninfected/Image_resize_183.jpg,0,0.007882195,0.5019705
PCOS/noninfected/Image_resize_184.jpg,0,-0.07627918,0.48093942
PCOS/noninfected/Image_resize_185.jpg,0,0.26725104,0.56641793
PCOS/noninfected/Image_resize_186.jpg,0,-0.063826256,0.48404884
PCOS/noninfected/Image_resize_187.jpg,0,-0.063826256,0.48404884
PCOS/noninfected/Image_resize_188.jpg,0,-0.37814027,0.40657553
PCOS/noninfected/Image_resize_189.jpg,0,0.26725104,0.56641793
PCOS/noninfected/Image_resize_190.jpg,0,-0.063826256,0.48404884
PCOS/noninfected/Image_resize_191.jpg,0,-0.063826256,0.48404884
PCOS/noninfected/Image_resize_192.jpg,0,-0.37814027,0.40657553
PCOS/noninfected/Image_resize_193.jpg,0,-0.23021705,0.4426986
PCOS/noninfected/Image_resize_194.jpg,0,2.9921608,0.9522187
PCOS/noninfected/Image_resize_195.jpg,0,2.9921608,0.9522187
PCOS/noninfected/Image_resize_196.jpg,0,2.3071644,0.90946865
PCOS/noninfected/Image_resize_197.jpg,0,-0.23021705,0.4426986
PCOS/noninfected/Image_resize_198.jpg,0,2.9921608,0.9522187
PCOS/noninfected/Image_resize_199.jpg,0,2.9921608,0.9522187
PCOS/noninfected/Image_resize_200.jpg,0,2.3071644,0.90946865
PCOS/noninfected/Image_resize_201.jpg,0,-0.07510309,0.48123303
PCOS/noninfected/Image_resize_202.jpg,0,1.6425667,0.8378839
PCOS/noninfected/Image_resize_203.jpg,0,1.6425667,0.8378839
PCOS/noninfected/Image_resize_204.jpg,0,1.9184234,0.8719625
PCOS/noninfected/Image_resize_205.jpg,0,-0.07510309,0.48123303
PCOS/noninfected/Image_resize_206.jpg,0,1.6425667,0.8378839
PCOS/noninfected/Image_resize_207.jpg,0,1.6425667,0.8378839
PCOS/noninfected/Image_resize_208.jpg,0,1.9184234,0.8719625
PCOS/noninfected/Image_resize_209.jpg,0,0.20139459,0.5501792
PCOS/noninfected/Image_resize_210.jpg,0,-0.06680933,0.4833039
PCOS/noninfected/Image_resize_211.jpg,0,-0.06680933,0.4833039
PCOS/noninfected/Image_resize_212.jpg,0,-0.49326637,0.3791244
PCOS/noninfected/Image_resize_213.jpg,0,0.20139459,0.5501792
PCOS/noninfected/Image_resize_214.jpg,0,-0.06680933,0.4833039
PCOS/noninfected/Image_resize_215.jpg,0,-0.06680933,0.4833039
PCOS/noninfected/Image_resize_216.jpg,0,-0.49326637,0.3791244
PCOS/noninfected/Image_resize_217.jpg,0,-0.09437657,0.47642335
PCOS/noninfected/Image_resize_218.jpg,0,-0.08532661,0.4786813
PCOS/noninfected/Image_resize_219.jpg,0,-0.08532661,0.4786813
PCOS/noninfected/Image_resize_220.jpg,0,-0.35343584,0.41254953
PCOS/noninfected/Image_resize_221.jpg,0,-0.09437657,0.47642335
PCOS/noninfected/Image_resize_222.jpg,0,-0.08532661,0.4786813
PCOS/noninfected/Image_resize_223.jpg,0,-0.08532661,0.4786813
PCOS/noninfected/Image_resize_224.jpg,0,-0.35343584,0.41254953
PCOS/noninfected/Image_resize_225.jpg,0,-0.4129077,0.3982151
PCOS/noninfected/Image_resize_226.jpg,0,0.14670792,0.5366113
PCOS/noninfected/Image_resize_227.jpg,0,0.14670792,0.5366113
PCOS/noninfected/Image_resize_228.jpg,0,-0.21050227,0.4475679
PCOS/noninfected/Image_resize_229.jpg,0,-0.4129077,0.3982151
PCOS/noninfected/Image_resize_230.jpg,0,0.14670792,0.5366113
PCOS/noninfected/Image_resize_231.jpg,0,0.14670792,0.5366113
PCOS/noninfected/Image_resize_232.jpg,0,-0.21050227,0.4475679
PCOS/noninfected/Image_resize_233.jpg,0,0.06992516,0.5174742
PCOS/noninfected/Image_resize_234.jpg,0,0.037986107,0.5094954
PCOS/noninfected/Image_resize_235.jpg,0,0.037986107,0.5094954
PCOS/noninfected/Image_resize_236.jpg,0,-0.15490595,0.46135077
PCOS/noninfected/Image_resize_237.jpg,0,0.06992516,0.5174742
PCOS/noninfected/Image_resize_238.jpg,0,0.037986107,0.5094954
PCOS/noninfected/Image_resize_239.jpg,0,0.037986107,0.5094954
PCOS/noninfected/Image_resize_240.jpg,0,-0.15490595,0.46135077
PCOS/noninfected/Image_resize_241.jpg,0,0.35738936,0.58840835
PCOS/noninfected/Image_resize_242.jpg,0,-0.08269214,0.47933874
PCOS/noninfected/Image_resize_243.jpg,0,-0.08269214,0.47933874
PCOS/noninfected/Image_resize_244.jpg,0,-0.26470435,0.43420762
PCOS/noninfected/Image_resize_245.jpg,0,0.35738936,0.58840835
PCOS/noninfected/Image_resize_246.jpg,0,-0.08269214,0.47933874
PCOS/noninfected/Image_resize_247.jpg,0,-0.08269214,0.47933874
PCOS/noninfected/Image_resize_248.jpg,0,-0.26470435,0.43420762
PCOS/noninfected/Image_resize_249.jpg,0,-0.1017664,0.47458035
PCOS/noninfected/Image_resize_250.jpg,0,-0.105400234,0.4736743
PCOS/noninfected/Image_resize_251.jpg,0,-0.105400234,0.4736743
PCOS/noninfected/Image_resize_252.jpg,0,-0.115437,0.4711728
PCOS/noninfected/Image_resize_253.jpg,0,-0.1017664,0.47458035
PCOS/noninfected/Image_resize_254.jpg,0,-0.105400234,0.4736743
PCOS/noninfected/Image_resize_255.jpg,0,-0.105400234,0.4736743
PCOS/noninfected/Image_resize_256.jpg,0,-0.115437,0.4711728
PCOS/noninfected/Image_resize_257.jpg,0,0.19692457,0.5490727
PCOS/noninfected/Image_resize_258.jpg,0,0.0311773,0.5077937
PCOS/noninfected/Image_resize_259.jpg,0,0.0311773,0.5077937
PCOS/noninfected/Image_resize_260.jpg,0,-0.29549637,0.42665878
PCOS/noninfected/Image_resize_261.jpg,0,0.19692457,0.5490727
PCOS/noninfected/Image_resize_262.jpg,0,0.0311773,0.5077937
PCOS/noninfected/Image_resize_263.jpg,0,0.0311773,0.5077937
PCOS/noninfected/Image_resize_264.jpg,0,-0.29549637,0.42665878
PCOS/noninfected/Image_resize_265.jpg,0,0.24850056,0.5618074
PCOS/noninfected/Image_resize_266.jpg,0,-0.074121796,0.48147798
PCOS/noninfected/Image_resize_267.jpg,0,-0.074121796,0.48147798
PCOS/noninfected/Image_resize_268.jpg,0,-0.15900299,0.4603328
PCOS/noninfected/Image_resize_269.jpg,0,0.24850056,0.5618074
PCOS/noninfected/Image_resize_270.jpg,0,-0.074121796,0.48147798
PCOS/noninfected/Image_resize_271.jpg,0,-0.074121796,0.48147798
PCOS/noninfected/Image_resize_272.jpg,0,-0.15900299,0.4603328
PCOS/noninfected/Image_resize_273.jpg,0,-0.31635925,0.42156327
PCOS/noninfected/Image_resize_274.jpg,0,0.10043736,0.52508825
PCOS/noninfected/Image_resize_275.jpg,0,0.10043736,0.52508825
PCOS/noninfected/Image_resize_276.jpg,0,0.22035818,0.55486774
PCOS/noninfected/Image_resize_277.jpg,0,-0.31635925,0.42156327
PCOS/noninfected/Image_resize_278.jpg,0,0.10043736,0.52508825
PCOS/noninfected/Image_resize_279.jpg,0,0.10043736,0.52508825
PCOS/noninfected/Image_resize_280.jpg,0,0.22035818,0.55486774
PCOS/noninfected/Image_resize_281.jpg,0,-0.19621749,0.45110238
PCOS/noninfected/Image_resize_282.jpg,0,-0.27192646,0.4324342
PCOS/noninfected/Image_resize_283.jpg,0,-0.27192646,0.4324342
PCOS/noninfected/Image_resize_284.jpg,0,0.110672206,0.5276398
PCOS/noninfected/Image_resize_285.jpg,0,-0.19621749,0.45110238
PCOS/noninfected/Image_resize_286.jpg,0,-0.27192646,0.4324342
PCOS/noninfected/Image_resize_287.jpg,0,-0.27192646,0.4324342
PCOS/noninfected/Image_resize_288.jpg,0,0.110672206,0.5276398
PCOS/noninfected/Image_resize_289.jpg,0,0.23250887,0.55786675
PCOS/noninfected/Image_resize_290.jpg,0,-0.17483088,0.45640326
PCOS/noninfected/Image_resize_291.jpg,0,-0.17483088,0.45640326
PCOS/noninfected/Image_resize_292.jpg,0,-0.12583019,0.4685839
PCOS/noninfected/Image_resize_293.jpg,0,0.23250887,0.55786675
PCOS/noninfected/Image_resize_294.jpg,0,-0.17483088,0.45640326
PCOS/noninfected/Image_resize_295.jpg,0,-0.17483088,0.45640326
PCOS/noninfected/Image_resize_296.jpg,0,-0.12583019,0.4685839
PCOS/noninfected/Image_resize_297.jpg,0,-0.13810763,0.46552786
PCOS/noninfected/Image_resize_298.jpg,0,-0.5169181,0.37357318
PCOS/noninfected/Image_resize_299.jpg,0,-0.5169181,0.37357318
PCOS/noninfected/Image_resize_300.jpg,0,-0.1752153,0.4563079
PCOS/noninfected/Image_resize_301.jpg,0,-0.13810763,0.46552786
PCOS/noninfected/Image_resize_302.jpg,0,-0.5169181,0.37357318
PCOS/noninfected/Image_resize_303.jpg,0,-0.5169181,0.37357318
PCOS/noninfected/Image_resize_304.jpg,0,-0.1752153,0.4563079
PCOS/noninfected/Image_resize_305.jpg,0,-0.5988017,0.3546179
PCOS/noninfected/Image_resize_306.jpg,0,-0.94317216,0.28026003
PCOS/noninfected/Image_resize_307.jpg,0,-0.94317216,0.28026003
PCOS/noninfected/Image_resize_308.jpg,0,-0.3871881,0.40439442
PCOS/noninfected/Image_resize_309.jpg,0,-0.5988017,0.3546179
PCOS/noninfected/Image_resize_310.jpg,0,-0.94317216,0.28026003
PCOS/noninfected/Image_resize_311.jpg,0,-0.94317216,0.28026003
PCOS/noninfected/Image_resize_312.jpg,0,-0.3871881,0.40439442
PCOS/noninfected/Image_resize_313.jpg,0,0.38776335,0.59574413
PCOS/noninfected/Image_resize_314.jpg,0,-0.35934398,0.41111842
PCOS/noninfected/Image_resize_315.jpg,0,-0.35934398,0.41111842
PCOS/noninfected/Image_resize_316.jpg,0,-0.37654743,0.4069599
PCOS/noninfected/Image_resize_317.jpg,0,0.38776335,0.59574413
PCOS/noninfected/Image_resize_318.jpg,0,-0.35934398,0.41111842
PCOS/noninfected/Image_resize_319.jpg,0,-0.35934398,0.41111842
PCOS/noninfected/Image_resize_320.jpg,0,-0.37654743,0.4069599
PCOS/noninfected/Image_resize_321.jpg,0,-0.03852836,0.4903691
PCOS/noninfected/Image_resize_322.jpg,0,-0.13494495,0.46631485
PCOS/noninfected/Image_resize_323.jpg,0,-0.13494495,0.46631485
PCOS/noninfected/Image_resize_324.jpg,0,-0.06899105,0.48275906
PCOS/noninfected/Image_resize_325.jpg,0,-0.03852836,0.4903691
PCOS/noninfected/Image_resize_326.jpg,0,-0.13494495,0.46631485
PCOS/noninfected/Image_resize_327.jpg,0,-0.13494495,0.46631485
PCOS/noninfected/Image_resize_328.jpg,0,-0.06899105,0.48275906
PCOS/noninfected/Image_resize_329.jpg,0,-0.004835004,0.49879128
PCOS/noninfected/Image_resize_330.jpg,0,-0.20741549,0.4483312
PCOS/noninfected/Image_resize_331.jpg,0,-0.20741549,0.4483312
PCOS/noninfected/Image_resize_332.jpg,0,-0.22896399,0.44300777
PCOS/noninfected/Image_resize_333.jpg,0,-0.004835004,0.49879128
PCOS/noninfected/Image_resize_334.jpg,0,-0.20741549,0.4483312
PCOS/noninfected/Image_resize_335.jpg,0,-0.20741549,0.4483312
PCOS/noninfected/Image_resize_336.jpg,0,-0.22896399,0.44300777
PCOS/noninfected/Image_resize_337.jpg,0,-0.02416168,0.49395984
PCOS/noninfected/Image_resize_338.jpg,0,-0.21581644,0.4462543
PCOS/noninfected/Image_resize_339.jpg,0,-0.21581644,0.4462543
PCOS/noninfected/Image_resize_340.jpg,0,-0.1104019,0.47242752
PCOS/noninfected/Image_resize_341.jpg,0,-0.02416168,0.49395984
PCOS/noninfected/Image_resize_342.jpg,0,-0.21581644,0.4462543
PCOS/noninfected/Image_resize_343.jpg,0,-0.21581644,0.4462543
PCOS/noninfected/Image_resize_344.jpg,0,-0.1104019,0.47242752
PCOS/noninfected/Image_resize_345.jpg,0,-0.09075318,0.47732723
PCOS/noninfected/Image_resize_346.jpg,0,-0.17370778,0.45668194
PCOS/noninfected/Image_resize_347.jpg,0,-0.17370778,0.45668194
PCOS/noninfected/Image_resize_348.jpg,0,-0.1675921,0.45819977
PCOS/noninfected/Image_resize_349.jpg,0,-0.09075318,0.47732723
PCOS/noninfected/Image_resize_350.jpg,0,-0.17370778,0.45668194
PCOS/noninfected/Image_resize_351.jpg,0,-0.17370778,0.45668194
PCOS/noninfected/Image_resize_352.jpg,0,-0.1675921,0.45819977
PCOS/noninfected/Image_resize_353.jpg,0,0.17835549,0.5444711
PCOS/noninfected/Image_resize_354.jpg,0,1.1725364,0.76360315
PCOS/noninfected/Image_resize_355.jpg,0,1.1725364,0.76360315
PCOS/noninfected/Image_resize_356.jpg,0,2.3849256,0.9156705
PCOS/noninfected/Image_resize_357.jpg,0,0.17835549,0.5444711
PCOS/noninfected/Image_resize_358.jpg,0,1.1725364,0.76360315
PCOS/noninfected/Image_resize_359.jpg,0,1.1725364,0.76360315
PCOS/noninfected/Image_resize_360.jpg,0,2.3849256,0.9156705
PCOS/noninfected/Image_resize_361.jpg,0,-0.73623854,0.3238272
PCOS/noninfected/Image_resize_362.jpg,0,-0.61146116,0.35172597
PCOS/noninfected/Image_resize_363.jpg,0,-0.61146116,0.35172597
PCOS/noninfected/Image_resize_364.jpg,0,-0.27655396,0.4312988
PCOS/noninfected/Image_resize_365.jpg,0,-0.73623854,0.3238272
PCOS/noninfected/Image_resize_366.jpg,0,-0.61146116,0.35172597
PCOS/noninfected/Image_resize_367.jpg,0,-0.61146116,0.35172597
PCOS/noninfected/Image_resize_368.jpg,0,-0.27655396,0.4312988
PCOS/noninfected/Image_resize_369.jpg,0,-0.09556197,0.47612768
PCOS/noninfected/Image_resize_370.jpg,0,-0.05809345,0.48548073
PCOS/noninfected/Image_resize_371.jpg,0,-0.05809345,0.48548073
PCOS/noninfected/Image_resize_372.jpg,0,-0.062255822,0.48444104
PCOS/noninfected/Image_resize_373.jpg,0,-0.09556197,0.47612768
PCOS/noninfected/Image_resize_374.jpg,0,-0.05809345,0.48548073
PCOS/noninfected/Image_resize_375.jpg,0,-0.05809345,0.48548073
PCOS/noninfected/Image_resize_376.jpg,0,-0.062255822,0.48444104
PCOS/noninfected/Image_resize_377.jpg,0,-0.51397204,0.37426287
PCOS/noninfected/Image_resize_378.jpg,0,-0.4152155,0.39766222
PCOS/noninfected/Image_resize_379.jpg,0,-0.4152155,0.39766222
PCOS/noninfected/Image_resize_380.jpg,0,-0.33209443,0.41773108
PCOS/noninfected/Image_resize_381.jpg,0,-0.51397204,0.37426287
PCOS/noninfected/Image_resize_382.jpg,0,-0.4152155,0.39766222
PCOS/noninfected/Image_resize_383.jpg,0,-0.4152155,0.39766222
PCOS/noninfected/Image_resize_384.jpg,0,-0.33209443,0.41773108
PCOS/noninfected/Image_resize_385.jpg,0,-0.27158368,0.4325183
PCOS/noninfected/Image_resize_386.jpg,0,1.55916,0.82623285
PCOS/noninfected/Image_resize_387.jpg,0,1.55916,0.82623285
PCOS/noninfected/Image_resize_388.jpg,0,1.9153831,0.87162274
PCOS/noninfected/Image_resize_389.jpg,0,-0.27158368,0.4325183
PCOS/noninfected/Image_resize_390.jpg,0,1.55916,0.82623285
PCOS/noninfected/Image_resize_391.jpg,0,1.55916,0.82623285
PCOS/noninfected/Image_resize_392.jpg,0,1.9153831,0.87162274
PCOS/noninfected/Image_resize_393.jpg,0,-0.2659417,0.4339037
PCOS/noninfected/Image_resize_394.jpg,0,-0.47818252,0.3826814
PCOS/noninfected/Image_resize_395.jpg,0,-0.47818252,0.3826814
PCOS/noninfected/Image_resize_396.jpg,0,-0.18334916,0.45429066
PCOS/noninfected/Image_resize_397.jpg,0,-0.2659417,0.4339037
PCOS/noninfected/Image_resize_398.jpg,0,-0.47818252,0.3826814
PCOS/noninfected/Image_resize_399.jpg,0,-0.47818252,0.3826814
PCOS/noninfected/Image_resize_400.jpg,0,-0.18334916,0.45429066
PCOS/noninfected/Image_resize_401.jpg,0,-0.36835387,0.40893885
PCOS/noninfected/Image_resize_402.jpg,0,0.056924887,0.5142274
PCOS/noninfected/Image_resize_403.jpg,0,0.056924887,0.5142274
PCOS/noninfected/Image_resize_404.jpg,0,0.1527735,0.53811926
PCOS/noninfected/Image_resize_405.jpg,0,-0.36835387,0.40893885
PCOS/noninfected/Image_resize_406.jpg,0,0.056924887,0.5142274
PCOS/noninfected/Image_resize_407.jpg,0,0.056924887,0.5142274
PCOS/noninfected/Image_resize_408.jpg,0,0.1527735,0.53811926
PCOS/noninfected/Image_resize_409.jpg,0,-0.1319821,0.46705225
PCOS/noninfected/Image_resize_410.jpg,0,-0.14253171,0.46442726
PCOS/noninfected/Image_resize_411.jpg,0,-0.14253171,0.46442726
PCOS/noninfected/Image_resize_412.jpg,0,-0.11258796,0.4718827
PCOS/noninfected/Image_resize_413.jpg,0,-0.1319821,0.46705225
PCOS/noninfected/Image_resize_414.jpg,0,-0.14253171,0.46442726
PCOS/noninfected/Image_resize_415.jpg,0,-0.14253171,0.46442726
PCOS/noninfected/Image_resize_416.jpg,0,-0.11258796,0.4718827
PCOS/noninfected/Image_resize_417.jpg,0,-0.2794675,0.43058434
PCOS/noninfected/Image_resize_418.jpg,0,-0.25477526,0.4366485
PCOS/noninfected/Image_resize_419.jpg,0,-0.25477526,0.4366485
PCOS/noninfected/Image_resize_420.jpg,0,-0.033845045,0.49153954
PCOS/noninfected/Image_resize_421.jpg,0,-0.2794675,0.43058434
PCOS/noninfected/Image_resize_422.jpg,0,-0.25477526,0.4366485
PCOS/noninfected/Image_resize_423.jpg,0,-0.25477526,0.4366485
PCOS/noninfected/Image_resize_424.jpg,0,-0.033845045,0.49153954
PCOS/noninfected/Image_resize_425.jpg,0,0.69907326,0.6679823
PCOS/noninfected/Image_resize_426.jpg,0,-0.026459215,0.49338552
PCOS/noninfected/Image_resize_427.jpg,0,-0.026459215,0.49338552
PCOS/noninfected/Image_resize_428.jpg,0,-0.2689883,0.43315545
PCOS/noninfected/Image_resize_429.jpg,0,0.69907326,0.6679823
PCOS/noninfected/Image_resize_430.jpg,0,-0.026459215,0.49338552
PCOS/noninfected/Image_resize_431.jpg,0,-0.026459215,0.49338552
PCOS/noninfected/Image_resize_432.jpg,0,-0.2689883,0.43315545
PCOS/noninfected/Image_resize_433.jpg,0,-0.38395888,0.40517244
PCOS/noninfected/Image_resize_434.jpg,0,3.3652399,0.9666003
PCOS/noninfected/Image_resize_435.jpg,0,3.3652399,0.9666003
PCOS/noninfected/Image_resize_436.jpg,0,3.226025,0.961802
PCOS/noninfected/Image_resize_437.jpg,0,-0.38395888,0.40517244
PCOS/noninfected/Image_resize_438.jpg,0,3.3652399,0.9666003
PCOS/noninfected/Image_resize_439.jpg,0,3.3652399,0.9666003
PCOS/noninfected/Image_resize_440.jpg,0,3.226025,0.961802
PCOS/noninfected/Image_resize_441.jpg,0,0.011505589,0.5028764
PCOS/noninfected/Image_resize_442.jpg,0,-0.1812053,0.4548222
PCOS/noninfected/Image_resize_443.jpg,0,-0.1812053,0.4548222
PCOS/noninfected/Image_resize_444.jpg,0,-0.050499834,0.48737773
PCOS/noninfected/Image_resize_445.jpg,0,0.011505589,0.5028764
PCOS/noninfected/Image_resize_446.jpg,0,-0.1812053,0.4548222
PCOS/noninfected/Image_resize_447.jpg,0,-0.1812053,0.4548222
PCOS/noninfected/Image_resize_448.jpg,0,-0.050499834,0.48737773
PCOS/noninfected/Image_resize_449.jpg,0,-0.26953632,0.43302095
PCOS/noninfected/Image_resize_450.jpg,0,-0.28595504,0.4289944
PCOS/noninfected/Image_resize_451.jpg,0,-0.28595504,0.4289944
PCOS/noninfected/Image_resize_452.jpg,0,-0.13348511,0.4666782
PCOS/noninfected/Image_resize_453.jpg,0,-0.26953632,0.43302095
PCOS/noninfected/Image_resize_454.jpg,0,-0.28595504,0.4289944
PCOS/noninfected/Image_resize_455.jpg,0,-0.28595504,0.4289944
PCOS/noninfected/Image_resize_456.jpg,0,-0.13348511,0.4666782
PCOS/noninfected/Image_resize_457.jpg,0,-0.5921393,0.35614416
PCOS/noninfected/Image_resize_458.jpg,0,-0.5607969,0.36336312
PCOS/noninfected/Image_resize_459.jpg,0,-0.5607969,0.36336312
PCOS/noninfected/Image_resize_460.jpg,0,-0.17550917,0.45623496
PCOS/noninfected/Image_resize_461.jpg,0,-0.5921393,0.35614416
PCOS/noninfected/Image_resize_462.jpg,0,-0.5607969,0.36336312
PCOS/noninfected/Image_resize_463.jpg,0,-0.5607969,0.36336312
PCOS/noninfected/Image_resize_464.jpg,0,-0.17550917,0.45623496
PCOS/noninfected/Image_resize_465.jpg,0,-0.43445662,0.39306265
PCOS/noninfected/Image_resize_466.jpg,0,0.11607816,0.528987
PCOS/noninfected/Image_resize_467.jpg,0,0.11607816,0.528987
PCOS/noninfected/Image_resize_468.jpg,0,-0.30068782,0.42538935
PCOS/noninfected/Image_resize_469.jpg,0,-0.43445662,0.39306265
PCOS/noninfected/Image_resize_470.jpg,0,0.11607816,0.528987
PCOS/noninfected/Image_resize_471.jpg,0,0.11607816,0.528987
PCOS/noninfected/Image_resize_472.jpg,0,-0.30068782,0.42538935
PCOS/noninfected/Image_resize_473.jpg,0,0.027634358,0.5069081
PCOS/noninfected/Image_resize_474.jpg,0,2.8748431,0.94658875
PCOS/noninfected/Image_resize_475.jpg,0,2.8748431,0.94658875
PCOS/noninfected/Image_resize_476.jpg,0,3.5656745,0.9724998
PCOS/noninfected/Image_resize_477.jpg,0,0.027634358,0.5069081
PCOS/noninfected/Image_resize_478.jpg,0,2.8748431,0.94658875
PCOS/noninfected/Image_resize_479.jpg,0,2.8748431,0.94658875
PCOS/noninfected/Image_resize_480.jpg,0,3.5656745,0.9724998
PCOS/noninfected/Image_resize_481.jpg,0,0.42127222,0.60378766
PCOS/noninfected/Image_resize_482.jpg,0,-0.08337486,0.47916833
PCOS/noninfected/Image_resize_483.jpg,0,-0.08337486,0.47916833
PCOS/noninfected/Image_resize_484.jpg,0,-0.23873329,0.44059852
PCOS/noninfected/Image_resize_485.jpg,0,0.42127222,0.60378766
PCOS/noninfected/Image_resize_486.jpg,0,-0.08337486,0.47916833
PCOS/noninfected/Image_resize_487.jpg,0,-0.08337486,0.47916833
PCOS/noninfected/Image_resize_488.jpg,0,-0.23873329,0.44059852
PCOS/noninfected/Image_resize_489.jpg,0,-0.27892992,0.4307161
PCOS/noninfected/Image_resize_490.jpg,0,2.7742605,0.941269
PCOS/noninfected/Image_resize_491.jpg,0,2.7742605,0.941269
PCOS/noninfected/Image_resize_492.jpg,0,5.0931454,0.99389875
PCOS/noninfected/Image_resize_493.jpg,0,-0.27892992,0.4307161
PCOS/noninfected/Image_resize_494.jpg,0,2.7742605,0.941269
PCOS/noninfected/Image_resize_495.jpg,0,2.7742605,0.941269
PCOS/noninfected/Image_resize_496.jpg,0,5.0931454,0.99389875
PCOS/noninfected/Image_resize_497.jpg,0,-0.5051333,0.3763351
PCOS/noninfected/Image_resize_498.jpg,0,-0.5457501,0.366851
PCOS/noninfected/Image_resize_499.jpg,0,-0.5457501,0.366851
PCOS/noninfected/Image_resize_500.jpg,0,-0.38589713,0.40470535
PCOS/noninfected/Image_resize_501.jpg,0,-0.5051333,0.3763351
PCOS/noninfected/Image_resize_502.jpg,0,-0.5457501,0.366851
PCOS/noninfected/Image_resize_503.jpg,0,-0.5457501,0.366851
PCOS/noninfected/Image_resize_504.jpg,0,-0.38589713,0.40470535
PCOS/noninfected/Image_resize_505.jpg,0,-0.24793419,0.43833202
PCOS/noninfected/Image_resize_506.jpg,0,1.7847064,0.85627705
PCOS/noninfected/Image_resize_507.jpg,0,1.7847064,0.85627705
PCOS/noninfected/Image_resize_508.jpg,0,2.2071447,0.9008893
PCOS/noninfected/Image_resize_509.jpg,0,-0.24793419,0.43833202
PCOS/noninfected/Image_resize_510.jpg,0,1.7847064,0.85627705
PCOS/noninfected/Image_resize_511.jpg,0,1.7847064,0.85627705
PCOS/noninfected/Image_resize_512.jpg,0,2.2071447,0.9008893
PCOS/noninfected/Image_resize_513.jpg,0,-0.18946218,0.4527756
PCOS/noninfected/Image_resize_514.jpg,0,-0.30211982,0.42503935
PCOS/noninfected/Image_resize_515.jpg,0,-0.30211982,0.42503935
PCOS/noninfected/Image_resize_516.jpg,0,-0.117437094,0.47067443
PCOS/noninfected/Image_resize_517.jpg,0,-0.18946218,0.4527756
PCOS/noninfected/Image_resize_518.jpg,0,-0.30211982,0.42503935
PCOS/noninfected/Image_resize_519.jpg,0,-0.30211982,0.42503935
PCOS/noninfected/Image_resize_520.jpg,0,-0.117437094,0.47067443
PCOS/noninfected/Image_resize_521.jpg,0,-0.5513483,0.36555168
PCOS/noninfected/Image_resize_522.jpg,0,-0.54436165,0.36717352
PCOS/noninfected/Image_resize_523.jpg,0,-0.54436165,0.36717352
PCOS/noninfected/Image_resize_524.jpg,0,-0.30816874,0.4235618
PCOS/noninfected/Image_resize_525.jpg,0,-0.5513483,0.36555168
PCOS/noninfected/Image_resize_526.jpg,0,-0.54436165,0.36717352
PCOS/noninfected/Image_resize_527.jpg,0,-0.54436165,0.36717352
PCOS/noninfected/Image_resize_528.jpg,0,-0.30816874,0.4235618
PCOS/noninfected/Image_resize_529.jpg,0,0.04501164,0.51125103
PCOS/noninfected/Image_resize_530.jpg,0,-0.1702415,0.4575421
PCOS/noninfected/Image_resize_531.jpg,0,-0.1702415,0.4575421
PCOS/noninfected/Image_resize_532.jpg,0,-0.2263478,0.44365343
PCOS/noninfected/Image_resize_533.jpg,0,0.04501164,0.51125103
PCOS/noninfected/Image_resize_534.jpg,0,-0.1702415,0.4575421
PCOS/noninfected/Image_resize_535.jpg,0,-0.1702415,0.4575421
PCOS/noninfected/Image_resize_536.jpg,0,-0.2263478,0.44365343
PCOS/noninfected/Image_resize_537.jpg,0,-0.126852,0.4683295
PCOS/noninfected/Image_resize_538.jpg,0,-0.085506625,0.47863638
PCOS/noninfected/Image_resize_539.jpg,0,-0.085506625,0.47863638
PCOS/noninfected/Image_resize_540.jpg,0,-0.105569795,0.47363198
PCOS/noninfected/Image_resize_541.jpg,0,-0.126852,0.4683295
PCOS/noninfected/Image_resize_542.jpg,0,-0.085506625,0.47863638
PCOS/noninfected/Image_resize_543.jpg,0,-0.085506625,0.47863638
PCOS/noninfected/Image_resize_544.jpg,0,-0.105569795,0.47363198
PCOS/noninfected/Image_resize_545.jpg,0,-0.2661069,0.4338631
PCOS/noninfected/Image_resize_546.jpg,0,1.7609613,0.85333
PCOS/noninfected/Image_resize_547.jpg,0,1.7609613,0.85333
PCOS/noninfected/Image_resize_548.jpg,0,4.9134026,0.9927061
PCOS/noninfected/Image_resize_549.jpg,0,-0.2661069,0.4338631
PCOS/noninfected/Image_resize_550.jpg,0,1.7609613,0.85333
PCOS/noninfected/Image_resize_551.jpg,0,1.7609613,0.85333
PCOS/noninfected/Image_resize_552.jpg,0,4.9134026,0.9927061
PCOS/noninfected/Image_resize_553.jpg,0,-0.26935738,0.43306488
PCOS/noninfected/Image_resize_554.jpg,0,0.14424509,0.5359989
PCOS/noninfected/Image_resize_555.jpg,0,0.14424509,0.5359989
PCOS/noninfected/Image_resize_556.jpg,0,0.12470606,0.5311362
PCOS/noninfected/Image_resize_557.jpg,0,-0.26935738,0.43306488
PCOS/noninfected/Image_resize_558.jpg,0,0.14424509,0.5359989
PCOS/noninfected/Image_resize_559.jpg,0,0.14424509,0.5359989
PCOS/noninfected/Image_resize_560.jpg,0,0.12470606,0.5311362
PCOS/noninfected/Image_resize_561.jpg,0,0.6781201,0.663319
PCOS/noninfected/Image_resize_562.jpg,0,-0.067533985,0.48312292
PCOS/noninfected/Image_resize_563.jpg,0,-0.067533985,0.48312292
PCOS/noninfected/Image_resize_564.jpg,0,-0.21130171,0.44737023
PCOS/noninfected/Image_resize_565.jpg,0,0.6781201,0.663319
PCOS/noninfected/Image_resize_566.jpg,0,-0.067533985,0.48312292
PCOS/noninfected/Image_resize_567.jpg,0,-0.067533985,0.48312292
PCOS/noninfected/Image_resize_568.jpg,0,-0.21130171,0.44737023
PCOS/noninfected/Image_resize_569.jpg,0,-0.43351668,0.39328688
PCOS/noninfected/Image_resize_570.jpg,0,1.897286,0.8695841
PCOS/noninfected/Image_resize_571.jpg,0,1.897286,0.8695841
PCOS/noninfected/Image_resize_572.jpg,0,1.6283194,0.8359393
PCOS/noninfected/Image_resize_573.jpg,0,-0.43351668,0.39328688
PCOS/noninfected/Image_resize_574.jpg,0,1.897286,0.8695841
PCOS/noninfected/Image_resize_575.jpg,0,1.897286,0.8695841
PCOS/noninfected/Image_resize_576.jpg,0,1.6283194,0.8359393
PCOS/noninfected/Image_resize_577.jpg,0,-0.67632204,0.33708265
PCOS/noninfected/Image_resize_578.jpg,0,-0.26364195,0.43446866
PCOS/noninfected/Image_resize_579.jpg,0,-0.26364195,0.43446866
PCOS/noninfected/Image_resize_580.jpg,0,-0.23510537,0.44149292
PCOS/noninfected/Image_resize_581.jpg,0,-0.67632204,0.33708265
PCOS/noninfected/Image_resize_582.jpg,0,-0.26364195,0.43446866
PCOS/noninfected/Image_resize_583.jpg,0,-0.26364195,0.43446866
PCOS/noninfected/Image_resize_584.jpg,0,-0.23510537,0.44149292
PCOS/noninfected/Image_resize_585.jpg,0,0.08097601,0.520233
PCOS/noninfected/Image_resize_586.jpg,0,-0.013517497,0.49662066
PCOS/noninfected/Image_resize_587.jpg,0,-0.013517497,0.49662066
PCOS/noninfected/Image_resize_588.jpg,0,-0.15840149,0.4604822
PCOS/noninfected/Image_resize_589.jpg,0,0.08097601,0.520233
PCOS/noninfected/Image_resize_590.jpg,0,-0.013517497,0.49662066
PCOS/noninfected/Image_resize_591.jpg,0,-0.013517497,0.49662066
PCOS/noninfected/Image_resize_592.jpg,0,-0.15840149,0.4604822
PCOS/noninfected/Image_resize_593.jpg,0,0.14031097,0.5350203
PCOS/noninfected/Image_resize_594.jpg,0,-0.06465702,0.4838414
PCOS/noninfected/Image_resize_595.jpg,0,-0.06465702,0.4838414
PCOS/noninfected/Image_resize_596.jpg,0,-0.21962209,0.4453141
PCOS/noninfected/Image_resize_597.jpg,0,0.14031097,0.5350203
PCOS/noninfected/Image_resize_598.jpg,0,-0.06465702,0.4838414
PCOS/noninfected/Image_resize_599.jpg,0,-0.06465702,0.4838414
PCOS/noninfected/Image_resize_600.jpg,0,-0.21962209,0.4453141
PCOS/noninfected/Image_resize_601.jpg,0,0.027168687,0.5067918
PCOS/noninfected/Image_resize_602.jpg,0,1.426424,0.80634356
PCOS/noninfected/Image_resize_603.jpg,0,1.426424,0.80634356
PCOS/noninfected/Image_resize_604.jpg,0,2.8025794,0.942815
PCOS/noninfected/Image_resize_605.jpg,0,0.027168687,0.5067918
PCOS/noninfected/Image_resize_606.jpg,0,1.426424,0.80634356
PCOS/noninfected/Image_resize_607.jpg,0,1.426424,0.80634356
PCOS/noninfected/Image_resize_608.jpg,0,2.8025794,0.942815
PCOS/noninfected/Image_resize_609.jpg,0,0.95780414,0.72268194
PCOS/noninfected/Image_resize_610.jpg,0,-0.21269894,0.44702485
PCOS/noninfected/Image_resize_611.jpg,0,-0.21269894,0.44702485
PCOS/noninfected/Image_resize_612.jpg,0,-0.11735241,0.47069556
PCOS/noninfected/Image_resize_613.jpg,0,0.95780414,0.72268194
PCOS/noninfected/Image_resize_614.jpg,0,-0.21269894,0.44702485
PCOS/noninfected/Image_resize_615.jpg,0,-0.21269894,0.44702485
PCOS/noninfected/Image_resize_616.jpg,0,-0.11735241,0.47069556
PCOS/noninfected/Image_resize_617.jpg,0,-0.30994752,0.42312753
PCOS/noninfected/Image_resize_618.jpg,0,0.03041716,0.5076037
PCOS/noninfected/Image_resize_619.jpg,0,0.03041716,0.5076037
PCOS/noninfected/Image_resize_620.jpg,0,-0.04364501,0.48909047
PCOS/noninfected/Image_resize_621.jpg,0,-0.30994752,0.42312753
PCOS/noninfected/Image_resize_622.jpg,0,0.03041716,0.5076037
PCOS/noninfected/Image_resize_623.jpg,0,0.03041716,0.5076037
PCOS/noninfected/Image_resize_624.jpg,0,-0.04364501,0.48909047
PCOS/noninfected/Image_resize_625.jpg,0,-0.07706546,0.48074314
PCOS/noninfected/Image_resize_626.jpg,0,0.05649025,0.5141188
PCOS/noninfected/Image_resize_627.jpg,0,0.05649025,0.5141188
PCOS/noninfected/Image_resize_628.jpg,0,-0.033613004,0.49159756
PCOS/noninfected/Image_resize_629.jpg,0,-0.07706546,0.48074314
PCOS/noninfected/Image_resize_630.jpg,0,0.05649025,0.5141188
PCOS/noninfected/Image_resize_631.jpg,0,0.05649025,0.5141188
PCOS/noninfected/Image_resize_632.jpg,0,-0.033613004,0.49159756
PCOS/noninfected/Image_resize_633.jpg,0,0.01439017,0.5035975
PCOS/noninfected/Image_resize_634.jpg,0,-0.11038312,0.4724322
PCOS/noninfected/Image_resize_635.jpg,0,-0.11038312,0.4724322
PCOS/noninfected/Image_resize_636.jpg,0,-0.102914356,0.4742941
PCOS/noninfected/Image_resize_637.jpg,0,0.01439017,0.5035975
PCOS/noninfected/Image_resize_638.jpg,0,-0.11038312,0.4724322
PCOS/noninfected/Image_resize_639.jpg,0,-0.11038312,0.4724322
PCOS/noninfected/Image_resize_640.jpg,0,-0.102914356,0.4742941
PCOS/noninfected/Image_resize_641.jpg,0,-0.24044183,0.44017747
PCOS/noninfected/Image_resize_642.jpg,0,1.7133977,0.84727645
PCOS/noninfected/Image_resize_643.jpg,0,1.7133977,0.84727645
PCOS/noninfected/Image_resize_644.jpg,0,1.9545962,0.8759469
PCOS/noninfected/Image_resize_645.jpg,0,-0.24044183,0.44017747
PCOS/noninfected/Image_resize_646.jpg,0,1.7133977,0.84727645
PCOS/noninfected/Image_resize_647.jpg,0,1.7133977,0.84727645
PCOS/noninfected/Image_resize_648.jpg,0,1.9545962,0.8759469
PCOS/noninfected/Image_resize_649.jpg,0,0.30603638,0.5759175
PCOS/noninfected/Image_resize_650.jpg,0,-0.15594819,0.4610918
PCOS/noninfected/Image_resize_651.jpg,0,-0.15594819,0.4610918
PCOS/noninfected/Image_resize_652.jpg,0,-0.29344165,0.4271615
PCOS/noninfected/Image_resize_653.jpg,0,0.30603638,0.5759175
PCOS/noninfected/Image_resize_654.jpg,0,-0.15594819,0.4610918
PCOS/noninfected/Image_resize_655.jpg,0,-0.15594819,0.4610918
PCOS/noninfected/Image_resize_656.jpg,0,-0.29344165,0.4271615
PCOS/noninfected/Image_resize_657.jpg,0,-0.12501152,0.46878776
PCOS/noninfected/Image_resize_658.jpg,0,1.828208,0.8615481
PCOS/noninfected/Image_resize_659.jpg,0,1.828208,0.8615481
PCOS/noninfected/Image_resize_660.jpg,0,2.2091613,0.90106916
PCOS/noninfected/Image_resize_661.jpg,0,-0.12501152,0.46878776
PCOS/noninfected/Image_resize_662.jpg,0,1.828208,0.8615481
PCOS/noninfected/Image_resize_663.jpg,0,1.828208,0.8615481
PCOS/noninfected/Image_resize_664.jpg,0,2.2091613,0.90106916
PCOS/noninfected/Image_resize_665.jpg,0,-0.48491582,0.381092
PCOS/noninfected/Image_resize_666.jpg,0,2.067306,0.8876847
PCOS/noninfected/Image_resize_667.jpg,0,2.067306,0.8876847
PCOS/noninfected/Image_resize_668.jpg,0,1.1986374,0.7682823
PCOS/noninfected/Image_resize_669.jpg,0,-0.48491582,0.381092
PCOS/noninfected/Image_resize_670.jpg,0,2.067306,0.8876847
PCOS/noninfected/Image_resize_671  (1).jpg,0,2.067306,0.8876847
PCOS/noninfected/Image_resize_671  (10).jpg,0,-0.15594819,0.4610918
PCOS/noninfected/Image_resize_671  (100).jpg,0,1.7609613,0.85333
PCOS/noninfected/Image_resize_671  (1000).jpg,0,-0.05932582,0.48517287
PCOS/noninfected/Image_resize_671  (1001).jpg,0,-0.27649,0.4313145
PCOS/noninfected/Image_resize_671  (1002).jpg,0,10.671462,0.99997675
PCOS/noninfected/Image_resize_671  (1003).jpg,0,0.7050235,0.6693006
PCOS/noninfected/Image_resize_671  (1004).jpg,0,0.7050235,0.6693006
PCOS/noninfected/Image_resize_671  (1005).jpg,0,0.061214454,0.51529884
PCOS/noninfected/Image_resize_671  (1006).jpg,0,0.061214454,0.51529884
PCOS/noninfected/Image_resize_671  (1007).jpg,0,0.41219202,0.60161334
PCOS/noninfected/Image_resize_671  (1008).jpg,0,0.41219202,0.60161334
PCOS/noninfected/Image_resize_671  (1009).jpg,0,5.1489487,0.994228
PCOS/noninfected/Image_resize_671  (101).jpg,0,4.9134026,0.9927061
PCOS/noninfected/Image_resize_671  (1010).jpg,0,5.1489487,0.994228
PCOS/noninfected/Image_resize_671  (1011).jpg,0,-0.04435847,0.48891214
PCOS/noninfected/Image_resize_671  (1012).jpg,0,-0.04435847,0.48891214
PCOS/noninfected/Image_resize_671  (1013).jpg,0,-0.3915751,0.40333816
PCOS/noninfected/Image_resize_671  (1014).jpg,0,0.24573793,0.5611272
PCOS/noninfected/Image_resize_671  (1015).jpg,0,0.25599778,0.5636522
PCOS/noninfected/Image_resize_671  (1016).jpg,0,0.25599778,0.5636522
PCOS/noninfected/Image_resize_671  (1017).jpg,0,7.379217,0.99937636
PCOS/noninfected/Image_resize_671  (1018).jpg,0,7.379217,0.99937636
PCOS/noninfected/Image_resize_671  (1019).jpg,0,7.371915,0.9993717
PCOS/noninfected/Image_resize_671  (102).jpg,0,-0.26935738,0.43306488
PCOS/noninfected/Image_resize_671  (1020).jpg,0,7.371915,0.9993717
PCOS/noninfected/Image_resize_671  (1021).jpg,0,2.0666916,0.88762337
PCOS/noninfected/Image_resize_671  (1022).jpg,0,2.0666916,0.88762337
PCOS/noninfected/Image_resize_671  (1023).jpg,0,0.21597798,0.5537856
PCOS/noninfected/Image_resize_671  (1024).jpg,0,0.21597798,0.5537856
PCOS/noninfected/Image_resize_671  (1025).jpg,0,10.671462,0.99997675
PCOS/noninfected/Image_resize_671  (1026).jpg,0,6.88643,0.9989795
PCOS/noninfected/Image_resize_671  (1027).jpg,0,-0.30058122,0.4254154
PCOS/noninfected/Image_resize_671  (1028).jpg,0,-0.30058122,0.4254154
PCOS/noninfected/Image_resize_671  (1029).jpg,0,7.7607226,0.999574
PCOS/noninfected/Image_resize_671  (103).jpg,0,0.14424509,0.5359989
PCOS/noninfected/Image_resize_671  (1030).jpg,0,7.7607226,0.999574
PCOS/noninfected/Image_resize_671  (1031).jpg,0,7.7148695,0.999554
PCOS/noninfected/Image_resize_671  (1032).jpg,0,7.7148695,0.999554
PCOS/noninfected/Image_resize_671  (1033).jpg,0,5.025028,0.9934715
PCOS/noninfected/Image_resize_671  (1034).jpg,0,5.025028,0.9934715
PCOS/noninfected/Image_resize_671  (1035).jpg,0,6.452042,0.99842525
PCOS/noninfected/Image_resize_671  (1036).jpg,0,6.452042,0.99842525
PCOS/noninfected/Image_resize_671  (1037).jpg,0,0.24573793,0.5611272
PCOS/noninfected/Image_resize_671  (1038).jpg,0,-0.57039875,0.36114484
PCOS/noninfected/Image_resize_671  (1039).jpg,0,-0.57039875,0.36114484
PCOS/noninfected/Image_resize_671  (104).jpg,0,0.14424509,0.5359989
PCOS/noninfected/Image_resize_671  (1040).jpg,0,-0.1698707,0.45763415
PCOS/noninfected/Image_resize_671  (1041).jpg,0,-0.1698707,0.45763415
PCOS/noninfected/Image_resize_671  (1042).jpg,0,0.054240324,0.5135567
PCOS/noninfected/Image_resize_671  (1043).jpg,0,0.054240324,0.5135567
PCOS/noninfected/Image_resize_671  (1044).jpg,0,-0.15090702,0.46234468
PCOS/noninfected/Image_resize_671  (1045).jpg,0,-0.15090702,0.46234468
PCOS/noninfected/Image_resize_671  (1046).jpg,0,0.14511982,0.5362164
PCOS/noninfected/Image_resize_671  (1047).jpg,0,0.14511982,0.5362164
PCOS/noninfected/Image_resize_671  (1048).jpg,0,6.88643,0.9989795
PCOS/noninfected/Image_resize_671  (1049).jpg,0,-0.060952827,0.48476657
PCOS/noninfected/Image_resize_671  (105).jpg,0,0.12470606,0.5311362
PCOS/noninfected/Image_resize_671  (1050).jpg,0,-0.060952827,0.48476657
PCOS/noninfected/Image_resize_671  (1051).jpg,0,0.22965173,0.5571619
PCOS/noninfected/Image_resize_671  (1052).jpg,0,0.22965173,0.5571619
PCOS/noninfected/Image_resize_671  (1053).jpg,0,0.50211465,0.62295616
PCOS/noninfected/Image_resize_671  (1054).jpg,0,0.50211465,0.62295616
PCOS/noninfected/Image_resize_671  (1055).jpg,0,0.4823668,0.61830664
PCOS/noninfected/Image_resize_671  (1056).jpg,0,0.4823668,0.61830664
PCOS/noninfected/Image_resize_671  (1057).jpg,0,7.2150245,0.99926513
PCOS/noninfected/Image_resize_671  (1058).jpg,0,7.2150245,0.99926513
PCOS/noninfected/Image_resize_671  (1059).jpg,0,1.8954477,0.86937547
PCOS/noninfected/Image_resize_671  (106).jpg,0,-0.26935738,0.43306488
PCOS/noninfected/Image_resize_671  (1060).jpg,0,1.8954477,0.86937547
PCOS/noninfected/Image_resize_671  (1061).jpg,0,-0.11811249,0.47050616
PCOS/noninfected/Image_resize_671  (1062).jpg,0,-0.11811249,0.47050616
PCOS/noninfected/Image_resize_671  (1063).jpg,0,0.17103532,0.5426549
PCOS/noninfected/Image_resize_671  (1064).jpg,0,0.17103532,0.5426549
PCOS/noninfected/Image_resize_671  (1065).jpg,0,-0.30211583,0.42504033
PCOS/noninfected/Image_resize_671  (1066).jpg,0,-0.30211583,0.42504033
PCOS/noninfected/Image_resize_671  (1067).jpg,0,5.6792564,0.99659556
PCOS/noninfected/Image_resize_671  (1068).jpg,0,5.6792564,0.99659556
PCOS/noninfected/Image_resize_671  (1069).jpg,0,0.49509874,0.62130684
PCOS/noninfected/Image_resize_671  (107).jpg,0,0.14424509,0.5359989
PCOS/noninfected/Image_resize_671  (1070).jpg,0,0.49509874,0.62130684
PCOS/noninfected/Image_resize_671  (1071).jpg,0,-0.27377596,0.43198034
PCOS/noninfected/Image_resize_671  (1072).jpg,0,-0.27377596,0.43198034
PCOS/noninfected/Image_resize_671  (1073).jpg,0,0.11033497,0.52755576
PCOS/noninfected/Image_resize_671  (1074).jpg,0,0.11033497,0.52755576
PCOS/noninfected/Image_resize_671  (1075).jpg,0,6.40512,0.99834967
PCOS/noninfected/Image_resize_671  (1076).jpg,0,6.40512,0.99834967
PCOS/noninfected/Image_resize_671  (1077).jpg,0,-0.21494249,0.44647035
PCOS/noninfected/Image_resize_671  (1078).jpg,0,-0.21494249,0.44647035
PCOS/noninfected/Image_resize_671  (1079).jpg,0,4.6412544,0.99044657
PCOS/noninfected/Image_resize_671  (108).jpg,0,0.14424509,0.5359989
PCOS/noninfected/Image_resize_671  (1080).jpg,0,4.6412544,0.99044657
PCOS/noninfected/Image_resize_671  (1081).jpg,0,-0.15956245,0.4601938
PCOS/noninfected/Image_resize_671  (1082).jpg,0,-0.15956245,0.4601938
PCOS/noninfected/Image_resize_671  (1083).jpg,0,0.22955903,0.5571391
PCOS/noninfected/Image_resize_671  (1084).jpg,0,0.22955903,0.5571391
PCOS/noninfected/Image_resize_671  (1085).jpg,0,0.5672535,0.63812923
PCOS/noninfected/Image_resize_671  (1086).jpg,0,0.9365863,0.7184096
PCOS/noninfected/Image_resize_671  (1087).jpg,0,0.9365863,0.7184096
PCOS/noninfected/Image_resize_671  (1088).jpg,0,1.5630523,0.82679087
PCOS/noninfected/Image_resize_671  (1089).jpg,0,1.5630523,0.82679087
PCOS/noninfected/Image_resize_671  (109).jpg,0,0.12470606,0.5311362
PCOS/noninfected/Image_resize_671  (1090).jpg,0,0.48541364,0.6190254
PCOS/noninfected/Image_resize_671  (1091).jpg,0,0.48541364,0.6190254
PCOS/noninfected/Image_resize_671  (1092).jpg,0,5.6402454,0.9964606
PCOS/noninfected/Image_resize_671  (1093).jpg,0,5.6402454,0.9964606
PCOS/noninfected/Image_resize_671  (1094).jpg,0,-0.010802858,0.4972993
PCOS/noninfected/Image_resize_671  (1095).jpg,0,-0.010802858,0.4972993
PCOS/noninfected/Image_resize_671  (1096).jpg,0,5.860119,0.9971572
PCOS/noninfected/Image_resize_671  (1097).jpg,0,5.860119,0.9971572
PCOS/noninfected/Image_resize_671  (1098).jpg,0,-0.38297263,0.40541014
PCOS/noninfected/Image_resize_671  (1099).jpg,0,-0.38297263,0.40541014
PCOS/noninfected/Image_resize_671  (11).jpg,0,-0.15594819,0.4610918
PCOS/noninfected/Image_resize_671  (110).jpg,0,0.6781201,0.663319
PCOS/noninfected/Image_resize_671  (1100).jpg,0,0.12128696,0.53028464
PCOS/noninfected/Image_resize_671  (1101).jpg,0,0.12128696,0.53028464
PCOS/noninfected/Image_resize_671  (1102).jpg,0,1.4585261,0.8113072
PCOS/noninfected/Image_resize_671  (1103).jpg,0,1.4585261,0.8113072
PCOS/noninfected/Image_resize_671  (1104).jpg,0,2.6746235,0.93551254
PCOS/noninfected/Image_resize_671  (1105).jpg,0,2.6746235,0.93551254
PCOS/noninfected/Image_resize_671  (1106).jpg,0,-0.045642696,0.48859128
PCOS/noninfected/Image_resize_671  (1107).jpg,0,-0.045642696,0.48859128
PCOS/noninfected/Image_resize_671  (1108).jpg,0,-0.28817794,0.42844996
PCOS/noninfected/Image_resize_671  (1109).jpg,0,0.61487377,0.6490518
PCOS/noninfected/Image_resize_671  (111).jpg,0,-0.067533985,0.48312292
PCOS/noninfected/Image_resize_671  (1110).jpg,0,0.61487377,0.6490518
PCOS/noninfected/Image_resize_671  (1111).jpg,0,2.5758817,0.9292931
PCOS/noninfected/Image_resize_671  (1112).jpg,0,2.5758817,0.9292931
PCOS/noninfected/Image_resize_671  (1113).jpg,0,5.6221623,0.99639624
PCOS/noninfected/Image_resize_671  (1114).jpg,0,5.6221623,0.99639624
PCOS/noninfected/Image_resize_671  (1115).jpg,0,-0.3485814,0.4137265
PCOS/noninfected/Image_resize_671  (1116).jpg,0,-0.3485814,0.4137265
PCOS/noninfected/Image_resize_671  (1117).jpg,0,-0.091583245,0.4771202
PCOS/noninfected/Image_resize_671  (1118).jpg,0,-0.091583245,0.4771202
PCOS/noninfected/Image_resize_671  (1119).jpg,0,-0.37935242,0.40628308
PCOS/noninfected/Image_resize_671  (112).jpg,0,-0.085506625,0.47863638
PCOS/noninfected/Image_resize_671  (1120).jpg,0,-0.37935242,0.40628308
PCOS/noninfected/Image_resize_671  (1121).jpg,0,0.12857647,0.5320999
PCOS/noninfected/Image_resize_671  (1122).jpg,0,0.12857647,0.5320999
PCOS/noninfected/Image_resize_671  (1123).jpg,0,0.16001594,0.53991884
PCOS/noninfected/Image_resize_671  (1124).jpg,0,0.16001594,0.53991884
PCOS/noninfected/Image_resize_671  (1125).jpg,0,-0.30296463,0.4248329
PCOS/noninfected/Image_resize_671  (1126).jpg,0,-0.30296463,0.4248329
PCOS/noninfected/Image_resize_671  (1127).jpg,0,0.5672535,0.63812923
PCOS/noninfected/Image_resize_671  (1128).jpg,0,1.8024895,0.8584517
PCOS/noninfected/Image_resize_671  (113).jpg,0,-0.105569795,0.47363198
PCOS/noninfected/Image_resize_671  (114).jpg,0,-0.126852,0.4683295
PCOS/noninfected/Image_resize_671  (115).jpg,0,-0.085506625,0.47863638
PCOS/noninfected/Image_resize_671  (116).jpg,0,-0.085506625,0.47863638
PCOS/noninfected/Image_resize_671  (117).jpg,0,-0.105569795,0.47363198
PCOS/noninfected/Image_resize_671  (118).jpg,0,-0.2661069,0.4338631
PCOS/noninfected/Image_resize_671  (119).jpg,0,1.7609613,0.85333
PCOS/noninfected/Image_resize_671  (12).jpg,0,-0.29344165,0.4271615
PCOS/noninfected/Image_resize_671  (120).jpg,0,1.7609613,0.85333
PCOS/noninfected/Image_resize_671  (121).jpg,0,4.9134026,0.9927061
PCOS/noninfected/Image_resize_671  (122).jpg,0,-0.2661069,0.4338631
PCOS/noninfected/Image_resize_671  (123).jpg,0,1.7609613,0.85333
PCOS/noninfected/Image_resize_671  (124).jpg,0,-0.54436165,0.36717352
PCOS/noninfected/Image_resize_671  (125).jpg,0,-0.54436165,0.36717352
PCOS/noninfected/Image_resize_671  (126).jpg,0,-0.30816874,0.4235618
PCOS/noninfected/Image_resize_671  (127).jpg,0,0.04501164,0.51125103
PCOS/noninfected/Image_resize_671  (128).jpg,0,-0.1702415,0.4575421
PCOS/noninfected/Image_resize_671  (129).jpg,0,-0.1702415,0.4575421
PCOS/noninfected/Image_resize_671  (13).jpg,0,-0.12501152,0.46878776
PCOS/noninfected/Image_resize_671  (130).jpg,0,-0.2263478,0.44365343
PCOS/noninfected/Image_resize_671  (131).jpg,0,0.04501164,0.51125103
PCOS/noninfected/Image_resize_671  (132).jpg,0,-0.1702415,0.4575421
PCOS/noninfected/Image_resize_671  (133).jpg,0,-0.1702415,0.4575421
PCOS/noninfected/Image_resize_671  (134).jpg,0,-0.2263478,0.44365343
PCOS/noninfected/Image_resize_671  (135).jpg,0,-0.126852,0.4683295
PCOS/noninfected/Image_resize_671  (136).jpg,0,-0.085506625,0.47863638
PCOS/noninfected/Image_resize_671  (137).jpg,0,-0.30211982,0.42503935
PCOS/noninfected/Image_resize_671  (138).jpg,0,-0.30211982,0.42503935
PCOS/noninfected/Image_resize_671  (139).jpg,0,-0.117437094,0.47067443
PCOS/noninfected/Image_resize_671  (14).jpg,0,1.828208,0.8615481
PCOS/noninfected/Image_resize_671  (140).jpg,0,-0.18946218,0.4527756
PCOS/noninfected/Image_resize_671  (141).jpg,0,-0.30211982,0.42503935
PCOS/noninfected/Image_resize_671  (142).jpg,0,-0.30211982,0.42503935
PCOS/noninfected/Image_resize_671  (143).jpg,0,-0.117437094,0.47067443
PCOS/noninfected/Image_resize_671  (144).jpg,0,-0.5513483,0.36555168
PCOS/noninfected/Image_resize_671  (145).jpg,0,-0.54436165,0.36717352
PCOS/noninfected/Image_resize_671  (146).jpg,0,-0.54436165,0.36717352
PCOS/noninfected/Image_resize_671  (147).jpg,0,-0.30816874,0.4235618
PCOS/noninfected/Image_resize_671  (148).jpg,0,-0.5513483,0.36555168
PCOS/noninfected/Image_resize_671  (149).jpg,0,-0.5457501,0.366851
PCOS/noninfected/Image_resize_671  (15).jpg,0,1.828208,0.8615481
PCOS/noninfected/Image_resize_671  (150).jpg,0,-0.5457501,0.366851
PCOS/noninfected/Image_resize_671  (151).jpg,0,-0.38589713,0.40470535
PCOS/noninfected/Image_resize_671  (152).jpg,0,-0.24793419,0.43833202
PCOS/noninfected/Image_resize_671  (153).jpg,0,1.7847064,0.85627705
PCOS/noninfected/Image_resize_671  (154).jpg,0,1.7847064,0.85627705
PCOS/noninfected/Image_resize_671  (155).jpg,0,2.2071447,0.9008893
PCOS/noninfected/Image_resize_671  (156).jpg,0,-0.24793419,0.43833202
PCOS/noninfected/Image_resize_671  (157).jpg,0,1.7847064,0.85627705
PCOS/noninfected/Image_resize_671  (158).jpg,0,1.7847064,0.85627705
PCOS/noninfected/Image_resize_671  (159).jpg,0,2.2071447,0.9008893
PCOS/noninfected/Image_resize_671  (16).jpg,0,-0.11038312,0.4724322
PCOS/noninfected/Image_resize_671  (160).jpg,0,-0.18946218,0.4527756
PCOS/noninfected/Image_resize_671  (161).jpg,0,2.7742605,0.941269
PCOS/noninfected/Image_resize_671  (162).jpg,0,2.7742605,0.941269
PCOS/noninfected/Image_resize_671  (163).jpg,0,5.0931454,0.99389875
PCOS/noninfected/Image_resize_671  (164).jpg,0,-0.27892992,0.4307161
PCOS/noninfected/Image_resize_671  (165).jpg,0,2.7742605,0.941269
PCOS/noninfected/Image_resize_671  (166).jpg,0,2.7742605,0.941269
PCOS/noninfected/Image_resize_671  (167).jpg,0,5.0931454,0.99389875
PCOS/noninfected/Image_resize_671  (168).jpg,0,-0.5051333,0.3763351
PCOS/noninfected/Image_resize_671  (169).jpg,0,-0.5457501,0.366851
PCOS/noninfected/Image_resize_671  (17).jpg,0,-0.102914356,0.4742941
PCOS/noninfected/Image_resize_671  (170).jpg,0,-0.5457501,0.366851
PCOS/noninfected/Image_resize_671  (171).jpg,0,-0.38589713,0.40470535
PCOS/noninfected/Image_resize_671  (172).jpg,0,-0.5051333,0.3763351
PCOS/noninfected/Image_resize_671  (173).jpg,0,2.8748431,0.94658875
PCOS/noninfected/Image_resize_671  (174).jpg,0,2.8748431,0.94658875
PCOS/noninfected/Image_resize_671  (175).jpg,0,3.5656745,0.9724998
PCOS/noninfected/Image_resize_671  (176).jpg,0,0.42127222,0.60378766
PCOS/noninfected/Image_resize_671  (177).jpg,0,-0.08337486,0.47916833
PCOS/noninfected/Image_resize_671  (178).jpg,0,-0.08337486,0.47916833
PCOS/noninfected/Image_resize_671  (179).jpg,0,-0.23873329,0.44059852
PCOS/noninfected/Image_resize_671  (18).jpg,0,0.01439017,0.5035975
PCOS/noninfected/Image_resize_671  (180).jpg,0,0.42127222,0.60378766
PCOS/noninfected/Image_resize_671  (181).jpg,0,-0.08337486,0.47916833
PCOS/noninfected/Image_resize_671  (182).jpg,0,-0.08337486,0.47916833
PCOS/noninfected/Image_resize_671  (183).jpg,0,-0.23873329,0.44059852
PCOS/noninfected/Image_resize_671  (184).jpg,0,-0.27892992,0.4307161
PCOS/noninfected/Image_resize_671  (185).jpg,0,0.11607816,0.528987
PCOS/noninfected/Image_resize_671  (186).jpg,0,0.11607816,0.528987
PCOS/noninfected/Image_resize_671  (187).jpg,0,-0.30068782,0.42538935
PCOS/noninfected/Image_resize_671  (188).jpg,0,-0.43445662,0.39306265
PCOS/noninfected/Image_resize_671  (189).jpg,0,0.11607816,0.528987
PCOS/noninfected/Image_resize_671  (19).jpg,0,-0.11038312,0.4724322
PCOS/noninfected/Image_resize_671  (190).jpg,0,0.11607816,0.528987
PCOS/noninfected/Image_resize_671  (191).jpg,0,-0.30068782,0.42538935
PCOS/noninfected/Image_resize_671  (192).jpg,0,0.027634358,0.5069081
PCOS/noninfected/Image_resize_671  (193).jpg,0,2.8748431,0.94658875
PCOS/noninfected/Image_resize_671  (194).jpg,0,2.8748431,0.94658875
PCOS/noninfected/Image_resize_671  (195).jpg,0,3.5656745,0.9724998
PCOS/noninfected/Image_resize_671  (196).jpg,0,0.027634358,0.5069081
PCOS/noninfected/Image_resize_671  (197).jpg,0,-0.28595504,0.4289944
PCOS/noninfected/Image_resize_671  (198).jpg,0,-0.28595504,0.4289944
PCOS/noninfected/Image_resize_671  (199).jpg,0,-0.13348511,0.4666782
PCOS/noninfected/Image_resize_671  (2).jpg,0,1.1986374,0.7682823
PCOS/noninfected/Image_resize_671  (20).jpg,0,-0.11038312,0.4724322
PCOS/noninfected/Image_resize_671  (200).jpg,0,-0.5921393,0.35614416
PCOS/noninfected/Image_resize_671  (201).jpg,0,-0.5607969,0.36336312
PCOS/noninfected/Image_resize_671  (202).jpg,0,-0.5607969,0.36336312
PCOS/noninfected/Image_resize_671  (203).jpg,0,-0.17550917,0.45623496
PCOS/noninfected/Image_resize_671  (204).jpg,0,-0.5921393,0.35614416
PCOS/noninfected/Image_resize_671  (205).jpg,0,-0.5607969,0.36336312
PCOS/noninfected/Image_resize_671  (206).jpg,0,-0.5607969,0.36336312
PCOS/noninfected/Image_resize_671  (207).jpg,0,-0.17550917,0.45623496
PCOS/noninfected/Image_resize_671  (208).jpg,0,-0.43445662,0.39306265
PCOS/noninfected/Image_resize_671  (209).jpg,0,-0.1812053,0.4548222
PCOS/noninfected/Image_resize_671  (21).jpg,0,-0.102914356,0.4742941
PCOS/noninfected/Image_resize_671  (210).jpg,0,-0.050499834,0.48737773
PCOS/noninfected/Image_resize_671  (211).jpg,0,0.011505589,0.5028764
PCOS/noninfected/Image_resize_671  (212).jpg,0,-0.1812053,0.4548222
PCOS/noninfected/Image_resize_671  (213).jpg,0,-0.1812053,0.4548222
PCOS/noninfected/Image_resize_671  (214).jpg,0,-0.050499834,0.48737773
PCOS/noninfected/Image_resize_671  (215).jpg,0,-0.26953632,0.43302095
PCOS/noninfected/Image_resize_671  (216).jpg,0,-0.28595504,0.4289944
PCOS/noninfected/Image_resize_671  (217).jpg,0,-0.28595504,0.4289944
PCOS/noninfected/Image_resize_671  (218).jpg,0,-0.13348511,0.4666782
PCOS/noninfected/Image_resize_671  (219).jpg,0,-0.26953632,0.43302095
PCOS/noninfected/Image_resize_671  (22).jpg,0,-0.24044183,0.44017747
PCOS/noninfected/Image_resize_671  (220).jpg,0,-0.026459215,0.49338552
PCOS/noninfected/Image_resize_671  (221).jpg,0,-0.026459215,0.49338552
PCOS/noninfected/Image_resize_671  (222).jpg,0,-0.2689883,0.43315545
PCOS/noninfected/Image_resize_671  (223).jpg,0,-0.38395888,0.40517244
PCOS/noninfected/Image_resize_671  (224).jpg,0,3.3652399,0.9666003
PCOS/noninfected/Image_resize_671  (225).jpg,0,3.3652399,0.9666003
PCOS/noninfected/Image_resize_671  (226).jpg,0,3.226025,0.961802
PCOS/noninfected/Image_resize_671  (227).jpg,0,-0.38395888,0.40517244
PCOS/noninfected/Image_resize_671  (228).jpg,0,3.3652399,0.9666003
PCOS/noninfected/Image_resize_671  (229).jpg,0,3.3652399,0.9666003
PCOS/noninfected/Image_resize_671  (23).jpg,0,1.7133977,0.84727645
PCOS/noninfected/Image_resize_671  (230).jpg,0,3.226025,0.961802
PCOS/noninfected/Image_resize_671  (231).jpg,0,0.011505589,0.5028764
PCOS/noninfected/Image_resize_671  (232).jpg,0,-0.1812053,0.4548222
PCOS/noninfected/Image_resize_671  (233).jpg,0,-0.25477526,0.4366485
PCOS/noninfected/Image_resize_671  (234).jpg,0,-0.25477526,0.4366485
PCOS/noninfected/Image_resize_671  (235).jpg,0,-0.033845045,0.49153954
PCOS/noninfected/Image_resize_671  (236).jpg,0,-0.2794675,0.43058434
PCOS/noninfected/Image_resize_671  (237).jpg,0,-0.25477526,0.4366485
PCOS/noninfected/Image_resize_671  (238).jpg,0,-0.25477526,0.4366485
PCOS/noninfected/Image_resize_671  (239).jpg,0,-0.033845045,0.49153954
PCOS/noninfected/Image_resize_671  (24).jpg,0,1.7133977,0.84727645
PCOS/noninfected/Image_resize_671  (240).jpg,0,0.69907326,0.6679823
PCOS/noninfected/Image_resize_671  (241).jpg,0,-0.026459215,0.49338552
PCOS/noninfected/Image_resize_671  (242).jpg,0,-0.026459215,0.49338552
PCOS/noninfected/Image_resize_671  (243).jpg,0,-0.2689883,0.43315545
PCOS/noninfected/Image_resize_671  (244).jpg,0,0.69907326,0.6679823
PCOS/noninfected/Image_resize_671  (245).jpg,0,0.1527735,0.53811926
PCOS/noninfected/Image_resize_671  (246).jpg,0,-0.1319821,0.46705225
PCOS/noninfected/Image_resize_671  (247).jpg,0,-0.14253171,0.46442726
PCOS/noninfected/Image_resize_671  (248).jpg,0,-0.14253171,0.46442726
PCOS/noninfected/Image_resize_671  (249).jpg,0,-0.11258796,0.4718827
PCOS/noninfected/Image_resize_671  (25).jpg,0,1.9545962,0.8759469
PCOS/noninfected/Image_resize_671  (250).jpg,0,-0.1319821,0.46705225
PCOS/noninfected/Image_resize_671  (251).jpg,0,-0.14253171,0.46442726
PCOS/noninfected/Image_resize_671  (252).jpg,0,-0.14253171,0.46442726
PCOS/noninfected/Image_resize_671  (253).jpg,0,-0.11258796,0.4718827
PCOS/noninfected/Image_resize_671  (254).jpg,0,-0.2794675,0.43058434
PCOS/noninfected/Image_resize_671  (255).jpg,0,-0.36835387,0.40893885
PCOS/noninfected/Image_resize_671  (256).jpg,0,0.056924887,0.5142274
PCOS/noninfected/Image_resize_671  (257).jpg,0,0.056924887,0.5142274
PCOS/noninfected/Image_resize_671  (258).jpg,0,0.1527735,0.53811926
PCOS/noninfected/Image_resize_671  (259).jpg,0,-0.36835387,0.40893885
PCOS/noninfected/Image_resize_671  (26).jpg,0,-0.24044183,0.44017747
PCOS/noninfected/Image_resize_671  (260).jpg,0,0.056924887,0.5142274
PCOS/noninfected/Image_resize_671  (261).jpg,0,0.056924887,0.5142274
PCOS/noninfected/Image_resize_671  (262).jpg,0,-0.27158368,0.4325183
PCOS/noninfected/Image_resize_671  (263).jpg,0,1.55916,0.82623285
PCOS/noninfected/Image_resize_671  (264).jpg,0,1.55916,0.82623285
PCOS/noninfected/Image_resize_671  (265).jpg,0,1.9153831,0.87162274
PCOS/noninfected/Image_resize_671  (266).jpg,0,-0.27158368,0.4325183
PCOS/noninfected/Image_resize_671  (267).jpg,0,1.55916,0.82623285
PCOS/noninfected/Image_resize_671  (268).jpg,0,1.55916,0.82623285
PCOS/noninfected/Image_resize_671  (269).jpg,0,1.9153831,0.87162274
PCOS/noninfected/Image_resize_671  (27).jpg,0,1.7133977,0.84727645
PCOS/noninfected/Image_resize_671  (270).jpg,0,-0.2659417,0.4339037
PCOS/noninfected/Image_resize_671  (271).jpg,0,-0.47818252,0.3826814
PCOS/noninfected/Image_resize_671  (272).jpg,0,-0.47818252,0.3826814
PCOS/noninfected/Image_resize_671  (273).jpg,0,-0.18334916,0.45429066
PCOS/noninfected/Image_resize_671  (274).jpg,0,-0.2659417,0.4339037
PCOS/noninfected/Image_resize_671  (275).jpg,0,-0.47818252,0.3826814
PCOS/noninfected/Image_resize_671  (276).jpg,0,-0.47818252,0.3826814
PCOS/noninfected/Image_resize_671  (277).jpg,0,-0.18334916,0.45429066
PCOS/noninfected/Image_resize_671  (278).jpg,0,-0.09556197,0.47612768
PCOS/noninfected/Image_resize_671  (279).jpg,0,-0.05809345,0.48548073
PCOS/noninfected/Image_resize_671  (28).jpg,0,0.03041716,0.5076037
PCOS/noninfected/Image_resize_671  (280).jpg,0,-0.05809345,0.48548073
PCOS/noninfected/Image_resize_671  (281).jpg,0,-0.062255822,0.48444104
PCOS/noninfected/Image_resize_671  (282).jpg,0,-0.09556197,0.47612768
PCOS/noninfected/Image_resize_671  (283).jpg,0,-0.05809345,0.48548073
PCOS/noninfected/Image_resize_671  (284).jpg,0,-0.05809345,0.48548073
PCOS/noninfected/Image_resize_671  (285).jpg,0,-0.062255822,0.48444104
PCOS/noninfected/Image_resize_671  (286).jpg,0,-0.51397204,0.37426287
PCOS/noninfected/Image_resize_671  (287).jpg,0,-0.4152155,0.39766222
PCOS/noninfected/Image_resize_671  (288).jpg,0,-0.4152155,0.39766222
PCOS/noninfected/Image_resize_671  (289).jpg,0,-0.33209443,0.41773108
PCOS/noninfected/Image_resize_671  (29).jpg,0,-0.04364501,0.48909047
PCOS/noninfected/Image_resize_671  (290).jpg,0,-0.51397204,0.37426287
PCOS/noninfected/Image_resize_671  (291).jpg,0,-0.4152155,0.39766222
PCOS/noninfected/Image_resize_671  (292).jpg,0,-0.4152155,0.39766222
PCOS/noninfected/Image_resize_671  (293).jpg,0,-0.33209443,0.41773108
PCOS/noninfected/Image_resize_671  (294).jpg,0,0.17835549,0.5444711
PCOS/noninfected/Image_resize_671  (295).jpg,0,1.1725364,0.76360315
PCOS/noninfected/Image_resize_671  (296).jpg,0,1.1725364,0.76360315
PCOS/noninfected/Image_resize_671  (297).jpg,0,2.3849256,0.9156705
PCOS/noninfected/Image_resize_671  (298).jpg,0,0.17835549,0.5444711
PCOS/noninfected/Image_resize_671  (299).jpg,0,1.1725364,0.76360315
PCOS/noninfected/Image_resize_671  (3).jpg,0,1.7133977,0.84727645
PCOS/noninfected/Image_resize_671  (30).jpg,0,-0.07706546,0.48074314
PCOS/noninfected/Image_resize_671  (300).jpg,0,1.1725364,0.76360315
PCOS/noninfected/Image_resize_671  (301).jpg,0,2.3849256,0.9156705
PCOS/noninfected/Image_resize_671  (302).jpg,0,-0.73623854,0.3238272
PCOS/noninfected/Image_resize_671  (303).jpg,0,-0.61146116,0.35172597
PCOS/noninfected/Image_resize_671  (304).jpg,0,-0.61146116,0.35172597
PCOS/noninfected/Image_resize_671  (305).jpg,0,-0.27655396,0.4312988
PCOS/noninfected/Image_resize_671  (306).jpg,0,-0.73623854,0.3238272
PCOS/noninfected/Image_resize_671  (307).jpg,0,-0.61146116,0.35172597
PCOS/noninfected/Image_resize_671  (308).jpg,0,-0.61146116,0.35172597
PCOS/noninfected/Image_resize_671  (309).jpg,0,-0.27655396,0.4312988
PCOS/noninfected/Image_resize_671  (31).jpg,0,0.05649025,0.5141188
PCOS/noninfected/Image_resize_671  (310).jpg,0,-0.02416168,0.49395984
PCOS/noninfected/Image_resize_671  (311).jpg,0,-0.21581644,0.4462543
PCOS/noninfected/Image_resize_671  (312).jpg,0,-0.21581644,0.4462543
PCOS/noninfected/Image_resize_671  (313).jpg,0,-0.1104019,0.47242752
PCOS/noninfected/Image_resize_671  (314).jpg,0,-0.02416168,0.49395984
PCOS/noninfected/Image_resize_671  (315).jpg,0,-0.21581644,0.4462543
PCOS/noninfected/Image_resize_671  (316).jpg,0,-0.21581644,0.4462543
PCOS/noninfected/Image_resize_671  (317).jpg,0,-0.1104019,0.47242752
PCOS/noninfected/Image_resize_671  (318).jpg,0,-0.09075318,0.47732723
PCOS/noninfected/Image_resize_671  (319).jpg,0,-0.17370778,0.45668194
PCOS/noninfected/Image_resize_671  (32).jpg,0,0.05649025,0.5141188
PCOS/noninfected/Image_resize_671  (320).jpg,0,-0.17370778,0.45668194
PCOS/noninfected/Image_resize_671  (321).jpg,0,-0.1675921,0.45819977
PCOS/noninfected/Image_resize_671  (322).jpg,0,-0.09075318,0.47732723
PCOS/noninfected/Image_resize_671  (323).jpg,0,-0.17370778,0.45668194
PCOS/noninfected/Image_resize_671  (324).jpg,0,-0.17370778,0.45668194
PCOS/noninfected/Image_resize_671  (325).jpg,0,-0.1675921,0.45819977
PCOS/noninfected/Image_resize_671  (326).jpg,0,-0.13494495,0.46631485
PCOS/noninfected/Image_resize_671  (327).jpg,0,-0.13494495,0.46631485
PCOS/noninfected/Image_resize_671  (328).jpg,0,-0.06899105,0.48275906
PCOS/noninfected/Image_resize_671  (329).jpg,0,-0.004835004,0.49879128
PCOS/noninfected/Image_resize_671  (33).jpg,0,-0.033613004,0.49159756
PCOS/noninfected/Image_resize_671  (330).jpg,0,-0.20741549,0.4483312
PCOS/noninfected/Image_resize_671  (331).jpg,0,-0.20741549,0.4483312
PCOS/noninfected/Image_resize_671  (332).jpg,0,-0.22896399,0.44300777
PCOS/noninfected/Image_resize_671  (333).jpg,0,-0.004835004,0.49879128
PCOS/noninfected/Image_resize_671  (334).jpg,0,-0.20741549,0.4483312
PCOS/noninfected/Image_resize_671  (335).jpg,0,-0.20741549,0.4483312
PCOS/noninfected/Image_resize_671  (336).jpg,0,-0.22896399,0.44300777
PCOS/noninfected/Image_resize_671  (337).jpg,0,-0.35934398,0.41111842
PCOS/noninfected/Image_resize_671  (338).jpg,0,-0.35934398,0.41111842
PCOS/noninfected/Image_resize_671  (339).jpg,0,-0.37654743,0.4069599
PCOS/noninfected/Image_resize_671  (34).jpg,0,-0.07706546,0.48074314
PCOS/noninfected/Image_resize_671  (340).jpg,0,0.38776335,0.59574413
PCOS/noninfected/Image_resize_671  (341).jpg,0,-0.35934398,0.41111842
PCOS/noninfected/Image_resize_671  (342).jpg,0,-0.35934398,0.41111842
PCOS/noninfected/Image_resize_671  (343).jpg,0,-0.37654743,0.4069599
PCOS/noninfected/Image_resize_671  (344).jpg,0,-0.03852836,0.4903691
PCOS/noninfected/Image_resize_671  (345).jpg,0,-0.13494495,0.46631485
PCOS/noninfected/Image_resize_671  (346).jpg,0,-0.13494495,0.46631485
PCOS/noninfected/Image_resize_671  (347).jpg,0,-0.06899105,0.48275906
PCOS/noninfected/Image_resize_671  (348).jpg,0,-0.03852836,0.4903691
PCOS/noninfected/Image_resize_671  (349).jpg,0,-0.5169181,0.37357318
PCOS/noninfected/Image_resize_671  (35).jpg,0,0.05649025,0.5141188
PCOS/noninfected/Image_resize_671  (350).jpg,0,-0.1752153,0.4563079
PCOS/noninfected/Image_resize_671  (351).jpg,0,-0.5988017,0.3546179
PCOS/noninfected/Image_resize_671  (352).jpg,0,-0.94317216,0.28026003
PCOS/noninfected/Image_resize_671  (353).jpg,0,-0.94317216,0.28026003
PCOS/noninfected/Image_resize_671  (354).jpg,0,-0.3871881,0.40439442
PCOS/noninfected/Image_resize_671  (355).jpg,0,-0.5988017,0.3546179
PCOS/noninfected/Image_resize_671  (356).jpg,0,-0.94317216,0.28026003
PCOS/noninfected/Image_resize_671  (357).jpg,0,-0.94317216,0.28026003
PCOS/noninfected/Image_resize_671  (358).jpg,0,-0.3871881,0.40439442
PCOS/noninfected/Image_resize_671  (359).jpg,0,0.38776335,0.59574413
PCOS/noninfected/Image_resize_671  (36).jpg,0,0.05649025,0.5141188
PCOS/noninfected/Image_resize_671  (360).jpg,0,-0.1752153,0.4563079
PCOS/noninfected/Image_resize_671  (361).jpg,0,-0.13810763,0.46552786
PCOS/noninfected/Image_resize_671  (362).jpg,0,-0.5169181,0.37357318
PCOS/noninfected/Image_resize_671  (363).jpg,0,2.9921608,0.9522187
PCOS/noninfected/Image_resize_671  (364).jpg,0,2.9921608,0.9522187
PCOS/noninfected/Image_resize_671  (365).jpg,0,-0.063826256,0.48404884
PCOS/noninfected/Image_resize_671  (366).jpg,0,-0.063826256,0.48404884
PCOS/noninfected/Image_resize_671  (367).jpg,0,-0.37814027,0.40657553
PCOS/noninfected/Image_resize_671  (368).jpg,0,0.26725104,0.56641793
PCOS/noninfected/Image_resize_671  (369).jpg,0,-0.063826256,0.48404884
PCOS/noninfected/Image_resize_671  (37).jpg,0,-0.033613004,0.49159756
PCOS/noninfected/Image_resize_671  (370).jpg,0,-0.063826256,0.48404884
PCOS/noninfected/Image_resize_671  (371).jpg,0,-0.37814027,0.40657553
PCOS/noninfected/Image_resize_671  (372).jpg,0,-0.23021705,0.4426986
PCOS/noninfected/Image_resize_671  (373).jpg,0,2.9921608,0.9522187
PCOS/noninfected/Image_resize_671  (374).jpg,0,2.9921608,0.9522187
PCOS/noninfected/Image_resize_671  (375).jpg,0,2.3071644,0.90946865
PCOS/noninfected/Image_resize_671  (376).jpg,0,-0.23021705,0.4426986
PCOS/noninfected/Image_resize_671  (377).jpg,0,0.41443914,0.6021518
PCOS/noninfected/Image_resize_671  (378).jpg,0,-0.13388467,0.46657875
PCOS/noninfected/Image_resize_671  (379).jpg,0,-0.097824454,0.47556338
PCOS/noninfected/Image_resize_671  (38).jpg,0,0.01439017,0.5035975
PCOS/noninfected/Image_resize_671  (380).jpg,0,0.007882195,0.5019705
PCOS/noninfected/Image_resize_671  (381).jpg,0,0.007882195,0.5019705
PCOS/noninfected/Image_resize_671  (382).jpg,0,-0.07627918,0.48093942
PCOS/noninfected/Image_resize_671  (383).jpg,0,-0.097824454,0.47556338
PCOS/noninfected/Image_resize_671  (384).jpg,0,0.007882195,0.5019705
PCOS/noninfected/Image_resize_671  (385).jpg,0,0.007882195,0.5019705
PCOS/noninfected/Image_resize_671  (386).jpg,0,-0.07627918,0.48093942
PCOS/noninfected/Image_resize_671  (387).jpg,0,0.26725104,0.56641793
PCOS/noninfected/Image_resize_671  (388).jpg,0,-0.031811602,0.4920478
PCOS/noninfected/Image_resize_671  (389).jpg,0,0.0993839,0.5248256
PCOS/noninfected/Image_resize_671  (39).jpg,0,-0.11038312,0.4724322
PCOS/noninfected/Image_resize_671  (390).jpg,0,-0.04958798,0.48760554
PCOS/noninfected/Image_resize_671  (391).jpg,0,-0.031811602,0.4920478
PCOS/noninfected/Image_resize_671  (392).jpg,0,-0.031811602,0.4920478
PCOS/noninfected/Image_resize_671  (393).jpg,0,0.0993839,0.5248256
PCOS/noninfected/Image_resize_671  (394).jpg,0,-0.38512173,0.40489218
PCOS/noninfected/Image_resize_671  (395).jpg,0,0.41443914,0.6021518
PCOS/noninfected/Image_resize_671  (396).jpg,0,0.41443914,0.6021518
PCOS/noninfected/Image_resize_671  (397).jpg,0,-0.13388467,0.46657875
PCOS/noninfected/Image_resize_671  (398).jpg,0,-0.38512173,0.40489218
PCOS/noninfected/Image_resize_671  (399).jpg,0,0.41443914,0.6021518
PCOS/noninfected/Image_resize_671  (4).jpg,0,1.9545962,0.8759469
PCOS/noninfected/Image_resize_671  (40).jpg,0,-0.21269894,0.44702485
PCOS/noninfected/Image_resize_671  (400).jpg,0,-0.21264048,0.44703928
PCOS/noninfected/Image_resize_671  (401).jpg,0,-0.12653948,0.46840724
PCOS/noninfected/Image_resize_671  (402).jpg,0,-0.21890634,0.4454909
PCOS/noninfected/Image_resize_671  (403).jpg,0,-0.26600447,0.43388826
PCOS/noninfected/Image_resize_671  (404).jpg,0,-0.26600447,0.43388826
PCOS/noninfected/Image_resize_671  (405).jpg,0,-0.25043315,0.4377169
PCOS/noninfected/Image_resize_671  (406).jpg,0,-0.21890634,0.4454909
PCOS/noninfected/Image_resize_671  (407).jpg,0,-0.26600447,0.43388826
PCOS/noninfected/Image_resize_671  (408).jpg,0,-0.26600447,0.43388826
PCOS/noninfected/Image_resize_671  (409).jpg,0,-0.25043315,0.4377169
PCOS/noninfected/Image_resize_671  (41).jpg,0,-0.11735241,0.47069556
PCOS/noninfected/Image_resize_671  (410).jpg,0,-0.04958798,0.48760554
PCOS/noninfected/Image_resize_671  (411).jpg,0,-0.031811602,0.4920478
PCOS/noninfected/Image_resize_671  (412).jpg,0,0.07465004,0.5186538
PCOS/noninfected/Image_resize_671  (413).jpg,0,-0.06888611,0.4827853
PCOS/noninfected/Image_resize_671  (414).jpg,0,0.3719051,0.5919192
PCOS/noninfected/Image_resize_671  (415).jpg,0,0.07465004,0.5186538
PCOS/noninfected/Image_resize_671  (416).jpg,0,0.07465004,0.5186538
PCOS/noninfected/Image_resize_671  (417).jpg,0,-0.06888611,0.4827853
PCOS/noninfected/Image_resize_671  (418).jpg,0,0.051732294,0.5129302
PCOS/noninfected/Image_resize_671  (419).jpg,0,-0.21264048,0.44703928
PCOS/noninfected/Image_resize_671  (42).jpg,0,0.95780414,0.72268194
PCOS/noninfected/Image_resize_671  (420).jpg,0,-0.21264048,0.44703928
PCOS/noninfected/Image_resize_671  (421).jpg,0,-0.12653948,0.46840724
PCOS/noninfected/Image_resize_671  (422).jpg,0,0.051732294,0.5129302
PCOS/noninfected/Image_resize_671  (423).jpg,0,-0.21264048,0.44703928
PCOS/noninfected/Image_resize_671  (424).jpg,0,-0.46006575,0.38697025
PCOS/noninfected/Image_resize_671  (425).jpg,0,-0.022269158,0.4944329
PCOS/noninfected/Image_resize_671  (426).jpg,0,-0.20832825,0.44810548
PCOS/noninfected/Image_resize_671  (427).jpg,0,-0.20832825,0.44810548
PCOS/noninfected/Image_resize_671  (428).jpg,0,-0.13793623,0.46557048
PCOS/noninfected/Image_resize_671  (429).jpg,0,-0.022269158,0.4944329
PCOS/noninfected/Image_resize_671  (43).jpg,0,-0.21269894,0.44702485
PCOS/noninfected/Image_resize_671  (430).jpg,0,-0.20832825,0.44810548
PCOS/noninfected/Image_resize_671  (431).jpg,0,-0.20832825,0.44810548
PCOS/noninfected/Image_resize_671  (432).jpg,0,-0.13793623,0.46557048
PCOS/noninfected/Image_resize_671  (433).jpg,0,0.3719051,0.5919192
PCOS/noninfected/Image_resize_671  (434).jpg,0,0.07465004,0.5186538
PCOS/noninfected/Image_resize_671  (435).jpg,0,-0.08197132,0.47951865
PCOS/noninfected/Image_resize_671  (436).jpg,0,-0.11061299,0.47237495
PCOS/noninfected/Image_resize_671  (437).jpg,0,-0.13457328,0.46640733
PCOS/noninfected/Image_resize_671  (438).jpg,0,-0.13457328,0.46640733
PCOS/noninfected/Image_resize_671  (439).jpg,0,-0.08197132,0.47951865
PCOS/noninfected/Image_resize_671  (44).jpg,0,-0.21269894,0.44702485
PCOS/noninfected/Image_resize_671  (440).jpg,0,-0.46293572,0.38628966
PCOS/noninfected/Image_resize_671  (441).jpg,0,-0.45161447,0.388977
PCOS/noninfected/Image_resize_671  (442).jpg,0,-0.45161447,0.388977
PCOS/noninfected/Image_resize_671  (443).jpg,0,-0.46006575,0.38697025
PCOS/noninfected/Image_resize_671  (444).jpg,0,-0.46293572,0.38628966
PCOS/noninfected/Image_resize_671  (445).jpg,0,-0.45161447,0.388977
PCOS/noninfected/Image_resize_671  (446).jpg,0,-0.45161447,0.388977
PCOS/noninfected/Image_resize_671  (447).jpg,0,-0.17108272,0.45733333
PCOS/noninfected/Image_resize_671  (448).jpg,0,-0.064325124,0.48392424
PCOS/noninfected/Image_resize_671  (449).jpg,0,-0.064325124,0.48392424
PCOS/noninfected/Image_resize_671  (45).jpg,0,-0.11735241,0.47069556
PCOS/noninfected/Image_resize_671  (450).jpg,0,-0.05393067,0.48652062
PCOS/noninfected/Image_resize_671  (451).jpg,0,-0.17108272,0.45733333
PCOS/noninfected/Image_resize_671  (452).jpg,0,-0.064325124,0.48392424
PCOS/noninfected/Image_resize_671  (453).jpg,0,-0.064325124,0.48392424
PCOS/noninfected/Image_resize_671  (454).jpg,0,-0.05393067,0.48652062
PCOS/noninfected/Image_resize_671  (455).jpg,0,-0.11061299,0.47237495
PCOS/noninfected/Image_resize_671  (456).jpg,0,-0.13457328,0.46640733
PCOS/noninfected/Image_resize_671  (457).jpg,0,-0.13457328,0.46640733
PCOS/noninfected/Image_resize_671  (458).jpg,0,-0.7761249,0.31515566
PCOS/noninfected/Image_resize_671  (459).jpg,0,-0.62506646,0.34863004
PCOS/noninfected/Image_resize_671  (46).jpg,0,-0.30994752,0.42312753
PCOS/noninfected/Image_resize_671  (460).jpg,0,-0.62506646,0.34863004
PCOS/noninfected/Image_resize_671  (461).jpg,0,-0.24982503,0.4378666
PCOS/noninfected/Image_resize_671  (462).jpg,0,-0.07014096,0.4824719
PCOS/noninfected/Image_resize_671  (463).jpg,0,-0.0508618,0.4872873
PCOS/noninfected/Image_resize_671  (464).jpg,0,-0.0508618,0.4872873
PCOS/noninfected/Image_resize_671  (465).jpg,0,-0.030083345,0.4924797
PCOS/noninfected/Image_resize_671  (466).jpg,0,-0.07014096,0.4824719
PCOS/noninfected/Image_resize_671  (467).jpg,0,-0.0508618,0.4872873
PCOS/noninfected/Image_resize_671  (468).jpg,0,-0.0508618,0.4872873
PCOS/noninfected/Image_resize_671  (469).jpg,0,-0.030083345,0.4924797
PCOS/noninfected/Image_resize_671  (47).jpg,0,0.03041716,0.5076037
PCOS/noninfected/Image_resize_671  (470).jpg,0,-0.1352767,0.4662323
PCOS/noninfected/Image_resize_671  (471).jpg,0,-0.060010888,0.48500177
PCOS/noninfected/Image_resize_671  (472).jpg,0,-0.060010888,0.48500177
PCOS/noninfected/Image_resize_671  (473).jpg,0,0.0451611,0.51128834
PCOS/noninfected/Image_resize_671  (474).jpg,0,-0.1352767,0.4662323
PCOS/noninfected/Image_resize_671  (475).jpg,0,-0.060010888,0.48500177
PCOS/noninfected/Image_resize_671  (476).jpg,0,-0.060010888,0.48500177
PCOS/noninfected/Image_resize_671  (477).jpg,0,0.0451611,0.51128834
PCOS/noninfected/Image_resize_671  (478).jpg,0,-0.7761249,0.31515566
PCOS/noninfected/Image_resize_671  (479).jpg,0,-0.62506646,0.34863004
PCOS/noninfected/Image_resize_671  (48).jpg,0,0.03041716,0.5076037
PCOS/noninfected/Image_resize_671  (480).jpg,0,-0.62506646,0.34863004
PCOS/noninfected/Image_resize_671  (481).jpg,0,-0.24982503,0.4378666
PCOS/noninfected/Image_resize_671  (482).jpg,0,1.3772972,0.7985565
PCOS/noninfected/Image_resize_671  (483).jpg,0,1.3772972,0.7985565
PCOS/noninfected/Image_resize_671  (484).jpg,0,3.2468176,0.9625586
PCOS/noninfected/Image_resize_671  (485).jpg,0,-0.0697909,0.48255935
PCOS/noninfected/Image_resize_671  (486).jpg,0,-0.3583348,0.41136277
PCOS/noninfected/Image_resize_671  (487).jpg,0,-0.3583348,0.41136277
PCOS/noninfected/Image_resize_671  (488).jpg,0,-0.117548004,0.47064674
PCOS/noninfected/Image_resize_671  (489).jpg,0,-0.0697909,0.48255935
PCOS/noninfected/Image_resize_671  (49).jpg,0,-0.04364501,0.48909047
PCOS/noninfected/Image_resize_671  (490).jpg,0,-0.3583348,0.41136277
PCOS/noninfected/Image_resize_671  (491).jpg,0,-0.3583348,0.41136277
PCOS/noninfected/Image_resize_671  (492).jpg,0,-0.117548004,0.47064674
PCOS/noninfected/Image_resize_671  (493).jpg,0,-0.15332621,0.46174335
PCOS/noninfected/Image_resize_671  (494).jpg,0,0.14431041,0.53601515
PCOS/noninfected/Image_resize_671  (495).jpg,0,0.14431041,0.53601515
PCOS/noninfected/Image_resize_671  (496).jpg,0,0.05591414,0.5139749
PCOS/noninfected/Image_resize_671  (497).jpg,0,-0.15332621,0.46174335
PCOS/noninfected/Image_resize_671  (498).jpg,0,0.14431041,0.53601515
PCOS/noninfected/Image_resize_671  (499).jpg,0,0.14431041,0.53601515
PCOS/noninfected/Image_resize_671  (5).jpg,0,0.30603638,0.5759175
PCOS/noninfected/Image_resize_671  (50).jpg,0,-0.30994752,0.42312753
PCOS/noninfected/Image_resize_671  (500).jpg,0,0.05591414,0.5139749
PCOS/noninfected/Image_resize_671  (501).jpg,0,-0.029721877,0.49257007
PCOS/noninfected/Image_resize_671  (502).jpg,0,1.3772972,0.7985565
PCOS/noninfected/Image_resize_671  (503).jpg,0,1.3772972,0.7985565
PCOS/noninfected/Image_resize_671  (504).jpg,0,3.2468176,0.9625586
PCOS/noninfected/Image_resize_671  (505).jpg,0,-0.029721877,0.49257007
PCOS/noninfected/Image_resize_671  (506).jpg,0,0.18846181,0.5469765
PCOS/noninfected/Image_resize_671  (507).jpg,0,0.18846181,0.5469765
PCOS/noninfected/Image_resize_671  (508).jpg,0,-0.2688486,0.43318975
PCOS/noninfected/Image_resize_671  (509).jpg,0,-0.009864055,0.49753398
PCOS/noninfected/Image_resize_671  (51).jpg,0,0.03041716,0.5076037
PCOS/noninfected/Image_resize_671  (510).jpg,0,-0.12864783,0.46788234
PCOS/noninfected/Image_resize_671  (511).jpg,0,-0.12864783,0.46788234
PCOS/noninfected/Image_resize_671  (512).jpg,0,-0.15398832,0.46157882
PCOS/noninfected/Image_resize_671  (513).jpg,0,-0.009864055,0.49753398
PCOS/noninfected/Image_resize_671  (514).jpg,0,-0.12864783,0.46788234
PCOS/noninfected/Image_resize_671  (515).jpg,0,-0.12864783,0.46788234
PCOS/noninfected/Image_resize_671  (516).jpg,0,-0.15398832,0.46157882
PCOS/noninfected/Image_resize_671  (517).jpg,0,-0.12591407,0.468563
PCOS/noninfected/Image_resize_671  (518).jpg,0,-0.12591407,0.468563
PCOS/noninfected/Image_resize_671  (519).jpg,0,-0.020247767,0.49493822
PCOS/noninfected/Image_resize_671  (52).jpg,0,-0.06465702,0.4838414
PCOS/noninfected/Image_resize_671  (520).jpg,0,-0.3074312,0.42374188
PCOS/noninfected/Image_resize_671  (521).jpg,0,-0.12591407,0.468563
PCOS/noninfected/Image_resize_671  (522).jpg,0,-0.12591407,0.468563
PCOS/noninfected/Image_resize_671  (523).jpg,0,-0.020247767,0.49493822
PCOS/noninfected/Image_resize_671  (524).jpg,0,-0.32940885,0.41838443
PCOS/noninfected/Image_resize_671  (525).jpg,0,0.18846181,0.5469765
PCOS/noninfected/Image_resize_671  (526).jpg,0,0.18846181,0.5469765
PCOS/noninfected/Image_resize_671  (527).jpg,0,-0.2688486,0.43318975
PCOS/noninfected/Image_resize_671  (528).jpg,0,-0.32940885,0.41838443
PCOS/noninfected/Image_resize_671  (529).jpg,0,0.9985798,0.7307793
PCOS/noninfected/Image_resize_671  (53).jpg,0,-0.06465702,0.4838414
PCOS/noninfected/Image_resize_671  (530).jpg,0,0.9985798,0.7307793
PCOS/noninfected/Image_resize_671  (531).jpg,0,2.7678065,0.9409112
PCOS/noninfected/Image_resize_671  (532).jpg,0,0.050064407,0.51251346
PCOS/noninfected/Image_resize_671  (533).jpg,0,-0.16548216,0.4587236
PCOS/noninfected/Image_resize_671  (534).jpg,0,-0.16548216,0.4587236
PCOS/noninfected/Image_resize_671  (535).jpg,0,-0.43477064,0.39298776
PCOS/noninfected/Image_resize_671  (536).jpg,0,0.050064407,0.51251346
PCOS/noninfected/Image_resize_671  (537).jpg,0,-0.16548216,0.4587236
PCOS/noninfected/Image_resize_671  (538).jpg,0,-0.16548216,0.4587236
PCOS/noninfected/Image_resize_671  (539).jpg,0,-0.43477064,0.39298776
PCOS/noninfected/Image_resize_671  (54).jpg,0,-0.21962209,0.4453141
PCOS/noninfected/Image_resize_671  (540).jpg,0,-0.3074312,0.42374188
PCOS/noninfected/Image_resize_671  (541).jpg,0,0.014834365,0.50370854
PCOS/noninfected/Image_resize_671  (542).jpg,0,-0.08864809,0.47785246
PCOS/noninfected/Image_resize_671  (543).jpg,0,0.003656868,0.5009142
PCOS/noninfected/Image_resize_671  (544).jpg,0,0.014834365,0.50370854
PCOS/noninfected/Image_resize_671  (545).jpg,0,0.014834365,0.50370854
PCOS/noninfected/Image_resize_671  (546).jpg,0,-0.08864809,0.47785246
PCOS/noninfected/Image_resize_671  (547).jpg,0,-0.21606682,0.4461925
PCOS/noninfected/Image_resize_671  (548).jpg,0,0.9985798,0.7307793
PCOS/noninfected/Image_resize_671  (549).jpg,0,0.9985798,0.7307793
PCOS/noninfected/Image_resize_671  (55).jpg,0,0.027168687,0.5067918
PCOS/noninfected/Image_resize_671  (550).jpg,0,2.7678065,0.9409112
PCOS/noninfected/Image_resize_671  (551).jpg,0,-0.21606682,0.4461925
PCOS/noninfected/Image_resize_671  (552).jpg,0,0.1890341,0.5471183
PCOS/noninfected/Image_resize_671  (553).jpg,0,-0.32586133,0.41924796
PCOS/noninfected/Image_resize_671  (554).jpg,0,-0.55167574,0.36547574
PCOS/noninfected/Image_resize_671  (555).jpg,0,-0.55167574,0.36547574
PCOS/noninfected/Image_resize_671  (556).jpg,0,-0.27469546,0.43175477
PCOS/noninfected/Image_resize_671  (557).jpg,0,-0.32586133,0.41924796
PCOS/noninfected/Image_resize_671  (558).jpg,0,-0.55167574,0.36547574
PCOS/noninfected/Image_resize_671  (559).jpg,0,-0.55167574,0.36547574
PCOS/noninfected/Image_resize_671  (56).jpg,0,1.426424,0.80634356
PCOS/noninfected/Image_resize_671  (560).jpg,0,-0.27469546,0.43175477
PCOS/noninfected/Image_resize_671  (561).jpg,0,0.003656868,0.5009142
PCOS/noninfected/Image_resize_671  (562).jpg,0,0.014834365,0.50370854
PCOS/noninfected/Image_resize_671  (563).jpg,0,-0.31531402,0.42181814
PCOS/noninfected/Image_resize_671  (564).jpg,0,-0.31531402,0.42181814
PCOS/noninfected/Image_resize_671  (565).jpg,0,0.043667153,0.51091504
PCOS/noninfected/Image_resize_671  (566).jpg,0,0.043667153,0.51091504
PCOS/noninfected/Image_resize_671  (567).jpg,0,-0.1346798,0.46638086
PCOS/noninfected/Image_resize_671  (568).jpg,0,-0.1346798,0.46638086
PCOS/noninfected/Image_resize_671  (569).jpg,0,-0.19397107,0.4516587
PCOS/noninfected/Image_resize_671  (57).jpg,0,1.426424,0.80634356
PCOS/noninfected/Image_resize_671  (570).jpg,0,-0.19397107,0.4516587
PCOS/noninfected/Image_resize_671  (571).jpg,0,-0.54842734,0.36622936
PCOS/noninfected/Image_resize_671  (572).jpg,0,-0.54842734,0.36622936
PCOS/noninfected/Image_resize_671  (573).jpg,0,-0.31378934,0.4221901
PCOS/noninfected/Image_resize_671  (574).jpg,0,-0.31378934,0.4221901
PCOS/noninfected/Image_resize_671  (575).jpg,0,7.1418967,0.9992094
PCOS/noninfected/Image_resize_671  (576).jpg,0,7.1418967,0.9992094
PCOS/noninfected/Image_resize_671  (577).jpg,0,-0.2828674,0.42975095
PCOS/noninfected/Image_resize_671  (578).jpg,0,-0.2828674,0.42975095
PCOS/noninfected/Image_resize_671  (579).jpg,0,-0.6814472,0.33593836
PCOS/noninfected/Image_resize_671  (58).jpg,0,2.8025794,0.942815
PCOS/noninfected/Image_resize_671  (580).jpg,0,-0.6814472,0.33593836
PCOS/noninfected/Image_resize_671  (581).jpg,0,0.029568935,0.5073917
PCOS/noninfected/Image_resize_671  (582).jpg,0,0.029568935,0.5073917
PCOS/noninfected/Image_resize_671  (583).jpg,0,-0.4005363,0.40118352
PCOS/noninfected/Image_resize_671  (584).jpg,0,-0.4005363,0.40118352
PCOS/noninfected/Image_resize_671  (585).jpg,0,-0.22396284,0.44424218
PCOS/noninfected/Image_resize_671  (586).jpg,0,-0.22396284,0.44424218
PCOS/noninfected/Image_resize_671  (587).jpg,0,-0.17463219,0.45645258
PCOS/noninfected/Image_resize_671  (588).jpg,0,-0.17463219,0.45645258
PCOS/noninfected/Image_resize_671  (589).jpg,0,-0.35509098,0.41214845
PCOS/noninfected/Image_resize_671  (59).jpg,0,0.027168687,0.5067918
PCOS/noninfected/Image_resize_671  (590).jpg,0,-0.35509098,0.41214845
PCOS/noninfected/Image_resize_671  (591).jpg,0,-0.3141468,0.42210287
PCOS/noninfected/Image_resize_671  (592).jpg,0,-0.3141468,0.42210287
PCOS/noninfected/Image_resize_671  (593).jpg,0,2.425747,0.9187697
PCOS/noninfected/Image_resize_671  (594).jpg,0,2.425747,0.9187697
PCOS/noninfected/Image_resize_671  (595).jpg,0,0.12950106,0.5323301
PCOS/noninfected/Image_resize_671  (596).jpg,0,0.12950106,0.5323301
PCOS/noninfected/Image_resize_671  (597).jpg,0,0.5877894,0.6428578
PCOS/noninfected/Image_resize_671  (598).jpg,0,0.5877894,0.6428578
PCOS/noninfected/Image_resize_671  (599).jpg,0,0.26598427,0.5661068
PCOS/noninfected/Image_resize_671  (6).jpg,0,-0.15594819,0.4610918
PCOS/noninfected/Image_resize_671  (60).jpg,0,1.426424,0.80634356
PCOS/noninfected/Image_resize_671  (600).jpg,0,0.26598427,0.5661068
PCOS/noninfected/Image_resize_671  (601).jpg,0,0.16826686,0.54196775
PCOS/noninfected/Image_resize_671  (602).jpg,0,0.16826686,0.54196775
PCOS/noninfected/Image_resize_671  (603).jpg,0,-0.31136703,0.4227811
PCOS/noninfected/Image_resize_671  (604).jpg,0,-0.31136703,0.4227811
PCOS/noninfected/Image_resize_671  (605).jpg,0,-0.23419502,0.4417174
PCOS/noninfected/Image_resize_671  (606).jpg,0,-0.23419502,0.4417174
PCOS/noninfected/Image_resize_671  (607).jpg,0,2.5188472,0.92545253
PCOS/noninfected/Image_resize_671  (608).jpg,0,2.5188472,0.92545253
PCOS/noninfected/Image_resize_671  (609).jpg,0,-0.08146042,0.47964615
PCOS/noninfected/Image_resize_671  (61).jpg,0,1.426424,0.80634356
PCOS/noninfected/Image_resize_671  (610).jpg,0,-0.08146042,0.47964615
PCOS/noninfected/Image_resize_671  (611).jpg,0,-0.2690487,0.4331407
PCOS/noninfected/Image_resize_671  (612).jpg,0,-0.12319934,0.46923906
PCOS/noninfected/Image_resize_671  (613).jpg,0,-0.12319934,0.46923906
PCOS/noninfected/Image_resize_671  (614).jpg,0,-0.11050017,0.47240302
PCOS/noninfected/Image_resize_671  (615).jpg,0,-0.11050017,0.47240302
PCOS/noninfected/Image_resize_671  (616).jpg,0,-0.21252808,0.44706705
PCOS/noninfected/Image_resize_671  (617).jpg,0,-0.21252808,0.44706705
PCOS/noninfected/Image_resize_671  (618).jpg,0,2.570364,0.92892975
PCOS/noninfected/Image_resize_671  (619).jpg,0,2.570364,0.92892975
PCOS/noninfected/Image_resize_671  (62).jpg,0,2.8025794,0.942815
PCOS/noninfected/Image_resize_671  (620).jpg,0,-0.115823746,0.4710764
PCOS/noninfected/Image_resize_671  (621).jpg,0,-0.115823746,0.4710764
PCOS/noninfected/Image_resize_671  (622).jpg,0,-0.2374571,0.4409131
PCOS/noninfected/Image_resize_671  (623).jpg,0,-0.3276772,0.41880587
PCOS/noninfected/Image_resize_671  (624).jpg,0,-0.3276772,0.41880587
PCOS/noninfected/Image_resize_671  (625).jpg,0,2.059063,0.88686013
PCOS/noninfected/Image_resize_671  (626).jpg,0,2.059063,0.88686013
PCOS/noninfected/Image_resize_671  (627).jpg,0,0.09796763,0.52447236
PCOS/noninfected/Image_resize_671  (628).jpg,0,0.09796763,0.52447236
PCOS/noninfected/Image_resize_671  (629).jpg,0,-0.046553805,0.48836365
PCOS/noninfected/Image_resize_671  (63).jpg,0,0.95780414,0.72268194
PCOS/noninfected/Image_resize_671  (630).jpg,0,-0.046553805,0.48836365
PCOS/noninfected/Image_resize_671  (631).jpg,0,0.016920423,0.50422996
PCOS/noninfected/Image_resize_671  (632).jpg,0,0.016920423,0.50422996
PCOS/noninfected/Image_resize_671  (633).jpg,0,-0.2690487,0.4331407
PCOS/noninfected/Image_resize_671  (634).jpg,0,7.777732,0.99958116
PCOS/noninfected/Image_resize_671  (635).jpg,0,7.777732,0.99958116
PCOS/noninfected/Image_resize_671  (636).jpg,0,8.604655,0.99981683
PCOS/noninfected/Image_resize_671  (637).jpg,0,8.604655,0.99981683
PCOS/noninfected/Image_resize_671  (638).jpg,0,0.5948696,0.64448166
PCOS/noninfected/Image_resize_671  (639).jpg,0,0.5948696,0.64448166
PCOS/noninfected/Image_resize_671  (64).jpg,0,-0.21269894,0.44702485
PCOS/noninfected/Image_resize_671  (640).jpg,0,0.10156038,0.5253683
PCOS/noninfected/Image_resize_671  (641).jpg,0,0.10156038,0.5253683
PCOS/noninfected/Image_resize_671  (642).jpg,0,0.071377635,0.51783687
PCOS/noninfected/Image_resize_671  (643).jpg,0,0.071377635,0.51783687
PCOS/noninfected/Image_resize_671  (644).jpg,0,-0.2374571,0.4409131
PCOS/noninfected/Image_resize_671  (645).jpg,0,-0.30600783,0.42408943
PCOS/noninfected/Image_resize_671  (646).jpg,0,-0.30600783,0.42408943
PCOS/noninfected/Image_resize_671  (647).jpg,0,4.648078,0.9905109
PCOS/noninfected/Image_resize_671  (648).jpg,0,4.648078,0.9905109
PCOS/noninfected/Image_resize_671  (649).jpg,0,-0.21005854,0.4476776
PCOS/noninfected/Image_resize_671  (65).jpg,0,-0.013517497,0.49662066
PCOS/noninfected/Image_resize_671  (650).jpg,0,-0.21005854,0.4476776
PCOS/noninfected/Image_resize_671  (651).jpg,0,0.778053,0.6852603
PCOS/noninfected/Image_resize_671  (652).jpg,0,0.778053,0.6852603
PCOS/noninfected/Image_resize_671  (653).jpg,0,0.22115001,0.55506325
PCOS/noninfected/Image_resize_671  (654).jpg,0,0.22115001,0.55506325
PCOS/noninfected/Image_resize_671  (655).jpg,0,0.5396492,0.6317308
PCOS/noninfected/Image_resize_671  (656).jpg,0,0.5396492,0.6317308
PCOS/noninfected/Image_resize_671  (657).jpg,0,-0.05160609,0.48710135
PCOS/noninfected/Image_resize_671  (658).jpg,0,-0.05160609,0.48710135
PCOS/noninfected/Image_resize_671  (659).jpg,0,0.18204795,0.54538673
PCOS/noninfected/Image_resize_671  (66).jpg,0,-0.013517497,0.49662066
PCOS/noninfected/Image_resize_671  (660).jpg,0,0.18204795,0.54538673
PCOS/noninfected/Image_resize_671  (661).jpg,0,-0.5089614,0.375437
PCOS/noninfected/Image_resize_671  (662).jpg,0,-0.5089614,0.375437
PCOS/noninfected/Image_resize_671  (663).jpg,0,8.47664,0.9997918
PCOS/noninfected/Image_resize_671  (664).jpg,0,8.47664,0.9997918
PCOS/noninfected/Image_resize_671  (665).jpg,0,0.9337866,0.7178428
PCOS/noninfected/Image_resize_671  (666).jpg,0,0.9337866,0.7178428
PCOS/noninfected/Image_resize_671  (667).jpg,0,0.19412155,0.5483785
PCOS/noninfected/Image_resize_671  (668).jpg,0,0.19412155,0.5483785
PCOS/noninfected/Image_resize_671  (669).jpg,0,0.7581987,0.68096256
PCOS/noninfected/Image_resize_671  (67).jpg,0,-0.15840149,0.4604822
PCOS/noninfected/Image_resize_671  (670).jpg,0,0.7581987,0.68096256
PCOS/noninfected/Image_resize_671  (671).jpg,0,2.056893,0.88664234
PCOS/noninfected/Image_resize_671  (672).jpg,0,2.056893,0.88664234
PCOS/noninfected/Image_resize_671  (673).jpg,0,-0.05869609,0.4853302
PCOS/noninfected/Image_resize_671  (674).jpg,0,-0.05869609,0.4853302
PCOS/noninfected/Image_resize_671  (675).jpg,0,-0.08714886,0.47822654
PCOS/noninfected/Image_resize_671  (676).jpg,0,-0.08714886,0.47822654
PCOS/noninfected/Image_resize_671  (677).jpg,0,-0.008039048,0.49799025
PCOS/noninfected/Image_resize_671  (678).jpg,0,-0.008039048,0.49799025
PCOS/noninfected/Image_resize_671  (679).jpg,0,2.2314038,0.9030344
PCOS/noninfected/Image_resize_671  (68).jpg,0,0.08097601,0.520233
PCOS/noninfected/Image_resize_671  (680).jpg,0,2.2314038,0.9030344
PCOS/noninfected/Image_resize_671  (681).jpg,0,1.3883767,0.8003329
PCOS/noninfected/Image_resize_671  (682).jpg,0,1.3883767,0.8003329
PCOS/noninfected/Image_resize_671  (683).jpg,0,0.13293739,0.5331855
PCOS/noninfected/Image_resize_671  (684).jpg,0,0.13293739,0.5331855
PCOS/noninfected/Image_resize_671  (685).jpg,0,1.9745853,0.8781028
PCOS/noninfected/Image_resize_671  (686).jpg,0,1.9745853,0.8781028
PCOS/noninfected/Image_resize_671  (687).jpg,0,0.039285563,0.5098201
PCOS/noninfected/Image_resize_671  (688).jpg,0,0.039285563,0.5098201
PCOS/noninfected/Image_resize_671  (689).jpg,0,1.4619203,0.81182617
PCOS/noninfected/Image_resize_671  (69).jpg,0,-0.013517497,0.49662066
PCOS/noninfected/Image_resize_671  (690).jpg,0,1.4619203,0.81182617
PCOS/noninfected/Image_resize_671  (691).jpg,0,1.8885474,0.8685899
PCOS/noninfected/Image_resize_671  (692).jpg,0,1.8885474,0.8685899
PCOS/noninfected/Image_resize_671  (693).jpg,0,-0.45464548,0.38825682
PCOS/noninfected/Image_resize_671  (694).jpg,0,-0.45464548,0.38825682
PCOS/noninfected/Image_resize_671  (695).jpg,0,0.08673355,0.5216698
PCOS/noninfected/Image_resize_671  (696).jpg,0,0.08673355,0.5216698
PCOS/noninfected/Image_resize_671  (697).jpg,0,-0.331747,0.41781563
PCOS/noninfected/Image_resize_671  (698).jpg,0,-0.331747,0.41781563
PCOS/noninfected/Image_resize_671  (699).jpg,0,4.6170883,0.9902152
PCOS/noninfected/Image_resize_671  (7).jpg,0,-0.15594819,0.4610918
PCOS/noninfected/Image_resize_671  (70).jpg,0,-0.013517497,0.49662066
PCOS/noninfected/Image_resize_671  (700).jpg,0,4.6170883,0.9902152
PCOS/noninfected/Image_resize_671  (701).jpg,0,-0.19413842,0.45161724
PCOS/noninfected/Image_resize_671  (702).jpg,0,-0.19413842,0.45161724
PCOS/noninfected/Image_resize_671  (703).jpg,0,-0.24170372,0.4398665
PCOS/noninfected/Image_resize_671  (704).jpg,0,-0.24170372,0.4398665
PCOS/noninfected/Image_resize_671  (705).jpg,0,-0.15309064,0.46180192
PCOS/noninfected/Image_resize_671  (706).jpg,0,1.6572249,0.8398651
PCOS/noninfected/Image_resize_671  (707).jpg,0,1.6572249,0.8398651
PCOS/noninfected/Image_resize_671  (708).jpg,0,-0.19427666,0.45158303
PCOS/noninfected/Image_resize_671  (709).jpg,0,-0.19427666,0.45158303
PCOS/noninfected/Image_resize_671  (71).jpg,0,-0.15840149,0.4604822
PCOS/noninfected/Image_resize_671  (710).jpg,0,0.148645,0.537093
PCOS/noninfected/Image_resize_671  (711).jpg,0,0.148645,0.537093
PCOS/noninfected/Image_resize_671  (712).jpg,0,-0.25836483,0.43576568
PCOS/noninfected/Image_resize_671  (713).jpg,0,-0.25836483,0.43576568
PCOS/noninfected/Image_resize_671  (714).jpg,0,2.5925565,0.930381
PCOS/noninfected/Image_resize_671  (715).jpg,0,2.5925565,0.930381
PCOS/noninfected/Image_resize_671  (716).jpg,0,9.974397,0.9999534
PCOS/noninfected/Image_resize_671  (717).jpg,0,-0.27563933,0.4315232
PCOS/noninfected/Image_resize_671  (718).jpg,0,-0.27563933,0.4315232
PCOS/noninfected/Image_resize_671  (719).jpg,0,-0.28687385,0.42876938
PCOS/noninfected/Image_resize_671  (72).jpg,0,0.14031097,0.5350203
PCOS/noninfected/Image_resize_671  (720).jpg,0,-0.28687385,0.42876938
PCOS/noninfected/Image_resize_671  (721).jpg,0,5.789877,0.996951
PCOS/noninfected/Image_resize_671  (722).jpg,0,5.789877,0.996951
PCOS/noninfected/Image_resize_671  (723).jpg,0,-0.20899719,0.44794002
PCOS/noninfected/Image_resize_671  (724).jpg,0,-0.20899719,0.44794002
PCOS/noninfected/Image_resize_671  (725).jpg,0,-0.120179474,0.46999127
PCOS/noninfected/Image_resize_671  (726).jpg,0,-0.120179474,0.46999127
PCOS/noninfected/Image_resize_671  (727).jpg,0,-0.15309064,0.46180192
PCOS/noninfected/Image_resize_671  (728).jpg,0,-0.096562415,0.47587812
PCOS/noninfected/Image_resize_671  (729).jpg,0,5.189314,0.99445516
PCOS/noninfected/Image_resize_671  (73).jpg,0,-0.06465702,0.4838414
PCOS/noninfected/Image_resize_671  (730).jpg,0,5.189314,0.99445516
PCOS/noninfected/Image_resize_671  (731).jpg,0,3.9480753,0.9810734
PCOS/noninfected/Image_resize_671  (732).jpg,0,3.9480753,0.9810734
PCOS/noninfected/Image_resize_671  (733).jpg,0,0.9230899,0.7156713
PCOS/noninfected/Image_resize_671  (734).jpg,0,0.9230899,0.7156713
PCOS/noninfected/Image_resize_671  (735).jpg,0,0.053229935,0.5133043
PCOS/noninfected/Image_resize_671  (736).jpg,0,0.053229935,0.5133043
PCOS/noninfected/Image_resize_671  (737).jpg,0,1.5859996,0.83005255
PCOS/noninfected/Image_resize_671  (738).jpg,0,1.5859996,0.83005255
PCOS/noninfected/Image_resize_671  (739).jpg,0,9.974397,0.9999534
PCOS/noninfected/Image_resize_671  (74).jpg,0,-0.06465702,0.4838414
PCOS/noninfected/Image_resize_671  (740).jpg,0,0.063569225,0.51588696
PCOS/noninfected/Image_resize_671  (741).jpg,0,1.6797237,0.842868
PCOS/noninfected/Image_resize_671  (742).jpg,0,1.6797237,0.842868
PCOS/noninfected/Image_resize_671  (743).jpg,0,4.450454,0.9884615
PCOS/noninfected/Image_resize_671  (744).jpg,0,4.450454,0.9884615
PCOS/noninfected/Image_resize_671  (745).jpg,0,-0.15286243,0.46185863
PCOS/noninfected/Image_resize_671  (746).jpg,0,-0.15286243,0.46185863
PCOS/noninfected/Image_resize_671  (747).jpg,0,-0.10306919,0.47425547
PCOS/noninfected/Image_resize_671  (748).jpg,0,-0.10306919,0.47425547
PCOS/noninfected/Image_resize_671  (749).jpg,0,-0.89273876,0.29054496
PCOS/noninfected/Image_resize_671  (75).jpg,0,-0.21962209,0.4453141
PCOS/noninfected/Image_resize_671  (750).jpg,0,-0.89273876,0.29054496
PCOS/noninfected/Image_resize_671  (751).jpg,0,-0.096562415,0.47587812
PCOS/noninfected/Image_resize_671  (752).jpg,0,-0.31219038,0.42258015
PCOS/noninfected/Image_resize_671  (753).jpg,0,-0.31219038,0.42258015
PCOS/noninfected/Image_resize_671  (754).jpg,0,4.6278157,0.99031854
PCOS/noninfected/Image_resize_671  (755).jpg,0,4.6278157,0.99031854
PCOS/noninfected/Image_resize_671  (756).jpg,0,-0.2842439,0.42941362
PCOS/noninfected/Image_resize_671  (757).jpg,0,-0.2842439,0.42941362
PCOS/noninfected/Image_resize_671  (758).jpg,0,-0.32116842,0.42039102
PCOS/noninfected/Image_resize_671  (759).jpg,0,-0.32116842,0.42039102
PCOS/noninfected/Image_resize_671  (76).jpg,0,0.14031097,0.5350203
PCOS/noninfected/Image_resize_671  (760).jpg,0,6.965081,0.99905664
PCOS/noninfected/Image_resize_671  (761).jpg,0,6.965081,0.99905664
PCOS/noninfected/Image_resize_671  (762).jpg,0,-0.038223468,0.49044532
PCOS/noninfected/Image_resize_671  (763).jpg,0,-0.038223468,0.49044532
PCOS/noninfected/Image_resize_671  (764).jpg,0,0.063569225,0.51588696
PCOS/noninfected/Image_resize_671  (765).jpg,0,-0.36255047,0.4103423
PCOS/noninfected/Image_resize_671  (766).jpg,0,-0.36255047,0.4103423
PCOS/noninfected/Image_resize_671  (767).jpg,0,1.6081551,0.8331551
PCOS/noninfected/Image_resize_671  (768).jpg,0,1.6081551,0.8331551
PCOS/noninfected/Image_resize_671  (769).jpg,0,2.7311873,0.93884206
PCOS/noninfected/Image_resize_671  (77).jpg,0,1.897286,0.8695841
PCOS/noninfected/Image_resize_671  (770).jpg,0,2.7311873,0.93884206
PCOS/noninfected/Image_resize_671  (771).jpg,0,0.8017337,0.69034517
PCOS/noninfected/Image_resize_671  (772).jpg,0,0.8017337,0.69034517
PCOS/noninfected/Image_resize_671  (773).jpg,0,5.6023207,0.9963243
PCOS/noninfected/Image_resize_671  (774).jpg,0,5.6023207,0.9963243
PCOS/noninfected/Image_resize_671  (775).jpg,0,2.9270735,0.9491686
PCOS/noninfected/Image_resize_671  (776).jpg,0,2.9270735,0.9491686
PCOS/noninfected/Image_resize_671  (777).jpg,0,0.101808116,0.5254301
PCOS/noninfected/Image_resize_671  (778).jpg,0,0.101808116,0.5254301
PCOS/noninfected/Image_resize_671  (779).jpg,0,-0.18844596,0.45302746
PCOS/noninfected/Image_resize_671  (78).jpg,0,1.6283194,0.8359393
PCOS/noninfected/Image_resize_671  (780).jpg,0,-0.18844596,0.45302746
PCOS/noninfected/Image_resize_671  (781).jpg,0,-0.11557427,0.47113857
PCOS/noninfected/Image_resize_671  (782).jpg,0,-0.11557427,0.47113857
PCOS/noninfected/Image_resize_671  (783).jpg,0,-0.21711141,0.44593433
PCOS/noninfected/Image_resize_671  (784).jpg,0,-0.21711141,0.44593433
PCOS/noninfected/Image_resize_671  (785).jpg,0,4.518491,0.98921216
PCOS/noninfected/Image_resize_671  (786).jpg,0,4.518491,0.98921216
PCOS/noninfected/Image_resize_671  (787).jpg,0,-0.11643417,0.4709243
PCOS/noninfected/Image_resize_671  (788).jpg,0,-0.11643417,0.4709243
PCOS/noninfected/Image_resize_671  (789).jpg,0,-0.06197551,0.4845111
PCOS/noninfected/Image_resize_671  (79).jpg,0,-0.67632204,0.33708265
PCOS/noninfected/Image_resize_671  (790).jpg,0,-0.06197551,0.4845111
PCOS/noninfected/Image_resize_671  (791).jpg,0,-0.2585684,0.43571568
PCOS/noninfected/Image_resize_671  (792).jpg,0,-0.2585684,0.43571568
PCOS/noninfected/Image_resize_671  (793).jpg,0,0.8171496,0.69363093
PCOS/noninfected/Image_resize_671  (794).jpg,0,0.8171496,0.69363093
PCOS/noninfected/Image_resize_671  (795).jpg,0,0.042813644,0.5107018
PCOS/noninfected/Image_resize_671  (796).jpg,0,0.042813644,0.5107018
PCOS/noninfected/Image_resize_671  (797).jpg,0,4.903552,0.9926345
PCOS/noninfected/Image_resize_671  (798).jpg,0,4.903552,0.9926345
PCOS/noninfected/Image_resize_671  (799).jpg,0,7.6448517,0.99952173
PCOS/noninfected/Image_resize_671  (8).jpg,0,-0.29344165,0.4271615
PCOS/noninfected/Image_resize_671  (80).jpg,0,-0.26364195,0.43446866
PCOS/noninfected/Image_resize_671  (800).jpg,0,7.6448517,0.99952173
PCOS/noninfected/Image_resize_671  (801).jpg,0,-0.2570849,0.43608043
PCOS/noninfected/Image_resize_671  (802).jpg,0,-0.2570849,0.43608043
PCOS/noninfected/Image_resize_671  (803).jpg,0,1.5012088,0.8177547
PCOS/noninfected/Image_resize_671  (804).jpg,0,1.5012088,0.8177547
PCOS/noninfected/Image_resize_671  (805).jpg,0,0.10635906,0.5265647
PCOS/noninfected/Image_resize_671  (806).jpg,0,0.10635906,0.5265647
PCOS/noninfected/Image_resize_671  (807).jpg,0,1.9855471,0.8792712
PCOS/noninfected/Image_resize_671  (808).jpg,0,1.9855471,0.8792712
PCOS/noninfected/Image_resize_671  (809).jpg,0,-0.35370538,0.41248417
PCOS/noninfected/Image_resize_671  (81).jpg,0,-0.26364195,0.43446866
PCOS/noninfected/Image_resize_671  (810).jpg,0,-0.35370538,0.41248417
PCOS/noninfected/Image_resize_671  (811).jpg,0,0.07079703,0.5176919
PCOS/noninfected/Image_resize_671  (812).jpg,0,0.07079703,0.5176919
PCOS/noninfected/Image_resize_671  (813).jpg,0,6.909296,0.9990025
PCOS/noninfected/Image_resize_671  (814).jpg,0,6.909296,0.9990025
PCOS/noninfected/Image_resize_671  (815).jpg,0,0.1275925,0.5318549
PCOS/noninfected/Image_resize_671  (816).jpg,0,0.1275925,0.5318549
PCOS/noninfected/Image_resize_671  (817).jpg,0,-0.4050159,0.40010783
PCOS/noninfected/Image_resize_671  (818).jpg,0,-0.4050159,0.40010783
PCOS/noninfected/Image_resize_671  (819).jpg,0,0.6128931,0.64860046
PCOS/noninfected/Image_resize_671  (82).jpg,0,-0.23510537,0.44149292
PCOS/noninfected/Image_resize_671  (820).jpg,0,0.6128931,0.64860046
PCOS/noninfected/Image_resize_671  (821).jpg,0,-0.05811906,0.48547432
PCOS/noninfected/Image_resize_671  (822).jpg,0,-0.05811906,0.48547432
PCOS/noninfected/Image_resize_671  (823).jpg,0,-0.055532187,0.48612055
PCOS/noninfected/Image_resize_671  (824).jpg,0,6.306019,0.998178
PCOS/noninfected/Image_resize_671  (825).jpg,0,6.306019,0.998178
PCOS/noninfected/Image_resize_671  (826).jpg,0,-0.2838944,0.42949927
PCOS/noninfected/Image_resize_671  (827).jpg,0,-0.2838944,0.42949927
PCOS/noninfected/Image_resize_671  (828).jpg,0,2.4651039,0.92165893
PCOS/noninfected/Image_resize_671  (829).jpg,0,2.4651039,0.92165893
PCOS/noninfected/Image_resize_671  (83).jpg,0,-0.67632204,0.33708265
PCOS/noninfected/Image_resize_671  (830).jpg,0,10.631505,0.9999758
PCOS/noninfected/Image_resize_671  (831).jpg,0,10.631505,0.9999758
PCOS/noninfected/Image_resize_671  (832).jpg,0,7.168562,0.99923015
PCOS/noninfected/Image_resize_671  (833).jpg,0,7.168562,0.99923015
PCOS/noninfected/Image_resize_671  (834).jpg,0,6.3887663,0.9983224
PCOS/noninfected/Image_resize_671  (835).jpg,0,6.3887663,0.9983224
PCOS/noninfected/Image_resize_671  (836).jpg,0,-0.22803321,0.44323742
PCOS/noninfected/Image_resize_671  (837).jpg,0,-0.22803321,0.44323742
PCOS/noninfected/Image_resize_671  (838).jpg,0,-0.2921573,0.42747578
PCOS/noninfected/Image_resize_671  (839).jpg,0,-0.2921573,0.42747578
PCOS/noninfected/Image_resize_671  (84).jpg,0,-0.26364195,0.43446866
PCOS/noninfected/Image_resize_671  (840).jpg,0,0.095918454,0.52396125
PCOS/noninfected/Image_resize_671  (841).jpg,0,0.095918454,0.52396125
PCOS/noninfected/Image_resize_671  (842).jpg,0,2.3133864,0.90997964
PCOS/noninfected/Image_resize_671  (843).jpg,0,2.3133864,0.90997964
PCOS/noninfected/Image_resize_671  (844).jpg,0,9.95938,0.9999527
PCOS/noninfected/Image_resize_671  (845).jpg,0,9.95938,0.9999527
PCOS/noninfected/Image_resize_671  (846).jpg,0,-0.055532187,0.48612055
PCOS/noninfected/Image_resize_671  (847).jpg,0,0.1194237,0.52982044
PCOS/noninfected/Image_resize_671  (848).jpg,0,0.1194237,0.52982044
PCOS/noninfected/Image_resize_671  (849).jpg,0,0.51921344,0.62696385
PCOS/noninfected/Image_resize_671  (85).jpg,0,-0.26364195,0.43446866
PCOS/noninfected/Image_resize_671  (850).jpg,0,0.51921344,0.62696385
PCOS/noninfected/Image_resize_671  (851).jpg,0,0.30583742,0.5758689
PCOS/noninfected/Image_resize_671  (852).jpg,0,0.30583742,0.5758689
PCOS/noninfected/Image_resize_671  (853).jpg,0,-0.40241423,0.40073243
PCOS/noninfected/Image_resize_671  (854).jpg,0,-0.40241423,0.40073243
PCOS/noninfected/Image_resize_671  (855).jpg,0,0.15959577,0.5398145
PCOS/noninfected/Image_resize_671  (856).jpg,0,0.15959577,0.5398145
PCOS/noninfected/Image_resize_671  (857).jpg,0,-0.10988054,0.4725575
PCOS/noninfected/Image_resize_671  (858).jpg,0,-0.10988054,0.4725575
PCOS/noninfected/Image_resize_671  (859).jpg,0,-0.25003704,0.4378144
PCOS/noninfected/Image_resize_671  (86).jpg,0,-0.23510537,0.44149292
PCOS/noninfected/Image_resize_671  (860).jpg,0,0.08341017,0.5208404
PCOS/noninfected/Image_resize_671  (861).jpg,0,0.08341017,0.5208404
PCOS/noninfected/Image_resize_671  (862).jpg,0,0.30468866,0.57558835
PCOS/noninfected/Image_resize_671  (863).jpg,0,0.30468866,0.57558835
PCOS/noninfected/Image_resize_671  (864).jpg,0,-0.059056118,0.48524022
PCOS/noninfected/Image_resize_671  (865).jpg,0,-0.059056118,0.48524022
PCOS/noninfected/Image_resize_671  (866).jpg,0,-0.11364567,0.4716191
PCOS/noninfected/Image_resize_671  (867).jpg,0,-0.11364567,0.4716191
PCOS/noninfected/Image_resize_671  (868).jpg,0,-0.27189454,0.43244207
PCOS/noninfected/Image_resize_671  (869).jpg,0,-0.27189454,0.43244207
PCOS/noninfected/Image_resize_671  (87).jpg,0,0.08097601,0.520233
PCOS/noninfected/Image_resize_671  (870).jpg,0,-0.08413261,0.4789792
PCOS/noninfected/Image_resize_671  (871).jpg,0,0.23940772,0.5595677
PCOS/noninfected/Image_resize_671  (872).jpg,0,0.23940772,0.5595677
PCOS/noninfected/Image_resize_671  (873).jpg,0,-0.075692184,0.481086
PCOS/noninfected/Image_resize_671  (874).jpg,0,-0.075692184,0.481086
PCOS/noninfected/Image_resize_671  (875).jpg,0,-0.3367491,0.41659936
PCOS/noninfected/Image_resize_671  (876).jpg,0,-0.3367491,0.41659936
PCOS/noninfected/Image_resize_671  (877).jpg,0,4.500276,0.9890161
PCOS/noninfected/Image_resize_671  (878).jpg,0,4.500276,0.9890161
PCOS/noninfected/Image_resize_671  (879).jpg,0,8.400136,0.99977523
PCOS/noninfected/Image_resize_671  (88).jpg,0,-0.067533985,0.48312292
PCOS/noninfected/Image_resize_671  (880).jpg,0,8.400136,0.99977523
PCOS/noninfected/Image_resize_671  (881).jpg,0,-0.25003704,0.4378144
PCOS/noninfected/Image_resize_671  (882).jpg,0,1.442104,0.80878025
PCOS/noninfected/Image_resize_671  (883).jpg,0,1.442104,0.80878025
PCOS/noninfected/Image_resize_671  (884).jpg,0,-1.3181973,0.21111837
PCOS/noninfected/Image_resize_671  (885).jpg,0,-1.3181973,0.21111837
PCOS/noninfected/Image_resize_671  (886).jpg,0,-0.6105473,0.35193437
PCOS/noninfected/Image_resize_671  (887).jpg,0,-0.6105473,0.35193437
PCOS/noninfected/Image_resize_671  (888).jpg,0,-0.11292681,0.47179827
PCOS/noninfected/Image_resize_671  (889).jpg,0,-0.11292681,0.47179827
PCOS/noninfected/Image_resize_671  (89).jpg,0,-0.21130171,0.44737023
PCOS/noninfected/Image_resize_671  (890).jpg,0,6.1910534,0.9979565
PCOS/noninfected/Image_resize_671  (891).jpg,0,6.1910534,0.9979565
PCOS/noninfected/Image_resize_671  (892).jpg,0,-0.08413261,0.4789792
PCOS/noninfected/Image_resize_671  (893).jpg,0,3.87785,0.9797243
PCOS/noninfected/Image_resize_671  (894).jpg,0,-0.090649344,0.47735322
PCOS/noninfected/Image_resize_671  (895).jpg,0,-0.090649344,0.47735322
PCOS/noninfected/Image_resize_671  (896).jpg,0,4.905253,0.99264693
PCOS/noninfected/Image_resize_671  (897).jpg,0,4.905253,0.99264693
PCOS/noninfected/Image_resize_671  (898).jpg,0,-0.7562431,0.3194625
PCOS/noninfected/Image_resize_671  (899).jpg,0,-0.7562431,0.3194625
PCOS/noninfected/Image_resize_671  (9).jpg,0,0.30603638,0.5759175
PCOS/noninfected/Image_resize_671  (90).jpg,0,0.6781201,0.663319
PCOS/noninfected/Image_resize_671  (900).jpg,0,6.6858025,0.9987531
PCOS/noninfected/Image_resize_671  (901).jpg,0,6.6858025,0.9987531
PCOS/noninfected/Image_resize_671  (902).jpg,0,0.6032315,0.64639527
PCOS/noninfected/Image_resize_671  (903).jpg,0,0.6032315,0.64639527
PCOS/noninfected/Image_resize_671  (904).jpg,0,0.8059959,0.6912556
PCOS/noninfected/Image_resize_671  (905).jpg,0,0.8059959,0.6912556
PCOS/noninfected/Image_resize_671  (906).jpg,0,0.7077518,0.6699042
PCOS/noninfected/Image_resize_671  (907).jpg,0,1.7211611,0.8482784
PCOS/noninfected/Image_resize_671  (908).jpg,0,1.7211611,0.8482784
PCOS/noninfected/Image_resize_671  (909).jpg,0,-0.097251564,0.47570625
PCOS/noninfected/Image_resize_671  (91).jpg,0,-0.067533985,0.48312292
PCOS/noninfected/Image_resize_671  (910).jpg,0,-0.097251564,0.47570625
PCOS/noninfected/Image_resize_671  (911).jpg,0,0.7127054,0.6709987
PCOS/noninfected/Image_resize_671  (912).jpg,0,0.7127054,0.6709987
PCOS/noninfected/Image_resize_671  (913).jpg,0,0.0054997206,0.5013749
PCOS/noninfected/Image_resize_671  (914).jpg,0,0.0054997206,0.5013749
PCOS/noninfected/Image_resize_671  (915).jpg,0,-0.021410348,0.4946476
PCOS/noninfected/Image_resize_671  (916).jpg,0,-0.021410348,0.4946476
PCOS/noninfected/Image_resize_671  (917).jpg,0,3.87785,0.9797243
PCOS/noninfected/Image_resize_671  (918).jpg,0,4.0707736,0.98322207
PCOS/noninfected/Image_resize_671  (919).jpg,0,4.0707736,0.98322207
PCOS/noninfected/Image_resize_671  (92).jpg,0,-0.067533985,0.48312292
PCOS/noninfected/Image_resize_671  (920).jpg,0,7.5626125,0.9994808
PCOS/noninfected/Image_resize_671  (921).jpg,0,7.5626125,0.9994808
PCOS/noninfected/Image_resize_671  (922).jpg,0,0.38287726,0.5945669
PCOS/noninfected/Image_resize_671  (923).jpg,0,0.38287726,0.5945669
PCOS/noninfected/Image_resize_671  (924).jpg,0,-0.31497172,0.42190164
PCOS/noninfected/Image_resize_671  (925).jpg,0,-0.31497172,0.42190164
PCOS/noninfected/Image_resize_671  (926).jpg,0,7.3303576,0.9993451
PCOS/noninfected/Image_resize_671  (927).jpg,0,7.3303576,0.9993451
PCOS/noninfected/Image_resize_671  (928).jpg,0,0.7077518,0.6699042
PCOS/noninfected/Image_resize_671  (929).jpg,0,-0.278644,0.43078628
PCOS/noninfected/Image_resize_671  (93).jpg,0,-0.21130171,0.44737023
PCOS/noninfected/Image_resize_671  (930).jpg,0,-0.278644,0.43078628
PCOS/noninfected/Image_resize_671  (931).jpg,0,0.16114053,0.5401982
PCOS/noninfected/Image_resize_671  (932).jpg,0,0.16114053,0.5401982
PCOS/noninfected/Image_resize_671  (933).jpg,0,0.22185683,0.5552378
PCOS/noninfected/Image_resize_671  (934).jpg,0,0.22185683,0.5552378
PCOS/noninfected/Image_resize_671  (935).jpg,0,0.10818331,0.5270195
PCOS/noninfected/Image_resize_671  (936).jpg,0,0.10818331,0.5270195
PCOS/noninfected/Image_resize_671  (937).jpg,0,-0.3917946,0.40328535
PCOS/noninfected/Image_resize_671  (938).jpg,0,-0.3917946,0.40328535
PCOS/noninfected/Image_resize_671  (939).jpg,0,0.10288408,0.52569836
PCOS/noninfected/Image_resize_671  (94).jpg,0,-0.43351668,0.39328688
PCOS/noninfected/Image_resize_671  (940).jpg,0,0.10288408,0.52569836
PCOS/noninfected/Image_resize_671  (941).jpg,0,-0.41785708,0.39702967
PCOS/noninfected/Image_resize_671  (942).jpg,0,-0.41785708,0.39702967
PCOS/noninfected/Image_resize_671  (943).jpg,0,8.868112,0.9998592
PCOS/noninfected/Image_resize_671  (944).jpg,0,8.868112,0.9998592
PCOS/noninfected/Image_resize_671  (945).jpg,0,-0.49618545,0.37843752
PCOS/noninfected/Image_resize_671  (946).jpg,0,-0.49618545,0.37843752
PCOS/noninfected/Image_resize_671  (947).jpg,0,8.163249,0.99971515
PCOS/noninfected/Image_resize_671  (948).jpg,0,8.163249,0.99971515
PCOS/noninfected/Image_resize_671  (949).jpg,0,2.1671734,0.89726275
PCOS/noninfected/Image_resize_671  (95).jpg,0,1.897286,0.8695841
PCOS/noninfected/Image_resize_671  (950).jpg,0,2.1671734,0.89726275
PCOS/noninfected/Image_resize_671  (951).jpg,0,0.14059386,0.5350907
PCOS/noninfected/Image_resize_671  (952).jpg,0,0.14059386,0.5350907
PCOS/noninfected/Image_resize_671  (953).jpg,0,-0.07036304,0.48241654
PCOS/noninfected/Image_resize_671  (954).jpg,0,-0.07036304,0.48241654
PCOS/noninfected/Image_resize_671  (955).jpg,0,0.093264475,0.5232992
PCOS/noninfected/Image_resize_671  (956).jpg,0,0.093264475,0.5232992
PCOS/noninfected/Image_resize_671  (957).jpg,0,0.13286187,0.5331667
PCOS/noninfected/Image_resize_671  (958).jpg,0,0.13286187,0.5331667
PCOS/noninfected/Image_resize_671  (959).jpg,0,6.834347,0.9989249
PCOS/noninfected/Image_resize_671  (96).jpg,0,1.897286,0.8695841
PCOS/noninfected/Image_resize_671  (960).jpg,0,6.834347,0.9989249
PCOS/noninfected/Image_resize_671  (961).jpg,0,-0.20531453,0.44885093
PCOS/noninfected/Image_resize_671  (962).jpg,0,-0.20531453,0.44885093
PCOS/noninfected/Image_resize_671  (963).jpg,0,-0.41515955,0.3976756
PCOS/noninfected/Image_resize_671  (964).jpg,0,-0.41515955,0.3976756
PCOS/noninfected/Image_resize_671  (965).jpg,0,5.825367,0.99705696
PCOS/noninfected/Image_resize_671  (966).jpg,0,5.825367,0.99705696
PCOS/noninfected/Image_resize_671  (967).jpg,0,0.38649544,0.5954388
PCOS/noninfected/Image_resize_671  (968).jpg,0,0.38649544,0.5954388
PCOS/noninfected/Image_resize_671  (969).jpg,0,6.93252,0.99902546
PCOS/noninfected/Image_resize_671  (97).jpg,0,1.6283194,0.8359393
PCOS/noninfected/Image_resize_671  (970).jpg,0,6.93252,0.99902546
PCOS/noninfected/Image_resize_671  (971).jpg,0,-0.2414349,0.43993276
PCOS/noninfected/Image_resize_671  (972).jpg,0,-0.2414349,0.43993276
PCOS/noninfected/Image_resize_671  (973).jpg,0,0.61466825,0.64900494
PCOS/noninfected/Image_resize_671  (974).jpg,0,0.61466825,0.64900494
PCOS/noninfected/Image_resize_671  (975).jpg,0,-0.3380982,0.41627154
PCOS/noninfected/Image_resize_671  (976).jpg,0,-0.3380982,0.41627154
PCOS/noninfected/Image_resize_671  (977).jpg,0,-0.27649,0.4313145
PCOS/noninfected/Image_resize_671  (978).jpg,0,-0.19374512,0.45171466
PCOS/noninfected/Image_resize_671  (979).jpg,0,-0.19374512,0.45171466
PCOS/noninfected/Image_resize_671  (98).jpg,0,-0.43351668,0.39328688
PCOS/noninfected/Image_resize_671  (980).jpg,0,-0.25018227,0.43777868
PCOS/noninfected/Image_resize_671  (981).jpg,0,-0.25018227,0.43777868
PCOS/noninfected/Image_resize_671  (982).jpg,0,7.816027,0.999597
PCOS/noninfected/Image_resize_671  (983).jpg,0,7.816027,0.999597
PCOS/noninfected/Image_resize_671  (984).jpg,0,0.69169825,0.6663446
PCOS/noninfected/Image_resize_671  (985).jpg,0,0.69169825,0.6663446
PCOS/noninfected/Image_resize_671  (986).jpg,0,-0.13660866,0.46590084
PCOS/noninfected/Image_resize_671  (987).jpg,0,-0.13660866,0.46590084
PCOS/noninfected/Image_resize_671  (988).jpg,0,6.7801266,0.9988651
PCOS/noninfected/Image_resize_671  (989).jpg,0,6.7801266,0.9988651
PCOS/noninfected/Image_resize_671  (99).jpg,0,1.897286,0.8695841
PCOS/noninfected/Image_resize_671  (990).jpg,0,-0.3915751,0.40333816
PCOS/noninfected/Image_resize_671  (991).jpg,0,0.8434369,0.6991886
PCOS/noninfected/Image_resize_671  (992).jpg,0,0.8434369,0.6991886
PCOS/noninfected/Image_resize_671  (993).jpg,0,-0.32757425,0.41883096
PCOS/noninfected/Image_resize_671  (994).jpg,0,-0.32757425,0.41883096
PCOS/noninfected/Image_resize_671  (995).jpg,0,6.323877,0.9982102
PCOS/noninfected/Image_resize_671  (996).jpg,0,6.323877,0.9982102
PCOS/noninfected/Image_resize_671  (997).jpg,0,5.37647,0.99539715
PCOS/noninfected/Image_resize_671  (998).jpg,0,5.37647,0.99539715
PCOS/noninfected/Image_resize_671  (999).jpg,0,-0.05932582,0.48517287
PCOS/noninfected/Image_resize_671.jpg,0,2.067306,0.8876847
PCOS/noninfected/Image_resize_672.jpg,0,1.1986374,0.7682823
PCOS/noninfected/Image_resize_673.jpg,0,0.02177477,0.50544345
PCOS/noninfected/Image_resize_674.jpg,0,-0.19767691,0.45074108
PCOS/noninfected/Image_resize_675.jpg,0,-0.19767691,0.45074108
PCOS/noninfected/Image_resize_676.jpg,0,-0.17959283,0.45522204
PCOS/noninfected/Image_resize_677.jpg,0,0.02177477,0.50544345
PCOS/noninfected/Image_resize_678.jpg,0,-0.19767691,0.45074108
PCOS/noninfected/Image_resize_679.jpg,0,-0.19767691,0.45074108
PCOS/noninfected/Image_resize_680.jpg,0,-0.17959283,0.45522204
PCOS/noninfected/Image_resize_681.jpg,0,-0.40544596,0.40000457
PCOS/noninfected/Image_resize_682.jpg,0,-0.043439202,0.48914194
PCOS/noninfected/Image_resize_683.jpg,0,-0.043439202,0.48914194
PCOS/noninfected/Image_resize_684.jpg,0,0.19336176,0.5481904
PCOS/noninfected/Image_resize_685.jpg,0,-0.40544596,0.40000457
PCOS/noninfected/Image_resize_686.jpg,0,-0.043439202,0.48914194
PCOS/noninfected/Image_resize_687.jpg,0,-0.043439202,0.48914194
PCOS/noninfected/Image_resize_688.jpg,0,0.19336176,0.5481904
PCOS/noninfected/Image_resize_689.jpg,0,0.06991424,0.51747143
PCOS/noninfected/Image_resize_690.jpg,0,-0.053872198,0.4865352
PCOS/noninfected/Image_resize_691.jpg,0,-0.053872198,0.4865352
PCOS/noninfected/Image_resize_692.jpg,0,-0.33844945,0.41618618
PCOS/noninfected/Image_resize_693.jpg,0,0.06991424,0.51747143
PCOS/noninfected/Image_resize_694.jpg,0,-0.053872198,0.4865352
PCOS/noninfected/Image_resize_695.jpg,0,-0.053872198,0.4865352
PCOS/noninfected/Image_resize_696.jpg,0,-0.33844945,0.41618618
PCOS/noninfected/Image_resize_697.jpg,0,0.3639311,0.5899917
PCOS/noninfected/Image_resize_698.jpg,0,-0.19273493,0.4519649
PCOS/noninfected/Image_resize_699.jpg,0,-0.19273493,0.4519649
PCOS/noninfected/Image_resize_700.jpg,0,-0.36517236,0.4097081
PCOS/noninfected/Image_resize_701.jpg,0,0.3639311,0.5899917
PCOS/noninfected/Image_resize_702.jpg,0,-0.19273493,0.4519649
PCOS/noninfected/Image_resize_703.jpg,0,-0.19273493,0.4519649
PCOS/noninfected/Image_resize_704.jpg,0,-0.36517236,0.4097081
PCOS/noninfected/Image_resize_705.jpg,0,-0.43088317,0.39391547
PCOS/noninfected/Image_resize_706.jpg,0,-0.34714964,0.41407377
PCOS/noninfected/Image_resize_707.jpg,0,-0.34714964,0.41407377
PCOS/noninfected/Image_resize_708.jpg,0,-0.67250097,0.3379371
PCOS/noninfected/Image_resize_709.jpg,0,-0.43088317,0.39391547
PCOS/noninfected/Image_resize_710.jpg,0,-0.34714964,0.41407377
PCOS/noninfected/Image_resize_711.jpg,0,-0.34714964,0.41407377
PCOS/noninfected/Image_resize_712.jpg,0,-0.67250097,0.3379371
PCOS/noninfected/Image_resize_713.jpg,0,-0.041579887,0.48960647
PCOS/noninfected/Image_resize_714.jpg,0,-0.19617596,0.4511127
PCOS/noninfected/Image_resize_715.jpg,0,-0.19617596,0.4511127
PCOS/noninfected/Image_resize_716.jpg,0,-0.06115558,0.4847159
PCOS/noninfected/Image_resize_717.jpg,0,-0.041579887,0.48960647
PCOS/noninfected/Image_resize_718.jpg,0,-0.19617596,0.4511127
PCOS/noninfected/Image_resize_719.jpg,0,-0.19617596,0.4511127
PCOS/noninfected/Image_resize_720.jpg,0,-0.06115558,0.4847159
PCOS/noninfected/Image_resize_721.jpg,0,0.19756912,0.5492323
PCOS/noninfected/Image_resize_722.jpg,0,-0.4473108,0.39000034
PCOS/noninfected/Image_resize_723.jpg,0,-0.4473108,0.39000034
PCOS/noninfected/Image_resize_724.jpg,0,-0.106362954,0.4734343
PCOS/noninfected/Image_resize_725.jpg,0,0.19756912,0.5492323
PCOS/noninfected/Image_resize_726.jpg,0,-0.4473108,0.39000034
PCOS/noninfected/Image_resize_727.jpg,0,-0.4473108,0.39000034
PCOS/noninfected/Image_resize_728.jpg,0,-0.106362954,0.4734343
PCOS/noninfected/Image_resize_729.jpg,0,-0.3220797,0.42016897
PCOS/noninfected/Image_resize_730.jpg,0,-0.19937003,0.45032194
PCOS/noninfected/Image_resize_731.jpg,0,-0.19937003,0.45032194
PCOS/noninfected/Image_resize_732.jpg,0,-0.4228182,0.39584258
PCOS/noninfected/Image_resize_733.jpg,0,-0.3220797,0.42016897
PCOS/noninfected/Image_resize_734.jpg,0,-0.19937003,0.45032194
PCOS/noninfected/Image_resize_735.jpg,0,-0.19937003,0.45032194
PCOS/noninfected/Image_resize_736.jpg,0,-0.4228182,0.39584258
PCOS/noninfected/Image_resize_737.jpg,0,-0.08141255,0.4796581
PCOS/noninfected/Image_resize_738.jpg,0,0.0489996,0.51224744
PCOS/noninfected/Image_resize_739.jpg,0,0.0489996,0.51224744
PCOS/noninfected/Image_resize_740.jpg,0,0.0206979,0.5051743
PCOS/noninfected/Image_resize_741.jpg,0,-0.08141255,0.4796581
PCOS/noninfected/Image_resize_742.jpg,0,0.0489996,0.51224744
PCOS/noninfected/Image_resize_743.jpg,0,0.0489996,0.51224744
PCOS/noninfected/Image_resize_744.jpg,0,0.0206979,0.5051743
PCOS/noninfected/Image_resize_745.jpg,0,-0.048867792,0.4877855
PCOS/noninfected/Image_resize_746.jpg,0,1.9930302,0.88006335
PCOS/noninfected/Image_resize_747.jpg,0,1.9930302,0.88006335
PCOS/noninfected/Image_resize_748.jpg,0,1.9511691,0.87557405
PCOS/noninfected/Image_resize_749.jpg,0,-0.048867792,0.4877855
PCOS/noninfected/Image_resize_750.jpg,0,1.9930302,0.88006335
PCOS/noninfected/Image_resize_751.jpg,0,1.9930302,0.88006335
PCOS/noninfected/Image_resize_752.jpg,0,1.9511691,0.87557405
PCOS/noninfected/Image_resize_753.jpg,0,0.004331028,0.5010828
PCOS/noninfected/Image_resize_754.jpg,0,-0.13916254,0.46526542
PCOS/noninfected/Image_resize_755.jpg,0,-0.13916254,0.46526542
PCOS/noninfected/Image_resize_756.jpg,0,-0.0128272865,0.49679324
PCOS/noninfected/Image_resize_757.jpg,0,0.004331028,0.5010828
PCOS/noninfected/Image_resize_758.jpg,0,-0.13916254,0.46526542
PCOS/noninfected/Image_resize_759.jpg,0,-0.13916254,0.46526542
PCOS/noninfected/Image_resize_760.jpg,0,-0.0128272865,0.49679324
PCOS/noninfected/Image_resize_761.jpg,0,-0.34209397,0.4153009
PCOS/noninfected/Image_resize_762.jpg,0,-0.02841541,0.49289665
PCOS/noninfected/Image_resize_763.jpg,0,-0.02841541,0.49289665
PCOS/noninfected/Image_resize_764.jpg,0,0.052088134,0.5130191
PCOS/noninfected/Image_resize_765.jpg,0,-0.34209397,0.4153009
PCOS/noninfected/Image_resize_766.jpg,0,-0.02841541,0.49289665
PCOS/noninfected/Image_resize_767.jpg,0,-0.02841541,0.49289665
PCOS/noninfected/Image_resize_768.jpg,0,0.052088134,0.5130191
PCOS/noninfected/Image_resize_769.jpg,0,-0.28703532,0.4287298
PCOS/noninfected/Image_resize_770.jpg,0,0.17326607,0.5432085
PCOS/noninfected/Image_resize_771.jpg,0,0.17326607,0.5432085
PCOS/noninfected/Image_resize_772.jpg,0,-0.16378978,0.45914388
PCOS/noninfected/Image_resize_773.jpg,0,-0.28703532,0.4287298
PCOS/noninfected/Image_resize_774.jpg,0,0.17326607,0.5432085
PCOS/noninfected/Image_resize_775.jpg,0,0.17326607,0.5432085
PCOS/noninfected/Image_resize_776.jpg,0,-0.16378978,0.45914388
PCOS/noninfected/Image_resize_777.jpg,0,0.032076024,0.5080183
PCOS/noninfected/Image_resize_778.jpg,0,0.24363482,0.5606092
PCOS/noninfected/Image_resize_779.jpg,0,0.24363482,0.5606092
PCOS/noninfected/Image_resize_780.jpg,0,-0.09375629,0.47657812
PCOS/noninfected/Image_resize_781.jpg,0,0.032076024,0.5080183
PCOS/noninfected/Image_resize_782.jpg,0,0.24363482,0.5606092
PCOS/noninfected/Image_resize_783.jpg,0,0.24363482,0.5606092
PCOS/noninfected/Image_resize_784.jpg,0,-0.09375629,0.47657812
PCOS/noninfected/Image_resize_785.jpg,0,-0.61130476,0.35176164
PCOS/noninfected/Image_resize_786.jpg,0,-0.3226812,0.42002246
PCOS/noninfected/Image_resize_787.jpg,0,-0.3226812,0.42002246
PCOS/noninfected/Image_resize_788.jpg,0,-0.32809034,0.41870537
PCOS/noninfected/Image_resize_789.jpg,0,-0.61130476,0.35176164
PCOS/noninfected/Image_resize_790.jpg,0,-0.3226812,0.42002246
PCOS/noninfected/Image_resize_791.jpg,0,-0.3226812,0.42002246
PCOS/noninfected/Image_resize_792.jpg,0,-0.32809034,0.41870537
PCOS/noninfected/Image_resize_793.jpg,0,-0.3715231,0.40817305
PCOS/noninfected/Image_resize_794.jpg,0,-0.08939375,0.47766644
PCOS/noninfected/Image_resize_795.jpg,0,-0.08939375,0.47766644
PCOS/noninfected/Image_resize_796.jpg,0,-0.19940358,0.45031363
PCOS/noninfected/Image_resize_797.jpg,0,-0.3715231,0.40817305
PCOS/noninfected/Image_resize_798.jpg,0,-0.08939375,0.47766644
PCOS/noninfected/Image_resize_799.jpg,0,-0.08939375,0.47766644
PCOS/noninfected/Image_resize_800.jpg,0,-0.19940358,0.45031363
PCOS/noninfected/Image_SetA001.jpg,0,0.8147374,0.6931181
PCOS/noninfected/Image_SetA002.jpg,0,0.8147374,0.6931181
PCOS/noninfected/Image_SetA003.jpg,0,-0.31621355,0.42159882
PCOS/noninfected/Image_SetA004.jpg,0,-0.31621355,0.42159882
PCOS/noninfected/Image_SetA005.jpg,0,6.401968,0.9983444
PCOS/noninfected/Image_SetA006.jpg,0,6.401968,0.9983444
PCOS/noninfected/Image_SetA007.jpg,0,-0.12352076,0.469159
PCOS/noninfected/Image_SetA008.jpg,0,-0.12352076,0.469159
PCOS/noninfected/Image_SetA009.jpg,0,0.3904524,0.5963916
PCOS/noninfected/Image_SetA010.jpg,0,0.3904524,0.5963916
PCOS/noninfected/Image_SetA011.jpg,0,0.07196144,0.5179826
PCOS/noninfected/Image_SetA012.jpg,0,0.07196144,0.5179826
PCOS/noninfected/Image_SetA013.jpg,0,-0.016402246,0.4958995
PCOS/noninfected/Image_SetA014.jpg,0,-0.016402246,0.4958995
PCOS/noninfected/Image_SetA015.jpg,0,0.7566826,0.680633
PCOS/noninfected/Image_SetA016.jpg,0,0.7566826,0.680633
PCOS/noninfected/Image_SetA017.jpg,0,7.5348825,0.9994661
PCOS/noninfected/Image_SetA018.jpg,0,7.5348825,0.9994661
PCOS/noninfected/Image_SetA019.jpg,0,0.079782076,0.51993495
PCOS/noninfected/Image_SetA020.jpg,0,0.079782076,0.51993495
PCOS/noninfected/Image_SetA021.jpg,0,-0.037494034,0.4906276
PCOS/noninfected/Image_SetA022.jpg,0,-0.037494034,0.4906276
PCOS/noninfected/Image_SetA023.jpg,0,-0.25152028,0.43744937
PCOS/noninfected/Image_SetA024.jpg,0,-0.25152028,0.43744937
PCOS/noninfected/Image_SetA025.jpg,0,0.032178447,0.50804394
PCOS/noninfected/Image_SetA026.jpg,0,0.032178447,0.50804394
PCOS/noninfected/Image_SetA027.jpg,0,0.05274926,0.51318425
PCOS/noninfected/Image_SetA028.jpg,0,0.05274926,0.51318425
PCOS/noninfected/Image_SetA029.jpg,0,0.07033269,0.5175759
PCOS/noninfected/Image_SetA030.jpg,0,0.07033269,0.5175759
PCOS/noninfected/Image_SetA031.jpg,0,-0.15287508,0.46185547
PCOS/noninfected/Image_SetA032.jpg,0,-0.15287508,0.46185547
PCOS/noninfected/Image_SetA033.jpg,0,2.2950356,0.908465
PCOS/noninfected/Image_SetA034.jpg,0,2.2950356,0.908465
PCOS/noninfected/Image_SetA035.jpg,0,-0.067105435,0.48322994
PCOS/noninfected/Image_SetA036.jpg,0,-0.067105435,0.48322994
PCOS/noninfected/Image_SetA037.jpg,0,-0.33111498,0.41796935
PCOS/noninfected/Image_SetA038.jpg,0,-0.33111498,0.41796935
PCOS/noninfected/Image_SetA039.jpg,0,2.2815523,0.90733767
PCOS/noninfected/Image_SetA040.jpg,0,2.2815523,0.90733767
PCOS/noninfected/Image_SetA041.jpg,0,0.38432997,0.594917
PCOS/noninfected/Image_SetA042.jpg,0,0.38432997,0.594917
PCOS/noninfected/Image_SetA043.jpg,0,0.14804596,0.53694403
PCOS/noninfected/Image_SetA044.jpg,0,0.14804596,0.53694403
PCOS/noninfected/Image_SetA045.jpg,0,-0.0035980102,0.4991005
PCOS/noninfected/Image_SetA046.jpg,0,-0.0035980102,0.4991005
PCOS/noninfected/Image_SetA047.jpg,0,1.7585027,0.853022
PCOS/noninfected/Image_SetA048.jpg,0,1.7585027,0.853022
PCOS/noninfected/Image_SetA049.jpg,0,4.8700905,0.99238575
PCOS/noninfected/Image_SetA050.jpg,0,4.8700905,0.99238575
PCOS/noninfected/Image_SetA051.jpg,0,3.0107949,0.95305943
PCOS/noninfected/Image_SetA052.jpg,0,3.0107949,0.95305943
PCOS/noninfected/Image_SetA053.jpg,0,-1.0581886,0.25765577
PCOS/noninfected/Image_SetA054.jpg,0,-1.0581886,0.25765577
PCOS/noninfected/Image_SetA055.jpg,0,-0.13322443,0.46674302
PCOS/noninfected/Image_SetA056.jpg,0,-0.13322443,0.46674302
PCOS/noninfected/Image_SetA057.jpg,0,0.15677592,0.5391139
PCOS/noninfected/Image_SetA058.jpg,0,0.15677592,0.5391139
PCOS/noninfected/Image_SetA059.jpg,0,2.3474028,0.9127276
PCOS/noninfected/Image_SetA060.jpg,0,2.3474028,0.9127276
PCOS/noninfected/Image_SetA061.jpg,0,0.09601115,0.5239844
PCOS/noninfected/Image_SetA062.jpg,0,0.09601115,0.5239844
PCOS/noninfected/Image_SetA063.jpg,0,-0.31549534,0.42177394
PCOS/noninfected/Image_SetA064.jpg,0,-0.31549534,0.42177394
PCOS/noninfected/Image_SetA065.jpg,0,-0.28266025,0.42980167
PCOS/noninfected/Image_SetA066.jpg,0,-0.28266025,0.42980167
PCOS/noninfected/Image_SetA067.jpg,0,0.18739533,0.5467122
PCOS/noninfected/Image_SetA068.jpg,0,0.18739533,0.5467122
PCOS/noninfected/Image_SetA069.jpg,0,0.7289656,0.6745782
PCOS/noninfected/Image_SetA070.jpg,0,0.7289656,0.6745782
PCOS/noninfected/Image_SetA071.jpg,0,0.9180868,0.7146521
PCOS/noninfected/Image_SetA072.jpg,0,0.9180868,0.7146521
PCOS/noninfected/Image_SetA073.jpg,0,-0.13318428,0.46675304
PCOS/noninfected/Image_SetA074.jpg,0,-0.13318428,0.46675304
PCOS/noninfected/Image_SetA075.jpg,0,2.2273304,0.9026771
PCOS/noninfected/Image_SetA076.jpg,0,2.2273304,0.9026771
PCOS/noninfected/Image_SetA077.jpg,0,1.694112,0.8447642
PCOS/noninfected/Image_SetA078.jpg,0,1.694112,0.8447642
PCOS/noninfected/Image_SetA079.jpg,0,-0.44439623,0.39069393
PCOS/noninfected/Image_SetA080.jpg,0,-0.44439623,0.39069393
PCOS/noninfected/Image_SetA081.jpg,0,-0.026620118,0.49334538
PCOS/noninfected/Image_SetA082.jpg,0,-0.026620118,0.49334538
PCOS/noninfected/Image_SetA083.jpg,0,-0.46431494,0.38596272
PCOS/noninfected/Image_SetA084.jpg,0,-0.46431494,0.38596272
PCOS/noninfected/Image_SetA085.jpg,0,-0.13549952,0.46617684
PCOS/noninfected/Image_SetA086.jpg,0,-0.13549952,0.46617684
PCOS/noninfected/Image_SetA087.jpg,0,-0.17992035,0.45514083
PCOS/noninfected/Image_SetA088.jpg,0,-0.17992035,0.45514083
PCOS/noninfected/Image_SetA089.jpg,0,6.930732,0.9990237
PCOS/noninfected/Image_SetA090.jpg,0,6.930732,0.9990237
PCOS/noninfected/Image_SetA091.jpg,0,-0.20171283,0.4497421
PCOS/noninfected/Image_SetA092.jpg,0,-0.20171283,0.4497421
PCOS/noninfected/Image_SetA093.jpg,0,-0.009311533,0.4976721
PCOS/noninfected/Image_SetA094.jpg,0,-0.009311533,0.4976721
PCOS/noninfected/Image_SetA095.jpg,0,-0.03551335,0.4911226
PCOS/noninfected/Image_SetA096.jpg,0,-0.03551335,0.4911226
PCOS/noninfected/Image_SetA097.jpg,0,5.102445,0.99395496
PCOS/noninfected/Image_SetA098.jpg,0,5.102445,0.99395496
PCOS/noninfected/Image_SetA099.jpg,0,1.3602436,0.7957993
PCOS/noninfected/Image_SetA100.jpg,0,1.3602436,0.7957993
PCOS/noninfected/Image_SetA1000.jpg,0,0.1890341,0.5471183
PCOS/noninfected/Image_SetA1001.jpg,0,0.7570985,0.6807234
PCOS/noninfected/Image_SetA1002.jpg,0,0.7570985,0.6807234
PCOS/noninfected/Image_SetA1003.jpg,0,0.21270755,0.55297726
PCOS/noninfected/Image_SetA1004.jpg,0,0.21270755,0.55297726
PCOS/noninfected/Image_SetA1005.jpg,0,-0.4201717,0.39647564
PCOS/noninfected/Image_SetA1006.jpg,0,-0.4201717,0.39647564
PCOS/noninfected/Image_SetA1007.jpg,0,7.519746,0.999458
PCOS/noninfected/Image_SetA1008.jpg,0,7.519746,0.999458
PCOS/noninfected/Image_SetA1009.jpg,0,1.8024895,0.8584517
PCOS/noninfected/Image_SetA101.jpg,0,0.61030704,0.64801085
PCOS/noninfected/Image_SetA1010.jpg,0,1.8024895,0.8584517
PCOS/noninfected/Image_SetA1011.jpg,0,-0.17975903,0.45518085
PCOS/noninfected/Image_SetA1012.jpg,0,-0.17975903,0.45518085
PCOS/noninfected/Image_SetA1013.jpg,0,0.03041676,0.5076036
PCOS/noninfected/Image_SetA1014.jpg,0,0.03041676,0.5076036
PCOS/noninfected/Image_SetA1015.jpg,0,0.70479405,0.66924983
PCOS/noninfected/Image_SetA1016.jpg,0,0.70479405,0.66924983
PCOS/noninfected/Image_SetA1017.jpg,0,-0.3267409,0.41903383
PCOS/noninfected/Image_SetA1018.jpg,0,-0.3267409,0.41903383
PCOS/noninfected/Image_SetA1019.jpg,0,7.336147,0.9993488
PCOS/noninfected/Image_SetA102.jpg,0,0.61030704,0.64801085
PCOS/noninfected/Image_SetA1020.jpg,0,7.336147,0.9993488
PCOS/noninfected/Image_SetA1021.jpg,0,0.23155768,0.55763215
PCOS/noninfected/Image_SetA1022.jpg,0,0.23155768,0.55763215
PCOS/noninfected/Image_SetA1023.jpg,0,2.1317248,0.8939487
PCOS/noninfected/Image_SetA1024.jpg,0,2.1317248,0.8939487
PCOS/noninfected/Image_SetA103.jpg,0,2.1248136,0.89329165
PCOS/noninfected/Image_SetA104.jpg,0,2.1248136,0.89329165
PCOS/noninfected/Image_SetA105.jpg,0,0.61584526,0.64927304
PCOS/noninfected/Image_SetA106.jpg,0,0.61584526,0.64927304
PCOS/noninfected/Image_SetA107.jpg,0,-0.1989527,0.45042524
PCOS/noninfected/Image_SetA108.jpg,0,-0.1989527,0.45042524
PCOS/noninfected/Image_SetA109.jpg,0,8.63598,0.99982244
PCOS/noninfected/Image_SetA110.jpg,0,8.63598,0.99982244
PCOS/noninfected/Image_SetA111.jpg,0,-0.16466129,0.45892745
PCOS/noninfected/Image_SetA112.jpg,0,-0.16466129,0.45892745
PCOS/noninfected/Image_SetA113.jpg,0,1.6521724,0.83918446
PCOS/noninfected/Image_SetA114.jpg,0,1.6521724,0.83918446
PCOS/noninfected/Image_SetA115.jpg,0,-0.2378324,0.4408206
PCOS/noninfected/Image_SetA116.jpg,0,-0.2378324,0.4408206
PCOS/noninfected/Image_SetA117.jpg,0,0.123810366,0.5309131
PCOS/noninfected/Image_SetA118.jpg,0,0.123810366,0.5309131
PCOS/noninfected/Image_SetA119.jpg,0,6.611105,0.9986564
PCOS/noninfected/Image_SetA120.jpg,0,6.611105,0.9986564
PCOS/noninfected/Image_SetA121.jpg,0,-0.062721804,0.48432466
PCOS/noninfected/Image_SetA122.jpg,0,-0.062721804,0.48432466
PCOS/noninfected/Image_SetA123.jpg,0,6.8352823,0.998926
PCOS/noninfected/Image_SetA124.jpg,0,6.8352823,0.998926
PCOS/noninfected/Image_SetA125.jpg,0,1.6259738,0.83561736
PCOS/noninfected/Image_SetA126.jpg,0,1.6259738,0.83561736
PCOS/noninfected/Image_SetA127.jpg,0,5.716111,0.99671835
PCOS/noninfected/Image_SetA128.jpg,0,5.716111,0.99671835
PCOS/noninfected/Image_SetA129.jpg,0,-0.055672765,0.48608539
PCOS/noninfected/Image_SetA130.jpg,0,-0.055672765,0.48608539
PCOS/noninfected/Image_SetA131.jpg,0,1.725477,0.84883296
PCOS/noninfected/Image_SetA132.jpg,0,1.725477,0.84883296
PCOS/noninfected/Image_SetA133.jpg,0,-0.36741477,0.4091659
PCOS/noninfected/Image_SetA134.jpg,0,-0.36741477,0.4091659
PCOS/noninfected/Image_SetA135.jpg,0,-0.026727812,0.49331847
PCOS/noninfected/Image_SetA136.jpg,0,-0.026727812,0.49331847
PCOS/noninfected/Image_SetA137.jpg,0,5.5623507,0.99617493
PCOS/noninfected/Image_SetA138.jpg,0,5.5623507,0.99617493
PCOS/noninfected/Image_SetA139.jpg,0,0.35521957,0.58788276
PCOS/noninfected/Image_SetA140.jpg,0,0.35521957,0.58788276
PCOS/noninfected/Image_SetA141.jpg,0,-0.11380096,0.47158042
PCOS/noninfected/Image_SetA142.jpg,0,-0.11380096,0.47158042
PCOS/noninfected/Image_SetA143.jpg,0,6.557332,0.99858236
PCOS/noninfected/Image_SetA144.jpg,0,6.557332,0.99858236
PCOS/noninfected/Image_SetA145.jpg,0,-0.20441212,0.44907415
PCOS/noninfected/Image_SetA146.jpg,0,-0.20441212,0.44907415
PCOS/noninfected/Image_SetA147.jpg,0,-0.39111137,0.4034498
PCOS/noninfected/Image_SetA148.jpg,0,-0.39111137,0.4034498
PCOS/noninfected/Image_SetA149.jpg,0,-0.8145152,0.30692917
PCOS/noninfected/Image_SetA150.jpg,0,-0.8145152,0.30692917
PCOS/noninfected/Image_SetA151.jpg,0,3.6668544,0.9750802
PCOS/noninfected/Image_SetA152.jpg,0,3.6668544,0.9750802
PCOS/noninfected/Image_SetA153.jpg,0,-0.48253393,0.381654
PCOS/noninfected/Image_SetA154.jpg,0,-0.48253393,0.381654
PCOS/noninfected/Image_SetA155.jpg,0,0.98980504,0.7290494
PCOS/noninfected/Image_SetA156.jpg,0,0.98980504,0.7290494
PCOS/noninfected/Image_SetA157.jpg,0,0.760605,0.68148506
PCOS/noninfected/Image_SetA158.jpg,0,0.760605,0.68148506
PCOS/noninfected/Image_SetA159.jpg,0,-0.46299204,0.38627627
PCOS/noninfected/Image_SetA160.jpg,0,-0.46299204,0.38627627
PCOS/noninfected/Image_SetA161.jpg,0,6.476061,0.99846256
PCOS/noninfected/Image_SetA162.jpg,0,6.476061,0.99846256
PCOS/noninfected/Image_SetA163.jpg,0,1.6248307,0.8354603
PCOS/noninfected/Image_SetA164.jpg,0,1.6248307,0.8354603
PCOS/noninfected/Image_SetA165.jpg,0,3.9988847,0.9819941
PCOS/noninfected/Image_SetA166.jpg,0,3.9988847,0.9819941
PCOS/noninfected/Image_SetA167.jpg,0,4.3764353,0.9875859
PCOS/noninfected/Image_SetA168.jpg,0,4.3764353,0.9875859
PCOS/noninfected/Image_SetA169.jpg,0,1.8673903,0.86615604
PCOS/noninfected/Image_SetA170.jpg,0,1.8673903,0.86615604
PCOS/noninfected/Image_SetA171.jpg,0,1.0115714,0.73332757
PCOS/noninfected/Image_SetA172.jpg,0,1.0115714,0.73332757
PCOS/noninfected/Image_SetA173.jpg,0,0.97834015,0.72677875
PCOS/noninfected/Image_SetA174.jpg,0,0.97834015,0.72677875
PCOS/noninfected/Image_SetA175.jpg,0,-0.15471648,0.46139786
PCOS/noninfected/Image_SetA176.jpg,0,-0.15471648,0.46139786
PCOS/noninfected/Image_SetA177.jpg,0,-0.35310647,0.41262937
PCOS/noninfected/Image_SetA178.jpg,0,-0.35310647,0.41262937
PCOS/noninfected/Image_SetA179.jpg,0,-0.19166672,0.45222947
PCOS/noninfected/Image_SetA180.jpg,0,-0.19166672,0.45222947
PCOS/noninfected/Image_SetA181.jpg,0,2.55583,0.9279642
PCOS/noninfected/Image_SetA182.jpg,0,2.55583,0.9279642
PCOS/noninfected/Image_SetA183.jpg,0,-0.31767777,0.42124182
PCOS/noninfected/Image_SetA184.jpg,0,-0.31767777,0.42124182
PCOS/noninfected/Image_SetA185.jpg,0,0.78922254,0.6876644
PCOS/noninfected/Image_SetA186.jpg,0,0.78922254,0.6876644
PCOS/noninfected/Image_SetA187.jpg,0,7.0672894,0.99914813
PCOS/noninfected/Image_SetA188.jpg,0,7.0672894,0.99914813
PCOS/noninfected/Image_SetA189.jpg,0,-0.43492824,0.39295012
PCOS/noninfected/Image_SetA190.jpg,0,-0.43492824,0.39295012
PCOS/noninfected/Image_SetA191.jpg,0,0.55668503,0.63568515
PCOS/noninfected/Image_SetA192.jpg,0,0.55668503,0.63568515
PCOS/noninfected/Image_SetA193.jpg,0,0.16280398,0.5406113
PCOS/noninfected/Image_SetA194.jpg,0,0.16280398,0.5406113
PCOS/noninfected/Image_SetA195.jpg,0,0.58149695,0.6414118
PCOS/noninfected/Image_SetA196.jpg,0,0.58149695,0.6414118
PCOS/noninfected/Image_SetA197.jpg,0,-0.3131868,0.42233709
PCOS/noninfected/Image_SetA198.jpg,0,-0.3131868,0.42233709
PCOS/noninfected/Image_SetA199.jpg,0,1.7238755,0.8486274
PCOS/noninfected/Image_SetA200.jpg,0,1.7238755,0.8486274
PCOS/noninfected/Image_SetA201.jpg,0,-0.9128849,0.28640985
PCOS/noninfected/Image_SetA202.jpg,0,-0.9128849,0.28640985
PCOS/noninfected/Image_SetA203.jpg,0,0.94127536,0.7193572
PCOS/noninfected/Image_SetA204.jpg,0,0.94127536,0.7193572
PCOS/noninfected/Image_SetA205.jpg,0,-0.6445299,0.34422326
PCOS/noninfected/Image_SetA206.jpg,0,-0.6445299,0.34422326
PCOS/noninfected/Image_SetA207.jpg,0,0.056217976,0.5140508
PCOS/noninfected/Image_SetA208.jpg,0,0.056217976,0.5140508
PCOS/noninfected/Image_SetA209.jpg,0,-0.0126698,0.4968326
PCOS/noninfected/Image_SetA210.jpg,0,-0.0126698,0.4968326
PCOS/noninfected/Image_SetA211.jpg,0,-0.12522191,0.46873537
PCOS/noninfected/Image_SetA212.jpg,0,-0.12522191,0.46873537
PCOS/noninfected/Image_SetA213.jpg,0,-0.7168947,0.32807717
PCOS/noninfected/Image_SetA214.jpg,0,-0.7168947,0.32807717
PCOS/noninfected/Image_SetA215.jpg,0,-0.07755285,0.4806215
PCOS/noninfected/Image_SetA216.jpg,0,-0.07755285,0.4806215
PCOS/noninfected/Image_SetA217.jpg,0,0.18411995,0.5459004
PCOS/noninfected/Image_SetA218.jpg,0,0.18411995,0.5459004
PCOS/noninfected/Image_SetA219.jpg,0,6.4784927,0.99846625
PCOS/noninfected/Image_SetA220.jpg,0,6.4784927,0.99846625
PCOS/noninfected/Image_SetA221.jpg,0,2.914657,0.94856626
PCOS/noninfected/Image_SetA222.jpg,0,2.914657,0.94856626
PCOS/noninfected/Image_SetA223.jpg,0,-0.020208655,0.49494797
PCOS/noninfected/Image_SetA224.jpg,0,-0.020208655,0.49494797
PCOS/noninfected/Image_SetA225.jpg,0,0.19149166,0.54772717
PCOS/noninfected/Image_SetA226.jpg,0,0.19149166,0.54772717
PCOS/noninfected/Image_SetA227.jpg,0,-0.21300092,0.4469502
PCOS/noninfected/Image_SetA228.jpg,0,-0.21300092,0.4469502
PCOS/noninfected/Image_SetA229.jpg,0,2.5912042,0.9302934
PCOS/noninfected/Image_SetA230.jpg,0,2.5912042,0.9302934
PCOS/noninfected/Image_SetA231.jpg,0,1.9304198,0.8732959
PCOS/noninfected/Image_SetA232.jpg,0,1.9304198,0.8732959
PCOS/noninfected/Image_SetA233.jpg,0,0.6320356,0.6529509
PCOS/noninfected/Image_SetA234.jpg,0,0.6320356,0.6529509
PCOS/noninfected/Image_SetA235.jpg,0,0.15738659,0.53926563
PCOS/noninfected/Image_SetA236.jpg,0,0.15738659,0.53926563
PCOS/noninfected/Image_SetA237.jpg,0,0.4672847,0.6147409
PCOS/noninfected/Image_SetA238.jpg,0,0.4672847,0.6147409
PCOS/noninfected/Image_SetA239.jpg,0,-0.23238157,0.44216466
PCOS/noninfected/Image_SetA240.jpg,0,-0.23238157,0.44216466
PCOS/noninfected/Image_SetA241.jpg,0,0.15915412,0.53970474
PCOS/noninfected/Image_SetA242.jpg,0,0.15915412,0.53970474
PCOS/noninfected/Image_SetA243.jpg,0,0.27099264,0.56733656
PCOS/noninfected/Image_SetA244.jpg,0,0.27099264,0.56733656
PCOS/noninfected/Image_SetA245.jpg,0,-0.019853784,0.49503672
PCOS/noninfected/Image_SetA246.jpg,0,-0.019853784,0.49503672
PCOS/noninfected/Image_SetA247.jpg,0,-0.49233022,0.37934476
PCOS/noninfected/Image_SetA248.jpg,0,-0.49233022,0.37934476
PCOS/noninfected/Image_SetA249.jpg,0,-0.04605995,0.48848704
PCOS/noninfected/Image_SetA250.jpg,0,-0.04605995,0.48848704
PCOS/noninfected/Image_SetA251.jpg,0,0.062054843,0.5155087
PCOS/noninfected/Image_SetA252.jpg,0,0.062054843,0.5155087
PCOS/noninfected/Image_SetA253.jpg,0,4.782955,0.99169827
PCOS/noninfected/Image_SetA254.jpg,0,4.782955,0.99169827
PCOS/noninfected/Image_SetA255.jpg,0,-0.6589286,0.34098035
PCOS/noninfected/Image_SetA256.jpg,0,-0.6589286,0.34098035
PCOS/noninfected/Image_SetA257.jpg,0,-0.33015397,0.41820315
PCOS/noninfected/Image_SetA258.jpg,0,-0.33015397,0.41820315
PCOS/noninfected/Image_SetA259.jpg,0,-0.21195823,0.44720793
PCOS/noninfected/Image_SetA260.jpg,0,-0.21195823,0.44720793
PCOS/noninfected/Image_SetA261.jpg,0,0.82866067,0.6960716
PCOS/noninfected/Image_SetA262.jpg,0,0.82866067,0.6960716
PCOS/noninfected/Image_SetA263.jpg,0,8.685851,0.9998311
PCOS/noninfected/Image_SetA264.jpg,0,8.685851,0.9998311
PCOS/noninfected/Image_SetA265.jpg,0,-0.35801238,0.4114408
PCOS/noninfected/Image_SetA266.jpg,0,-0.35801238,0.4114408
PCOS/noninfected/Image_SetA267.jpg,0,0.60936874,0.64779675
PCOS/noninfected/Image_SetA268.jpg,0,0.60936874,0.64779675
PCOS/noninfected/Image_SetA269.jpg,0,-0.3988481,0.40158916
PCOS/noninfected/Image_SetA270.jpg,0,-0.3988481,0.40158916
PCOS/noninfected/Image_SetA271.jpg,0,1.7836304,0.85614455
PCOS/noninfected/Image_SetA272.jpg,0,1.7836304,0.85614455
PCOS/noninfected/Image_SetA273.jpg,0,-0.16491583,0.45886427
PCOS/noninfected/Image_SetA274.jpg,0,-0.16491583,0.45886427
PCOS/noninfected/Image_SetA275.jpg,0,2.6097336,0.93148535
PCOS/noninfected/Image_SetA276.jpg,0,2.6097336,0.93148535
PCOS/noninfected/Image_SetA277.jpg,0,-0.20931435,0.44786164
PCOS/noninfected/Image_SetA278.jpg,0,-0.20931435,0.44786164
PCOS/noninfected/Image_SetA279.jpg,0,-0.7569519,0.3193084
PCOS/noninfected/Image_SetA280.jpg,0,-0.7569519,0.3193084
PCOS/noninfected/Image_SetA281.jpg,0,5.2800117,0.9949334
PCOS/noninfected/Image_SetA282.jpg,0,5.2800117,0.9949334
PCOS/noninfected/Image_SetA283.jpg,0,2.230397,0.9029461
PCOS/noninfected/Image_SetA284.jpg,0,2.230397,0.9029461
PCOS/noninfected/Image_SetA285.jpg,0,0.16274816,0.5405975
PCOS/noninfected/Image_SetA286.jpg,0,0.16274816,0.5405975
PCOS/noninfected/Image_SetA287.jpg,0,1.6494992,0.8388234
PCOS/noninfected/Image_SetA288.jpg,0,1.6494992,0.8388234
PCOS/noninfected/Image_SetA289.jpg,0,-0.21124499,0.44738427
PCOS/noninfected/Image_SetA290.jpg,0,-0.21124499,0.44738427
PCOS/noninfected/Image_SetA291.jpg,0,8.410584,0.9997776
PCOS/noninfected/Image_SetA292.jpg,0,8.410584,0.9997776
PCOS/noninfected/Image_SetA293.jpg,0,0.15417075,0.5384665
PCOS/noninfected/Image_SetA294.jpg,0,0.15417075,0.5384665
PCOS/noninfected/Image_SetA295.jpg,0,-0.0266757,0.49333146
PCOS/noninfected/Image_SetA296.jpg,0,-0.0266757,0.49333146
PCOS/noninfected/Image_SetA297.jpg,0,-0.060425386,0.48489827
PCOS/noninfected/Image_SetA298.jpg,0,-0.060425386,0.48489827
PCOS/noninfected/Image_SetA299.jpg,0,-0.18865564,0.4529755
PCOS/noninfected/Image_SetA300.jpg,0,-0.18865564,0.4529755
PCOS/noninfected/Image_SetA301.jpg,0,1.0716722,0.7449148
PCOS/noninfected/Image_SetA302.jpg,0,1.0716722,0.7449148
PCOS/noninfected/Image_SetA303.jpg,0,-0.083652645,0.47909904
PCOS/noninfected/Image_SetA304.jpg,0,-0.083652645,0.47909904
PCOS/noninfected/Image_SetA305.jpg,0,-0.13423671,0.46649113
PCOS/noninfected/Image_SetA306.jpg,0,-0.13423671,0.46649113
PCOS/noninfected/Image_SetA307.jpg,0,2.1611662,0.8967076
PCOS/noninfected/Image_SetA308.jpg,0,2.1611662,0.8967076
PCOS/noninfected/Image_SetA309.jpg,0,-0.34681734,0.4141544
PCOS/noninfected/Image_SetA310.jpg,0,-0.34681734,0.4141544
PCOS/noninfected/Image_SetA311.jpg,0,6.300146,0.9981673
PCOS/noninfected/Image_SetA312.jpg,0,6.300146,0.9981673
PCOS/noninfected/Image_SetA313.jpg,0,-0.42402273,0.39555457
PCOS/noninfected/Image_SetA314.jpg,0,-0.42402273,0.39555457
PCOS/noninfected/Image_SetA315.jpg,0,0.16265893,0.5405753
PCOS/noninfected/Image_SetA316.jpg,0,0.16265893,0.5405753
PCOS/noninfected/Image_SetA317.jpg,0,0.04364907,0.5109105
PCOS/noninfected/Image_SetA318.jpg,0,0.04364907,0.5109105
PCOS/noninfected/Image_SetA319.jpg,0,1.856379,0.8648743
PCOS/noninfected/Image_SetA320.jpg,0,1.856379,0.8648743
PCOS/noninfected/Image_SetA321.jpg,0,-0.08439051,0.4789149
PCOS/noninfected/Image_SetA322.jpg,0,-0.08439051,0.4789149
PCOS/noninfected/Image_SetA323.jpg,0,-0.32069454,0.42050648
PCOS/noninfected/Image_SetA324.jpg,0,-0.32069454,0.42050648
PCOS/noninfected/Image_SetA325.jpg,0,-0.37765864,0.40669173
PCOS/noninfected/Image_SetA326.jpg,0,-0.37765864,0.40669173
PCOS/noninfected/Image_SetA327.jpg,0,0.6108394,0.64813226
PCOS/noninfected/Image_SetA328.jpg,0,0.6108394,0.64813226
PCOS/noninfected/Image_SetA329.jpg,0,8.222009,0.99973136
PCOS/noninfected/Image_SetA330.jpg,0,8.222009,0.99973136
PCOS/noninfected/Image_SetA331.jpg,0,1.8518151,0.86434007
PCOS/noninfected/Image_SetA332.jpg,0,1.8518151,0.86434007
PCOS/noninfected/Image_SetA333.jpg,0,-0.21142873,0.44733885
PCOS/noninfected/Image_SetA334.jpg,0,-0.21142873,0.44733885
PCOS/noninfected/Image_SetA335.jpg,0,0.39463422,0.59739774
PCOS/noninfected/Image_SetA336.jpg,0,0.39463422,0.59739774
PCOS/noninfected/Image_SetA337.jpg,0,-0.16085638,0.4598724
PCOS/noninfected/Image_SetA338.jpg,0,-0.16085638,0.4598724
PCOS/noninfected/Image_SetA339.jpg,0,-0.5751337,0.3600531
PCOS/noninfected/Image_SetA340.jpg,0,-0.5751337,0.3600531
PCOS/noninfected/Image_SetA341.jpg,0,9.517419,0.99992645
PCOS/noninfected/Image_SetA342.jpg,0,9.517419,0.99992645
PCOS/noninfected/Image_SetA343.jpg,0,0.17313576,0.5431761
PCOS/noninfected/Image_SetA344.jpg,0,0.17313576,0.5431761
PCOS/noninfected/Image_SetA345.jpg,0,-0.469731,0.3846799
PCOS/noninfected/Image_SetA346.jpg,0,-0.469731,0.3846799
PCOS/noninfected/Image_SetA347.jpg,0,0.50600874,0.6238703
PCOS/noninfected/Image_SetA348.jpg,0,0.50600874,0.6238703
PCOS/noninfected/Image_SetA349.jpg,0,0.38653556,0.59544843
PCOS/noninfected/Image_SetA350.jpg,0,0.38653556,0.59544843
PCOS/noninfected/Image_SetA351.jpg,0,-0.040122136,0.4899708
PCOS/noninfected/Image_SetA352.jpg,0,-0.040122136,0.4899708
PCOS/noninfected/Image_SetA353.jpg,0,1.6804093,0.84295875
PCOS/noninfected/Image_SetA354.jpg,0,1.6804093,0.84295875
PCOS/noninfected/Image_SetA355.jpg,0,-0.4100884,0.39889094
PCOS/noninfected/Image_SetA356.jpg,0,-0.4100884,0.39889094
PCOS/noninfected/Image_SetA357.jpg,0,-0.021270404,0.4946826
PCOS/noninfected/Image_SetA358.jpg,0,-0.021270404,0.4946826
PCOS/noninfected/Image_SetA359.jpg,0,3.294273,0.96423185
PCOS/noninfected/Image_SetA360.jpg,0,3.294273,0.96423185
PCOS/noninfected/Image_SetA361.jpg,0,-0.55149686,0.3655172
PCOS/noninfected/Image_SetA362.jpg,0,-0.55149686,0.3655172
PCOS/noninfected/Image_SetA363.jpg,0,-0.37940165,0.4062712
PCOS/noninfected/Image_SetA364.jpg,0,-0.37940165,0.4062712
PCOS/noninfected/Image_SetA365.jpg,0,-0.30655402,0.4239561
PCOS/noninfected/Image_SetA366.jpg,0,-0.30655402,0.4239561
PCOS/noninfected/Image_SetA367.jpg,0,0.06537428,0.51633775
PCOS/noninfected/Image_SetA368.jpg,0,0.06537428,0.51633775
PCOS/noninfected/Image_SetA369.jpg,0,-0.1467227,0.46338496
PCOS/noninfected/Image_SetA370.jpg,0,-0.1467227,0.46338496
PCOS/noninfected/Image_SetA371.jpg,0,0.10661754,0.52662915
PCOS/noninfected/Image_SetA372.jpg,0,0.10661754,0.52662915
PCOS/noninfected/Image_SetA373.jpg,0,5.1171722,0.9940428
PCOS/noninfected/Image_SetA374.jpg,0,5.1171722,0.9940428
PCOS/noninfected/Image_SetA375.jpg,0,4.3241353,0.98692816
PCOS/noninfected/Image_SetA376.jpg,0,4.3241353,0.98692816
PCOS/noninfected/Image_SetA377.jpg,0,-0.19942266,0.4503089
PCOS/noninfected/Image_SetA378.jpg,0,-0.19942266,0.4503089
PCOS/noninfected/Image_SetA379.jpg,0,1.7539828,0.8524545
PCOS/noninfected/Image_SetA380.jpg,0,1.7539828,0.8524545
PCOS/noninfected/Image_SetA381.jpg,0,6.2969565,0.9981615
PCOS/noninfected/Image_SetA382.jpg,0,6.2969565,0.9981615
PCOS/noninfected/Image_SetA383.jpg,0,0.60194117,0.6461003
PCOS/noninfected/Image_SetA384.jpg,0,0.60194117,0.6461003
PCOS/noninfected/Image_SetA385.jpg,0,7.3392553,0.99935085
PCOS/noninfected/Image_SetA386.jpg,0,7.3392553,0.99935085
PCOS/noninfected/Image_SetA387.jpg,0,-0.3401489,0.41577333
PCOS/noninfected/Image_SetA388.jpg,0,-0.3401489,0.41577333
PCOS/noninfected/Image_SetA389.jpg,0,-0.41556975,0.39757738
PCOS/noninfected/Image_SetA390.jpg,0,-0.41556975,0.39757738
PCOS/noninfected/Image_SetA391.jpg,0,0.036683135,0.50916976
PCOS/noninfected/Image_SetA392.jpg,0,0.036683135,0.50916976
PCOS/noninfected/Image_SetA393.jpg,0,0.11997154,0.52995694
PCOS/noninfected/Image_SetA394.jpg,0,0.11997154,0.52995694
PCOS/noninfected/Image_SetA395.jpg,0,0.482456,0.6183276
PCOS/noninfected/Image_SetA396.jpg,0,0.482456,0.6183276
PCOS/noninfected/Image_SetA397.jpg,0,0.0855637,0.52137786
PCOS/noninfected/Image_SetA398.jpg,0,0.0855637,0.52137786
PCOS/noninfected/Image_SetA399.jpg,0,-0.0068050716,0.49829873
PCOS/noninfected/Image_SetA400.jpg,0,-0.0068050716,0.49829873
PCOS/noninfected/Image_SetA401.jpg,0,-0.2362012,0.44122276
PCOS/noninfected/Image_SetA402.jpg,0,-0.2362012,0.44122276
PCOS/noninfected/Image_SetA403.jpg,0,-0.3268809,0.41899976
PCOS/noninfected/Image_SetA404.jpg,0,-0.3268809,0.41899976
PCOS/noninfected/Image_SetA405.jpg,0,0.09655844,0.52412087
PCOS/noninfected/Image_SetA406.jpg,0,0.09655844,0.52412087
PCOS/noninfected/Image_SetA407.jpg,0,3.9055493,0.9802673
PCOS/noninfected/Image_SetA408.jpg,0,3.9055493,0.9802673
PCOS/noninfected/Image_SetA409.jpg,0,-0.09437169,0.4764246
PCOS/noninfected/Image_SetA410.jpg,0,-0.09437169,0.4764246
PCOS/noninfected/Image_SetA411.jpg,0,-0.32505906,0.4194433
PCOS/noninfected/Image_SetA412.jpg,0,-0.32505906,0.4194433
PCOS/noninfected/Image_SetA413.jpg,0,0.16001341,0.53991824
PCOS/noninfected/Image_SetA414.jpg,0,0.16001341,0.53991824
PCOS/noninfected/Image_SetA415.jpg,0,1.9512721,0.8755853
PCOS/noninfected/Image_SetA416.jpg,0,1.9512721,0.8755853
PCOS/noninfected/Image_SetA417.jpg,0,-0.26799864,0.4333985
PCOS/noninfected/Image_SetA418.jpg,0,-0.26799864,0.4333985
PCOS/noninfected/Image_SetA419.jpg,0,0.7241738,0.67352545
PCOS/noninfected/Image_SetA420.jpg,0,0.7241738,0.67352545
PCOS/noninfected/Image_SetA421.jpg,0,0.34483993,0.5853658
PCOS/noninfected/Image_SetA422.jpg,0,0.34483993,0.5853658
PCOS/noninfected/Image_SetA423.jpg,0,0.06847342,0.51711166
PCOS/noninfected/Image_SetA424.jpg,0,0.06847342,0.51711166
PCOS/noninfected/Image_SetA425.jpg,0,-0.32263127,0.42003462
PCOS/noninfected/Image_SetA426.jpg,0,-0.32263127,0.42003462
PCOS/noninfected/Image_SetA427.jpg,0,-0.020532036,0.49486715
PCOS/noninfected/Image_SetA428.jpg,0,-0.020532036,0.49486715
PCOS/noninfected/Image_SetA429.jpg,0,6.489198,0.9984825
PCOS/noninfected/Image_SetA430.jpg,0,6.489198,0.9984825
PCOS/noninfected/Image_SetA431.jpg,0,2.1671028,0.8972562
PCOS/noninfected/Image_SetA432.jpg,0,2.1671028,0.8972562
PCOS/noninfected/Image_SetA433.jpg,0,-0.28817794,0.42844996
PCOS/noninfected/Image_SetA434.jpg,0,-0.28817794,0.42844996
PCOS/noninfected/Image_SetA435.jpg,0,0.61487377,0.6490518
PCOS/noninfected/Image_SetA436.jpg,0,0.61487377,0.6490518
PCOS/noninfected/Image_SetA437.jpg,0,2.5758817,0.9292931
PCOS/noninfected/Image_SetA438.jpg,0,2.5758817,0.9292931
PCOS/noninfected/Image_SetA439.jpg,0,5.6221623,0.99639624
PCOS/noninfected/Image_SetA440.jpg,0,5.6221623,0.99639624
PCOS/noninfected/Image_SetA441.jpg,0,-0.3485814,0.4137265
PCOS/noninfected/Image_SetA442.jpg,0,-0.3485814,0.4137265
PCOS/noninfected/Image_SetA443.jpg,0,-0.091583245,0.4771202
PCOS/noninfected/Image_SetA444.jpg,0,-0.091583245,0.4771202
PCOS/noninfected/Image_SetA445.jpg,0,-0.37935242,0.40628308
PCOS/noninfected/Image_SetA446.jpg,0,-0.37935242,0.40628308
PCOS/noninfected/Image_SetA447.jpg,0,0.12857647,0.5320999
PCOS/noninfected/Image_SetA448.jpg,0,0.12857647,0.5320999
PCOS/noninfected/Image_SetA449.jpg,0,0.16001594,0.53991884
PCOS/noninfected/Image_SetA450.jpg,0,0.16001594,0.53991884
PCOS/noninfected/Image_SetA451.jpg,0,-0.30296463,0.4248329
PCOS/noninfected/Image_SetA452.jpg,0,-0.30296463,0.4248329
PCOS/noninfected/Image_SetA453.jpg,0,0.5672535,0.63812923
PCOS/noninfected/Image_SetA454.jpg,0,0.5672535,0.63812923
PCOS/noninfected/Image_SetA455.jpg,0,0.9365863,0.7184096
PCOS/noninfected/Image_SetA456.jpg,0,0.9365863,0.7184096
PCOS/noninfected/Image_SetA457.jpg,0,1.5630523,0.82679087
PCOS/noninfected/Image_SetA458.jpg,0,1.5630523,0.82679087
PCOS/noninfected/Image_SetA459.jpg,0,0.48541364,0.6190254
PCOS/noninfected/Image_SetA460.jpg,0,0.48541364,0.6190254
PCOS/noninfected/Image_SetA461.jpg,0,5.6402454,0.9964606
PCOS/noninfected/Image_SetA462.jpg,0,5.6402454,0.9964606
PCOS/noninfected/Image_SetA463.jpg,0,-0.010802858,0.4972993
PCOS/noninfected/Image_SetA464.jpg,0,-0.010802858,0.4972993
PCOS/noninfected/Image_SetA465.jpg,0,5.860119,0.9971572
PCOS/noninfected/Image_SetA466.jpg,0,5.860119,0.9971572
PCOS/noninfected/Image_SetA467.jpg,0,-0.38297263,0.40541014
PCOS/noninfected/Image_SetA468.jpg,0,-0.38297263,0.40541014
PCOS/noninfected/Image_SetA469.jpg,0,0.12128696,0.53028464
PCOS/noninfected/Image_SetA470.jpg,0,0.12128696,0.53028464
PCOS/noninfected/Image_SetA471.jpg,0,1.4585261,0.8113072
PCOS/noninfected/Image_SetA472.jpg,0,1.4585261,0.8113072
PCOS/noninfected/Image_SetA473.jpg,0,2.6746235,0.93551254
PCOS/noninfected/Image_SetA474.jpg,0,2.6746235,0.93551254
PCOS/noninfected/Image_SetA475.jpg,0,-0.045642696,0.48859128
PCOS/noninfected/Image_SetA476.jpg,0,-0.045642696,0.48859128
PCOS/noninfected/Image_SetA477.jpg,0,-0.11811249,0.47050616
PCOS/noninfected/Image_SetA478.jpg,0,-0.11811249,0.47050616
PCOS/noninfected/Image_SetA479.jpg,0,0.17103532,0.5426549
PCOS/noninfected/Image_SetA480.jpg,0,0.17103532,0.5426549
PCOS/noninfected/Image_SetA481.jpg,0,-0.30211583,0.42504033
PCOS/noninfected/Image_SetA482.jpg,0,-0.30211583,0.42504033
PCOS/noninfected/Image_SetA483.jpg,0,5.6792564,0.99659556
PCOS/noninfected/Image_SetA484.jpg,0,5.6792564,0.99659556
PCOS/noninfected/Image_SetA485.jpg,0,0.49509874,0.62130684
PCOS/noninfected/Image_SetA486.jpg,0,0.49509874,0.62130684
PCOS/noninfected/Image_SetA487.jpg,0,-0.27377596,0.43198034
PCOS/noninfected/Image_SetA488.jpg,0,-0.27377596,0.43198034
PCOS/noninfected/Image_SetA489.jpg,0,0.11033497,0.52755576
PCOS/noninfected/Image_SetA490.jpg,0,0.11033497,0.52755576
PCOS/noninfected/Image_SetA491.jpg,0,6.40512,0.99834967
PCOS/noninfected/Image_SetA492.jpg,0,6.40512,0.99834967
PCOS/noninfected/Image_SetA493.jpg,0,-0.21494249,0.44647035
PCOS/noninfected/Image_SetA494.jpg,0,-0.21494249,0.44647035
PCOS/noninfected/Image_SetA495.jpg,0,4.6412544,0.99044657
PCOS/noninfected/Image_SetA496.jpg,0,4.6412544,0.99044657
PCOS/noninfected/Image_SetA497.jpg,0,-0.15956245,0.4601938
PCOS/noninfected/Image_SetA498.jpg,0,-0.15956245,0.4601938
PCOS/noninfected/Image_SetA499.jpg,0,0.22955903,0.5571391
PCOS/noninfected/Image_SetA500.jpg,0,0.22955903,0.5571391
PCOS/noninfected/Image_SetA501.jpg,0,-0.060952827,0.48476657
PCOS/noninfected/Image_SetA502.jpg,0,-0.060952827,0.48476657
PCOS/noninfected/Image_SetA503.jpg,0,0.22965173,0.5571619
PCOS/noninfected/Image_SetA504.jpg,0,0.22965173,0.5571619
PCOS/noninfected/Image_SetA505.jpg,0,0.50211465,0.62295616
PCOS/noninfected/Image_SetA506.jpg,0,0.50211465,0.62295616
PCOS/noninfected/Image_SetA507.jpg,0,0.4823668,0.61830664
PCOS/noninfected/Image_SetA508.jpg,0,0.4823668,0.61830664
PCOS/noninfected/Image_SetA509.jpg,0,7.2150245,0.99926513
PCOS/noninfected/Image_SetA510.jpg,0,7.2150245,0.99926513
PCOS/noninfected/Image_SetA511.jpg,0,1.8954477,0.86937547
PCOS/noninfected/Image_SetA512.jpg,0,1.8954477,0.86937547
PCOS/noninfected/Image_SetA513.jpg,0,-0.57039875,0.36114484
PCOS/noninfected/Image_SetA514.jpg,0,-0.57039875,0.36114484
PCOS/noninfected/Image_SetA515.jpg,0,-0.1698707,0.45763415
PCOS/noninfected/Image_SetA516.jpg,0,-0.1698707,0.45763415
PCOS/noninfected/Image_SetA517.jpg,0,0.054240324,0.5135567
PCOS/noninfected/Image_SetA518.jpg,0,0.054240324,0.5135567
PCOS/noninfected/Image_SetA519.jpg,0,-0.15090702,0.46234468
PCOS/noninfected/Image_SetA520.jpg,0,-0.15090702,0.46234468
PCOS/noninfected/Image_SetA521.jpg,0,0.14511982,0.5362164
PCOS/noninfected/Image_SetA522.jpg,0,0.14511982,0.5362164
PCOS/noninfected/Image_SetA523.jpg,0,6.88643,0.9989795
PCOS/noninfected/Image_SetA524.jpg,0,6.88643,0.9989795
PCOS/noninfected/Image_SetA525.jpg,0,-0.30058122,0.4254154
PCOS/noninfected/Image_SetA526.jpg,0,-0.30058122,0.4254154
PCOS/noninfected/Image_SetA527.jpg,0,7.7607226,0.999574
PCOS/noninfected/Image_SetA528.jpg,0,7.7607226,0.999574
PCOS/noninfected/Image_SetA529.jpg,0,7.7148695,0.999554
PCOS/noninfected/Image_SetA530.jpg,0,7.7148695,0.999554
PCOS/noninfected/Image_SetA531.jpg,0,5.025028,0.9934715
PCOS/noninfected/Image_SetA532.jpg,0,5.025028,0.9934715
PCOS/noninfected/Image_SetA533.jpg,0,6.452042,0.99842525
PCOS/noninfected/Image_SetA534.jpg,0,6.452042,0.99842525
PCOS/noninfected/Image_SetA535.jpg,0,0.24573793,0.5611272
PCOS/noninfected/Image_SetA536.jpg,0,0.24573793,0.5611272
PCOS/noninfected/Image_SetA537.jpg,0,0.25599778,0.5636522
PCOS/noninfected/Image_SetA538.jpg,0,0.25599778,0.5636522
PCOS/noninfected/Image_SetA539.jpg,0,7.379217,0.99937636
PCOS/noninfected/Image_SetA540.jpg,0,7.379217,0.99937636
PCOS/noninfected/Image_SetA541.jpg,0,7.371915,0.9993717
PCOS/noninfected/Image_SetA542.jpg,0,7.371915,0.9993717
PCOS/noninfected/Image_SetA543.jpg,0,2.0666916,0.88762337
PCOS/noninfected/Image_SetA544.jpg,0,2.0666916,0.88762337
PCOS/noninfected/Image_SetA545.jpg,0,0.21597798,0.5537856
PCOS/noninfected/Image_SetA546.jpg,0,0.21597798,0.5537856
PCOS/noninfected/Image_SetA547.jpg,0,10.671462,0.99997675
PCOS/noninfected/Image_SetA548.jpg,0,10.671462,0.99997675
PCOS/noninfected/Image_SetA549.jpg,0,0.7050235,0.6693006
PCOS/noninfected/Image_SetA550.jpg,0,0.7050235,0.6693006
PCOS/noninfected/Image_SetA551.jpg,0,0.061214454,0.51529884
PCOS/noninfected/Image_SetA552.jpg,0,0.061214454,0.51529884
PCOS/noninfected/Image_SetA553.jpg,0,0.41219202,0.60161334
PCOS/noninfected/Image_SetA554.jpg,0,0.41219202,0.60161334
PCOS/noninfected/Image_SetA555.jpg,0,5.1489487,0.994228
PCOS/noninfected/Image_SetA556.jpg,0,5.1489487,0.994228
PCOS/noninfected/Image_SetA557.jpg,0,-0.04435847,0.48891214
PCOS/noninfected/Image_SetA558.jpg,0,-0.04435847,0.48891214
PCOS/noninfected/Image_SetA559.jpg,0,-0.3915751,0.40333816
PCOS/noninfected/Image_SetA560.jpg,0,-0.3915751,0.40333816
PCOS/noninfected/Image_SetA561.jpg,0,0.8434369,0.6991886
PCOS/noninfected/Image_SetA562.jpg,0,0.8434369,0.6991886
PCOS/noninfected/Image_SetA563.jpg,0,-0.32757425,0.41883096
PCOS/noninfected/Image_SetA564.jpg,0,-0.32757425,0.41883096
PCOS/noninfected/Image_SetA565.jpg,0,6.323877,0.9982102
PCOS/noninfected/Image_SetA566.jpg,0,6.323877,0.9982102
PCOS/noninfected/Image_SetA567.jpg,0,5.37647,0.99539715
PCOS/noninfected/Image_SetA568.jpg,0,5.37647,0.99539715
PCOS/noninfected/Image_SetA569.jpg,0,-0.05932582,0.48517287
PCOS/noninfected/Image_SetA570.jpg,0,-0.05932582,0.48517287
PCOS/noninfected/Image_SetA571.jpg,0,-0.27649,0.4313145
PCOS/noninfected/Image_SetA572.jpg,0,-0.27649,0.4313145
PCOS/noninfected/Image_SetA573.jpg,0,-0.19374512,0.45171466
PCOS/noninfected/Image_SetA574.jpg,0,-0.19374512,0.45171466
PCOS/noninfected/Image_SetA575.jpg,0,-0.25018227,0.43777868
PCOS/noninfected/Image_SetA576.jpg,0,-0.25018227,0.43777868
PCOS/noninfected/Image_SetA577.jpg,0,7.816027,0.999597
PCOS/noninfected/Image_SetA578.jpg,0,7.816027,0.999597
PCOS/noninfected/Image_SetA579.jpg,0,0.69169825,0.6663446
PCOS/noninfected/Image_SetA580.jpg,0,0.69169825,0.6663446
PCOS/noninfected/Image_SetA581.jpg,0,-0.13660866,0.46590084
PCOS/noninfected/Image_SetA582.jpg,0,-0.13660866,0.46590084
PCOS/noninfected/Image_SetA583.jpg,0,6.7801266,0.9988651
PCOS/noninfected/Image_SetA584.jpg,0,6.7801266,0.9988651
PCOS/noninfected/Image_SetA585.jpg,0,5.825367,0.99705696
PCOS/noninfected/Image_SetA586.jpg,0,5.825367,0.99705696
PCOS/noninfected/Image_SetA587.jpg,0,0.38649544,0.5954388
PCOS/noninfected/Image_SetA588.jpg,0,0.38649544,0.5954388
PCOS/noninfected/Image_SetA589.jpg,0,6.93252,0.99902546
PCOS/noninfected/Image_SetA590.jpg,0,6.93252,0.99902546
PCOS/noninfected/Image_SetA591.jpg,0,-0.2414349,0.43993276
PCOS/noninfected/Image_SetA592.jpg,0,-0.2414349,0.43993276
PCOS/noninfected/Image_SetA593.jpg,0,0.61466825,0.64900494
PCOS/noninfected/Image_SetA594.jpg,0,0.61466825,0.64900494
PCOS/noninfected/Image_SetA595.jpg,0,-0.3380982,0.41627154
PCOS/noninfected/Image_SetA596.jpg,0,-0.3380982,0.41627154
PCOS/noninfected/Image_SetA597.jpg,0,-0.07036304,0.48241654
PCOS/noninfected/Image_SetA598.jpg,0,-0.07036304,0.48241654
PCOS/noninfected/Image_SetA599.jpg,0,0.093264475,0.5232992
PCOS/noninfected/Image_SetA600.jpg,0,0.093264475,0.5232992
PCOS/noninfected/Image_SetA601.jpg,0,0.13286187,0.5331667
PCOS/noninfected/Image_SetA602.jpg,0,0.13286187,0.5331667
PCOS/noninfected/Image_SetA603.jpg,0,6.834347,0.9989249
PCOS/noninfected/Image_SetA604.jpg,0,6.834347,0.9989249
PCOS/noninfected/Image_SetA605.jpg,0,-0.20531453,0.44885093
PCOS/noninfected/Image_SetA606.jpg,0,-0.20531453,0.44885093
PCOS/noninfected/Image_SetA607.jpg,0,-0.41515955,0.3976756
PCOS/noninfected/Image_SetA608.jpg,0,-0.41515955,0.3976756
PCOS/noninfected/Image_SetA609.jpg,0,-0.41785708,0.39702967
PCOS/noninfected/Image_SetA610.jpg,0,-0.41785708,0.39702967
PCOS/noninfected/Image_SetA611.jpg,0,8.868112,0.9998592
PCOS/noninfected/Image_SetA612.jpg,0,8.868112,0.9998592
PCOS/noninfected/Image_SetA613.jpg,0,-0.49618545,0.37843752
PCOS/noninfected/Image_SetA614.jpg,0,-0.49618545,0.37843752
PCOS/noninfected/Image_SetA615.jpg,0,8.163249,0.99971515
PCOS/noninfected/Image_SetA616.jpg,0,8.163249,0.99971515
PCOS/noninfected/Image_SetA617.jpg,0,2.1671734,0.89726275
PCOS/noninfected/Image_SetA618.jpg,0,2.1671734,0.89726275
PCOS/noninfected/Image_SetA619.jpg,0,0.14059386,0.5350907
PCOS/noninfected/Image_SetA620.jpg,0,0.14059386,0.5350907
PCOS/noninfected/Image_SetA621.jpg,0,-0.278644,0.43078628
PCOS/noninfected/Image_SetA622.jpg,0,-0.278644,0.43078628
PCOS/noninfected/Image_SetA623.jpg,0,0.16114053,0.5401982
PCOS/noninfected/Image_SetA624.jpg,0,0.16114053,0.5401982
PCOS/noninfected/Image_SetA625.jpg,0,0.22185683,0.5552378
PCOS/noninfected/Image_SetA626.jpg,0,0.22185683,0.5552378
PCOS/noninfected/Image_SetA627.jpg,0,0.10818331,0.5270195
PCOS/noninfected/Image_SetA628.jpg,0,0.10818331,0.5270195
PCOS/noninfected/Image_SetA629.jpg,0,-0.3917946,0.40328535
PCOS/noninfected/Image_SetA630.jpg,0,-0.3917946,0.40328535
PCOS/noninfected/Image_SetA631.jpg,0,0.10288408,0.52569836
PCOS/noninfected/Image_SetA632.jpg,0,0.10288408,0.52569836
PCOS/noninfected/Image_SetA633.jpg,0,4.0707736,0.98322207
PCOS/noninfected/Image_SetA634.jpg,0,4.0707736,0.98322207
PCOS/noninfected/Image_SetA635.jpg,0,7.5626125,0.9994808
PCOS/noninfected/Image_SetA636.jpg,0,7.5626125,0.9994808
PCOS/noninfected/Image_SetA637.jpg,0,0.38287726,0.5945669
PCOS/noninfected/Image_SetA638.jpg,0,0.38287726,0.5945669
PCOS/noninfected/Image_SetA639.jpg,0,-0.31497172,0.42190164
PCOS/noninfected/Image_SetA640.jpg,0,-0.31497172,0.42190164
PCOS/noninfected/Image_SetA641.jpg,0,7.3303576,0.9993451
PCOS/noninfected/Image_SetA642.jpg,0,7.3303576,0.9993451
PCOS/noninfected/Image_SetA643.jpg,0,0.7077518,0.6699042
PCOS/noninfected/Image_SetA644.jpg,0,0.7077518,0.6699042
PCOS/noninfected/Image_SetA645.jpg,0,1.7211611,0.8482784
PCOS/noninfected/Image_SetA646.jpg,0,1.7211611,0.8482784
PCOS/noninfected/Image_SetA647.jpg,0,-0.097251564,0.47570625
PCOS/noninfected/Image_SetA648.jpg,0,-0.097251564,0.47570625
PCOS/noninfected/Image_SetA649.jpg,0,0.7127054,0.6709987
PCOS/noninfected/Image_SetA650.jpg,0,0.7127054,0.6709987
PCOS/noninfected/Image_SetA651.jpg,0,0.0054997206,0.5013749
PCOS/noninfected/Image_SetA652.jpg,0,0.0054997206,0.5013749
PCOS/noninfected/Image_SetA653.jpg,0,-0.021410348,0.4946476
PCOS/noninfected/Image_SetA654.jpg,0,-0.021410348,0.4946476
PCOS/noninfected/Image_SetA655.jpg,0,3.87785,0.9797243
PCOS/noninfected/Image_SetA656.jpg,0,3.87785,0.9797243
PCOS/noninfected/Image_SetA657.jpg,0,-0.090649344,0.47735322
PCOS/noninfected/Image_SetA658.jpg,0,-0.090649344,0.47735322
PCOS/noninfected/Image_SetA659.jpg,0,4.905253,0.99264693
PCOS/noninfected/Image_SetA660.jpg,0,4.905253,0.99264693
PCOS/noninfected/Image_SetA661.jpg,0,-0.7562431,0.3194625
PCOS/noninfected/Image_SetA662.jpg,0,-0.7562431,0.3194625
PCOS/noninfected/Image_SetA663.jpg,0,6.6858025,0.9987531
PCOS/noninfected/Image_SetA664.jpg,0,6.6858025,0.9987531
PCOS/noninfected/Image_SetA665.jpg,0,0.6032315,0.64639527
PCOS/noninfected/Image_SetA666.jpg,0,0.6032315,0.64639527
PCOS/noninfected/Image_SetA667.jpg,0,0.8059959,0.6912556
PCOS/noninfected/Image_SetA668.jpg,0,0.8059959,0.6912556
PCOS/noninfected/Image_SetA669.jpg,0,1.442104,0.80878025
PCOS/noninfected/Image_SetA670.jpg,0,1.442104,0.80878025
PCOS/noninfected/Image_SetA671.jpg,0,-1.3181973,0.21111837
PCOS/noninfected/Image_SetA672.jpg,0,-1.3181973,0.21111837
PCOS/noninfected/Image_SetA673.jpg,0,-0.6105473,0.35193437
PCOS/noninfected/Image_SetA674.jpg,0,-0.6105473,0.35193437
PCOS/noninfected/Image_SetA675.jpg,0,-0.11292681,0.47179827
PCOS/noninfected/Image_SetA676.jpg,0,-0.11292681,0.47179827
PCOS/noninfected/Image_SetA677.jpg,0,6.1910534,0.9979565
PCOS/noninfected/Image_SetA678.jpg,0,6.1910534,0.9979565
PCOS/noninfected/Image_SetA679.jpg,0,-0.08413261,0.4789792
PCOS/noninfected/Image_SetA680.jpg,0,-0.08413261,0.4789792
PCOS/noninfected/Image_SetA681.jpg,0,0.23940772,0.5595677
PCOS/noninfected/Image_SetA682.jpg,0,0.23940772,0.5595677
PCOS/noninfected/Image_SetA683.jpg,0,-0.075692184,0.481086
PCOS/noninfected/Image_SetA684.jpg,0,-0.075692184,0.481086
PCOS/noninfected/Image_SetA685.jpg,0,-0.3367491,0.41659936
PCOS/noninfected/Image_SetA686.jpg,0,-0.3367491,0.41659936
PCOS/noninfected/Image_SetA687.jpg,0,4.500276,0.9890161
PCOS/noninfected/Image_SetA688.jpg,0,4.500276,0.9890161
PCOS/noninfected/Image_SetA689.jpg,0,8.400136,0.99977523
PCOS/noninfected/Image_SetA690.jpg,0,8.400136,0.99977523
PCOS/noninfected/Image_SetA691.jpg,0,-0.25003704,0.4378144
PCOS/noninfected/Image_SetA692.jpg,0,-0.25003704,0.4378144
PCOS/noninfected/Image_SetA693.jpg,0,0.08341017,0.5208404
PCOS/noninfected/Image_SetA694.jpg,0,0.08341017,0.5208404
PCOS/noninfected/Image_SetA695.jpg,0,0.30468866,0.57558835
PCOS/noninfected/Image_SetA696.jpg,0,0.30468866,0.57558835
PCOS/noninfected/Image_SetA697.jpg,0,-0.059056118,0.48524022
PCOS/noninfected/Image_SetA698.jpg,0,-0.059056118,0.48524022
PCOS/noninfected/Image_SetA699.jpg,0,-0.11364567,0.4716191
PCOS/noninfected/Image_SetA700.jpg,0,-0.11364567,0.4716191
PCOS/noninfected/Image_SetA701.jpg,0,-0.27189454,0.43244207
PCOS/noninfected/Image_SetA702.jpg,0,-0.27189454,0.43244207
PCOS/noninfected/Image_SetA703.jpg,0,0.1194237,0.52982044
PCOS/noninfected/Image_SetA704.jpg,0,0.1194237,0.52982044
PCOS/noninfected/Image_SetA705.jpg,0,0.51921344,0.62696385
PCOS/noninfected/Image_SetA706.jpg,0,0.51921344,0.62696385
PCOS/noninfected/Image_SetA707.jpg,0,0.30583742,0.5758689
PCOS/noninfected/Image_SetA708.jpg,0,0.30583742,0.5758689
PCOS/noninfected/Image_SetA709.jpg,0,-0.40241423,0.40073243
PCOS/noninfected/Image_SetA710.jpg,0,-0.40241423,0.40073243
PCOS/noninfected/Image_SetA711.jpg,0,0.15959577,0.5398145
PCOS/noninfected/Image_SetA712.jpg,0,0.15959577,0.5398145
PCOS/noninfected/Image_SetA713.jpg,0,-0.10988054,0.4725575
PCOS/noninfected/Image_SetA714.jpg,0,-0.10988054,0.4725575
PCOS/noninfected/Image_SetA715.jpg,0,-0.22803321,0.44323742
PCOS/noninfected/Image_SetA716.jpg,0,-0.22803321,0.44323742
PCOS/noninfected/Image_SetA717.jpg,0,-0.2921573,0.42747578
PCOS/noninfected/Image_SetA718.jpg,0,-0.2921573,0.42747578
PCOS/noninfected/Image_SetA719.jpg,0,0.095918454,0.52396125
PCOS/noninfected/Image_SetA720.jpg,0,0.095918454,0.52396125
PCOS/noninfected/Image_SetA721.jpg,0,2.3133864,0.90997964
PCOS/noninfected/Image_SetA722.jpg,0,2.3133864,0.90997964
PCOS/noninfected/Image_SetA723.jpg,0,9.95938,0.9999527
PCOS/noninfected/Image_SetA724.jpg,0,9.95938,0.9999527
PCOS/noninfected/Image_SetA725.jpg,0,-0.055532187,0.48612055
PCOS/noninfected/Image_SetA726.jpg,0,-0.055532187,0.48612055
PCOS/noninfected/Image_SetA727.jpg,0,6.306019,0.998178
PCOS/noninfected/Image_SetA728.jpg,0,6.306019,0.998178
PCOS/noninfected/Image_SetA729.jpg,0,-0.2838944,0.42949927
PCOS/noninfected/Image_SetA730.jpg,0,-0.2838944,0.42949927
PCOS/noninfected/Image_SetA731.jpg,0,2.4651039,0.92165893
PCOS/noninfected/Image_SetA732.jpg,0,2.4651039,0.92165893
PCOS/noninfected/Image_SetA733.jpg,0,10.631505,0.9999758
PCOS/noninfected/Image_SetA734.jpg,0,10.631505,0.9999758
PCOS/noninfected/Image_SetA735.jpg,0,7.168562,0.99923015
PCOS/noninfected/Image_SetA736.jpg,0,7.168562,0.99923015
PCOS/noninfected/Image_SetA737.jpg,0,6.3887663,0.9983224
PCOS/noninfected/Image_SetA738.jpg,0,6.3887663,0.9983224
PCOS/noninfected/Image_SetA739.jpg,0,0.07079703,0.5176919
PCOS/noninfected/Image_SetA740.jpg,0,0.07079703,0.5176919
PCOS/noninfected/Image_SetA741.jpg,0,6.909296,0.9990025
PCOS/noninfected/Image_SetA742.jpg,0,6.909296,0.9990025
PCOS/noninfected/Image_SetA743.jpg,0,0.1275925,0.5318549
PCOS/noninfected/Image_SetA744.jpg,0,0.1275925,0.5318549
PCOS/noninfected/Image_SetA745.jpg,0,-0.4050159,0.40010783
PCOS/noninfected/Image_SetA746.jpg,0,-0.4050159,0.40010783
PCOS/noninfected/Image_SetA747.jpg,0,0.6128931,0.64860046
PCOS/noninfected/Image_SetA748.jpg,0,0.6128931,0.64860046
PCOS/noninfected/Image_SetA749.jpg,0,-0.05811906,0.48547432
PCOS/noninfected/Image_SetA750.jpg,0,-0.05811906,0.48547432
PCOS/noninfected/Image_SetA751.jpg,0,7.6448517,0.99952173
PCOS/noninfected/Image_SetA752.jpg,0,7.6448517,0.99952173
PCOS/noninfected/Image_SetA753.jpg,0,-0.2570849,0.43608043
PCOS/noninfected/Image_SetA754.jpg,0,-0.2570849,0.43608043
PCOS/noninfected/Image_SetA755.jpg,0,1.5012088,0.8177547
PCOS/noninfected/Image_SetA756.jpg,0,1.5012088,0.8177547
PCOS/noninfected/Image_SetA757.jpg,0,0.10635906,0.5265647
PCOS/noninfected/Image_SetA758.jpg,0,0.10635906,0.5265647
PCOS/noninfected/Image_SetA759.jpg,0,1.9855471,0.8792712
PCOS/noninfected/Image_SetA760.jpg,0,1.9855471,0.8792712
PCOS/noninfected/Image_SetA761.jpg,0,-0.35370538,0.41248417
PCOS/noninfected/Image_SetA762.jpg,0,-0.35370538,0.41248417
PCOS/noninfected/Image_SetA763.jpg,0,-0.11643417,0.4709243
PCOS/noninfected/Image_SetA764.jpg,0,-0.11643417,0.4709243
PCOS/noninfected/Image_SetA765.jpg,0,-0.06197551,0.4845111
PCOS/noninfected/Image_SetA766.jpg,0,-0.06197551,0.4845111
PCOS/noninfected/Image_SetA767.jpg,0,-0.2585684,0.43571568
PCOS/noninfected/Image_SetA768.jpg,0,-0.2585684,0.43571568
PCOS/noninfected/Image_SetA769.jpg,0,0.8171496,0.69363093
PCOS/noninfected/Image_SetA770.jpg,0,0.8171496,0.69363093
PCOS/noninfected/Image_SetA771.jpg,0,0.042813644,0.5107018
PCOS/noninfected/Image_SetA772.jpg,0,0.042813644,0.5107018
PCOS/noninfected/Image_SetA773.jpg,0,4.903552,0.9926345
PCOS/noninfected/Image_SetA774.jpg,0,4.903552,0.9926345
PCOS/noninfected/Image_SetA775.jpg,0,0.101808116,0.5254301
PCOS/noninfected/Image_SetA776.jpg,0,0.101808116,0.5254301
PCOS/noninfected/Image_SetA777.jpg,0,-0.18844596,0.45302746
PCOS/noninfected/Image_SetA778.jpg,0,-0.18844596,0.45302746
PCOS/noninfected/Image_SetA779.jpg,0,-0.11557427,0.47113857
PCOS/noninfected/Image_SetA780.jpg,0,-0.11557427,0.47113857
PCOS/noninfected/Image_SetA781.jpg,0,-0.21711141,0.44593433
PCOS/noninfected/Image_SetA782.jpg,0,-0.21711141,0.44593433
PCOS/noninfected/Image_SetA783.jpg,0,4.518491,0.98921216
PCOS/noninfected/Image_SetA784.jpg,0,4.518491,0.98921216
PCOS/noninfected/Image_SetA785.jpg,0,-0.36255047,0.4103423
PCOS/noninfected/Image_SetA786.jpg,0,-0.36255047,0.4103423
PCOS/noninfected/Image_SetA787.jpg,0,1.6081551,0.8331551
PCOS/noninfected/Image_SetA788.jpg,0,1.6081551,0.8331551
PCOS/noninfected/Image_SetA789.jpg,0,2.7311873,0.93884206
PCOS/noninfected/Image_SetA790.jpg,0,2.7311873,0.93884206
PCOS/noninfected/Image_SetA791.jpg,0,0.8017337,0.69034517
PCOS/noninfected/Image_SetA792.jpg,0,0.8017337,0.69034517
PCOS/noninfected/Image_SetA793.jpg,0,5.6023207,0.9963243
PCOS/noninfected/Image_SetA794.jpg,0,5.6023207,0.9963243
PCOS/noninfected/Image_SetA795.jpg,0,2.9270735,0.9491686
PCOS/noninfected/Image_SetA796.jpg,0,2.9270735,0.9491686
PCOS/noninfected/Image_SetA797.jpg,0,-0.31219038,0.42258015
PCOS/noninfected/Image_SetA798.jpg,0,-0.31219038,0.42258015
PCOS/noninfected/Image_SetA799.jpg,0,4.6278157,0.99031854
PCOS/noninfected/Image_SetA800.jpg,0,4.6278157,0.99031854
PCOS/noninfected/Image_SetA801.jpg,0,-0.2842439,0.42941362
PCOS/noninfected/Image_SetA802.jpg,0,-0.2842439,0.42941362
PCOS/noninfected/Image_SetA803.jpg,0,-0.32116842,0.42039102
PCOS/noninfected/Image_SetA804.jpg,0,-0.32116842,0.42039102
PCOS/noninfected/Image_SetA805.jpg,0,6.965081,0.99905664
PCOS/noninfected/Image_SetA806.jpg,0,6.965081,0.99905664
PCOS/noninfected/Image_SetA807.jpg,0,-0.038223468,0.49044532
PCOS/noninfected/Image_SetA808.jpg,0,-0.038223468,0.49044532
PCOS/noninfected/Image_SetA809.jpg,0,0.063569225,0.51588696
PCOS/noninfected/Image_SetA810.jpg,0,0.063569225,0.51588696
PCOS/noninfected/Image_SetA811.jpg,0,1.6797237,0.842868
PCOS/noninfected/Image_SetA812.jpg,0,1.6797237,0.842868
PCOS/noninfected/Image_SetA813.jpg,0,4.450454,0.9884615
PCOS/noninfected/Image_SetA814.jpg,0,4.450454,0.9884615
PCOS/noninfected/Image_SetA815.jpg,0,-0.15286243,0.46185863
PCOS/noninfected/Image_SetA816.jpg,0,-0.15286243,0.46185863
PCOS/noninfected/Image_SetA817.jpg,0,-0.10306919,0.47425547
PCOS/noninfected/Image_SetA818.jpg,0,-0.10306919,0.47425547
PCOS/noninfected/Image_SetA819.jpg,0,-0.89273876,0.29054496
PCOS/noninfected/Image_SetA820.jpg,0,-0.89273876,0.29054496
PCOS/noninfected/Image_SetA821.jpg,0,-0.096562415,0.47587812
PCOS/noninfected/Image_SetA822.jpg,0,-0.096562415,0.47587812
PCOS/noninfected/Image_SetA823.jpg,0,5.189314,0.99445516
PCOS/noninfected/Image_SetA824.jpg,0,5.189314,0.99445516
PCOS/noninfected/Image_SetA825.jpg,0,3.9480753,0.9810734
PCOS/noninfected/Image_SetA826.jpg,0,3.9480753,0.9810734
PCOS/noninfected/Image_SetA827.jpg,0,0.9230899,0.7156713
PCOS/noninfected/Image_SetA828.jpg,0,0.9230899,0.7156713
PCOS/noninfected/Image_SetA829.jpg,0,0.053229935,0.5133043
PCOS/noninfected/Image_SetA830.jpg,0,0.053229935,0.5133043
PCOS/noninfected/Image_SetA831.jpg,0,1.5859996,0.83005255
PCOS/noninfected/Image_SetA832.jpg,0,1.5859996,0.83005255
PCOS/noninfected/Image_SetA833.jpg,0,9.974397,0.9999534
PCOS/noninfected/Image_SetA834.jpg,0,9.974397,0.9999534
PCOS/noninfected/Image_SetA835.jpg,0,-0.27563933,0.4315232
PCOS/noninfected/Image_SetA836.jpg,0,-0.27563933,0.4315232
PCOS/noninfected/Image_SetA837.jpg,0,-0.28687385,0.42876938
PCOS/noninfected/Image_SetA838.jpg,0,-0.28687385,0.42876938
PCOS/noninfected/Image_SetA839.jpg,0,5.789877,0.996951
PCOS/noninfected/Image_SetA840.jpg,0,5.789877,0.996951
PCOS/noninfected/Image_SetA841.jpg,0,-0.20899719,0.44794002
PCOS/noninfected/Image_SetA842.jpg,0,-0.20899719,0.44794002
PCOS/noninfected/Image_SetA843.jpg,0,-0.120179474,0.46999127
PCOS/noninfected/Image_SetA844.jpg,0,-0.120179474,0.46999127
PCOS/noninfected/Image_SetA845.jpg,0,-0.15309064,0.46180192
PCOS/noninfected/Image_SetA846.jpg,0,-0.15309064,0.46180192
PCOS/noninfected/Image_SetA847.jpg,0,1.6572249,0.8398651
PCOS/noninfected/Image_SetA848.jpg,0,1.6572249,0.8398651
PCOS/noninfected/Image_SetA849.jpg,0,-0.19427666,0.45158303
PCOS/noninfected/Image_SetA850.jpg,0,-0.19427666,0.45158303
PCOS/noninfected/Image_SetA851.jpg,0,0.148645,0.537093
PCOS/noninfected/Image_SetA852.jpg,0,0.148645,0.537093
PCOS/noninfected/Image_SetA853.jpg,0,-0.25836483,0.43576568
PCOS/noninfected/Image_SetA854.jpg,0,-0.25836483,0.43576568
PCOS/noninfected/Image_SetA855.jpg,0,2.5925565,0.930381
PCOS/noninfected/Image_SetA856.jpg,0,2.5925565,0.930381
PCOS/noninfected/Image_SetA857.jpg,0,-0.45464548,0.38825682
PCOS/noninfected/Image_SetA858.jpg,0,-0.45464548,0.38825682
PCOS/noninfected/Image_SetA859.jpg,0,0.08673355,0.5216698
PCOS/noninfected/Image_SetA860.jpg,0,0.08673355,0.5216698
PCOS/noninfected/Image_SetA861.jpg,0,-0.331747,0.41781563
PCOS/noninfected/Image_SetA862.jpg,0,-0.331747,0.41781563
PCOS/noninfected/Image_SetA863.jpg,0,4.6170883,0.9902152
PCOS/noninfected/Image_SetA864.jpg,0,4.6170883,0.9902152
PCOS/noninfected/Image_SetA865.jpg,0,-0.19413842,0.45161724
PCOS/noninfected/Image_SetA866.jpg,0,-0.19413842,0.45161724
PCOS/noninfected/Image_SetA867.jpg,0,-0.24170372,0.4398665
PCOS/noninfected/Image_SetA868.jpg,0,-0.24170372,0.4398665
PCOS/noninfected/Image_SetA869.jpg,0,1.3883767,0.8003329
PCOS/noninfected/Image_SetA870.jpg,0,1.3883767,0.8003329
PCOS/noninfected/Image_SetA871.jpg,0,0.13293739,0.5331855
PCOS/noninfected/Image_SetA872.jpg,0,0.13293739,0.5331855
PCOS/noninfected/Image_SetA873.jpg,0,1.9745853,0.8781028
PCOS/noninfected/Image_SetA874.jpg,0,1.9745853,0.8781028
PCOS/noninfected/Image_SetA875.jpg,0,0.039285563,0.5098201
PCOS/noninfected/Image_SetA876.jpg,0,0.039285563,0.5098201
PCOS/noninfected/Image_SetA877.jpg,0,1.4619203,0.81182617
PCOS/noninfected/Image_SetA878.jpg,0,1.4619203,0.81182617
PCOS/noninfected/Image_SetA879.jpg,0,1.8885474,0.8685899
PCOS/noninfected/Image_SetA880.jpg,0,1.8885474,0.8685899
PCOS/noninfected/Image_SetA881.jpg,0,0.7581987,0.68096256
PCOS/noninfected/Image_SetA882.jpg,0,0.7581987,0.68096256
PCOS/noninfected/Image_SetA883.jpg,0,2.056893,0.88664234
PCOS/noninfected/Image_SetA884.jpg,0,2.056893,0.88664234
PCOS/noninfected/Image_SetA885.jpg,0,-0.05869609,0.4853302
PCOS/noninfected/Image_SetA886.jpg,0,-0.05869609,0.4853302
PCOS/noninfected/Image_SetA887.jpg,0,-0.08714886,0.47822654
PCOS/noninfected/Image_SetA888.jpg,0,-0.08714886,0.47822654
PCOS/noninfected/Image_SetA889.jpg,0,-0.008039048,0.49799025
PCOS/noninfected/Image_SetA890.jpg,0,-0.008039048,0.49799025
PCOS/noninfected/Image_SetA891.jpg,0,2.2314038,0.9030344
PCOS/noninfected/Image_SetA892.jpg,0,2.2314038,0.9030344
PCOS/noninfected/Image_SetA893.jpg,0,-0.05160609,0.48710135
PCOS/noninfected/Image_SetA894.jpg,0,-0.05160609,0.48710135
PCOS/noninfected/Image_SetA895.jpg,0,0.18204795,0.54538673
PCOS/noninfected/Image_SetA896.jpg,0,0.18204795,0.54538673
PCOS/noninfected/Image_SetA897.jpg,0,-0.5089614,0.375437
PCOS/noninfected/Image_SetA898.jpg,0,-0.5089614,0.375437
PCOS/noninfected/Image_SetA899.jpg,0,8.47664,0.9997918
PCOS/noninfected/Image_SetA900.jpg,0,8.47664,0.9997918
PCOS/noninfected/Image_SetA901.jpg,0,0.9337866,0.7178428
PCOS/noninfected/Image_SetA902.jpg,0,0.9337866,0.7178428
PCOS/noninfected/Image_SetA903.jpg,0,0.19412155,0.5483785
PCOS/noninfected/Image_SetA904.jpg,0,0.19412155,0.5483785
PCOS/noninfected/Image_SetA905.jpg,0,-0.30600783,0.42408943
PCOS/noninfected/Image_SetA906.jpg,0,-0.30600783,0.42408943
PCOS/noninfected/Image_SetA907.jpg,0,4.648078,0.9905109
PCOS/noninfected/Image_SetA908.jpg,0,4.648078,0.9905109
PCOS/noninfected/Image_SetA909.jpg,0,-0.21005854,0.4476776
PCOS/noninfected/Image_SetA910.jpg,0,-0.21005854,0.4476776
PCOS/noninfected/Image_SetA911.jpg,0,0.778053,0.6852603
PCOS/noninfected/Image_SetA912.jpg,0,0.778053,0.6852603
PCOS/noninfected/Image_SetA913.jpg,0,0.22115001,0.55506325
PCOS/noninfected/Image_SetA914.jpg,0,0.22115001,0.55506325
PCOS/noninfected/Image_SetA915.jpg,0,0.5396492,0.6317308
PCOS/noninfected/Image_SetA916.jpg,0,0.5396492,0.6317308
PCOS/noninfected/Image_SetA917.jpg,0,7.777732,0.99958116
PCOS/noninfected/Image_SetA918.jpg,0,7.777732,0.99958116
PCOS/noninfected/Image_SetA919.jpg,0,8.604655,0.99981683
PCOS/noninfected/Image_SetA920.jpg,0,8.604655,0.99981683
PCOS/noninfected/Image_SetA921.jpg,0,0.5948696,0.64448166
PCOS/noninfected/Image_SetA922.jpg,0,0.5948696,0.64448166
PCOS/noninfected/Image_SetA923.jpg,0,0.10156038,0.5253683
PCOS/noninfected/Image_SetA924.jpg,0,0.10156038,0.5253683
PCOS/noninfected/Image_SetA925.jpg,0,0.071377635,0.51783687
PCOS/noninfected/Image_SetA926.jpg,0,0.071377635,0.51783687
PCOS/noninfected/Image_SetA927.jpg,0,-0.2374571,0.4409131
PCOS/noninfected/Image_SetA928.jpg,0,-0.2374571,0.4409131
PCOS/noninfected/Image_SetA929.jpg,0,-0.3276772,0.41880587
PCOS/noninfected/Image_SetA930.jpg,0,-0.3276772,0.41880587
PCOS/noninfected/Image_SetA931.jpg,0,2.059063,0.88686013
PCOS/noninfected/Image_SetA932.jpg,0,2.059063,0.88686013
PCOS/noninfected/Image_SetA933.jpg,0,0.09796763,0.52447236
PCOS/noninfected/Image_SetA934.jpg,0,0.09796763,0.52447236
PCOS/noninfected/Image_SetA935.jpg,0,-0.046553805,0.48836365
PCOS/noninfected/Image_SetA936.jpg,0,-0.046553805,0.48836365
PCOS/noninfected/Image_SetA937.jpg,0,0.016920423,0.50422996
PCOS/noninfected/Image_SetA938.jpg,0,0.016920423,0.50422996
PCOS/noninfected/Image_SetA939.jpg,0,-0.2690487,0.4331407
PCOS/noninfected/Image_SetA940.jpg,0,-0.2690487,0.4331407
PCOS/noninfected/Image_SetA941.jpg,0,-0.12319934,0.46923906
PCOS/noninfected/Image_SetA942.jpg,0,-0.12319934,0.46923906
PCOS/noninfected/Image_SetA943.jpg,0,-0.11050017,0.47240302
PCOS/noninfected/Image_SetA944.jpg,0,-0.11050017,0.47240302
PCOS/noninfected/Image_SetA945.jpg,0,-0.21252808,0.44706705
PCOS/noninfected/Image_SetA946.jpg,0,-0.21252808,0.44706705
PCOS/noninfected/Image_SetA947.jpg,0,2.570364,0.92892975
PCOS/noninfected/Image_SetA948.jpg,0,2.570364,0.92892975
PCOS/noninfected/Image_SetA949.jpg,0,-0.115823746,0.4710764
PCOS/noninfected/Image_SetA950.jpg,0,-0.115823746,0.4710764
PCOS/noninfected/Image_SetA951.jpg,0,0.26598427,0.5661068
PCOS/noninfected/Image_SetA952.jpg,0,0.26598427,0.5661068
PCOS/noninfected/Image_SetA953.jpg,0,0.16826686,0.54196775
PCOS/noninfected/Image_SetA954.jpg,0,0.16826686,0.54196775
PCOS/noninfected/Image_SetA955.jpg,0,-0.31136703,0.4227811
PCOS/noninfected/Image_SetA956.jpg,0,-0.31136703,0.4227811
PCOS/noninfected/Image_SetA957.jpg,0,-0.23419502,0.4417174
PCOS/noninfected/Image_SetA958.jpg,0,-0.23419502,0.4417174
PCOS/noninfected/Image_SetA959.jpg,0,2.5188472,0.92545253
PCOS/noninfected/Image_SetA960.jpg,0,2.5188472,0.92545253
PCOS/noninfected/Image_SetA961.jpg,0,-0.08146042,0.47964615
PCOS/noninfected/Image_SetA962.jpg,0,-0.08146042,0.47964615
PCOS/noninfected/Image_SetA963.jpg,0,-0.17463219,0.45645258
PCOS/noninfected/Image_SetA964.jpg,0,-0.17463219,0.45645258
PCOS/noninfected/Image_SetA965.jpg,0,-0.35509098,0.41214845
PCOS/noninfected/Image_SetA966.jpg,0,-0.35509098,0.41214845
PCOS/noninfected/Image_SetA967.jpg,0,-0.3141468,0.42210287
PCOS/noninfected/Image_SetA968.jpg,0,-0.3141468,0.42210287
PCOS/noninfected/Image_SetA969.jpg,0,2.425747,0.9187697
PCOS/noninfected/Image_SetA970.jpg,0,2.425747,0.9187697
PCOS/noninfected/Image_SetA971.jpg,0,0.12950106,0.5323301
PCOS/noninfected/Image_SetA972.jpg,0,0.12950106,0.5323301
PCOS/noninfected/Image_SetA973.jpg,0,0.5877894,0.6428578
PCOS/noninfected/Image_SetA974.jpg,0,0.5877894,0.6428578
PCOS/noninfected/Image_SetA975.jpg,0,7.1418967,0.9992094
PCOS/noninfected/Image_SetA976.jpg,0,7.1418967,0.9992094
PCOS/noninfected/Image_SetA977.jpg,0,-0.2828674,0.42975095
PCOS/noninfected/Image_SetA978.jpg,0,-0.2828674,0.42975095
PCOS/noninfected/Image_SetA979.jpg,0,-0.6814472,0.33593836
PCOS/noninfected/Image_SetA980.jpg,0,-0.6814472,0.33593836
PCOS/noninfected/Image_SetA981.jpg,0,0.029568935,0.5073917
PCOS/noninfected/Image_SetA982.jpg,0,0.029568935,0.5073917
PCOS/noninfected/Image_SetA983.jpg,0,-0.4005363,0.40118352
PCOS/noninfected/Image_SetA984.jpg,0,-0.4005363,0.40118352
PCOS/noninfected/Image_SetA985.jpg,0,-0.22396284,0.44424218
PCOS/noninfected/Image_SetA986.jpg,0,-0.22396284,0.44424218
PCOS/noninfected/Image_SetA987.jpg,0,-0.31531402,0.42181814
PCOS/noninfected/Image_SetA988.jpg,0,-0.31531402,0.42181814
PCOS/noninfected/Image_SetA989.jpg,0,0.043667153,0.51091504
PCOS/noninfected/Image_SetA990.jpg,0,0.043667153,0.51091504
PCOS/noninfected/Image_SetA991.jpg,0,-0.1346798,0.46638086
PCOS/noninfected/Image_SetA992.jpg,0,-0.1346798,0.46638086
PCOS/noninfected/Image_SetA993.jpg,0,-0.19397107,0.4516587
PCOS/noninfected/Image_SetA994.jpg,0,-0.19397107,0.4516587
PCOS/noninfected/Image_SetA995.jpg,0,-0.54842734,0.36622936
PCOS/noninfected/Image_SetA996.jpg,0,-0.54842734,0.36622936
PCOS/noninfected/Image_SetA997.jpg,0,-0.31378934,0.4221901
PCOS/noninfected/Image_SetA998.jpg,0,-0.31378934,0.4221901
PCOS/noninfected/Image_SetA999.jpg,0,0.1890341,0.5471183
PCOS/noninfected/Image_SetB001.jpg,0,0.8147374,0.6931181
PCOS/noninfected/Image_SetB002.jpg,0,0.8147374,0.6931181
PCOS/noninfected/Image_SetB003.jpg,0,-0.31621355,0.42159882
PCOS/noninfected/Image_SetB004.jpg,0,-0.31621355,0.42159882
PCOS/noninfected/Image_SetB005.jpg,0,6.401968,0.9983444
PCOS/noninfected/Image_SetB006.jpg,0,6.401968,0.9983444
PCOS/noninfected/Image_SetB007.jpg,0,-0.12352076,0.469159
PCOS/noninfected/Image_SetB008.jpg,0,-0.12352076,0.469159
PCOS/noninfected/Image_SetB009.jpg,0,0.3904524,0.5963916
PCOS/noninfected/Image_SetB010.jpg,0,0.3904524,0.5963916
PCOS/noninfected/Image_SetB011.jpg,0,0.07196144,0.5179826
PCOS/noninfected/Image_SetB012.jpg,0,0.07196144,0.5179826
PCOS/noninfected/Image_SetB013.jpg,0,-0.016402246,0.4958995
PCOS/noninfected/Image_SetB014.jpg,0,-0.016402246,0.4958995
PCOS/noninfected/Image_SetB015.jpg,0,0.7566826,0.680633
PCOS/noninfected/Image_SetB016.jpg,0,0.7566826,0.680633
PCOS/noninfected/Image_SetB017.jpg,0,7.5348825,0.9994661
PCOS/noninfected/Image_SetB018.jpg,0,7.5348825,0.9994661
PCOS/noninfected/Image_SetB019.jpg,0,0.079782076,0.51993495
PCOS/noninfected/Image_SetB020.jpg,0,0.079782076,0.51993495
PCOS/noninfected/Image_SetB021.jpg,0,-0.037494034,0.4906276
PCOS/noninfected/Image_SetB022.jpg,0,-0.037494034,0.4906276
PCOS/noninfected/Image_SetB023.jpg,0,-0.25152028,0.43744937
PCOS/noninfected/Image_SetB024.jpg,0,-0.25152028,0.43744937
PCOS/noninfected/Image_SetB025.jpg,0,0.032178447,0.50804394
PCOS/noninfected/Image_SetB026.jpg,0,0.032178447,0.50804394
PCOS/noninfected/Image_SetB027.jpg,0,0.05274926,0.51318425
PCOS/noninfected/Image_SetB028.jpg,0,0.05274926,0.51318425
PCOS/noninfected/Image_SetB029.jpg,0,0.07033269,0.5175759
PCOS/noninfected/Image_SetB030.jpg,0,0.07033269,0.5175759
PCOS/noninfected/Image_SetB031.jpg,0,-0.15287508,0.46185547
PCOS/noninfected/Image_SetB032.jpg,0,-0.15287508,0.46185547
PCOS/noninfected/Image_SetB033.jpg,0,2.2950356,0.908465
PCOS/noninfected/Image_SetB034.jpg,0,2.2950356,0.908465
PCOS/noninfected/Image_SetB035.jpg,0,-0.067105435,0.48322994
PCOS/noninfected/Image_SetB036.jpg,0,-0.067105435,0.48322994
PCOS/noninfected/Image_SetB037.jpg,0,-0.33111498,0.41796935
PCOS/noninfected/Image_SetB038.jpg,0,-0.33111498,0.41796935
PCOS/noninfected/Image_SetB039.jpg,0,2.2815523,0.90733767
PCOS/noninfected/Image_SetB040.jpg,0,2.2815523,0.90733767
PCOS/noninfected/Image_SetB041.jpg,0,0.38432997,0.594917
PCOS/noninfected/Image_SetB042.jpg,0,0.38432997,0.594917
PCOS/noninfected/Image_SetB043.jpg,0,0.14804596,0.53694403
PCOS/noninfected/Image_SetB044.jpg,0,0.14804596,0.53694403
PCOS/noninfected/Image_SetB045.jpg,0,-0.0035980102,0.4991005
PCOS/noninfected/Image_SetB046.jpg,0,-0.0035980102,0.4991005
PCOS/noninfected/Image_SetB047.jpg,0,1.7585027,0.853022
PCOS/noninfected/Image_SetB048.jpg,0,1.7585027,0.853022
PCOS/noninfected/Image_SetB049.jpg,0,4.8700905,0.99238575
PCOS/noninfected/Image_SetB050.jpg,0,4.8700905,0.99238575
PCOS/noninfected/Image_SetB051.jpg,0,3.0107949,0.95305943
PCOS/noninfected/Image_SetB052.jpg,0,3.0107949,0.95305943
PCOS/noninfected/Image_SetB053.jpg,0,-1.0581886,0.25765577
PCOS/noninfected/Image_SetB054.jpg,0,-1.0581886,0.25765577
PCOS/noninfected/Image_SetB055.jpg,0,-0.13322443,0.46674302
PCOS/noninfected/Image_SetB056.jpg,0,-0.13322443,0.46674302
PCOS/noninfected/Image_SetB057.jpg,0,0.15677592,0.5391139
PCOS/noninfected/Image_SetB058.jpg,0,0.15677592,0.5391139
PCOS/noninfected/Image_SetB059.jpg,0,2.3474028,0.9127276
PCOS/noninfected/Image_SetB060.jpg,0,2.3474028,0.9127276
PCOS/noninfected/Image_SetB061.jpg,0,0.09601115,0.5239844
PCOS/noninfected/Image_SetB062.jpg,0,0.09601115,0.5239844
PCOS/noninfected/Image_SetB063.jpg,0,-0.31549534,0.42177394
PCOS/noninfected/Image_SetB064.jpg,0,-0.31549534,0.42177394
PCOS/noninfected/Image_SetB065.jpg,0,-0.28266025,0.42980167
PCOS/noninfected/Image_SetB066.jpg,0,-0.28266025,0.42980167
PCOS/noninfected/Image_SetB067.jpg,0,0.18739533,0.5467122
PCOS/noninfected/Image_SetB068.jpg,0,0.18739533,0.5467122
PCOS/noninfected/Image_SetB069.jpg,0,0.7289656,0.6745782
PCOS/noninfected/Image_SetB070.jpg,0,0.7289656,0.6745782
PCOS/noninfected/Image_SetB071.jpg,0,0.9180868,0.7146521
PCOS/noninfected/Image_SetB072.jpg,0,0.9180868,0.7146521
PCOS/noninfected/Image_SetB073.jpg,0,-0.13318428,0.46675304
PCOS/noninfected/Image_SetB074.jpg,0,-0.13318428,0.46675304
PCOS/noninfected/Image_SetB075.jpg,0,2.2273304,0.9026771
PCOS/noninfected/Image_SetB076.jpg,0,2.2273304,0.9026771
PCOS/noninfected/Image_SetB077.jpg,0,1.694112,0.8447642
PCOS/noninfected/Image_SetB078.jpg,0,1.694112,0.8447642
PCOS/noninfected/Image_SetB079.jpg,0,-0.44439623,0.39069393
PCOS/noninfected/Image_SetB080.jpg,0,-0.44439623,0.39069393
PCOS/noninfected/Image_SetB081.jpg,0,-0.026620118,0.49334538
PCOS/noninfected/Image_SetB082.jpg,0,-0.026620118,0.49334538
PCOS/noninfected/Image_SetB083.jpg,0,-0.46431494,0.38596272
PCOS/noninfected/Image_SetB084.jpg,0,-0.46431494,0.38596272
PCOS/noninfected/Image_SetB085.jpg,0,-0.13549952,0.46617684
PCOS/noninfected/Image_SetB086.jpg,0,-0.13549952,0.46617684
PCOS/noninfected/Image_SetB087.jpg,0,-0.17992035,0.45514083
PCOS/noninfected/Image_SetB088.jpg,0,-0.17992035,0.45514083
PCOS/noninfected/Image_SetB089.jpg,0,6.930732,0.9990237
PCOS/noninfected/Image_SetB090.jpg,0,6.930732,0.9990237
PCOS/noninfected/Image_SetB091.jpg,0,-0.20171283,0.4497421
PCOS/noninfected/Image_SetB092.jpg,0,-0.20171283,0.4497421
PCOS/noninfected/Image_SetB093.jpg,0,-0.009311533,0.4976721
PCOS/noninfected/Image_SetB094.jpg,0,-0.009311533,0.4976721
PCOS/noninfected/Image_SetB095.jpg,0,-0.03551335,0.4911226
PCOS/noninfected/Image_SetB096.jpg,0,-0.03551335,0.4911226
PCOS/noninfected/Image_SetB097.jpg,0,5.102445,0.99395496
PCOS/noninfected/Image_SetB098.jpg,0,5.102445,0.99395496
PCOS/noninfected/Image_SetB099.jpg,0,1.3602436,0.7957993
PCOS/noninfected/Image_SetB100.jpg,0,1.3602436,0.7957993
PCOS/noninfected/Image_SetB1000.jpg,0,0.1890341,0.5471183
PCOS/noninfected/Image_SetB1001.jpg,0,0.7570985,0.6807234
PCOS/noninfected/Image_SetB1002.jpg,0,0.7570985,0.6807234
PCOS/noninfected/Image_SetB1003.jpg,0,0.21270755,0.55297726
PCOS/noninfected/Image_SetB1004.jpg,0,0.21270755,0.55297726
PCOS/noninfected/Image_SetB1005.jpg,0,-0.4201717,0.39647564
PCOS/noninfected/Image_SetB1006.jpg,0,-0.4201717,0.39647564
PCOS/noninfected/Image_SetB1007.jpg,0,7.519746,0.999458
PCOS/noninfected/Image_SetB1008.jpg,0,7.519746,0.999458
PCOS/noninfected/Image_SetB1009.jpg,0,1.8024895,0.8584517
PCOS/noninfected/Image_SetB101.jpg,0,0.61030704,0.64801085
PCOS/noninfected/Image_SetB1010.jpg,0,1.8024895,0.8584517
PCOS/noninfected/Image_SetB1011.jpg,0,-0.17975903,0.45518085
PCOS/noninfected/Image_SetB1012.jpg,0,-0.17975903,0.45518085
PCOS/noninfected/Image_SetB1013.jpg,0,0.03041676,0.5076036
PCOS/noninfected/Image_SetB1014.jpg,0,0.03041676,0.5076036
PCOS/noninfected/Image_SetB1015.jpg,0,0.70479405,0.66924983
PCOS/noninfected/Image_SetB1016.jpg,0,0.70479405,0.66924983
PCOS/noninfected/Image_SetB1017.jpg,0,-0.3267409,0.41903383
PCOS/noninfected/Image_SetB1018.jpg,0,-0.3267409,0.41903383
PCOS/noninfected/Image_SetB1019.jpg,0,7.336147,0.9993488
PCOS/noninfected/Image_SetB102.jpg,0,0.61030704,0.64801085
PCOS/noninfected/Image_SetB1020.jpg,0,7.336147,0.9993488
PCOS/noninfected/Image_SetB1021.jpg,0,0.23155768,0.55763215
PCOS/noninfected/Image_SetB1022.jpg,0,0.23155768,0.55763215
PCOS/noninfected/Image_SetB1023.jpg,0,2.1317248,0.8939487
PCOS/noninfected/Image_SetB1024.jpg,0,2.1317248,0.8939487
PCOS/noninfected/Image_SetB103.jpg,0,2.1248136,0.89329165
PCOS/noninfected/Image_SetB104.jpg,0,2.1248136,0.89329165
PCOS/noninfected/Image_SetB105.jpg,0,0.61584526,0.64927304
PCOS/noninfected/Image_SetB106.jpg,0,0.61584526,0.64927304
PCOS/noninfected/Image_SetB107.jpg,0,-0.1989527,0.45042524
PCOS/noninfected/Image_SetB108.jpg,0,-0.1989527,0.45042524
PCOS/noninfected/Image_SetB109.jpg,0,8.63598,0.99982244
PCOS/noninfected/Image_SetB110.jpg,0,8.63598,0.99982244
PCOS/noninfected/Image_SetB111.jpg,0,-0.16466129,0.45892745
PCOS/noninfected/Image_SetB112.jpg,0,-0.16466129,0.45892745
PCOS/noninfected/Image_SetB113.jpg,0,1.6521724,0.83918446
PCOS/noninfected/Image_SetB114.jpg,0,1.6521724,0.83918446
PCOS/noninfected/Image_SetB115.jpg,0,-0.2378324,0.4408206
PCOS/noninfected/Image_SetB116.jpg,0,-0.2378324,0.4408206
PCOS/noninfected/Image_SetB117.jpg,0,0.123810366,0.5309131
PCOS/noninfected/Image_SetB118.jpg,0,0.123810366,0.5309131
PCOS/noninfected/Image_SetB119.jpg,0,6.611105,0.9986564
PCOS/noninfected/Image_SetB120.jpg,0,6.611105,0.9986564
PCOS/noninfected/Image_SetB121.jpg,0,-0.062721804,0.48432466
PCOS/noninfected/Image_SetB122.jpg,0,-0.062721804,0.48432466
PCOS/noninfected/Image_SetB123.jpg,0,6.8352823,0.998926
PCOS/noninfected/Image_SetB124.jpg,0,6.8352823,0.998926
PCOS/noninfected/Image_SetB125.jpg,0,1.6259738,0.83561736
PCOS/noninfected/Image_SetB126.jpg,0,1.6259738,0.83561736
PCOS/noninfected/Image_SetB127.jpg,0,5.716111,0.99671835
PCOS/noninfected/Image_SetB128.jpg,0,5.716111,0.99671835
PCOS/noninfected/Image_SetB129.jpg,0,-0.055672765,0.48608539
PCOS/noninfected/Image_SetB130.jpg,0,-0.055672765,0.48608539
PCOS/noninfected/Image_SetB131.jpg,0,1.725477,0.84883296
PCOS/noninfected/Image_SetB132.jpg,0,1.725477,0.84883296
PCOS/noninfected/Image_SetB133.jpg,0,-0.36741477,0.4091659
PCOS/noninfected/Image_SetB134.jpg,0,-0.36741477,0.4091659
PCOS/noninfected/Image_SetB135.jpg,0,-0.026727812,0.49331847
PCOS/noninfected/Image_SetB136.jpg,0,-0.026727812,0.49331847
PCOS/noninfected/Image_SetB137.jpg,0,5.5623507,0.99617493
PCOS/noninfected/Image_SetB138.jpg,0,5.5623507,0.99617493
PCOS/noninfected/Image_SetB139.jpg,0,0.35521957,0.58788276
PCOS/noninfected/Image_SetB140.jpg,0,0.35521957,0.58788276
PCOS/noninfected/Image_SetB141.jpg,0,-0.11380096,0.47158042
PCOS/noninfected/Image_SetB142.jpg,0,-0.11380096,0.47158042
PCOS/noninfected/Image_SetB143.jpg,0,6.557332,0.99858236
PCOS/noninfected/Image_SetB144.jpg,0,6.557332,0.99858236
PCOS/noninfected/Image_SetB145.jpg,0,-0.20441212,0.44907415
PCOS/noninfected/Image_SetB146.jpg,0,-0.20441212,0.44907415
PCOS/noninfected/Image_SetB147.jpg,0,-0.39111137,0.4034498
PCOS/noninfected/Image_SetB148.jpg,0,-0.39111137,0.4034498
PCOS/noninfected/Image_SetB149.jpg,0,-0.8145152,0.30692917
PCOS/noninfected/Image_SetB150.jpg,0,-0.8145152,0.30692917
PCOS/noninfected/Image_SetB151.jpg,0,3.6668544,0.9750802
PCOS/noninfected/Image_SetB152.jpg,0,3.6668544,0.9750802
PCOS/noninfected/Image_SetB153.jpg,0,-0.48253393,0.381654
PCOS/noninfected/Image_SetB154.jpg,0,-0.48253393,0.381654
PCOS/noninfected/Image_SetB155.jpg,0,0.98980504,0.7290494
PCOS/noninfected/Image_SetB156.jpg,0,0.98980504,0.7290494
PCOS/noninfected/Image_SetB157.jpg,0,0.760605,0.68148506
PCOS/noninfected/Image_SetB158.jpg,0,0.760605,0.68148506
PCOS/noninfected/Image_SetB159.jpg,0,-0.46299204,0.38627627
PCOS/noninfected/Image_SetB160.jpg,0,-0.46299204,0.38627627
PCOS/noninfected/Image_SetB161.jpg,0,6.476061,0.99846256
PCOS/noninfected/Image_SetB162.jpg,0,6.476061,0.99846256
PCOS/noninfected/Image_SetB163.jpg,0,1.6248307,0.8354603
PCOS/noninfected/Image_SetB164.jpg,0,1.6248307,0.8354603
PCOS/noninfected/Image_SetB165.jpg,0,3.9988847,0.9819941
PCOS/noninfected/Image_SetB166.jpg,0,3.9988847,0.9819941
PCOS/noninfected/Image_SetB167.jpg,0,4.3764353,0.9875859
PCOS/noninfected/Image_SetB168.jpg,0,4.3764353,0.9875859
PCOS/noninfected/Image_SetB169.jpg,0,1.8673903,0.86615604
PCOS/noninfected/Image_SetB170.jpg,0,1.8673903,0.86615604
PCOS/noninfected/Image_SetB171.jpg,0,1.0115714,0.73332757
PCOS/noninfected/Image_SetB172.jpg,0,1.0115714,0.73332757
PCOS/noninfected/Image_SetB173.jpg,0,0.97834015,0.72677875
PCOS/noninfected/Image_SetB174.jpg,0,0.97834015,0.72677875
PCOS/noninfected/Image_SetB175.jpg,0,-0.15471648,0.46139786
PCOS/noninfected/Image_SetB176.jpg,0,-0.15471648,0.46139786
PCOS/noninfected/Image_SetB177.jpg,0,-0.35310647,0.41262937
PCOS/noninfected/Image_SetB178.jpg,0,-0.35310647,0.41262937
PCOS/noninfected/Image_SetB179.jpg,0,-0.19166672,0.45222947
PCOS/noninfected/Image_SetB180.jpg,0,-0.19166672,0.45222947
PCOS/noninfected/Image_SetB181.jpg,0,2.55583,0.9279642
PCOS/noninfected/Image_SetB182.jpg,0,2.55583,0.9279642
PCOS/noninfected/Image_SetB183.jpg,0,-0.31767777,0.42124182
PCOS/noninfected/Image_SetB184.jpg,0,-0.31767777,0.42124182
PCOS/noninfected/Image_SetB185.jpg,0,0.78922254,0.6876644
PCOS/noninfected/Image_SetB186.jpg,0,0.78922254,0.6876644
PCOS/noninfected/Image_SetB187.jpg,0,7.0672894,0.99914813
PCOS/noninfected/Image_SetB188.jpg,0,7.0672894,0.99914813
PCOS/noninfected/Image_SetB189.jpg,0,-0.43492824,0.39295012
PCOS/noninfected/Image_SetB190.jpg,0,-0.43492824,0.39295012
PCOS/noninfected/Image_SetB191.jpg,0,0.55668503,0.63568515
PCOS/noninfected/Image_SetB192.jpg,0,0.55668503,0.63568515
PCOS/noninfected/Image_SetB193.jpg,0,0.16280398,0.5406113
PCOS/noninfected/Image_SetB194.jpg,0,0.16280398,0.5406113
PCOS/noninfected/Image_SetB195.jpg,0,0.58149695,0.6414118
PCOS/noninfected/Image_SetB196.jpg,0,0.58149695,0.6414118
PCOS/noninfected/Image_SetB197.jpg,0,-0.3131868,0.42233709
PCOS/noninfected/Image_SetB198.jpg,0,-0.3131868,0.42233709
PCOS/noninfected/Image_SetB199.jpg,0,1.7238755,0.8486274
PCOS/noninfected/Image_SetB200.jpg,0,1.7238755,0.8486274
PCOS/noninfected/Image_SetB201.jpg,0,-0.9128849,0.28640985
PCOS/noninfected/Image_SetB202.jpg,0,-0.9128849,0.28640985
PCOS/noninfected/Image_SetB203.jpg,0,0.94127536,0.7193572
PCOS/noninfected/Image_SetB204.jpg,0,0.94127536,0.7193572
PCOS/noninfected/Image_SetB205.jpg,0,-0.6445299,0.34422326
PCOS/noninfected/Image_SetB206.jpg,0,-0.6445299,0.34422326
PCOS/noninfected/Image_SetB207.jpg,0,0.056217976,0.5140508
PCOS/noninfected/Image_SetB208.jpg,0,0.056217976,0.5140508
PCOS/noninfected/Image_SetB209.jpg,0,-0.0126698,0.4968326
PCOS/noninfected/Image_SetB210.jpg,0,-0.0126698,0.4968326
PCOS/noninfected/Image_SetB211.jpg,0,-0.12522191,0.46873537
PCOS/noninfected/Image_SetB212.jpg,0,-0.12522191,0.46873537
PCOS/noninfected/Image_SetB213.jpg,0,-0.7168947,0.32807717
PCOS/noninfected/Image_SetB214.jpg,0,-0.7168947,0.32807717
PCOS/noninfected/Image_SetB215.jpg,0,-0.07755285,0.4806215
PCOS/noninfected/Image_SetB216.jpg,0,-0.07755285,0.4806215
PCOS/noninfected/Image_SetB217.jpg,0,0.18411995,0.5459004
PCOS/noninfected/Image_SetB218.jpg,0,0.18411995,0.5459004
PCOS/noninfected/Image_SetB219.jpg,0,6.4784927,0.99846625
PCOS/noninfected/Image_SetB220.jpg,0,6.4784927,0.99846625
PCOS/noninfected/Image_SetB221.jpg,0,2.914657,0.94856626
PCOS/noninfected/Image_SetB222.jpg,0,2.914657,0.94856626
PCOS/noninfected/Image_SetB223.jpg,0,-0.020208655,0.49494797
PCOS/noninfected/Image_SetB224.jpg,0,-0.020208655,0.49494797
PCOS/noninfected/Image_SetB225.jpg,0,0.19149166,0.54772717
PCOS/noninfected/Image_SetB226.jpg,0,0.19149166,0.54772717
PCOS/noninfected/Image_SetB227.jpg,0,-0.21300092,0.4469502
PCOS/noninfected/Image_SetB228.jpg,0,-0.21300092,0.4469502
PCOS/noninfected/Image_SetB229.jpg,0,2.5912042,0.9302934
PCOS/noninfected/Image_SetB230.jpg,0,2.5912042,0.9302934
PCOS/noninfected/Image_SetB231.jpg,0,1.9304198,0.8732959
PCOS/noninfected/Image_SetB232.jpg,0,1.9304198,0.8732959
PCOS/noninfected/Image_SetB233.jpg,0,0.6320356,0.6529509
PCOS/noninfected/Image_SetB234.jpg,0,0.6320356,0.6529509
PCOS/noninfected/Image_SetB235.jpg,0,0.15738659,0.53926563
PCOS/noninfected/Image_SetB236.jpg,0,0.15738659,0.53926563
PCOS/noninfected/Image_SetB237.jpg,0,0.4672847,0.6147409
PCOS/noninfected/Image_SetB238.jpg,0,0.4672847,0.6147409
PCOS/noninfected/Image_SetB239.jpg,0,-0.23238157,0.44216466
PCOS/noninfected/Image_SetB240.jpg,0,-0.23238157,0.44216466
PCOS/noninfected/Image_SetB241.jpg,0,0.15915412,0.53970474
PCOS/noninfected/Image_SetB242.jpg,0,0.15915412,0.53970474
PCOS/noninfected/Image_SetB243.jpg,0,0.27099264,0.56733656
PCOS/noninfected/Image_SetB244.jpg,0,0.27099264,0.56733656
PCOS/noninfected/Image_SetB245.jpg,0,-0.019853784,0.49503672
PCOS/noninfected/Image_SetB246.jpg,0,-0.019853784,0.49503672
PCOS/noninfected/Image_SetB247.jpg,0,-0.49233022,0.37934476
PCOS/noninfected/Image_SetB248.jpg,0,-0.49233022,0.37934476
PCOS/noninfected/Image_SetB249.jpg,0,-0.04605995,0.48848704
PCOS/noninfected/Image_SetB250.jpg,0,-0.04605995,0.48848704
PCOS/noninfected/Image_SetB251.jpg,0,0.062054843,0.5155087
PCOS/noninfected/Image_SetB252.jpg,0,0.062054843,0.5155087
PCOS/noninfected/Image_SetB253.jpg,0,4.782955,0.99169827
PCOS/noninfected/Image_SetB254.jpg,0,4.782955,0.99169827
PCOS/noninfected/Image_SetB255.jpg,0,-0.6589286,0.34098035
PCOS/noninfected/Image_SetB256.jpg,0,-0.6589286,0.34098035
PCOS/noninfected/Image_SetB257.jpg,0,-0.33015397,0.41820315
PCOS/noninfected/Image_SetB258.jpg,0,-0.33015397,0.41820315
PCOS/noninfected/Image_SetB259.jpg,0,-0.21195823,0.44720793
PCOS/noninfected/Image_SetB260.jpg,0,-0.21195823,0.44720793
PCOS/noninfected/Image_SetB261.jpg,0,0.82866067,0.6960716
PCOS/noninfected/Image_SetB262.jpg,0,0.82866067,0.6960716
PCOS/noninfected/Image_SetB263.jpg,0,8.685851,0.9998311
PCOS/noninfected/Image_SetB264.jpg,0,8.685851,0.9998311
PCOS/noninfected/Image_SetB265.jpg,0,-0.35801238,0.4114408
PCOS/noninfected/Image_SetB266.jpg,0,-0.35801238,0.4114408
PCOS/noninfected/Image_SetB267.jpg,0,0.60936874,0.64779675
PCOS/noninfected/Image_SetB268.jpg,0,0.60936874,0.64779675
PCOS/noninfected/Image_SetB269.jpg,0,-0.3988481,0.40158916
PCOS/noninfected/Image_SetB270.jpg,0,-0.3988481,0.40158916
PCOS/noninfected/Image_SetB271.jpg,0,1.7836304,0.85614455
PCOS/noninfected/Image_SetB272.jpg,0,1.7836304,0.85614455
PCOS/noninfected/Image_SetB273.jpg,0,-0.16491583,0.45886427
PCOS/noninfected/Image_SetB274.jpg,0,-0.16491583,0.45886427
PCOS/noninfected/Image_SetB275.jpg,0,2.6097336,0.93148535
PCOS/noninfected/Image_SetB276.jpg,0,2.6097336,0.93148535
PCOS/noninfected/Image_SetB277.jpg,0,-0.20931435,0.44786164
PCOS/noninfected/Image_SetB278.jpg,0,-0.20931435,0.44786164
PCOS/noninfected/Image_SetB279.jpg,0,-0.7569519,0.3193084
PCOS/noninfected/Image_SetB280.jpg,0,-0.7569519,0.3193084
PCOS/noninfected/Image_SetB281.jpg,0,5.2800117,0.9949334
PCOS/noninfected/Image_SetB282.jpg,0,5.2800117,0.9949334
PCOS/noninfected/Image_SetB283.jpg,0,2.230397,0.9029461
PCOS/noninfected/Image_SetB284.jpg,0,2.230397,0.9029461
PCOS/noninfected/Image_SetB285.jpg,0,0.16274816,0.5405975
PCOS/noninfected/Image_SetB286.jpg,0,0.16274816,0.5405975
PCOS/noninfected/Image_SetB287.jpg,0,1.6494992,0.8388234
PCOS/noninfected/Image_SetB288.jpg,0,1.6494992,0.8388234
PCOS/noninfected/Image_SetB289.jpg,0,-0.21124499,0.44738427
PCOS/noninfected/Image_SetB290.jpg,0,-0.21124499,0.44738427
PCOS/noninfected/Image_SetB291.jpg,0,8.410584,0.9997776
PCOS/noninfected/Image_SetB292.jpg,0,8.410584,0.9997776
PCOS/noninfected/Image_SetB293.jpg,0,0.15417075,0.5384665
PCOS/noninfected/Image_SetB294.jpg,0,0.15417075,0.5384665
PCOS/noninfected/Image_SetB295.jpg,0,-0.0266757,0.49333146
PCOS/noninfected/Image_SetB296.jpg,0,-0.0266757,0.49333146
PCOS/noninfected/Image_SetB297.jpg,0,-0.060425386,0.48489827
PCOS/noninfected/Image_SetB298.jpg,0,-0.060425386,0.48489827
PCOS/noninfected/Image_SetB299.jpg,0,-0.18865564,0.4529755
PCOS/noninfected/Image_SetB300.jpg,0,-0.18865564,0.4529755
PCOS/noninfected/Image_SetB301.jpg,0,1.0716722,0.7449148
PCOS/noninfected/Image_SetB302.jpg,0,1.0716722,0.7449148
PCOS/noninfected/Image_SetB303.jpg,0,-0.083652645,0.47909904
PCOS/noninfected/Image_SetB304.jpg,0,-0.083652645,0.47909904
PCOS/noninfected/Image_SetB305.jpg,0,-0.13423671,0.46649113
PCOS/noninfected/Image_SetB306.jpg,0,-0.13423671,0.46649113
PCOS/noninfected/Image_SetB307.jpg,0,2.1611662,0.8967076
PCOS/noninfected/Image_SetB308.jpg,0,2.1611662,0.8967076
PCOS/noninfected/Image_SetB309.jpg,0,-0.34681734,0.4141544
PCOS/noninfected/Image_SetB310.jpg,0,-0.34681734,0.4141544
PCOS/noninfected/Image_SetB311.jpg,0,6.300146,0.9981673
PCOS/noninfected/Image_SetB312.jpg,0,6.300146,0.9981673
PCOS/noninfected/Image_SetB313.jpg,0,-0.42402273,0.39555457
PCOS/noninfected/Image_SetB314.jpg,0,-0.42402273,0.39555457
PCOS/noninfected/Image_SetB315.jpg,0,0.16265893,0.5405753
PCOS/noninfected/Image_SetB316.jpg,0,0.16265893,0.5405753
PCOS/noninfected/Image_SetB317.jpg,0,0.04364907,0.5109105
PCOS/noninfected/Image_SetB318.jpg,0,0.04364907,0.5109105
PCOS/noninfected/Image_SetB319.jpg,0,1.856379,0.8648743
PCOS/noninfected/Image_SetB320.jpg,0,1.856379,0.8648743
PCOS/noninfected/Image_SetB321.jpg,0,-0.08439051,0.4789149
PCOS/noninfected/Image_SetB322.jpg,0,-0.08439051,0.4789149
PCOS/noninfected/Image_SetB323.jpg,0,-0.32069454,0.42050648
PCOS/noninfected/Image_SetB324.jpg,0,-0.32069454,0.42050648
PCOS/noninfected/Image_SetB325.jpg,0,-0.37765864,0.40669173
PCOS/noninfected/Image_SetB326.jpg,0,-0.37765864,0.40669173
PCOS/noninfected/Image_SetB327.jpg,0,0.6108394,0.64813226
PCOS/noninfected/Image_SetB328.jpg,0,0.6108394,0.64813226
PCOS/noninfected/Image_SetB329.jpg,0,8.222009,0.99973136
PCOS/noninfected/Image_SetB330.jpg,0,8.222009,0.99973136
PCOS/noninfected/Image_SetB331.jpg,0,1.8518151,0.86434007
PCOS/noninfected/Image_SetB332.jpg,0,1.8518151,0.86434007
PCOS/noninfected/Image_SetB333.jpg,0,-0.21142873,0.44733885
PCOS/noninfected/Image_SetB334.jpg,0,-0.21142873,0.44733885
PCOS/noninfected/Image_SetB335.jpg,0,0.39463422,0.59739774
PCOS/noninfected/Image_SetB336.jpg,0,0.39463422,0.59739774
PCOS/noninfected/Image_SetB337.jpg,0,-0.16085638,0.4598724
PCOS/noninfected/Image_SetB338.jpg,0,-0.16085638,0.4598724
PCOS/noninfected/Image_SetB339.jpg,0,-0.5751337,0.3600531
PCOS/noninfected/Image_SetB340.jpg,0,-0.5751337,0.3600531
PCOS/noninfected/Image_SetB341.jpg,0,9.517419,0.99992645
PCOS/noninfected/Image_SetB342.jpg,0,9.517419,0.99992645
PCOS/noninfected/Image_SetB343.jpg,0,0.17313576,0.5431761
PCOS/noninfected/Image_SetB344.jpg,0,0.17313576,0.5431761
PCOS/noninfected/Image_SetB345.jpg,0,-0.469731,0.3846799
PCOS/noninfected/Image_SetB346.jpg,0,-0.469731,0.3846799
PCOS/noninfected/Image_SetB347.jpg,0,0.50600874,0.6238703
PCOS/noninfected/Image_SetB348.jpg,0,0.50600874,0.6238703
PCOS/noninfected/Image_SetB349.jpg,0,0.38653556,0.59544843
PCOS/noninfected/Image_SetB350.jpg,0,0.38653556,0.59544843
PCOS/noninfected/Image_SetB351.jpg,0,-0.040122136,0.4899708
PCOS/noninfected/Image_SetB352.jpg,0,-0.040122136,0.4899708
PCOS/noninfected/Image_SetB353.jpg,0,1.6804093,0.84295875
PCOS/noninfected/Image_SetB354.jpg,0,1.6804093,0.84295875
PCOS/noninfected/Image_SetB355.jpg,0,-0.4100884,0.39889094
PCOS/noninfected/Image_SetB356.jpg,0,-0.4100884,0.39889094
PCOS/noninfected/Image_SetB357.jpg,0,-0.021270404,0.4946826
PCOS/noninfected/Image_SetB358.jpg,0,-0.021270404,0.4946826
PCOS/noninfected/Image_SetB359.jpg,0,3.294273,0.96423185
PCOS/noninfected/Image_SetB360.jpg,0,3.294273,0.96423185
PCOS/noninfected/Image_SetB361.jpg,0,-0.55149686,0.3655172
PCOS/noninfected/Image_SetB362.jpg,0,-0.55149686,0.3655172
PCOS/noninfected/Image_SetB363.jpg,0,-0.37940165,0.4062712
PCOS/noninfected/Image_SetB364.jpg,0,-0.37940165,0.4062712
PCOS/noninfected/Image_SetB365.jpg,0,-0.30655402,0.4239561
PCOS/noninfected/Image_SetB366.jpg,0,-0.30655402,0.4239561
PCOS/noninfected/Image_SetB367.jpg,0,0.06537428,0.51633775
PCOS/noninfected/Image_SetB368.jpg,0,0.06537428,0.51633775
PCOS/noninfected/Image_SetB369.jpg,0,-0.1467227,0.46338496
PCOS/noninfected/Image_SetB370.jpg,0,-0.1467227,0.46338496
PCOS/noninfected/Image_SetB371.jpg,0,0.10661754,0.52662915
PCOS/noninfected/Image_SetB372.jpg,0,0.10661754,0.52662915
PCOS/noninfected/Image_SetB373.jpg,0,5.1171722,0.9940428
PCOS/noninfected/Image_SetB374.jpg,0,5.1171722,0.9940428
PCOS/noninfected/Image_SetB375.jpg,0,4.3241353,0.98692816
PCOS/noninfected/Image_SetB376.jpg,0,4.3241353,0.98692816
PCOS/noninfected/Image_SetB377.jpg,0,-0.19942266,0.4503089
PCOS/noninfected/Image_SetB378.jpg,0,-0.19942266,0.4503089
PCOS/noninfected/Image_SetB379.jpg,0,1.7539828,0.8524545
PCOS/noninfected/Image_SetB380.jpg,0,1.7539828,0.8524545
PCOS/noninfected/Image_SetB381.jpg,0,6.2969565,0.9981615
PCOS/noninfected/Image_SetB382.jpg,0,6.2969565,0.9981615
PCOS/noninfected/Image_SetB383.jpg,0,0.60194117,0.6461003
PCOS/noninfected/Image_SetB384.jpg,0,0.60194117,0.6461003
PCOS/noninfected/Image_SetB385.jpg,0,7.3392553,0.99935085
PCOS/noninfected/Image_SetB386.jpg,0,7.3392553,0.99935085
PCOS/noninfected/Image_SetB387.jpg,0,-0.3401489,0.41577333
PCOS/noninfected/Image_SetB388.jpg,0,-0.3401489,0.41577333
PCOS/noninfected/Image_SetB389.jpg,0,-0.41556975,0.39757738
PCOS/noninfected/Image_SetB390.jpg,0,-0.41556975,0.39757738
PCOS/noninfected/Image_SetB391.jpg,0,0.036683135,0.50916976
PCOS/noninfected/Image_SetB392.jpg,0,0.036683135,0.50916976
PCOS/noninfected/Image_SetB393.jpg,0,0.11997154,0.52995694
PCOS/noninfected/Image_SetB394.jpg,0,0.11997154,0.52995694
PCOS/noninfected/Image_SetB395.jpg,0,0.482456,0.6183276
PCOS/noninfected/Image_SetB396.jpg,0,0.482456,0.6183276
PCOS/noninfected/Image_SetB397.jpg,0,0.0855637,0.52137786
PCOS/noninfected/Image_SetB398.jpg,0,0.0855637,0.52137786
PCOS/noninfected/Image_SetB399.jpg,0,-0.0068050716,0.49829873
PCOS/noninfected/Image_SetB400.jpg,0,-0.0068050716,0.49829873
PCOS/noninfected/Image_SetB401.jpg,0,-0.2362012,0.44122276
PCOS/noninfected/Image_SetB402.jpg,0,-0.2362012,0.44122276
PCOS/noninfected/Image_SetB403.jpg,0,-0.3268809,0.41899976
PCOS/noninfected/Image_SetB404.jpg,0,-0.3268809,0.41899976
PCOS/noninfected/Image_SetB405.jpg,0,0.09655844,0.52412087
PCOS/noninfected/Image_SetB406.jpg,0,0.09655844,0.52412087
PCOS/noninfected/Image_SetB407.jpg,0,3.9055493,0.9802673
PCOS/noninfected/Image_SetB408.jpg,0,3.9055493,0.9802673
PCOS/noninfected/Image_SetB409.jpg,0,-0.09437169,0.4764246
PCOS/noninfected/Image_SetB410.jpg,0,-0.09437169,0.4764246
PCOS/noninfected/Image_SetB411.jpg,0,-0.32505906,0.4194433
PCOS/noninfected/Image_SetB412.jpg,0,-0.32505906,0.4194433
PCOS/noninfected/Image_SetB413.jpg,0,0.16001341,0.53991824
PCOS/noninfected/Image_SetB414.jpg,0,0.16001341,0.53991824
PCOS/noninfected/Image_SetB415.jpg,0,1.9512721,0.8755853
PCOS/noninfected/Image_SetB416.jpg,0,1.9512721,0.8755853
PCOS/noninfected/Image_SetB417.jpg,0,-0.26799864,0.4333985
PCOS/noninfected/Image_SetB418.jpg,0,-0.26799864,0.4333985
PCOS/noninfected/Image_SetB419.jpg,0,0.7241738,0.67352545
PCOS/noninfected/Image_SetB420.jpg,0,0.7241738,0.67352545
PCOS/noninfected/Image_SetB421.jpg,0,0.34483993,0.5853658
PCOS/noninfected/Image_SetB422.jpg,0,0.34483993,0.5853658
PCOS/noninfected/Image_SetB423.jpg,0,0.06847342,0.51711166
PCOS/noninfected/Image_SetB424.jpg,0,0.06847342,0.51711166
PCOS/noninfected/Image_SetB425.jpg,0,-0.32263127,0.42003462
PCOS/noninfected/Image_SetB426.jpg,0,-0.32263127,0.42003462
PCOS/noninfected/Image_SetB427.jpg,0,-0.020532036,0.49486715
PCOS/noninfected/Image_SetB428.jpg,0,-0.020532036,0.49486715
PCOS/noninfected/Image_SetB429.jpg,0,6.489198,0.9984825
PCOS/noninfected/Image_SetB430.jpg,0,6.489198,0.9984825
PCOS/noninfected/Image_SetB431.jpg,0,2.1671028,0.8972562
PCOS/noninfected/Image_SetB432.jpg,0,2.1671028,0.8972562
PCOS/noninfected/Image_SetB433.jpg,0,-0.28817794,0.42844996
PCOS/noninfected/Image_SetB434.jpg,0,-0.28817794,0.42844996
PCOS/noninfected/Image_SetB435.jpg,0,0.61487377,0.6490518
PCOS/noninfected/Image_SetB436.jpg,0,0.61487377,0.6490518
PCOS/noninfected/Image_SetB437.jpg,0,2.5758817,0.9292931
PCOS/noninfected/Image_SetB438.jpg,0,2.5758817,0.9292931
PCOS/noninfected/Image_SetB439.jpg,0,5.6221623,0.99639624
PCOS/noninfected/Image_SetB440.jpg,0,5.6221623,0.99639624
PCOS/noninfected/Image_SetB441.jpg,0,-0.3485814,0.4137265
PCOS/noninfected/Image_SetB442.jpg,0,-0.3485814,0.4137265
PCOS/noninfected/Image_SetB443.jpg,0,-0.091583245,0.4771202
PCOS/noninfected/Image_SetB444.jpg,0,-0.091583245,0.4771202
PCOS/noninfected/Image_SetB445.jpg,0,-0.37935242,0.40628308
PCOS/noninfected/Image_SetB446.jpg,0,-0.37935242,0.40628308
PCOS/noninfected/Image_SetB447.jpg,0,0.12857647,0.5320999
PCOS/noninfected/Image_SetB448.jpg,0,0.12857647,0.5320999
PCOS/noninfected/Image_SetB449.jpg,0,0.16001594,0.53991884
PCOS/noninfected/Image_SetB450.jpg,0,0.16001594,0.53991884
PCOS/noninfected/Image_SetB451.jpg,0,-0.30296463,0.4248329
PCOS/noninfected/Image_SetB452.jpg,0,-0.30296463,0.4248329
PCOS/noninfected/Image_SetB453.jpg,0,0.5672535,0.63812923
PCOS/noninfected/Image_SetB454.jpg,0,0.5672535,0.63812923
PCOS/noninfected/Image_SetB455.jpg,0,0.9365863,0.7184096
PCOS/noninfected/Image_SetB456.jpg,0,0.9365863,0.7184096
PCOS/noninfected/Image_SetB457.jpg,0,1.5630523,0.82679087
PCOS/noninfected/Image_SetB458.jpg,0,1.5630523,0.82679087
PCOS/noninfected/Image_SetB459.jpg,0,0.48541364,0.6190254
PCOS/noninfected/Image_SetB460.jpg,0,0.48541364,0.6190254
PCOS/noninfected/Image_SetB461.jpg,0,5.6402454,0.9964606
PCOS/noninfected/Image_SetB462.jpg,0,5.6402454,0.9964606
PCOS/noninfected/Image_SetB463.jpg,0,-0.010802858,0.4972993
PCOS/noninfected/Image_SetB464.jpg,0,-0.010802858,0.4972993
PCOS/noninfected/Image_SetB465.jpg,0,5.860119,0.9971572
PCOS/noninfected/Image_SetB466.jpg,0,5.860119,0.9971572
PCOS/noninfected/Image_SetB467.jpg,0,-0.38297263,0.40541014
PCOS/noninfected/Image_SetB468.jpg,0,-0.38297263,0.40541014
PCOS/noninfected/Image_SetB469.jpg,0,0.12128696,0.53028464
PCOS/noninfected/Image_SetB470.jpg,0,0.12128696,0.53028464
PCOS/noninfected/Image_SetB471.jpg,0,1.4585261,0.8113072
PCOS/noninfected/Image_SetB472.jpg,0,1.4585261,0.8113072
PCOS/noninfected/Image_SetB473.jpg,0,2.6746235,0.93551254
PCOS/noninfected/Image_SetB474.jpg,0,2.6746235,0.93551254
PCOS/noninfected/Image_SetB475.jpg,0,-0.045642696,0.48859128
PCOS/noninfected/Image_SetB476.jpg,0,-0.045642696,0.48859128
PCOS/noninfected/Image_SetB477.jpg,0,-0.11811249,0.47050616
PCOS/noninfected/Image_SetB478.jpg,0,-0.11811249,0.47050616
PCOS/noninfected/Image_SetB479.jpg,0,0.17103532,0.5426549
PCOS/noninfected/Image_SetB480.jpg,0,0.17103532,0.5426549
PCOS/noninfected/Image_SetB481.jpg,0,-0.30211583,0.42504033
PCOS/noninfected/Image_SetB482.jpg,0,-0.30211583,0.42504033
PCOS/noninfected/Image_SetB483.jpg,0,5.6792564,0.99659556
PCOS/noninfected/Image_SetB484.jpg,0,5.6792564,0.99659556
PCOS/noninfected/Image_SetB485.jpg,0,0.49509874,0.62130684
PCOS/noninfected/Image_SetB486.jpg,0,0.49509874,0.62130684
PCOS/noninfected/Image_SetB487.jpg,0,-0.27377596,0.43198034
PCOS/noninfected/Image_SetB488.jpg,0,-0.27377596,0.43198034
PCOS/noninfected/Image_SetB489.jpg,0,0.11033497,0.52755576
PCOS/noninfected/Image_SetB490.jpg,0,0.11033497,0.52755576
PCOS/noninfected/Image_SetB491.jpg,0,6.40512,0.99834967
PCOS/noninfected/Image_SetB492.jpg,0,6.40512,0.99834967
PCOS/noninfected/Image_SetB493.jpg,0,-0.21494249,0.44647035
PCOS/noninfected/Image_SetB494.jpg,0,-0.21494249,0.44647035
PCOS/noninfected/Image_SetB495.jpg,0,4.6412544,0.99044657
PCOS/noninfected/Image_SetB496.jpg,0,4.6412544,0.99044657
PCOS/noninfected/Image_SetB497.jpg,0,-0.15956245,0.4601938
PCOS/noninfected/Image_SetB498.jpg,0,-0.15956245,0.4601938
PCOS/noninfected/Image_SetB499.jpg,0,0.22955903,0.5571391
PCOS/noninfected/Image_SetB500.jpg,0,0.22955903,0.5571391
PCOS/noninfected/Image_SetB501.jpg,0,-0.060952827,0.48476657
PCOS/noninfected/Image_SetB502.jpg,0,-0.060952827,0.48476657
PCOS/noninfected/Image_SetB503.jpg,0,0.22965173,0.5571619
PCOS/noninfected/Image_SetB504.jpg,0,0.22965173,0.5571619
PCOS/noninfected/Image_SetB505.jpg,0,0.50211465,0.62295616
PCOS/noninfected/Image_SetB506.jpg,0,0.50211465,0.62295616
PCOS/noninfected/Image_SetB507.jpg,0,0.4823668,0.61830664
PCOS/noninfected/Image_SetB508.jpg,0,0.4823668,0.61830664
PCOS/noninfected/Image_SetB509.jpg,0,7.2150245,0.99926513
PCOS/noninfected/Image_SetB510.jpg,0,7.2150245,0.99926513
PCOS/noninfected/Image_SetB511.jpg,0,1.8954477,0.86937547
PCOS/noninfected/Image_SetB512.jpg,0,1.8954477,0.86937547
PCOS/noninfected/Image_SetB513.jpg,0,-0.57039875,0.36114484
PCOS/noninfected/Image_SetB514.jpg,0,-0.57039875,0.36114484
PCOS/noninfected/Image_SetB515.jpg,0,-0.1698707,0.45763415
PCOS/noninfected/Image_SetB516.jpg,0,-0.1698707,0.45763415
PCOS/noninfected/Image_SetB517.jpg,0,0.054240324,0.5135567
PCOS/noninfected/Image_SetB518.jpg,0,0.054240324,0.5135567
PCOS/noninfected/Image_SetB519.jpg,0,-0.15090702,0.46234468
PCOS/noninfected/Image_SetB520.jpg,0,-0.15090702,0.46234468
PCOS/noninfected/Image_SetB521.jpg,0,0.14511982,0.5362164
PCOS/noninfected/Image_SetB522.jpg,0,0.14511982,0.5362164
PCOS/noninfected/Image_SetB523.jpg,0,6.88643,0.9989795
PCOS/noninfected/Image_SetB524.jpg,0,6.88643,0.9989795
PCOS/noninfected/Image_SetB525.jpg,0,-0.30058122,0.4254154
PCOS/noninfected/Image_SetB526.jpg,0,-0.30058122,0.4254154
PCOS/noninfected/Image_SetB527.jpg,0,7.7607226,0.999574
PCOS/noninfected/Image_SetB528.jpg,0,7.7607226,0.999574
PCOS/noninfected/Image_SetB529.jpg,0,7.7148695,0.999554
PCOS/noninfected/Image_SetB530.jpg,0,7.7148695,0.999554
PCOS/noninfected/Image_SetB531.jpg,0,5.025028,0.9934715
PCOS/noninfected/Image_SetB532.jpg,0,5.025028,0.9934715
PCOS/noninfected/Image_SetB533.jpg,0,6.452042,0.99842525
PCOS/noninfected/Image_SetB534.jpg,0,6.452042,0.99842525
PCOS/noninfected/Image_SetB535.jpg,0,0.24573793,0.5611272
PCOS/noninfected/Image_SetB536.jpg,0,0.24573793,0.5611272
PCOS/noninfected/Image_SetB537.jpg,0,0.25599778,0.5636522
PCOS/noninfected/Image_SetB538.jpg,0,0.25599778,0.5636522
PCOS/noninfected/Image_SetB539.jpg,0,7.379217,0.99937636
PCOS/noninfected/Image_SetB540.jpg,0,7.379217,0.99937636
PCOS/noninfected/Image_SetB541.jpg,0,7.371915,0.9993717
PCOS/noninfected/Image_SetB542.jpg,0,7.371915,0.9993717
PCOS/noninfected/Image_SetB543.jpg,0,2.0666916,0.88762337
PCOS/noninfected/Image_SetB544.jpg,0,2.0666916,0.88762337
PCOS/noninfected/Image_SetB545.jpg,0,0.21597798,0.5537856
PCOS/noninfected/Image_SetB546.jpg,0,0.21597798,0.5537856
PCOS/noninfected/Image_SetB547.jpg,0,10.671462,0.99997675
PCOS/noninfected/Image_SetB548.jpg,0,10.671462,0.99997675
PCOS/noninfected/Image_SetB549.jpg,0,0.7050235,0.6693006
PCOS/noninfected/Image_SetB550.jpg,0,0.7050235,0.6693006
PCOS/noninfected/Image_SetB551.jpg,0,0.061214454,0.51529884
PCOS/noninfected/Image_SetB552.jpg,0,0.061214454,0.51529884
PCOS/noninfected/Image_SetB553.jpg,0,0.41219202,0.60161334
PCOS/noninfected/Image_SetB554.jpg,0,0.41219202,0.60161334
PCOS/noninfected/Image_SetB555.jpg,0,5.1489487,0.994228
PCOS/noninfected/Image_SetB556.jpg,0,5.1489487,0.994228
PCOS/noninfected/Image_SetB557.jpg,0,-0.04435847,0.48891214
PCOS/noninfected/Image_SetB558.jpg,0,-0.04435847,0.48891214
PCOS/noninfected/Image_SetB559.jpg,0,-0.3915751,0.40333816
PCOS/noninfected/Image_SetB560.jpg,0,-0.3915751,0.40333816
PCOS/noninfected/Image_SetB561.jpg,0,0.8434369,0.6991886
PCOS/noninfected/Image_SetB562.jpg,0,0.8434369,0.6991886
PCOS/noninfected/Image_SetB563.jpg,0,-0.32757425,0.41883096
PCOS/noninfected/Image_SetB564.jpg,0,-0.32757425,0.41883096
PCOS/noninfected/Image_SetB565.jpg,0,6.323877,0.9982102
PCOS/noninfected/Image_SetB566.jpg,0,6.323877,0.9982102
PCOS/noninfected/Image_SetB567.jpg,0,5.37647,0.99539715
PCOS/noninfected/Image_SetB568.jpg,0,5.37647,0.99539715
PCOS/noninfected/Image_SetB569.jpg,0,-0.05932582,0.48517287
PCOS/noninfected/Image_SetB570.jpg,0,-0.05932582,0.48517287
PCOS/noninfected/Image_SetB571.jpg,0,-0.27649,0.4313145
PCOS/noninfected/Image_SetB572.jpg,0,-0.27649,0.4313145
PCOS/noninfected/Image_SetB573.jpg,0,-0.19374512,0.45171466
PCOS/noninfected/Image_SetB574.jpg,0,-0.19374512,0.45171466
PCOS/noninfected/Image_SetB575.jpg,0,-0.25018227,0.43777868
PCOS/noninfected/Image_SetB576.jpg,0,-0.25018227,0.43777868
PCOS/noninfected/Image_SetB577.jpg,0,7.816027,0.999597
PCOS/noninfected/Image_SetB578.jpg,0,7.816027,0.999597
PCOS/noninfected/Image_SetB579.jpg,0,0.69169825,0.6663446
PCOS/noninfected/Image_SetB580.jpg,0,0.69169825,0.6663446
PCOS/noninfected/Image_SetB581.jpg,0,-0.13660866,0.46590084
PCOS/noninfected/Image_SetB582.jpg,0,-0.13660866,0.46590084
PCOS/noninfected/Image_SetB583.jpg,0,6.7801266,0.9988651
PCOS/noninfected/Image_SetB584.jpg,0,6.7801266,0.9988651
PCOS/noninfected/Image_SetB585.jpg,0,5.825367,0.99705696
PCOS/noninfected/Image_SetB586.jpg,0,5.825367,0.99705696
PCOS/noninfected/Image_SetB587.jpg,0,0.38649544,0.5954388
PCOS/noninfected/Image_SetB588.jpg,0,0.38649544,0.5954388
PCOS/noninfected/Image_SetB589.jpg,0,6.93252,0.99902546
PCOS/noninfected/Image_SetB590.jpg,0,6.93252,0.99902546
PCOS/noninfected/Image_SetB591.jpg,0,-0.2414349,0.43993276
PCOS/noninfected/Image_SetB592.jpg,0,-0.2414349,0.43993276
PCOS/noninfected/Image_SetB593.jpg,0,0.61466825,0.64900494
PCOS/noninfected/Image_SetB594.jpg,0,0.61466825,0.64900494
PCOS/noninfected/Image_SetB595.jpg,0,-0.3380982,0.41627154
PCOS/noninfected/Image_SetB596.jpg,0,-0.3380982,0.41627154
PCOS/noninfected/Image_SetB597.jpg,0,-0.07036304,0.48241654
PCOS/noninfected/Image_SetB598.jpg,0,-0.07036304,0.48241654
PCOS/noninfected/Image_SetB599.jpg,0,0.093264475,0.5232992
PCOS/noninfected/Image_SetB600.jpg,0,0.093264475,0.5232992
PCOS/noninfected/Image_SetB601.jpg,0,0.13286187,0.5331667
PCOS/noninfected/Image_SetB602.jpg,0,0.13286187,0.5331667
PCOS/noninfected/Image_SetB603.jpg,0,6.834347,0.9989249
PCOS/noninfected/Image_SetB604.jpg,0,6.834347,0.9989249
PCOS/noninfected/Image_SetB605.jpg,0,-0.20531453,0.44885093
PCOS/noninfected/Image_SetB606.jpg,0,-0.20531453,0.44885093
PCOS/noninfected/Image_SetB607.jpg,0,-0.41515955,0.3976756
PCOS/noninfected/Image_SetB608.jpg,0,-0.41515955,0.3976756
PCOS/noninfected/Image_SetB609.jpg,0,-0.41785708,0.39702967
PCOS/noninfected/Image_SetB610.jpg,0,-0.41785708,0.39702967
PCOS/noninfected/Image_SetB611.jpg,0,8.868112,0.9998592
PCOS/noninfected/Image_SetB612.jpg,0,8.868112,0.9998592
PCOS/noninfected/Image_SetB613.jpg,0,-0.49618545,0.37843752
PCOS/noninfected/Image_SetB614.jpg,0,-0.49618545,0.37843752
PCOS/noninfected/Image_SetB615.jpg,0,8.163249,0.99971515
PCOS/noninfected/Image_SetB616.jpg,0,8.163249,0.99971515
PCOS/noninfected/Image_SetB617.jpg,0,2.1671734,0.89726275
PCOS/noninfected/Image_SetB618.jpg,0,2.1671734,0.89726275
PCOS/noninfected/Image_SetB619.jpg,0,0.14059386,0.5350907
PCOS/noninfected/Image_SetB620.jpg,0,0.14059386,0.5350907
PCOS/noninfected/Image_SetB621.jpg,0,-0.278644,0.43078628
PCOS/noninfected/Image_SetB622.jpg,0,-0.278644,0.43078628
PCOS/noninfected/Image_SetB623.jpg,0,0.16114053,0.5401982
PCOS/noninfected/Image_SetB624.jpg,0,0.16114053,0.5401982
PCOS/noninfected/Image_SetB625.jpg,0,0.22185683,0.5552378
PCOS/noninfected/Image_SetB626.jpg,0,0.22185683,0.5552378
PCOS/noninfected/Image_SetB627.jpg,0,0.10818331,0.5270195
PCOS/noninfected/Image_SetB628.jpg,0,0.10818331,0.5270195
PCOS/noninfected/Image_SetB629.jpg,0,-0.3917946,0.40328535
PCOS/noninfected/Image_SetB630.jpg,0,-0.3917946,0.40328535
PCOS/noninfected/Image_SetB631.jpg,0,0.10288408,0.52569836
PCOS/noninfected/Image_SetB632.jpg,0,0.10288408,0.52569836
PCOS/noninfected/Image_SetB633.jpg,0,4.0707736,0.98322207
PCOS/noninfected/Image_SetB634.jpg,0,4.0707736,0.98322207
PCOS/noninfected/Image_SetB635.jpg,0,7.5626125,0.9994808
PCOS/noninfected/Image_SetB636.jpg,0,7.5626125,0.9994808
PCOS/noninfected/Image_SetB637.jpg,0,0.38287726,0.5945669
PCOS/noninfected/Image_SetB638.jpg,0,0.38287726,0.5945669
PCOS/noninfected/Image_SetB639.jpg,0,-0.31497172,0.42190164
PCOS/noninfected/Image_SetB640.jpg,0,-0.31497172,0.42190164
PCOS/noninfected/Image_SetB641.jpg,0,7.3303576,0.9993451
PCOS/noninfected/Image_SetB642.jpg,0,7.3303576,0.9993451
PCOS/noninfected/Image_SetB643.jpg,0,0.7077518,0.6699042
PCOS/noninfected/Image_SetB644.jpg,0,0.7077518,0.6699042
PCOS/noninfected/Image_SetB645.jpg,0,1.7211611,0.8482784
PCOS/noninfected/Image_SetB646.jpg,0,1.7211611,0.8482784
PCOS/noninfected/Image_SetB647.jpg,0,-0.097251564,0.47570625
PCOS/noninfected/Image_SetB648.jpg,0,-0.097251564,0.47570625
PCOS/noninfected/Image_SetB649.jpg,0,0.7127054,0.6709987
PCOS/noninfected/Image_SetB650.jpg,0,0.7127054,0.6709987
PCOS/noninfected/Image_SetB651.jpg,0,0.0054997206,0.5013749
PCOS/noninfected/Image_SetB652.jpg,0,0.0054997206,0.5013749
PCOS/noninfected/Image_SetB653.jpg,0,-0.021410348,0.4946476
PCOS/noninfected/Image_SetB654.jpg,0,-0.021410348,0.4946476
PCOS/noninfected/Image_SetB655.jpg,0,3.87785,0.9797243
PCOS/noninfected/Image_SetB656.jpg,0,3.87785,0.9797243
PCOS/noninfected/Image_SetB657.jpg,0,-0.090649344,0.47735322
PCOS/noninfected/Image_SetB658.jpg,0,-0.090649344,0.47735322
PCOS/noninfected/Image_SetB659.jpg,0,4.905253,0.99264693
PCOS/noninfected/Image_SetB660.jpg,0,4.905253,0.99264693
PCOS/noninfected/Image_SetB661.jpg,0,-0.7562431,0.3194625
PCOS/noninfected/Image_SetB662.jpg,0,-0.7562431,0.3194625
PCOS/noninfected/Image_SetB663.jpg,0,6.6858025,0.9987531
PCOS/noninfected/Image_SetB664.jpg,0,6.6858025,0.9987531
PCOS/noninfected/Image_SetB665.jpg,0,0.6032315,0.64639527
PCOS/noninfected/Image_SetB666.jpg,0,0.6032315,0.64639527
PCOS/noninfected/Image_SetB667.jpg,0,0.8059959,0.6912556
PCOS/noninfected/Image_SetB668.jpg,0,0.8059959,0.6912556
PCOS/noninfected/Image_SetB669.jpg,0,1.442104,0.80878025
PCOS/noninfected/Image_SetB670.jpg,0,1.442104,0.80878025
PCOS/noninfected/Image_SetB671.jpg,0,-1.3181973,0.21111837
PCOS/noninfected/Image_SetB672.jpg,0,-1.3181973,0.21111837
PCOS/noninfected/Image_SetB673.jpg,0,-0.6105473,0.35193437
PCOS/noninfected/Image_SetB674.jpg,0,-0.6105473,0.35193437
PCOS/noninfected/Image_SetB675.jpg,0,-0.11292681,0.47179827
PCOS/noninfected/Image_SetB676.jpg,0,-0.11292681,0.47179827
PCOS/noninfected/Image_SetB677.jpg,0,6.1910534,0.9979565
PCOS/noninfected/Image_SetB678.jpg,0,6.1910534,0.9979565
PCOS/noninfected/Image_SetB679.jpg,0,-0.08413261,0.4789792
PCOS/noninfected/Image_SetB680.jpg,0,-0.08413261,0.4789792
PCOS/noninfected/Image_SetB681.jpg,0,0.23940772,0.5595677
PCOS/noninfected/Image_SetB682.jpg,0,0.23940772,0.5595677
PCOS/noninfected/Image_SetB683.jpg,0,-0.075692184,0.481086
PCOS/noninfected/Image_SetB684.jpg,0,-0.075692184,0.481086
PCOS/noninfected/Image_SetB685.jpg,0,-0.3367491,0.41659936
PCOS/noninfected/Image_SetB686.jpg,0,-0.3367491,0.41659936
PCOS/noninfected/Image_SetB687.jpg,0,4.500276,0.9890161
PCOS/noninfected/Image_SetB688.jpg,0,4.500276,0.9890161
PCOS/noninfected/Image_SetB689.jpg,0,8.400136,0.99977523
PCOS/noninfected/Image_SetB690.jpg,0,8.400136,0.99977523
PCOS/noninfected/Image_SetB691.jpg,0,-0.25003704,0.4378144
PCOS/noninfected/Image_SetB692.jpg,0,-0.25003704,0.4378144
PCOS/noninfected/Image_SetB693.jpg,0,0.08341017,0.5208404
PCOS/noninfected/Image_SetB694.jpg,0,0.08341017,0.5208404
PCOS/noninfected/Image_SetB695.jpg,0,0.30468866,0.57558835
PCOS/noninfected/Image_SetB696.jpg,0,0.30468866,0.57558835
PCOS/noninfected/Image_SetB697.jpg,0,-0.059056118,0.48524022
PCOS/noninfected/Image_SetB698.jpg,0,-0.059056118,0.48524022
PCOS/noninfected/Image_SetB699.jpg,0,-0.11364567,0.4716191
PCOS/noninfected/Image_SetB700.jpg,0,-0.11364567,0.4716191
PCOS/noninfected/Image_SetB701.jpg,0,-0.27189454,0.43244207
PCOS/noninfected/Image_SetB702.jpg,0,-0.27189454,0.43244207
PCOS/noninfected/Image_SetB703.jpg,0,0.1194237,0.52982044
PCOS/noninfected/Image_SetB704.jpg,0,0.1194237,0.52982044
PCOS/noninfected/Image_SetB705.jpg,0,0.51921344,0.62696385
PCOS/noninfected/Image_SetB706.jpg,0,0.51921344,0.62696385
PCOS/noninfected/Image_SetB707.jpg,0,0.30583742,0.5758689
PCOS/noninfected/Image_SetB708.jpg,0,0.30583742,0.5758689
PCOS/noninfected/Image_SetB709.jpg,0,-0.40241423,0.40073243
PCOS/noninfected/Image_SetB710.jpg,0,-0.40241423,0.40073243
PCOS/noninfected/Image_SetB711.jpg,0,0.15959577,0.5398145
PCOS/noninfected/Image_SetB712.jpg,0,0.15959577,0.5398145
PCOS/noninfected/Image_SetB713.jpg,0,-0.10988054,0.4725575
PCOS/noninfected/Image_SetB714.jpg,0,-0.10988054,0.4725575
PCOS/noninfected/Image_SetB715.jpg,0,-0.22803321,0.44323742
PCOS/noninfected/Image_SetB716.jpg,0,-0.22803321,0.44323742
PCOS/noninfected/Image_SetB717.jpg,0,-0.2921573,0.42747578
PCOS/noninfected/Image_SetB718.jpg,0,-0.2921573,0.42747578
PCOS/noninfected/Image_SetB719.jpg,0,0.095918454,0.52396125
PCOS/noninfected/Image_SetB720.jpg,0,0.095918454,0.52396125
PCOS/noninfected/Image_SetB721.jpg,0,2.3133864,0.90997964
PCOS/noninfected/Image_SetB722.jpg,0,2.3133864,0.90997964
PCOS/noninfected/Image_SetB723.jpg,0,9.95938,0.9999527
PCOS/noninfected/Image_SetB724.jpg,0,9.95938,0.9999527
PCOS/noninfected/Image_SetB725.jpg,0,-0.055532187,0.48612055
PCOS/noninfected/Image_SetB726.jpg,0,-0.055532187,0.48612055
PCOS/noninfected/Image_SetB727.jpg,0,6.306019,0.998178
PCOS/noninfected/Image_SetB728.jpg,0,6.306019,0.998178
PCOS/noninfected/Image_SetB729.jpg,0,-0.2838944,0.42949927
PCOS/noninfected/Image_SetB730.jpg,0,-0.2838944,0.42949927
PCOS/noninfected/Image_SetB731.jpg,0,2.4651039,0.92165893
PCOS/noninfected/Image_SetB732.jpg,0,2.4651039,0.92165893
PCOS/noninfected/Image_SetB733.jpg,0,10.631505,0.9999758
PCOS/noninfected/Image_SetB734.jpg,0,10.631505,0.9999758
PCOS/noninfected/Image_SetB735.jpg,0,7.168562,0.99923015
PCOS/noninfected/Image_SetB736.jpg,0,7.168562,0.99923015
PCOS/noninfected/Image_SetB737.jpg,0,6.3887663,0.9983224
PCOS/noninfected/Image_SetB738.jpg,0,6.3887663,0.9983224
PCOS/noninfected/Image_SetB739.jpg,0,0.07079703,0.5176919
PCOS/noninfected/Image_SetB740.jpg,0,0.07079703,0.5176919
PCOS/noninfected/Image_SetB741.jpg,0,6.909296,0.9990025
PCOS/noninfected/Image_SetB742.jpg,0,6.909296,0.9990025
PCOS/noninfected/Image_SetB743.jpg,0,0.1275925,0.5318549
PCOS/noninfected/Image_SetB744.jpg,0,0.1275925,0.5318549
PCOS/noninfected/Image_SetB745.jpg,0,-0.4050159,0.40010783
PCOS/noninfected/Image_SetB746.jpg,0,-0.4050159,0.40010783
PCOS/noninfected/Image_SetB747.jpg,0,0.6128931,0.64860046
PCOS/noninfected/Image_SetB748.jpg,0,0.6128931,0.64860046
PCOS/noninfected/Image_SetB749.jpg,0,-0.05811906,0.48547432
PCOS/noninfected/Image_SetB750.jpg,0,-0.05811906,0.48547432
PCOS/noninfected/Image_SetB751.jpg,0,7.6448517,0.99952173
PCOS/noninfected/Image_SetB752.jpg,0,7.6448517,0.99952173
PCOS/noninfected/Image_SetB753.jpg,0,-0.2570849,0.43608043
PCOS/noninfected/Image_SetB754.jpg,0,-0.2570849,0.43608043
PCOS/noninfected/Image_SetB755.jpg,0,1.5012088,0.8177547
PCOS/noninfected/Image_SetB756.jpg,0,1.5012088,0.8177547
PCOS/noninfected/Image_SetB757.jpg,0,0.10635906,0.5265647
PCOS/noninfected/Image_SetB758.jpg,0,0.10635906,0.5265647
PCOS/noninfected/Image_SetB759.jpg,0,1.9855471,0.8792712
PCOS/noninfected/Image_SetB760.jpg,0,1.9855471,0.8792712
PCOS/noninfected/Image_SetB761.jpg,0,-0.35370538,0.41248417
PCOS/noninfected/Image_SetB762.jpg,0,-0.35370538,0.41248417
PCOS/noninfected/Image_SetB763.jpg,0,-0.11643417,0.4709243
PCOS/noninfected/Image_SetB764.jpg,0,-0.11643417,0.4709243
PCOS/noninfected/Image_SetB765.jpg,0,-0.06197551,0.4845111
PCOS/noninfected/Image_SetB766.jpg,0,-0.06197551,0.4845111
PCOS/noninfected/Image_SetB767.jpg,0,-0.2585684,0.43571568
PCOS/noninfected/Image_SetB768.jpg,0,-0.2585684,0.43571568
PCOS/noninfected/Image_SetB769.jpg,0,0.8171496,0.69363093
PCOS/noninfected/Image_SetB770.jpg,0,0.8171496,0.69363093
PCOS/noninfected/Image_SetB771.jpg,0,0.042813644,0.5107018
PCOS/noninfected/Image_SetB772.jpg,0,0.042813644,0.5107018
PCOS/noninfected/Image_SetB773.jpg,0,4.903552,0.9926345
PCOS/noninfected/Image_SetB774.jpg,0,4.903552,0.9926345
PCOS/noninfected/Image_SetB775.jpg,0,0.101808116,0.5254301
PCOS/noninfected/Image_SetB776.jpg,0,0.101808116,0.5254301
PCOS/noninfected/Image_SetB777.jpg,0,-0.18844596,0.45302746
PCOS/noninfected/Image_SetB778.jpg,0,-0.18844596,0.45302746
PCOS/noninfected/Image_SetB779.jpg,0,-0.11557427,0.47113857
PCOS/noninfected/Image_SetB780.jpg,0,-0.11557427,0.47113857
PCOS/noninfected/Image_SetB781.jpg,0,-0.21711141,0.44593433
PCOS/noninfected/Image_SetB782.jpg,0,-0.21711141,0.44593433
PCOS/noninfected/Image_SetB783.jpg,0,4.518491,0.98921216
PCOS/noninfected/Image_SetB784.jpg,0,4.518491,0.98921216
PCOS/noninfected/Image_SetB785.jpg,0,-0.36255047,0.4103423
PCOS/noninfected/Image_SetB786.jpg,0,-0.36255047,0.4103423
PCOS/noninfected/Image_SetB787.jpg,0,1.6081551,0.8331551
PCOS/noninfected/Image_SetB788.jpg,0,1.6081551,0.8331551
PCOS/noninfected/Image_SetB789.jpg,0,2.7311873,0.93884206
PCOS/noninfected/Image_SetB790.jpg,0,2.7311873,0.93884206
PCOS/noninfected/Image_SetB791.jpg,0,0.8017337,0.69034517
PCOS/noninfected/Image_SetB792.jpg,0,0.8017337,0.69034517
PCOS/noninfected/Image_SetB793.jpg,0,5.6023207,0.9963243
PCOS/noninfected/Image_SetB794.jpg,0,5.6023207,0.9963243
PCOS/noninfected/Image_SetB795.jpg,0,2.9270735,0.9491686
PCOS/noninfected/Image_SetB796.jpg,0,2.9270735,0.9491686
PCOS/noninfected/Image_SetB797.jpg,0,-0.31219038,0.42258015
PCOS/noninfected/Image_SetB798.jpg,0,-0.31219038,0.42258015
PCOS/noninfected/Image_SetB799.jpg,0,4.6278157,0.99031854
PCOS/noninfected/Image_SetB800.jpg,0,4.6278157,0.99031854
PCOS/noninfected/Image_SetB801.jpg,0,-0.2842439,0.42941362
PCOS/noninfected/Image_SetB802.jpg,0,-0.2842439,0.42941362
PCOS/noninfected/Image_SetB803.jpg,0,-0.32116842,0.42039102
PCOS/noninfected/Image_SetB804.jpg,0,-0.32116842,0.42039102
PCOS/noninfected/Image_SetB805.jpg,0,6.965081,0.99905664
PCOS/noninfected/Image_SetB806.jpg,0,6.965081,0.99905664
PCOS/noninfected/Image_SetB807.jpg,0,-0.038223468,0.49044532
PCOS/noninfected/Image_SetB808.jpg,0,-0.038223468,0.49044532
PCOS/noninfected/Image_SetB809.jpg,0,0.063569225,0.51588696
PCOS/noninfected/Image_SetB810.jpg,0,0.063569225,0.51588696
PCOS/noninfected/Image_SetB811.jpg,0,1.6797237,0.842868
PCOS/noninfected/Image_SetB812.jpg,0,1.6797237,0.842868
PCOS/noninfected/Image_SetB813.jpg,0,4.450454,0.9884615
PCOS/noninfected/Image_SetB814.jpg,0,4.450454,0.9884615
PCOS/noninfected/Image_SetB815.jpg,0,-0.15286243,0.46185863
PCOS/noninfected/Image_SetB816.jpg,0,-0.15286243,0.46185863
PCOS/noninfected/Image_SetB817.jpg,0,-0.10306919,0.47425547
PCOS/noninfected/Image_SetB818.jpg,0,-0.10306919,0.47425547
PCOS/noninfected/Image_SetB819.jpg,0,-0.89273876,0.29054496
PCOS/noninfected/Image_SetB820.jpg,0,-0.89273876,0.29054496
PCOS/noninfected/Image_SetB821.jpg,0,-0.096562415,0.47587812
PCOS/noninfected/Image_SetB822.jpg,0,-0.096562415,0.47587812
PCOS/noninfected/Image_SetB823.jpg,0,5.189314,0.99445516
PCOS/noninfected/Image_SetB824.jpg,0,5.189314,0.99445516
PCOS/noninfected/Image_SetB825.jpg,0,3.9480753,0.9810734
PCOS/noninfected/Image_SetB826.jpg,0,3.9480753,0.9810734
PCOS/noninfected/Image_SetB827.jpg,0,0.9230899,0.7156713
PCOS/noninfected/Image_SetB828.jpg,0,0.9230899,0.7156713
PCOS/noninfected/Image_SetB829.jpg,0,0.053229935,0.5133043
PCOS/noninfected/Image_SetB830.jpg,0,0.053229935,0.5133043
PCOS/noninfected/Image_SetB831.jpg,0,1.5859996,0.83005255
PCOS/noninfected/Image_SetB832.jpg,0,1.5859996,0.83005255
PCOS/noninfected/Image_SetB833.jpg,0,9.974397,0.9999534
PCOS/noninfected/Image_SetB834.jpg,0,9.974397,0.9999534
PCOS/noninfected/Image_SetB835.jpg,0,-0.27563933,0.4315232
PCOS/noninfected/Image_SetB836.jpg,0,-0.27563933,0.4315232
PCOS/noninfected/Image_SetB837.jpg,0,-0.28687385,0.42876938
PCOS/noninfected/Image_SetB838.jpg,0,-0.28687385,0.42876938
PCOS/noninfected/Image_SetB839.jpg,0,5.789877,0.996951
PCOS/noninfected/Image_SetB840.jpg,0,5.789877,0.996951
PCOS/noninfected/Image_SetB841.jpg,0,-0.20899719,0.44794002
PCOS/noninfected/Image_SetB842.jpg,0,-0.20899719,0.44794002
PCOS/noninfected/Image_SetB843.jpg,0,-0.120179474,0.46999127
PCOS/noninfected/Image_SetB844.jpg,0,-0.120179474,0.46999127
PCOS/noninfected/Image_SetB845.jpg,0,-0.15309064,0.46180192
PCOS/noninfected/Image_SetB846.jpg,0,-0.15309064,0.46180192
PCOS/noninfected/Image_SetB847.jpg,0,1.6572249,0.8398651
PCOS/noninfected/Image_SetB848.jpg,0,1.6572249,0.8398651
PCOS/noninfected/Image_SetB849.jpg,0,-0.19427666,0.45158303
PCOS/noninfected/Image_SetB850.jpg,0,-0.19427666,0.45158303
PCOS/noninfected/Image_SetB851.jpg,0,0.148645,0.537093
PCOS/noninfected/Image_SetB852.jpg,0,0.148645,0.537093
PCOS/noninfected/Image_SetB853.jpg,0,-0.25836483,0.43576568
PCOS/noninfected/Image_SetB854.jpg,0,-0.25836483,0.43576568
PCOS/noninfected/Image_SetB855.jpg,0,2.5925565,0.930381
PCOS/noninfected/Image_SetB856.jpg,0,2.5925565,0.930381
PCOS/noninfected/Image_SetB857.jpg,0,-0.45464548,0.38825682
PCOS/noninfected/Image_SetB858.jpg,0,-0.45464548,0.38825682
PCOS/noninfected/Image_SetB859.jpg,0,0.08673355,0.5216698
PCOS/noninfected/Image_SetB860.jpg,0,0.08673355,0.5216698
PCOS/noninfected/Image_SetB861.jpg,0,-0.331747,0.41781563
PCOS/noninfected/Image_SetB862.jpg,0,-0.331747,0.41781563
PCOS/noninfected/Image_SetB863.jpg,0,4.6170883,0.9902152
PCOS/noninfected/Image_SetB864.jpg,0,4.6170883,0.9902152
PCOS/noninfected/Image_SetB865.jpg,0,-0.19413842,0.45161724
PCOS/noninfected/Image_SetB866.jpg,0,-0.19413842,0.45161724
PCOS/noninfected/Image_SetB867.jpg,0,-0.24170372,0.4398665
PCOS/noninfected/Image_SetB868.jpg,0,-0.24170372,0.4398665
PCOS/noninfected/Image_SetB869.jpg,0,1.3883767,0.8003329
PCOS/noninfected/Image_SetB870.jpg,0,1.3883767,0.8003329
PCOS/noninfected/Image_SetB871.jpg,0,0.13293739,0.5331855
PCOS/noninfected/Image_SetB872.jpg,0,0.13293739,0.5331855
PCOS/noninfected/Image_SetB873.jpg,0,1.9745853,0.8781028
PCOS/noninfected/Image_SetB874.jpg,0,1.9745853,0.8781028
PCOS/noninfected/Image_SetB875.jpg,0,0.039285563,0.5098201
PCOS/noninfected/Image_SetB876.jpg,0,0.039285563,0.5098201
PCOS/noninfected/Image_SetB877.jpg,0,1.4619203,0.81182617
PCOS/noninfected/Image_SetB878.jpg,0,1.4619203,0.81182617
PCOS/noninfected/Image_SetB879.jpg,0,1.8885474,0.8685899
PCOS/noninfected/Image_SetB880.jpg,0,1.8885474,0.8685899
PCOS/noninfected/Image_SetB881.jpg,0,0.7581987,0.68096256
PCOS/noninfected/Image_SetB882.jpg,0,0.7581987,0.68096256
PCOS/noninfected/Image_SetB883.jpg,0,2.056893,0.88664234
PCOS/noninfected/Image_SetB884.jpg,0,2.056893,0.88664234
PCOS/noninfected/Image_SetB885.jpg,0,-0.05869609,0.4853302
PCOS/noninfected/Image_SetB886.jpg,0,-0.05869609,0.4853302
PCOS/noninfected/Image_SetB887.jpg,0,-0.08714886,0.47822654
PCOS/noninfected/Image_SetB888.jpg,0,-0.08714886,0.47822654
PCOS/noninfected/Image_SetB889.jpg,0,-0.008039048,0.49799025
PCOS/noninfected/Image_SetB890.jpg,0,-0.008039048,0.49799025
PCOS/noninfected/Image_SetB891.jpg,0,2.2314038,0.9030344
PCOS/noninfected/Image_SetB892.jpg,0,2.2314038,0.9030344
PCOS/noninfected/Image_SetB893.jpg,0,-0.05160609,0.48710135
PCOS/noninfected/Image_SetB894.jpg,0,-0.05160609,0.48710135
PCOS/noninfected/Image_SetB895.jpg,0,0.18204795,0.54538673
PCOS/noninfected/Image_SetB896.jpg,0,0.18204795,0.54538673
PCOS/noninfected/Image_SetB897.jpg,0,-0.5089614,0.375437
PCOS/noninfected/Image_SetB898.jpg,0,-0.5089614,0.375437
PCOS/noninfected/Image_SetB899.jpg,0,8.47664,0.9997918
PCOS/noninfected/Image_SetB900.jpg,0,8.47664,0.9997918
PCOS/noninfected/Image_SetB901.jpg,0,0.9337866,0.7178428
PCOS/noninfected/Image_SetB902.jpg,0,0.9337866,0.7178428
PCOS/noninfected/Image_SetB903.jpg,0,0.19412155,0.5483785
PCOS/noninfected/Image_SetB904.jpg,0,0.19412155,0.5483785
PCOS/noninfected/Image_SetB905.jpg,0,-0.30600783,0.42408943
PCOS/noninfected/Image_SetB906.jpg,0,-0.30600783,0.42408943
PCOS/noninfected/Image_SetB907.jpg,0,4.648078,0.9905109
PCOS/noninfected/Image_SetB908.jpg,0,4.648078,0.9905109
PCOS/noninfected/Image_SetB909.jpg,0,-0.21005854,0.4476776
PCOS/noninfected/Image_SetB910.jpg,0,-0.21005854,0.4476776
PCOS/noninfected/Image_SetB911.jpg,0,0.778053,0.6852603
PCOS/noninfected/Image_SetB912.jpg,0,0.778053,0.6852603
PCOS/noninfected/Image_SetB913.jpg,0,0.22115001,0.55506325
PCOS/noninfected/Image_SetB914.jpg,0,0.22115001,0.55506325
PCOS/noninfected/Image_SetB915.jpg,0,0.5396492,0.6317308
PCOS/noninfected/Image_SetB916.jpg,0,0.5396492,0.6317308
PCOS/noninfected/Image_SetB917.jpg,0,7.777732,0.99958116
PCOS/noninfected/Image_SetB918.jpg,0,7.777732,0.99958116
PCOS/noninfected/Image_SetB919.jpg,0,8.604655,0.99981683
PCOS/noninfected/Image_SetB920.jpg,0,8.604655,0.99981683
PCOS/noninfected/Image_SetB921.jpg,0,0.5948696,0.64448166
PCOS/noninfected/Image_SetB922.jpg,0,0.5948696,0.64448166
PCOS/noninfected/Image_SetB923.jpg,0,0.10156038,0.5253683
PCOS/noninfected/Image_SetB924.jpg,0,0.10156038,0.5253683
PCOS/noninfected/Image_SetB925.jpg,0,0.071377635,0.51783687
PCOS/noninfected/Image_SetB926.jpg,0,0.071377635,0.51783687
PCOS/noninfected/Image_SetB927.jpg,0,-0.2374571,0.4409131
PCOS/noninfected/Image_SetB928.jpg,0,-0.2374571,0.4409131
PCOS/noninfected/Image_SetB929.jpg,0,-0.3276772,0.41880587
PCOS/noninfected/Image_SetB930.jpg,0,-0.3276772,0.41880587
PCOS/noninfected/Image_SetB931.jpg,0,2.059063,0.88686013
PCOS/noninfected/Image_SetB932.jpg,0,2.059063,0.88686013
PCOS/noninfected/Image_SetB933.jpg,0,0.09796763,0.52447236
PCOS/noninfected/Image_SetB934.jpg,0,0.09796763,0.52447236
PCOS/noninfected/Image_SetB935.jpg,0,-0.046553805,0.48836365
PCOS/noninfected/Image_SetB936.jpg,0,-0.046553805,0.48836365
PCOS/noninfected/Image_SetB937.jpg,0,0.016920423,0.50422996
PCOS/noninfected/Image_SetB938.jpg,0,0.016920423,0.50422996
PCOS/noninfected/Image_SetB939.jpg,0,-0.2690487,0.4331407
PCOS/noninfected/Image_SetB940.jpg,0,-0.2690487,0.4331407
PCOS/noninfected/Image_SetB941.jpg,0,-0.12319934,0.46923906
PCOS/noninfected/Image_SetB942.jpg,0,-0.12319934,0.46923906
PCOS/noninfected/Image_SetB943.jpg,0,-0.11050017,0.47240302
PCOS/noninfected/Image_SetB944.jpg,0,-0.11050017,0.47240302
PCOS/noninfected/Image_SetB945.jpg,0,-0.21252808,0.44706705
PCOS/noninfected/Image_SetB946.jpg,0,-0.21252808,0.44706705
PCOS/noninfected/Image_SetB947.jpg,0,2.570364,0.92892975
PCOS/noninfected/Image_SetB948.jpg,0,2.570364,0.92892975
PCOS/noninfected/Image_SetB949.jpg,0,-0.115823746,0.4710764
PCOS/noninfected/Image_SetB950.jpg,0,-0.115823746,0.4710764
PCOS/noninfected/Image_SetB951.jpg,0,0.26598427,0.5661068
PCOS/noninfected/Image_SetB952.jpg,0,0.26598427,0.5661068
PCOS/noninfected/Image_SetB953.jpg,0,0.16826686,0.54196775
PCOS/noninfected/Image_SetB954.jpg,0,0.16826686,0.54196775
PCOS/noninfected/Image_SetB955.jpg,0,-0.31136703,0.4227811
PCOS/noninfected/Image_SetB956.jpg,0,-0.31136703,0.4227811
PCOS/noninfected/Image_SetB957.jpg,0,-0.23419502,0.4417174
PCOS/noninfected/Image_SetB958.jpg,0,-0.23419502,0.4417174
PCOS/noninfected/Image_SetB959.jpg,0,2.5188472,0.92545253
PCOS/noninfected/Image_SetB960.jpg,0,2.5188472,0.92545253
PCOS/noninfected/Image_SetB961.jpg,0,-0.08146042,0.47964615
PCOS/noninfected/Image_SetB962.jpg,0,-0.08146042,0.47964615
PCOS/noninfected/Image_SetB963.jpg,0,-0.17463219,0.45645258
PCOS/noninfected/Image_SetB964.jpg,0,-0.17463219,0.45645258
PCOS/noninfected/Image_SetB965.jpg,0,-0.35509098,0.41214845
PCOS/noninfected/Image_SetB966.jpg,0,-0.35509098,0.41214845
PCOS/noninfected/Image_SetB967.jpg,0,-0.3141468,0.42210287
PCOS/noninfected/Image_SetB968.jpg,0,-0.3141468,0.42210287
PCOS/noninfected/Image_SetB969.jpg,0,2.425747,0.9187697
PCOS/noninfected/Image_SetB970.jpg,0,2.425747,0.9187697
PCOS/noninfected/Image_SetB971.jpg,0,0.12950106,0.5323301
PCOS/noninfected/Image_SetB972.jpg,0,0.12950106,0.5323301
PCOS/noninfected/Image_SetB973.jpg,0,0.5877894,0.6428578
PCOS/noninfected/Image_SetB974.jpg,0,0.5877894,0.6428578
PCOS/noninfected/Image_SetB975.jpg,0,7.1418967,0.9992094
PCOS/noninfected/Image_SetB976.jpg,0,7.1418967,0.9992094
PCOS/noninfected/Image_SetB977.jpg,0,-0.2828674,0.42975095
PCOS/noninfected/Image_SetB978.jpg,0,-0.2828674,0.42975095
PCOS/noninfected/Image_SetB979.jpg,0,-0.6814472,0.33593836
PCOS/noninfected/Image_SetB980.jpg,0,-0.6814472,0.33593836
PCOS/noninfected/Image_SetB981.jpg,0,0.029568935,0.5073917
PCOS/noninfected/Image_SetB982.jpg,0,0.029568935,0.5073917
PCOS/noninfected/Image_SetB983.jpg,0,-0.4005363,0.40118352
PCOS/noninfected/Image_SetB984.jpg,0,-0.4005363,0.40118352
PCOS/noninfected/Image_SetB985.jpg,0,-0.22396284,0.44424218
PCOS/noninfected/Image_SetB986.jpg,0,-0.22396284,0.44424218
PCOS/noninfected/Image_SetB987.jpg,0,-0.31531402,0.42181814
PCOS/noninfected/Image_SetB988.jpg,0,-0.31531402,0.42181814
PCOS/noninfected/Image_SetB989.jpg,0,0.043667153,0.51091504
PCOS/noninfected/Image_SetB990.jpg,0,0.043667153,0.51091504
PCOS/noninfected/Image_SetB991.jpg,0,-0.1346798,0.46638086
PCOS/noninfected/Image_SetB992.jpg,0,-0.1346798,0.46638086
PCOS/noninfected/Image_SetB993.jpg,0,-0.19397107,0.4516587
PCOS/noninfected/Image_SetB994.jpg,0,-0.19397107,0.4516587
PCOS/noninfected/Image_SetB995.jpg,0,-0.54842734,0.36622936
PCOS/noninfected/Image_SetB996.jpg,0,-0.54842734,0.36622936
PCOS/noninfected/Image_SetB997.jpg,0,-0.31378934,0.4221901
PCOS/noninfected/Image_SetB998.jpg,0,-0.31378934,0.4221901
PCOS/noninfected/Image_SetB999.jpg,0,0.1890341,0.5471183
PCOS/infected/image10000.jpg,1,4.619461,0.99023813
PCOS/infected/image10001.jpg,1,3.8327472,0.9788087
PCOS/infected/image10002.jpg,1,-1.5820067,0.17051145
PCOS/infected/image10003.jpg,1,-1.557785,0.17396472
PCOS/infected/image10004.jpg,1,7.382619,0.99937844
PCOS/infected/image10005.jpg,1,0.93051136,0.71717906
PCOS/infected/image10006.jpg,1,-1.3825951,0.20059253
PCOS/infected/image10007.jpg,1,12.245703,0.99999523
PCOS/infected/image10008.jpg,1,12.109813,0.9999945
PCOS/infected/image10009.jpg,1,10.223151,0.99996364
PCOS/infected/image10010.jpg,1,5.436813,0.9956656
PCOS/infected/image10011.jpg,1,9.602115,0.9999324
PCOS/infected/image10012.jpg,1,12.264184,0.99999523
PCOS/infected/image10013.jpg,1,6.303446,0.99817336
PCOS/infected/image10014.jpg,1,8.653439,0.99982554
PCOS/infected/image10015.jpg,1,10.837782,0.99998033
PCOS/infected/image10016.jpg,1,10.10651,0.99995923
PCOS/infected/image10017.jpg,1,10.138918,0.99996054
PCOS/infected/image10018.jpg,1,3.1344533,0.95829177
PCOS/infected/image10019.jpg,1,14.225967,0.9999993
PCOS/infected/image10020.jpg,1,22.80319,1.0
PCOS/infected/image10021.jpg,1,11.656203,0.9999913
PCOS/infected/image10022.jpg,1,12.272055,0.99999535
PCOS/infected/image10023.jpg,1,-2.6790533,0.06422075
PCOS/infected/image10024.jpg,1,2.5273628,0.9260379
PCOS/infected/image10025.jpg,1,7.1912074,0.99924743
PCOS/infected/image10026.jpg,1,-2.206328,0.09918368
PCOS/infected/image10027.jpg,1,17.314026,1.0
PCOS/infected/image10028.jpg,1,11.029698,0.9999838
PCOS/infected/image10029.jpg,1,14.54301,0.9999995
PCOS/infected/image10030.jpg,1,13.459613,0.99999857
PCOS/infected/image10031.jpg,1,5.934347,0.99736005
PCOS/infected/image10032.jpg,1,7.26904,0.9993037
PCOS/infected/image10033.jpg,1,13.649609,0.9999988
PCOS/infected/image10034.jpg,1,9.43556,0.9999201
PCOS/infected/image10035.jpg,1,5.1040373,0.9939645
PCOS/infected/image10036.jpg,1,11.875869,0.9999931
PCOS/infected/image10037.jpg,1,12.33076,0.9999956
PCOS/infected/image10038.jpg,1,16.613096,0.9999999
PCOS/infected/image10039.jpg,1,10.057329,0.9999571
PCOS/infected/image10040.jpg,1,10.859952,0.9999808
PCOS/infected/image10041.jpg,1,-2.177484,0.101790726
PCOS/infected/image10042.jpg,1,4.16368,0.98468786
PCOS/infected/image10043.jpg,1,-0.032842338,0.49179015
PCOS/infected/image10044.jpg,1,10.4235735,0.9999703
PCOS/infected/image10045.jpg,1,7.6291428,0.9995141
PCOS/infected/image10046.jpg,1,7.142091,0.9992095
PCOS/infected/image10047.jpg,1,10.181922,0.9999622
PCOS/infected/image10048.jpg,1,9.055182,0.9998832
PCOS/infected/image10049.jpg,1,14.429118,0.9999994
PCOS/infected/image10050.jpg,1,9.598762,0.99993217
PCOS/infected/image10051.jpg,1,5.1304846,0.994121
PCOS/infected/image10052.jpg,1,10.341308,0.9999677
PCOS/infected/image10053.jpg,1,10.437343,0.9999707
PCOS/infected/image10054.jpg,1,14.582948,0.9999995
PCOS/infected/image10055.jpg,1,12.118229,0.9999945
PCOS/infected/image10056.jpg,1,7.483844,0.9994382
PCOS/infected/image10057.jpg,1,3.1708388,0.95972204
PCOS/infected/image10058.jpg,1,11.066579,0.9999844
PCOS/infected/image10059.jpg,1,10.973041,0.99998283
PCOS/infected/image10060.jpg,1,4.9415355,0.99290705
PCOS/infected/image10061.jpg,1,9.384278,0.99991596
PCOS/infected/image10062.jpg,1,-3.8762207,0.020308053
PCOS/infected/image10063.jpg,1,9.639055,0.9999349
PCOS/infected/image10064.jpg,1,6.667432,0.99873
PCOS/infected/image10065.jpg,1,9.636085,0.9999347
PCOS/infected/image10066.jpg,1,11.420039,0.99998903
PCOS/infected/image10067.jpg,1,10.827924,0.9999802
PCOS/infected/image10068.jpg,1,10.890213,0.9999814
PCOS/infected/image10069.jpg,1,14.741412,0.99999964
PCOS/infected/image10070.jpg,1,8.809982,0.99985075
PCOS/infected/image10071.jpg,1,10.229236,0.9999639
PCOS/infected/image10072.jpg,1,7.9630013,0.999652
PCOS/infected/image10073.jpg,1,6.072407,0.9976997
PCOS/infected/image10074.jpg,1,12.025513,0.99999404
PCOS/infected/image10075.jpg,1,1.2553902,0.7782315
PCOS/infected/image10076.jpg,1,8.995581,0.999876
PCOS/infected/image10077.jpg,1,12.272436,0.99999535
PCOS/infected/image10078.jpg,1,3.304506,0.9645831
PCOS/infected/image10079.jpg,1,0.40808618,0.6006289
PCOS/infected/image10080.jpg,1,10.57151,0.99997437
PCOS/infected/image10081.jpg,1,0.6649193,0.66036457
PCOS/infected/image10082.jpg,1,8.335438,0.9997602
PCOS/infected/image10083.jpg,1,10.610858,0.9999753
PCOS/infected/image10084.jpg,1,6.650569,0.99870837
PCOS/infected/image10085.jpg,1,0.611239,0.64822334
PCOS/infected/image10086.jpg,1,3.890994,0.97998375
PCOS/infected/image10087.jpg,1,4.77796,0.991657
PCOS/infected/image10088.jpg,1,18.34037,1.0
PCOS/infected/image10089.jpg,1,1.2276278,0.7734031
PCOS/infected/image10090.jpg,1,-0.56465524,0.362471
PCOS/infected/image10091.jpg,1,3.8048701,0.9782227
PCOS/infected/image10092.jpg,1,0.92414105,0.7158851
PCOS/infected/image10093.jpg,1,10.803481,0.9999796
PCOS/infected/image10094.jpg,1,0.6509073,0.6572149
PCOS/infected/image10095.jpg,1,9.264061,0.9999052
PCOS/infected/image10096.jpg,1,0.72036856,0.6726882
PCOS/infected/image10097.jpg,1,-0.560257,0.363488
PCOS/infected/image10098.jpg,1,0.06886398,0.5172092
PCOS/infected/image10099.jpg,1,8.059882,0.9996842
PCOS/infected/image10100.jpg,1,14.858809,0.99999964
PCOS/infected/image10101.jpg,1,9.354125,0.99991333
PCOS/infected/image10102.jpg,1,15.942956,0.9999999
PCOS/infected/image10103.jpg,1,11.615573,0.99999094
PCOS/infected/image10104.jpg,1,1.4764731,0.8140393
PCOS/infected/image10105.jpg,1,14.7175455,0.99999964
PCOS/infected/image10106.jpg,1,10.4381485,0.9999707
PCOS/infected/image10107.jpg,1,0.3039237,0.5754014
PCOS/infected/image10108.jpg,1,1.1026635,0.7507588
PCOS/infected/image10109.jpg,1,1.0556393,0.74185634
PCOS/infected/image10110.jpg,1,8.642837,0.99982363
PCOS/infected/image10111.jpg,1,5.3400035,0.995227
PCOS/infected/image10112.jpg,1,1.0349891,0.737882
PCOS/infected/image10113.jpg,1,2.4279141,0.91893125
PCOS/infected/image10114.jpg,1,0.6281818,0.6520771
PCOS/infected/image10115.jpg,1,2.2112162,0.9012522
PCOS/infected/image10116.jpg,1,10.233432,0.999964
PCOS/infected/image10117.jpg,1,1.9165466,0.8717528
PCOS/infected/image10118.jpg,1,-2.3797674,0.0847286
PCOS/infected/image10119.jpg,1,6.6202674,0.9986687
PCOS/infected/image10120.jpg,1,7.3733945,0.99937266
PCOS/infected/image10121.jpg,1,5.7882175,0.9969459
PCOS/infected/image10122.jpg,1,7.0404844,0.99912506
PCOS/infected/image10123.jpg,1,9.844385,0.99994695
PCOS/infected/image10124.jpg,1,-0.14967877,0.46265
PCOS/infected/image10125.jpg,1,1.4265449,0.8063624
PCOS/infected/image10126.jpg,1,11.152247,0.9999857
PCOS/infected/image10127.jpg,1,10.950784,0.9999825
PCOS/infected/image10128.jpg,1,7.9982204,0.99966407
PCOS/infected/image10129.jpg,1,8.2637205,0.9997423
PCOS/infected/image10130.jpg,1,8.480064,0.9997925
PCOS/infected/image10131.jpg,1,6.738729,0.99881727
PCOS/infected/image10132.jpg,1,0.43915546,0.60805774
PCOS/infected/image10133.jpg,1,0.96074647,0.7232712
PCOS/infected/image10134.jpg,1,1.377527,0.7985936
PCOS/infected/image10135.jpg,1,3.3534594,0.9662179
PCOS/infected/image10136.jpg,1,1.2618368,0.7793421
PCOS/infected/image10137.jpg,1,15.8945875,0.9999999
PCOS/infected/image10138.jpg,1,-0.811063,0.30766404
PCOS/infected/image10139.jpg,1,1.8330729,0.86212736
PCOS/infected/image10140.jpg,1,13.4133415,0.99999845
PCOS/infected/image10141.jpg,1,2.7513137,0.9399875
PCOS/infected/image10142.jpg,1,8.376581,0.99976987
PCOS/infected/image10143.jpg,1,0.444734,0.60938644
PCOS/infected/image10144.jpg,1,11.411496,0.9999889
PCOS/infected/image10145.jpg,1,0.5972875,0.6450355
PCOS/infected/image10146.jpg,1,11.17957,0.99998605
PCOS/infected/image10147.jpg,1,13.453572,0.99999857
PCOS/infected/image10148.jpg,1,7.672985,0.99953496
PCOS/infected/image10149.jpg,1,1.7315228,0.84960717
PCOS/infected/image10150.jpg,1,13.327162,0.99999833
PCOS/infected/image10151.jpg,1,0.5726572,0.6393761
PCOS/infected/image10152.jpg,1,4.3085294,0.9867252
PCOS/infected/image10153.jpg,1,11.298254,0.9999876
PCOS/infected/image10154.jpg,1,14.323727,0.9999994
PCOS/infected/image10155.jpg,1,-2.9139686,0.051467348
PCOS/infected/image10156.jpg,1,0.6915125,0.6663033
PCOS/infected/image10157.jpg,1,5.9428606,0.99738234
PCOS/infected/image10158.jpg,1,7.766527,0.9995765
PCOS/infected/image10159.jpg,1,0.22746629,0.5566226
PCOS/infected/image10160.jpg,1,6.9026523,0.99899584
PCOS/infected/image10161.jpg,1,0.40871033,0.6007786
PCOS/infected/image10162.jpg,1,10.234393,0.9999641
PCOS/infected/image10163.jpg,1,-0.10223451,0.4744636
PCOS/infected/image10164.jpg,1,2.3942068,0.91638446
PCOS/infected/image10165.jpg,1,2.3114014,0.90981686
PCOS/infected/image10166.jpg,1,0.16165763,0.5403266
PCOS/infected/image10167.jpg,1,0.5269277,0.62876624
PCOS/infected/image10168.jpg,1,14.6340065,0.9999995
PCOS/infected/image10169.jpg,1,9.594022,0.9999318
PCOS/infected/image10170.jpg,1,0.39498982,0.59748334
PCOS/infected/image10171.jpg,1,1.1255125,0.7550098
PCOS/infected/image10172.jpg,1,5.391375,0.995465
PCOS/infected/image10173.jpg,1,1.6300613,0.836178
PCOS/infected/image10174.jpg,1,-1.4219205,0.19436069
PCOS/infected/image10175.jpg,1,9.750257,0.9999417
PCOS/infected/image10176.jpg,1,4.264971,0.98614246
PCOS/infected/image10177.jpg,1,0.17486921,0.5436062
PCOS/infected/image10178.jpg,1,12.230449,0.9999951
PCOS/infected/image10179.jpg,1,16.924833,1.0
PCOS/infected/image10180.jpg,1,10.40505,0.9999697
PCOS/infected/image10181.jpg,1,5.393543,0.99547476
PCOS/infected/image10182.jpg,1,10.69474,0.99997735
PCOS/infected/image10183.jpg,1,11.396882,0.9999888
PCOS/infected/image10184.jpg,1,10.014764,0.9999553
PCOS/infected/image10185.jpg,1,10.326264,0.9999672
PCOS/infected/image10186.jpg,1,9.166045,0.99989545
PCOS/infected/image10187.jpg,1,14.2837305,0.9999994
PCOS/infected/image10188.jpg,1,-1.6044621,0.1673589
PCOS/infected/image10189.jpg,1,9.755981,0.99994206
PCOS/infected/image10190.jpg,1,12.01373,0.9999939
PCOS/infected/image10191.jpg,1,-1.0657183,0.2562182
PCOS/infected/image10192.jpg,1,7.476123,0.9994338
PCOS/infected/image10193.jpg,1,1.5814996,0.8294168
PCOS/infected/image10194.jpg,1,-0.28248748,0.42984405
PCOS/infected/image10195.jpg,1,2.5415707,0.9270052
PCOS/infected/image10196.jpg,1,2.5716243,0.92901284
PCOS/infected/image10197.jpg,1,2.7854314,0.94188344
PCOS/infected/image10198.jpg,1,12.8707485,0.9999974
PCOS/infected/image10199.jpg,1,-0.2690914,0.43313017
PCOS/infected/image10200.jpg,1,3.748991,0.977
PCOS/infected/image10201.jpg,1,2.860314,0.9458494
PCOS/infected/image10202.jpg,1,-2.9592464,0.04930131
PCOS/infected/image10203.jpg,1,-0.3949451,0.40252748
PCOS/infected/image10204.jpg,1,2.8070917,0.94305784
PCOS/infected/image10205.jpg,1,-0.8887438,0.2913691
PCOS/infected/image10206.jpg,1,1.461221,0.81171936
PCOS/infected/image10207.jpg,1,3.2501054,0.96267694
PCOS/infected/image10208.jpg,1,4.082691,0.9834176
PCOS/infected/image10209.jpg,1,1.4775335,0.81419975
PCOS/infected/image10210.jpg,1,2.1989806,0.9001579
PCOS/infected/image10211.jpg,1,5.962552,0.99743325
PCOS/infected/image10212.jpg,1,-0.8249425,0.30471548
PCOS/infected/image10213.jpg,1,-0.7274603,0.3257523
PCOS/infected/image10214.jpg,1,-0.02418243,0.49395475
PCOS/infected/image10215.jpg,1,9.284986,0.99990714
PCOS/infected/image10216.jpg,1,0.033010088,0.5082518
PCOS/infected/image10217.jpg,1,6.041358,0.9976273
PCOS/infected/image10218.jpg,1,3.3358762,0.9656393
PCOS/infected/image10219.jpg,1,3.153865,0.9590607
PCOS/infected/image10220.jpg,1,7.257226,0.9992955
PCOS/infected/image10221.jpg,1,4.51318,0.98915535
PCOS/infected/image10222.jpg,1,7.9784026,0.9996573
PCOS/infected/image10223.jpg,1,3.6977239,0.9758193
PCOS/infected/image10224.jpg,1,7.4309464,0.99940777
PCOS/infected/image10225.jpg,1,3.7884219,0.9778696
PCOS/infected/image10226.jpg,1,5.004348,0.99333596
PCOS/infected/image10227.jpg,1,-1.7605109,0.14672637
PCOS/infected/image10228.jpg,1,-1.7405678,0.14924084
PCOS/infected/image10229.jpg,1,6.6513257,0.9987093
PCOS/infected/image10230.jpg,1,0.08951023,0.52236265
PCOS/infected/image10231.jpg,1,-1.5175533,0.17982209
PCOS/infected/image10232.jpg,1,3.717227,0.97627527
PCOS/infected/image10233.jpg,1,0.56714445,0.638104
PCOS/infected/image10234.jpg,1,1.9847544,0.8791871
PCOS/infected/image10235.jpg,1,4.2004166,0.985232
PCOS/infected/image10236.jpg,1,0.15945682,0.53977996
PCOS/infected/image10237.jpg,1,1.6529894,0.83929473
PCOS/infected/image10238.jpg,1,2.4610088,0.92136276
PCOS/infected/image10239.jpg,1,-0.5743074,0.3602435
PCOS/infected/image10240.jpg,1,5.003697,0.99333173
PCOS/infected/image10241.jpg,1,7.287183,0.9993162
PCOS/infected/image10242.jpg,1,-0.5873742,0.35723755
PCOS/infected/image10243.jpg,1,-3.4731154,0.030086935
PCOS/infected/image10244.jpg,1,-0.8089673,0.30811062
PCOS/infected/image10245.jpg,1,-1.399312,0.19792533
PCOS/infected/image10246.jpg,1,6.4768906,0.99846375
PCOS/infected/image10247.jpg,1,11.416624,0.99998903
PCOS/infected/image10248.jpg,1,-1.7700826,0.14553206
PCOS/infected/image10249.jpg,1,7.20706,0.9992592
PCOS/infected/image10250.jpg,1,0.3735737,0.59232223
PCOS/infected/image10251.jpg,1,-0.7911632,0.31191894
PCOS/infected/image10252.jpg,1,-0.22159392,0.44482708
PCOS/infected/image10253.jpg,1,8.934139,0.99986815
PCOS/infected/image10254.jpg,1,12.747456,0.99999714
PCOS/infected/image10255.jpg,1,1.1779311,0.7645756
PCOS/infected/image10256.jpg,1,9.400138,0.99991727
PCOS/infected/image10257.jpg,1,9.151271,0.9998939
PCOS/infected/image10258.jpg,1,-1.8701879,0.13351998
PCOS/infected/image10259.jpg,1,-1.8647025,0.13415588
PCOS/infected/image10260.jpg,1,10.939061,0.99998224
PCOS/infected/image10261.jpg,1,-0.4678461,0.3851262
PCOS/infected/image10262.jpg,1,13.74405,0.9999989
PCOS/infected/image10263.jpg,1,9.923738,0.999951
PCOS/infected/image10264.jpg,1,11.020305,0.99998367
PCOS/infected/image10265.jpg,1,11.811461,0.9999926
PCOS/infected/image10266.jpg,1,9.093717,0.9998876
PCOS/infected/image10267.jpg,1,2.5183287,0.92541677
PCOS/infected/image10268.jpg,1,7.3619747,0.9993655
PCOS/infected/image10269.jpg,1,3.856171,0.97928923
PCOS/infected/image10270.jpg,1,10.507899,0.9999727
PCOS/infected/image10271.jpg,1,-1.4175332,0.1950486
PCOS/infected/image10272.jpg,1,6.680248,0.99874604
PCOS/infected/image10273.jpg,1,1.7310507,0.84954673
PCOS/infected/image10274.jpg,1,2.4032035,0.9170713
PCOS/infected/image10275.jpg,1,7.7168136,0.99955493
PCOS/infected/image10276.jpg,1,11.105338,0.999985
PCOS/infected/image10277.jpg,1,8.310218,0.999754
PCOS/infected/image10278.jpg,1,-0.73204905,0.32474524
PCOS/infected/image10279.jpg,1,0.63742423,0.65417093
PCOS/infected/image10280.jpg,1,-3.1191304,0.04232501
PCOS/infected/image10281.jpg,1,3.2376666,0.9622274
PCOS/infected/image10282.jpg,1,-0.087874435,0.47804552
PCOS/infected/image10283.jpg,1,11.143648,0.9999856
PCOS/infected/image10284.jpg,1,8.336806,0.99976057
PCOS/infected/image10285.jpg,1,-0.31816912,0.421122
PCOS/infected/image10286.jpg,1,3.0158844,0.9532865
PCOS/infected/image10287.jpg,1,1.9960363,0.8803802
PCOS/infected/image10288.jpg,1,1.8791056,0.86750835
PCOS/infected/image10289.jpg,1,2.1382027,0.8945612
PCOS/infected/image10290.jpg,1,1.9419868,0.8745702
PCOS/infected/image10291.jpg,1,-0.5803077,0.35886177
PCOS/infected/image10292.jpg,1,6.0899982,0.9977397
PCOS/infected/image10293.jpg,1,1.2597754,0.7789874
PCOS/infected/image10294.jpg,1,3.0673149,0.9555242
PCOS/infected/image10295.jpg,1,0.35590652,0.5880491
PCOS/infected/image10296.jpg,1,12.579675,0.99999654
PCOS/infected/image10297.jpg,1,15.24931,0.99999976
PCOS/infected/image10298.jpg,1,2.0657003,0.8875245
PCOS/infected/image10299.jpg,1,7.767909,0.9995771
PCOS/infected/image10300.jpg,1,8.124781,0.99970394
PCOS/infected/image10301.jpg,1,3.488061,0.9703462
PCOS/infected/image10302.jpg,1,8.7708,0.9998448
PCOS/infected/image10303.jpg,1,10.902684,0.99998164
PCOS/infected/image10304.jpg,1,12.224549,0.9999951
PCOS/infected/image10305.jpg,1,18.496895,1.0
PCOS/infected/image10306.jpg,1,-0.57532746,0.36000848
PCOS/infected/image10307.jpg,1,1.9311222,0.87337357
PCOS/infected/image10308.jpg,1,7.932123,0.99964106
PCOS/infected/image10309.jpg,1,1.8272264,0.861431
PCOS/infected/image10310.jpg,1,8.484482,0.99979335
PCOS/infected/image10311.jpg,1,0.1919783,0.5478477
PCOS/infected/image10312.jpg,1,0.26618704,0.56615657
PCOS/infected/image10313.jpg,1,11.969075,0.9999937
PCOS/infected/image10314.jpg,1,-2.9152596,0.05140436
PCOS/infected/image10315.jpg,1,6.0700417,0.9976942
PCOS/infected/image10316.jpg,1,9.554172,0.9999291
PCOS/infected/image10317.jpg,1,9.080896,0.99988616
PCOS/infected/image10318.jpg,1,12.988292,0.99999774
PCOS/infected/image10319.jpg,1,2.1344295,0.89420474
PCOS/infected/image10320.jpg,1,11.322297,0.99998784
PCOS/infected/image10321.jpg,1,15.170987,0.99999976
PCOS/infected/image10322.jpg,1,10.145083,0.9999608
PCOS/infected/image10323.jpg,1,9.585452,0.99993134
PCOS/infected/image10324.jpg,1,10.956166,0.9999826
PCOS/infected/image10325.jpg,1,6.171361,0.9979159
PCOS/infected/image10326.jpg,1,15.486154,0.99999976
PCOS/infected/image10327.jpg,1,12.769032,0.99999714
PCOS/infected/image10328.jpg,1,10.995244,0.9999832
PCOS/infected/image10329.jpg,1,8.375829,0.99976975
PCOS/infected/image10330.jpg,1,-1.2994921,0.21425049
PCOS/infected/image10331.jpg,1,10.939586,0.99998224
PCOS/infected/image10332.jpg,1,7.1225824,0.99919397
PCOS/infected/image10333.jpg,1,12.3293495,0.9999956
PCOS/infected/image10334.jpg,1,12.731971,0.999997
PCOS/infected/image10335.jpg,1,0.65374345,0.65785354
PCOS/infected/image10336.jpg,1,3.1635876,0.9594408
PCOS/infected/image10337.jpg,1,6.9038734,0.99899715
PCOS/infected/image10338.jpg,1,6.8817425,0.9989747
PCOS/infected/image10339.jpg,1,13.955959,0.99999917
PCOS/infected/image10340.jpg,1,7.536982,0.9994673
PCOS/infected/image10341.jpg,1,6.7787786,0.9988637
PCOS/infected/image10342.jpg,1,-0.8533178,0.29873732
PCOS/infected/image10343.jpg,1,10.197331,0.9999627
PCOS/infected/image10344.jpg,1,10.917257,0.9999819
PCOS/infected/image10345.jpg,1,5.813462,0.99702185
PCOS/infected/image10346.jpg,1,8.525689,0.9998017
PCOS/infected/image10347.jpg,1,7.2999945,0.9993249
PCOS/infected/image10348.jpg,1,11.334357,0.9999881
PCOS/infected/image10349.jpg,1,14.151863,0.9999993
PCOS/infected/image10350.jpg,1,9.512382,0.9999261
PCOS/infected/image10351.jpg,1,14.502819,0.9999995
PCOS/infected/image10352.jpg,1,12.782967,0.99999714
PCOS/infected/image10353.jpg,1,10.982729,0.99998295
PCOS/infected/image10354.jpg,1,1.2427891,0.7760491
PCOS/infected/image10355.jpg,1,11.410828,0.9999889
PCOS/infected/image10356.jpg,1,7.5433903,0.99947065
PCOS/infected/image10357.jpg,1,8.166669,0.9997161
PCOS/infected/image10358.jpg,1,12.40614,0.99999595
PCOS/infected/image10359.jpg,1,7.8852715,0.9996239
PCOS/infected/image10360.jpg,1,10.159115,0.99996126
PCOS/infected/image10361.jpg,1,11.045976,0.999984
PCOS/infected/image10362.jpg,1,10.435703,0.9999707
PCOS/infected/image10363.jpg,1,8.601846,0.99981624
PCOS/infected/image10364.jpg,1,10.022468,0.99995565
PCOS/infected/image10365.jpg,1,12.99112,0.99999774
PCOS/infected/image10366.jpg,1,10.043401,0.9999565
PCOS/infected/image10367.jpg,1,8.045005,0.99967945
PCOS/infected/image10368.jpg,1,10.477567,0.99997187
PCOS/infected/image10369.jpg,1,5.7814827,0.9969253
PCOS/infected/image10370.jpg,1,4.8575683,0.99229056
PCOS/infected/image10371.jpg,1,7.841423,0.999607
PCOS/infected/image10372.jpg,1,12.652859,0.9999968
PCOS/infected/image10373.jpg,1,11.324349,0.99998796
PCOS/infected/image10374.jpg,1,-0.4652895,0.3857318
PCOS/infected/image10375.jpg,1,-3.5712056,0.027352719
PCOS/infected/image10376.jpg,1,7.588812,0.9994942
PCOS/infected/image10377.jpg,1,11.041024,0.999984
PCOS/infected/image10378.jpg,1,4.008161,0.98215735
PCOS/infected/image10379.jpg,1,-2.5507066,0.07237902
PCOS/infected/image10380.jpg,1,9.175828,0.9998965
PCOS/infected/image10381.jpg,1,5.460346,0.9957659
PCOS/infected/image10382.jpg,1,12.955684,0.9999976
PCOS/infected/image10383.jpg,1,9.314103,0.9999099
PCOS/infected/image10384.jpg,1,7.965033,0.99965274
PCOS/infected/image10385.jpg,1,4.1102753,0.9838615
PCOS/infected/image10386.jpg,1,-2.4824133,0.07710031
PCOS/infected/image10387.jpg,1,-3.1938176,0.03939904
PCOS/infected/image10388.jpg,1,4.1808624,0.98494476
PCOS/infected/image10389.jpg,1,3.473106,0.9699128
PCOS/infected/image10390.jpg,1,9.793941,0.9999442
PCOS/infected/image10391.jpg,1,-0.78555983,0.31312284
PCOS/infected/image10392.jpg,1,4.8893757,0.99253005
PCOS/infected/image10393.jpg,1,0.22314823,0.5555567
PCOS/infected/image10394.jpg,1,10.158267,0.99996126
PCOS/infected/image10395.jpg,1,3.2615306,0.96308523
PCOS/infected/image10396.jpg,1,3.4151382,0.96817434
PCOS/infected/image10397.jpg,1,2.3996096,0.9167976
PCOS/infected/image10398.jpg,1,2.438761,0.9197356
PCOS/infected/image10399.jpg,1,8.32925,0.99975866
PCOS/infected/image10400.jpg,1,-2.2083337,0.099004604
PCOS/infected/image10401.jpg,1,-1.7299725,0.15059109
PCOS/infected/image10402.jpg,1,-1.408349,0.19649458
PCOS/infected/image10403.jpg,1,-0.24775788,0.4383754
PCOS/infected/image10404.jpg,1,-0.60266495,0.35373425
PCOS/infected/image10405.jpg,1,3.7976737,0.9780688
PCOS/infected/image10406.jpg,1,-2.3452911,0.08744079
PCOS/infected/image10407.jpg,1,9.249921,0.9999039
PCOS/infected/image10408.jpg,1,-0.7734275,0.31573814
PCOS/infected/image10409.jpg,1,9.859792,0.9999478
PCOS/infected/image10410.jpg,1,9.829038,0.9999461
PCOS/infected/image10411.jpg,1,-1.1913841,0.2330115
PCOS/infected/image10412.jpg,1,-0.2729535,0.43218216
PCOS/infected/image10413.jpg,1,-1.5392051,0.17665085
PCOS/infected/image10414.jpg,1,8.919923,0.99986625
PCOS/infected/image10415.jpg,1,8.851951,0.99985695
PCOS/infected/image10416.jpg,1,-2.1408055,0.10519353
PCOS/infected/image10417.jpg,1,-2.1001637,0.10908092
PCOS/infected/image10418.jpg,1,3.2249653,0.9617631
PCOS/infected/image10419.jpg,1,2.5357504,0.92661035
PCOS/infected/image10420.jpg,1,7.3447523,0.9993544
PCOS/infected/image10421.jpg,1,5.1915665,0.9944675
PCOS/infected/image10422.jpg,1,2.5698214,0.9288939
PCOS/infected/image10423.jpg,1,9.892943,0.99994946
PCOS/infected/image10424.jpg,1,4.0885086,0.9835122
PCOS/infected/image10425.jpg,1,10.083159,0.9999583
PCOS/infected/image10426.jpg,1,-0.22986916,0.44278446
PCOS/infected/image10427.jpg,1,10.016469,0.9999553
PCOS/infected/image10428.jpg,1,1.1172736,0.75348264
PCOS/infected/image10429.jpg,1,-1.3505018,0.20578834
PCOS/infected/image10430.jpg,1,2.3900065,0.9160621
PCOS/infected/image10431.jpg,1,5.7062554,0.9966859
PCOS/infected/image10432.jpg,1,-2.0473533,0.11432011
PCOS/infected/image10433.jpg,1,11.588821,0.9999907
PCOS/infected/image10434.jpg,1,10.418658,0.9999701
PCOS/infected/image10435.jpg,1,5.920148,0.9973224
PCOS/infected/image10436.jpg,1,-1.1763822,0.23570333
PCOS/infected/image10437.jpg,1,-1.8143058,0.14011854
PCOS/infected/image10438.jpg,1,0.47123143,0.6156752
PCOS/infected/image10439.jpg,1,8.606799,0.9998172
PCOS/infected/image10440.jpg,1,2.053351,0.8862858
PCOS/infected/image10441.jpg,1,-0.25422177,0.43678465
PCOS/infected/image10442.jpg,1,0.5838212,0.6419462
PCOS/infected/image10443.jpg,1,-0.12387757,0.46907017
PCOS/infected/image10444.jpg,1,-0.5751482,0.36004975
PCOS/infected/image10445.jpg,1,10.185386,0.99996233
PCOS/infected/image10446.jpg,1,0.053089395,0.5132692
PCOS/infected/image10447.jpg,1,-0.49972787,0.37760463
PCOS/infected/image10448.jpg,1,0.3711174,0.5917289
PCOS/infected/image10449.jpg,1,0.5363784,0.6309695
PCOS/infected/image10450.jpg,1,-0.04249446,0.48937798
PCOS/infected/image10451.jpg,1,0.09826702,0.524547
PCOS/infected/image10452.jpg,1,5.752433,0.99683505
PCOS/infected/image10453.jpg,1,-0.63128906,0.3472183
PCOS/infected/image10454.jpg,1,-0.33117363,0.4179551
PCOS/infected/image10455.jpg,1,-0.31577432,0.42170593
PCOS/infected/image10456.jpg,1,0.106475726,0.5265938
PCOS/infected/image10457.jpg,1,-0.20334187,0.44933897
PCOS/infected/image10458.jpg,1,0.035661884,0.50891453
PCOS/infected/image10459.jpg,1,9.1314535,0.99989176
PCOS/infected/image10460.jpg,1,7.7028623,0.9995486
PCOS/infected/image10461.jpg,1,-0.3274489,0.4188615
PCOS/infected/image10462.jpg,1,2.2409809,0.90386975
PCOS/infected/image10463.jpg,1,11.028362,0.9999838
PCOS/infected/image10464.jpg,1,0.4842026,0.6187397
PCOS/infected/image10465.jpg,1,9.1104765,0.9998895
PCOS/infected/image10466.jpg,1,0.016973566,0.5042433
PCOS/infected/image10467.jpg,1,0.32475242,0.580482
PCOS/infected/image10468.jpg,1,-0.01757654,0.49560598
PCOS/infected/image10469.jpg,1,-0.0921876,0.47696942
PCOS/infected/image10470.jpg,1,-0.3228824,0.41997343
PCOS/infected/image10471.jpg,1,-0.5221394,0.37235212
PCOS/infected/image10472.jpg,1,-0.054550745,0.4863657
PCOS/infected/image10473.jpg,1,9.4157095,0.9999186
PCOS/infected/image10474.jpg,1,-0.30436477,0.42449084
PCOS/infected/image10475.jpg,1,-0.42245427,0.3959296
PCOS/infected/image10476.jpg,1,-0.09188073,0.47704595
PCOS/infected/image10477.jpg,1,2.232468,0.90312755
PCOS/infected/image10478.jpg,1,-0.39211085,0.4032093
PCOS/infected/image10479.jpg,1,-0.11016549,0.4724864
PCOS/infected/image10480.jpg,1,0.30727774,0.5762207
PCOS/infected/image10481.jpg,1,0.21559623,0.5536912
PCOS/infected/image10482.jpg,1,0.031369057,0.5078416
PCOS/infected/image10483.jpg,1,-0.5152702,0.3739589
PCOS/infected/image10484.jpg,1,-0.042610116,0.4893491
PCOS/infected/image10485.jpg,1,6.8486814,0.9989403
PCOS/infected/image10486.jpg,1,2.3983,0.9166976
PCOS/infected/image10487.jpg,1,1.8973794,0.86959463
PCOS/infected/image10488.jpg,1,-0.42995808,0.39413634
PCOS/infected/image10489.jpg,1,0.39836636,0.5982951
PCOS/infected/image10490.jpg,1,2.2173855,0.9017999
PCOS/infected/image10491.jpg,1,7.9449286,0.9996457
PCOS/infected/image10492.jpg,1,-0.45587122,0.38796577
PCOS/infected/image10493.jpg,1,-0.074496776,0.48138437
PCOS/infected/image10494.jpg,1,-0.69031674,0.33396262
PCOS/infected/image10495.jpg,1,0.19788876,0.5493114
PCOS/infected/image10496.jpg,1,0.037123453,0.5092798
PCOS/infected/image10497.jpg,1,-0.38632143,0.40460315
PCOS/infected/image10498.jpg,1,0.40798464,0.60060453
PCOS/infected/image10499.jpg,1,0.47904265,0.61752176
PCOS/infected/image10500.jpg,1,2.126665,0.89346796
PCOS/infected/image10501.jpg,1,0.59267414,0.6439785
PCOS/infected/image10502.jpg,1,7.881376,0.99962246
PCOS/infected/image10503.jpg,1,-0.010608589,0.49734792
PCOS/infected/image10504.jpg,1,7.5981855,0.99949884
PCOS/infected/image10505.jpg,1,-0.51262385,0.37457865
PCOS/infected/image10506.jpg,1,0.14197546,0.53543437
PCOS/infected/image10507.jpg,1,1.6578007,0.8399426
PCOS/infected/image10508.jpg,1,10.299262,0.9999664
PCOS/infected/image10509.jpg,1,-0.5968536,0.35506386
PCOS/infected/image10510.jpg,1,0.16012013,0.53994477
PCOS/infected/image10511.jpg,1,6.19249,0.9979595
PCOS/infected/image10512.jpg,1,0.11231697,0.52804977
PCOS/infected/image10513.jpg,1,0.13525692,0.53376275
PCOS/infected/image10514.jpg,1,0.222559,0.5554112
PCOS/infected/image10515.jpg,1,-0.06721861,0.4832017
PCOS/infected/image10516.jpg,1,0.012627761,0.5031569
PCOS/infected/image10517.jpg,1,6.9839044,0.9990741
PCOS/infected/image10518.jpg,1,9.344213,0.9999125
PCOS/infected/image10519.jpg,1,0.24241629,0.560309
PCOS/infected/image10520.jpg,1,10.719534,0.99997795
PCOS/infected/image10521.jpg,1,0.3845768,0.5949765
PCOS/infected/image10522.jpg,1,-0.040841497,0.48979104
PCOS/infected/image10523.jpg,1,0.66823405,0.6611076
PCOS/infected/image10524.jpg,1,-0.016618585,0.49584544
PCOS/infected/image10525.jpg,1,-0.010792535,0.4973019
PCOS/infected/image10526.jpg,1,5.8513594,0.9971322
PCOS/infected/image10527.jpg,1,0.51994246,0.6271343
PCOS/infected/image10528.jpg,1,5.477109,0.995836
PCOS/infected/image10529.jpg,1,0.43914387,0.60805506
PCOS/infected/image10530.jpg,1,-1.1916451,0.23296483
PCOS/infected/image10531.jpg,1,10.527915,0.9999732
PCOS/infected/image10532.jpg,1,0.44498116,0.6094453
PCOS/infected/image10533.jpg,1,-0.22525647,0.44392282
PCOS/infected/image10534.jpg,1,0.60811085,0.64750975
PCOS/infected/image10535.jpg,1,-0.14211856,0.46453005
PCOS/infected/image10536.jpg,1,0.03528446,0.5088202
PCOS/infected/image10537.jpg,1,-0.43415168,0.39313537
PCOS/infected/image10538.jpg,1,8.022252,0.99967206
PCOS/infected/image10539.jpg,1,8.079682,0.9996903
PCOS/infected/image10540.jpg,1,2.2591915,0.90544045
PCOS/infected/image10541.jpg,1,-0.0053459685,0.49866349
PCOS/infected/image10542.jpg,1,0.3306961,0.5819288
PCOS/infected/image10543.jpg,1,-0.09479591,0.47631878
PCOS/infected/image10544.jpg,1,2.6696353,0.9352109
PCOS/infected/image10545.jpg,1,-0.34112284,0.41553673
PCOS/infected/image10546.jpg,1,-0.30239716,0.4249716
PCOS/infected/image10547.jpg,1,0.04111042,0.51027614
PCOS/infected/image10548.jpg,1,0.46010092,0.6130381
PCOS/infected/image10549.jpg,1,0.4121609,0.6016059
PCOS/infected/image10550.jpg,1,-0.38246912,0.40553153
PCOS/infected/image10551.jpg,1,0.25912637,0.56442153
PCOS/infected/image10552.jpg,1,-0.32873714,0.41854793
PCOS/infected/image10553.jpg,1,-0.43003753,0.3941174
PCOS/infected/image10554.jpg,1,-0.48102233,0.38201076
PCOS/infected/image10555.jpg,1,1.4620051,0.81183916
PCOS/infected/image10556.jpg,1,8.706309,0.9998344
PCOS/infected/image10557.jpg,1,-0.13357359,0.4666562
PCOS/infected/image10558.jpg,1,9.248621,0.9999038
PCOS/infected/image10559.jpg,1,-0.04109349,0.48972806
PCOS/infected/image10560.jpg,1,-0.7893277,0.31231305
PCOS/infected/image10561.jpg,1,-0.49370638,0.37902084
PCOS/infected/image10562.jpg,1,1.9963629,0.8804147
PCOS/infected/image10563.jpg,1,10.989082,0.9999831
PCOS/infected/image10564.jpg,1,9.733819,0.99994075
PCOS/infected/image10565.jpg,1,8.123669,0.9997036
PCOS/infected/image10566.jpg,1,0.11576323,0.52890855
PCOS/infected/image10567.jpg,1,9.650872,0.9999356
PCOS/infected/image10568.jpg,1,-0.02117548,0.49470636
PCOS/infected/image10569.jpg,1,-0.68708354,0.33468217
PCOS/infected/image10570.jpg,1,0.45866543,0.6126975
PCOS/infected/image10571.jpg,1,-0.35282588,0.41269732
PCOS/infected/image10572.jpg,1,8.501861,0.9997969
PCOS/infected/image10573.jpg,1,2.3238623,0.9108341
PCOS/infected/image10574.jpg,1,-0.48309836,0.38152075
PCOS/infected/image10575.jpg,1,-0.41039467,0.3988175
PCOS/infected/image10576.jpg,1,-0.009630358,0.49759242
PCOS/infected/image10577.jpg,1,10.247472,0.9999646
PCOS/infected/image10578.jpg,1,0.02172658,0.5054314
PCOS/infected/image10579.jpg,1,-0.43290362,0.3934332
PCOS/infected/image10580.jpg,1,-0.046747543,0.48831522
PCOS/infected/image10581.jpg,1,-0.08519933,0.47871304
PCOS/infected/image10582.jpg,1,8.983741,0.9998746
PCOS/infected/image10583.jpg,1,12.7443,0.99999714
PCOS/infected/image10584.jpg,1,-1.0853653,0.25249204
PCOS/infected/image10585.jpg,1,2.0660918,0.8875635
PCOS/infected/image10586.jpg,1,2.4835768,0.92298245
PCOS/infected/image10587.jpg,1,0.33173314,0.58218104
PCOS/infected/image10588.jpg,1,9.826865,0.999946
PCOS/infected/image10589.jpg,1,2.5236864,0.92578566
PCOS/infected/image10590.jpg,1,-0.4173247,0.3971571
PCOS/infected/image10591.jpg,1,7.1542854,0.99921906
PCOS/infected/image10592.jpg,1,-0.2866268,0.4288299
PCOS/infected/image10593.jpg,1,-0.13440233,0.46644992
PCOS/infected/image10594.jpg,1,-0.3930324,0.40298754
PCOS/infected/image10595.jpg,1,10.839657,0.99998045
PCOS/infected/image10596.jpg,1,-0.39661112,0.40212685
PCOS/infected/image10597.jpg,1,-0.15481025,0.46137455
PCOS/infected/image10598.jpg,1,0.04329121,0.5108211
PCOS/infected/image10599.jpg,1,6.606783,0.9986507
PCOS/infected/image10600.jpg,1,-0.36327785,0.41016635
PCOS/infected/image10601.jpg,1,-1.1131265,0.24728845
PCOS/infected/image10602.jpg,1,-0.20919794,0.44789043
PCOS/infected/image10603.jpg,1,8.497643,0.9997961
PCOS/infected/image10604.jpg,1,0.03560424,0.5089001
PCOS/infected/image10605.jpg,1,1.7218068,0.84836143
PCOS/infected/image10606.jpg,1,-0.41511407,0.39768648
PCOS/infected/image10607.jpg,1,13.54782,0.9999987
PCOS/infected/image10608.jpg,1,-0.46151802,0.3866258
PCOS/infected/image10609.jpg,1,-0.3883801,0.40410733
PCOS/infected/image10610.jpg,1,5.4349537,0.99565756
PCOS/infected/image10611.jpg,1,-0.118628845,0.4703775
PCOS/infected/image10612.jpg,1,-0.18143296,0.4547658
PCOS/infected/image10613.jpg,1,2.3135326,0.9099917
PCOS/infected/image10614.jpg,1,-0.31179821,0.42267588
PCOS/infected/image10615.jpg,1,0.157365,0.53926027
PCOS/infected/image10616.jpg,1,1.8973354,0.8695897
PCOS/infected/image10617.jpg,1,-0.5553287,0.364629
PCOS/infected/image10618.jpg,1,0.022396961,0.505599
PCOS/infected/image10619.jpg,1,-0.35753158,0.41155723
PCOS/infected/image10620.jpg,1,9.403289,0.9999175
PCOS/infected/image10621.jpg,1,-0.5146668,0.37410015
PCOS/infected/image10622.jpg,1,1.924163,0.872602
PCOS/infected/image10623.jpg,1,2.3568847,0.91347986
PCOS/infected/image10624.jpg,1,-0.020460634,0.49488503
PCOS/infected/image10625.jpg,1,1.7831066,0.85608
PCOS/infected/image10626.jpg,1,2.2135339,0.90145826
PCOS/infected/image10627.jpg,1,0.47344044,0.61619776
PCOS/infected/image10628.jpg,1,2.6424065,0.9335414
PCOS/infected/image10629.jpg,1,-1.0078828,0.2673944
PCOS/infected/image10630.jpg,1,0.10182339,0.5254339
PCOS/infected/image10631.jpg,1,2.0366986,0.88459665
PCOS/infected/image10632.jpg,1,-0.15158117,0.46217713
PCOS/infected/image10633.jpg,1,8.84927,0.9998565
PCOS/infected/image10634.jpg,1,0.0692017,0.5172936
PCOS/infected/image10635.jpg,1,-0.1436398,0.46415168
PCOS/infected/image10636.jpg,1,-0.8544505,0.2985001
PCOS/infected/image10637.jpg,1,8.740703,0.99984
PCOS/infected/image10638.jpg,1,-0.026777698,0.49330598
PCOS/infected/image10639.jpg,1,1.6134385,0.83388823
PCOS/infected/image10640.jpg,1,0.0436939,0.5109217
PCOS/infected/image10641.jpg,1,-0.059126034,0.4852228
PCOS/infected/image10642.jpg,1,9.393058,0.9999167
PCOS/infected/image10643.jpg,1,-0.015411487,0.49614722
PCOS/infected/image10644.jpg,1,9.243592,0.9999033
PCOS/infected/image10645.jpg,1,1.1251442,0.75494164
PCOS/infected/image10646.jpg,1,0.047450423,0.51186043
PCOS/infected/image10647.jpg,1,-0.23092476,0.44252396
PCOS/infected/image10648.jpg,1,0.14582741,0.5363924
PCOS/infected/image10649.jpg,1,0.016809879,0.50420237
PCOS/infected/image10650.jpg,1,9.423785,0.9999192
PCOS/infected/image10651.jpg,1,1.905804,0.870547
PCOS/infected/image10652.jpg,1,-0.08234806,0.47942466
PCOS/infected/image10653.jpg,1,-0.20607819,0.44866198
PCOS/infected/image10654.jpg,1,-0.18264888,0.4544643
PCOS/infected/image10655.jpg,1,-0.12692642,0.46831092
PCOS/infected/image10656.jpg,1,-0.50957566,0.375293
PCOS/infected/image10657.jpg,1,2.1381402,0.8945553
PCOS/infected/image10658.jpg,1,-0.22209078,0.44470438
PCOS/infected/image10659.jpg,1,0.19944447,0.5496965
PCOS/infected/image10660.jpg,1,0.081430085,0.5203463
PCOS/infected/image10661.jpg,1,-0.59180415,0.35622102
PCOS/infected/image10662.jpg,1,-0.25288865,0.43711266
PCOS/infected/image10663.jpg,1,1.6354836,0.8369195
PCOS/infected/image10664.jpg,1,-0.049100332,0.48772734
PCOS/infected/image10665.jpg,1,-0.39277133,0.40305036
PCOS/infected/image10666.jpg,1,-0.41545424,0.39760506
PCOS/infected/image10667.jpg,1,-0.44692332,0.39009252
PCOS/infected/image10668.jpg,1,1.6708355,0.8416872
PCOS/infected/image10669.jpg,1,0.058484927,0.5146171
PCOS/infected/image10670.jpg,1,0.07520769,0.51879305
PCOS/infected/image10671.jpg,1,10.783742,0.99997926
PCOS/infected/image10672.jpg,1,-0.40329197,0.4005217
PCOS/infected/image10673.jpg,1,-1.3106277,0.21238182
PCOS/infected/image10674.jpg,1,8.9973135,0.99987626
PCOS/infected/image10675.jpg,1,0.06569711,0.51641834
PCOS/infected/image10676.jpg,1,-0.5034947,0.3767197
PCOS/infected/image10677.jpg,1,-0.40089455,0.40109745
PCOS/infected/image10678.jpg,1,-0.44404122,0.39077845
PCOS/infected/image10679.jpg,1,-0.29943347,0.42569596
PCOS/infected/image10680.jpg,1,0.0013194755,0.5003299
PCOS/infected/image10681.jpg,1,1.8366711,0.86255455
PCOS/infected/image10682.jpg,1,-0.17339143,0.45676044
PCOS/infected/image10683.jpg,1,-0.49540797,0.37862042
PCOS/infected/image10684.jpg,1,0.17715016,0.5441721
PCOS/infected/image10685.jpg,1,0.046172567,0.5115411
PCOS/infected/image10686.jpg,1,8.467833,0.9997899
PCOS/infected/image10687.jpg,1,0.010943798,0.5027359
PCOS/infected/image10688.jpg,1,0.075340554,0.51882625
PCOS/infected/image10689.jpg,1,-0.7416393,0.32264575
PCOS/infected/image10690.jpg,1,8.732196,0.9998387
PCOS/infected/image10691.jpg,1,0.0417177,0.5104279
PCOS/infected/image10692.jpg,1,0.028459057,0.5071143
PCOS/infected/image10693.jpg,1,2.0623364,0.88718826
PCOS/infected/image10694.jpg,1,1.9939764,0.88016313
PCOS/infected/image10695.jpg,1,8.115005,0.9997011
PCOS/infected/image10696.jpg,1,0.055986397,0.51399297
PCOS/infected/image10697.jpg,1,1.8368899,0.8625805
PCOS/infected/image10698.jpg,1,-0.21054599,0.44755712
PCOS/infected/image10699.jpg,1,2.4388976,0.91974574
PCOS/infected/image10700.jpg,1,-0.05548978,0.48613107
PCOS/infected/image10701.jpg,1,-0.12895998,0.46780464
PCOS/infected/image10702.jpg,1,1.6592729,0.84014034
PCOS/infected/image10703.jpg,1,8.465172,0.9997894
PCOS/infected/image10704.jpg,1,-0.15754259,0.46069565
PCOS/infected/image10705.jpg,1,-0.4107705,0.39872736
PCOS/infected/image10706.jpg,1,-0.13349739,0.4666751
PCOS/infected/image10707.jpg,1,6.936839,0.99902964
PCOS/infected/image10708.jpg,1,-0.6864373,0.33482608
PCOS/infected/image10709.jpg,1,0.054565683,0.513638
PCOS/infected/image10710.jpg,1,-0.15657374,0.46093634
PCOS/infected/image10711.jpg,1,3.488121,0.9703479
PCOS/infected/image10712.jpg,1,-0.18639754,0.45353505
PCOS/infected/image10713.jpg,1,8.25895,0.99974114
PCOS/infected/image10714.jpg,1,5.755144,0.9968436
PCOS/infected/image10715.jpg,1,0.1634098,0.54076177
PCOS/infected/image10716.jpg,1,0.3513737,0.5869506
PCOS/infected/image10717.jpg,1,-0.13419184,0.46650225
PCOS/infected/image10718.jpg,1,0.08823871,0.5220454
PCOS/infected/image10719.jpg,1,1.7691058,0.85434645
PCOS/infected/image10720.jpg,1,-0.03149891,0.4921259
PCOS/infected/image10721.jpg,1,-0.13238737,0.4669514
PCOS/infected/image10722.jpg,1,0.09347016,0.52335054
PCOS/infected/image10723.jpg,1,1.6993065,0.8454441
PCOS/infected/image10724.jpg,1,0.26881596,0.5668022
PCOS/infected/image10725.jpg,1,7.8397665,0.99960643
PCOS/infected/image10726.jpg,1,8.020663,0.99967146
PCOS/infected/image10727.jpg,1,0.13566329,0.5338639
PCOS/infected/image10728.jpg,1,-0.4377633,0.39227405
PCOS/infected/image10729.jpg,1,0.09838356,0.52457607
PCOS/infected/image10730.jpg,1,-0.04486417,0.48878583
PCOS/infected/image10731.jpg,1,0.02477906,0.5061945
PCOS/infected/image10732.jpg,1,0.09880306,0.52468073
PCOS/infected/image10733.jpg,1,0.048956424,0.51223665
PCOS/infected/image10734.jpg,1,7.373945,0.999373
PCOS/infected/image10735.jpg,1,0.07464133,0.51865166
PCOS/infected/image10736.jpg,1,-0.01436731,0.49640822
PCOS/infected/image10737.jpg,1,-0.4895968,0.37998858
PCOS/infected/image10738.jpg,1,-0.061269112,0.48468745
PCOS/infected/image10739.jpg,1,6.8176026,0.99890685
PCOS/infected/image10740.jpg,1,0.012737574,0.5031843
PCOS/infected/image10741.jpg,1,-0.26520663,0.4340842
PCOS/infected/image10742.jpg,1,0.13462432,0.53360534
PCOS/infected/image10743.jpg,1,0.13768047,0.53436583
PCOS/infected/image10744.jpg,1,7.779218,0.9995819
PCOS/infected/image10745.jpg,1,0.10728262,0.52679497
PCOS/infected/image10746.jpg,1,-1.1119097,0.24751502
PCOS/infected/image10747.jpg,1,-0.04878956,0.48780507
PCOS/infected/image10748.jpg,1,12.454169,0.99999607
PCOS/infected/image10749.jpg,1,-0.15483086,0.46136943
PCOS/infected/image10750.jpg,1,1.8251804,0.86118656
PCOS/infected/image10751.jpg,1,-0.38984206,0.40375534
PCOS/infected/image10752.jpg,1,2.0606337,0.8870177
PCOS/infected/image10753.jpg,1,9.903457,0.99995005
PCOS/infected/image10754.jpg,1,2.0275717,0.8836616
PCOS/infected/image10755.jpg,1,0.04416877,0.5110404
PCOS/infected/image10756.jpg,1,1.0237085,0.7356943
PCOS/infected/image10757.jpg,1,0.029212425,0.5073026
PCOS/infected/image10758.jpg,1,0.041796744,0.5104477
PCOS/infected/image10759.jpg,1,-0.2878355,0.42853382
PCOS/infected/image10760.jpg,1,0.16662718,0.54156065
PCOS/infected/image10761.jpg,1,2.0222683,0.8831154
PCOS/infected/image10762.jpg,1,0.14746147,0.5367987
PCOS/infected/image10763.jpg,1,0.032107726,0.50802624
PCOS/infected/image10764.jpg,1,0.037378177,0.50934345
PCOS/infected/image10765.jpg,1,0.11657865,0.5291117
PCOS/infected/image10766.jpg,1,-0.304142,0.42454523
PCOS/infected/image10767.jpg,1,-0.63100284,0.34728318
PCOS/infected/image10768.jpg,1,-0.43587664,0.39272392
PCOS/infected/image10769.jpg,1,0.030120226,0.5075295
PCOS/infected/image10770.jpg,1,0.10863402,0.5271318
PCOS/infected/image10771.jpg,1,0.080550715,0.5201268
PCOS/infected/image10772.jpg,1,-0.6711166,0.33824688
PCOS/infected/image10773.jpg,1,-0.07193593,0.4820238
PCOS/infected/image10774.jpg,1,1.5870534,0.83020115
PCOS/infected/image10775.jpg,1,-0.25769752,0.43592983
PCOS/infected/image10776.jpg,1,0.10279238,0.52567554
PCOS/infected/image10777.jpg,1,-0.070477754,0.48238784
PCOS/infected/image10778.jpg,1,0.060541317,0.5151307
PCOS/infected/image10779.jpg,1,0.0008366201,0.50020915
PCOS/infected/image10780.jpg,1,8.509979,0.9997986
PCOS/infected/image10781.jpg,1,1.8308997,0.8618689
PCOS/infected/image10782.jpg,1,8.4957285,0.99979573
PCOS/infected/image10783.jpg,1,-0.07031154,0.48242941
PCOS/infected/image10784.jpg,1,2.1132464,0.89218396
PCOS/infected/image10785.jpg,1,0.17273475,0.54307663
PCOS/infected/image10786.jpg,1,8.814134,0.99985135
PCOS/infected/image10787.jpg,1,0.037763298,0.5094397
PCOS/infected/image10788.jpg,1,-0.2781589,0.43090522
PCOS/infected/image10789.jpg,1,-0.6870846,0.3346819
PCOS/infected/image10790.jpg,1,-0.36296794,0.41024134
PCOS/infected/image10791.jpg,1,-0.17448446,0.4564892
PCOS/infected/image10792.jpg,1,0.051152535,0.5127853
PCOS/infected/image10793.jpg,1,0.07098469,0.51773876
PCOS/infected/image10794.jpg,1,1.4588253,0.8113529
PCOS/infected/image10795.jpg,1,0.037267692,0.50931585
PCOS/infected/image10796.jpg,1,-0.17626159,0.45604834
PCOS/infected/image10797.jpg,1,-0.014760654,0.4963099
PCOS/infected/image10798.jpg,1,-0.021999856,0.49450028
PCOS/infected/image10799.jpg,1,-0.26377097,0.43443695
PCOS/infected/image10800.jpg,1,0.1389318,0.5346772
PCOS/infected/image10801.jpg,1,8.914364,0.99986553
PCOS/infected/image10802.jpg,1,-0.13964224,0.46514606
PCOS/infected/image10803.jpg,1,-0.03544435,0.49113986
PCOS/infected/image10804.jpg,1,0.6954575,0.6671799
PCOS/infected/image10805.jpg,1,-0.4122633,0.39836955
PCOS/infected/image10806.jpg,1,-0.015081452,0.49622968
PCOS/infected/image10807.jpg,1,-0.26773793,0.43346253
PCOS/infected/image10808.jpg,1,1.9398241,0.87433285
PCOS/infected/image10809.jpg,1,1.8426642,0.86326355
PCOS/infected/image10810.jpg,1,0.016599545,0.5041498
PCOS/infected/image10811.jpg,1,6.9440546,0.99903655
PCOS/infected/image10812.jpg,1,1.0468647,0.74017245
PCOS/infected/image10813.jpg,1,2.4155521,0.9180055
PCOS/infected/image10814.jpg,1,0.102537096,0.5256118
PCOS/infected/image10815.jpg,1,0.21637076,0.55388266
PCOS/infected/image10816.jpg,1,-0.4564933,0.38781804
PCOS/infected/image10817.jpg,1,0.44172767,0.6086706
PCOS/infected/image10818.jpg,1,1.0826173,0.74698895
PCOS/infected/image10819.jpg,1,-0.2963265,0.42645574
PCOS/infected/image10820.jpg,1,0.010504818,0.5026262
PCOS/infected/image10821.jpg,1,9.759849,0.9999423
PCOS/infected/image10822.jpg,1,0.033140108,0.5082843
PCOS/infected/image10823.jpg,1,3.100298,0.956905
PCOS/infected/image10824.jpg,1,-0.16232625,0.45950735
PCOS/infected/image10825.jpg,1,0.005875932,0.50146896
PCOS/infected/image10826.jpg,1,0.508739,0.6245108
PCOS/infected/image10827.jpg,1,10.649072,0.9999763
PCOS/infected/image10828.jpg,1,-0.51265424,0.3745715
PCOS/infected/image10829.jpg,1,10.378766,0.9999689
PCOS/infected/image10830.jpg,1,10.036994,0.99995625
PCOS/infected/image10831.jpg,1,0.1991348,0.54961985
PCOS/infected/image10832.jpg,1,0.04192868,0.51048064
PCOS/infected/image10833.jpg,1,5.664798,0.9965461
PCOS/infected/image10834.jpg,1,0.098431714,0.52458805
PCOS/infected/image10835.jpg,1,0.11997303,0.52995735
PCOS/infected/image10836.jpg,1,-0.15393767,0.46159142
PCOS/infected/image10837.jpg,1,-0.690633,0.3338923
PCOS/infected/image10838.jpg,1,-0.42469266,0.39539438
PCOS/infected/image10839.jpg,1,8.841242,0.9998554
PCOS/infected/image10840.jpg,1,0.032502197,0.5081249
PCOS/infected/image10841.jpg,1,-0.040714145,0.48982283
PCOS/infected/image10842.jpg,1,-0.5597586,0.36360332
PCOS/infected/image10843.jpg,1,-0.4098449,0.3989493
PCOS/infected/image10844.jpg,1,-0.60903686,0.35227892
PCOS/infected/image10845.jpg,1,1.6147902,0.8340754
PCOS/infected/image10846.jpg,1,0.08548054,0.5213571
PCOS/infected/image10847.jpg,1,9.085689,0.99988675
PCOS/infected/image10848.jpg,1,0.096513934,0.5241098
PCOS/infected/image10849.jpg,1,-0.01564903,0.49608776
PCOS/infected/image10850.jpg,1,0.13630752,0.53402424
PCOS/infected/image10851.jpg,1,-0.27520326,0.43163016
PCOS/infected/image10852.jpg,1,-0.90295684,0.28844324
PCOS/infected/image10853.jpg,1,-0.6026828,0.3537301
PCOS/infected/image10854.jpg,1,8.709566,0.999835
PCOS/infected/image10855.jpg,1,-0.112741694,0.47184438
PCOS/infected/image10856.jpg,1,0.0070845075,0.50177115
PCOS/infected/image10857.jpg,1,0.13297102,0.5331939
PCOS/infected/image10858.jpg,1,0.11280966,0.52817255
PCOS/infected/image10859.jpg,1,-0.17831108,0.45553997
PCOS/infected/image10860.jpg,1,1.8712628,0.86660427
PCOS/infected/image10861.jpg,1,-0.16347435,0.4592222
PCOS/infected/image10862.jpg,1,0.029275712,0.5073184
PCOS/infected/image10863.jpg,1,-0.56858534,0.3615633
PCOS/infected/image10864.jpg,1,8.155286,0.9997129
PCOS/infected/image10865.jpg,1,-0.313909,0.42216086
PCOS/infected/image10866.jpg,1,0.18352577,0.54575306
PCOS/infected/image10867.jpg,1,10.040309,0.99995637
PCOS/infected/image10868.jpg,1,8.178917,0.99971956
PCOS/infected/image10869.jpg,1,-0.5956584,0.35533762
PCOS/infected/image10870.jpg,1,-0.028181659,0.49295503
PCOS/infected/image10871.jpg,1,-0.06284358,0.48429427
PCOS/infected/image10872.jpg,1,-0.3940961,0.40273163
PCOS/infected/image10873.jpg,1,0.003996806,0.50099915
PCOS/infected/image10874.jpg,1,0.042114988,0.5105272
PCOS/infected/image10875.jpg,1,1.9069422,0.87067527
PCOS/infected/image10876.jpg,1,-0.18911743,0.45286107
PCOS/infected/image10877.jpg,1,7.2499914,0.99929035
PCOS/infected/image10878.jpg,1,1.6767585,0.8424749
PCOS/infected/image10879.jpg,1,-0.019947132,0.49501342
PCOS/infected/image10880.jpg,1,-0.01565556,0.49608618
PCOS/infected/image10881.jpg,1,8.21347,0.9997291
PCOS/infected/image10882.jpg,1,0.06642464,0.5166001
PCOS/infected/image10883.jpg,1,7.8743668,0.9996197
PCOS/infected/image10884.jpg,1,-0.46846187,0.38498035
PCOS/infected/image10885.jpg,1,0.13705537,0.53421026
PCOS/infected/image10886.jpg,1,-0.46355915,0.38614184
PCOS/infected/image10887.jpg,1,-0.40098032,0.4010768
PCOS/infected/image10888.jpg,1,-0.48039588,0.38215867
PCOS/infected/image10889.jpg,1,-0.40206596,0.4008161
PCOS/infected/image10890.jpg,1,0.042955846,0.5107373
PCOS/infected/image10891.jpg,1,0.2713771,0.567431
PCOS/infected/image10892.jpg,1,1.9814247,0.87883294
PCOS/infected/image10893.jpg,1,11.024873,0.99998367
PCOS/infected/image10894.jpg,1,0.043490797,0.510871
PCOS/infected/image10895.jpg,1,9.813897,0.9999453
PCOS/infected/image10896.jpg,1,9.2172365,0.9999007
PCOS/infected/image10897.jpg,1,-0.5355205,0.36923024
PCOS/infected/image10898.jpg,1,0.0025959369,0.500649
PCOS/infected/image10899.jpg,1,0.028342465,0.50708514
PCOS/infected/image10900.jpg,1,0.029616866,0.5074037
PCOS/infected/image10901.jpg,1,0.06734643,0.51683027
PCOS/infected/image10902.jpg,1,0.14840111,0.53703237
PCOS/infected/image10903.jpg,1,1.7481002,0.851713
PCOS/infected/image10904.jpg,1,-0.008989627,0.4977526
PCOS/infected/image10905.jpg,1,0.089405894,0.5223366
PCOS/infected/image10906.jpg,1,-0.37180713,0.40810445
PCOS/infected/image10907.jpg,1,0.013947116,0.50348675
PCOS/infected/image10908.jpg,1,-0.4697575,0.38467363
PCOS/infected/image10909.jpg,1,8.35065,0.9997638
PCOS/infected/image10910.jpg,1,-0.30653346,0.4239611
PCOS/infected/image10911.jpg,1,-0.30334637,0.42473966
PCOS/infected/image10912.jpg,1,0.005420681,0.5013551
PCOS/infected/image10913.jpg,1,-0.43115696,0.3938501
PCOS/infected/image10914.jpg,1,-0.9968981,0.26955172
PCOS/infected/image10915.jpg,1,-0.08813614,0.4779802
PCOS/infected/image10916.jpg,1,10.967124,0.9999827
PCOS/infected/image10917.jpg,1,-0.094606474,0.47636604
PCOS/infected/image10918.jpg,1,-1.2400205,0.22443242
PCOS/infected/image10919.jpg,1,8.358411,0.9997657
PCOS/infected/image10920.jpg,1,-0.28037703,0.43036133
PCOS/infected/image10921.jpg,1,7.001756,0.99909055
PCOS/infected/image10922.jpg,1,0.13658516,0.53409326
PCOS/infected/image10923.jpg,1,1.8743646,0.86696255
PCOS/infected/image10924.jpg,1,0.07859647,0.51963896
PCOS/infected/image10925.jpg,1,-0.42678544,0.3948942
PCOS/infected/image10926.jpg,1,10.058505,0.9999572
PCOS/infected/image10927.jpg,1,1.6621674,0.8405287
PCOS/infected/image10928.jpg,1,1.1123842,0.7525733
PCOS/infected/image10929.jpg,1,1.657225,0.8398651
PCOS/infected/image10930.jpg,1,0.15357271,0.5383179
PCOS/infected/image10931.jpg,1,-0.3591025,0.41117686
PCOS/infected/image10932.jpg,1,-0.46069828,0.38682017
PCOS/infected/image10933.jpg,1,8.040929,0.99967813
PCOS/infected/image10934.jpg,1,9.3487215,0.999913
PCOS/infected/image10935.jpg,1,0.11705708,0.5292309
PCOS/infected/image10936.jpg,1,-0.08385357,0.4790489
PCOS/infected/image10937.jpg,1,12.685559,0.9999969
PCOS/infected/image10938.jpg,1,-0.033243112,0.49168995
PCOS/infected/image10939.jpg,1,8.448328,0.99978584
PCOS/infected/image10940.jpg,1,0.13768047,0.53436583
PCOS/infected/image10941.jpg,1,7.779218,0.9995819
PCOS/infected/image10942.jpg,1,0.10728262,0.52679497
PCOS/infected/image10943.jpg,1,-1.1119097,0.24751502
PCOS/infected/image10944.jpg,1,-0.04878956,0.48780507
PCOS/infected/image10945.jpg,1,12.454169,0.99999607
PCOS/infected/image10946.jpg,1,-0.15483086,0.46136943
PCOS/infected/image10947.jpg,1,1.8251804,0.86118656
PCOS/infected/image10948.jpg,1,-0.38984206,0.40375534
PCOS/infected/image10949.jpg,1,2.0606337,0.8870177
PCOS/infected/image10950.jpg,1,9.903457,0.99995005
PCOS/infected/image10951.jpg,1,2.0275717,0.8836616
PCOS/infected/image10952.jpg,1,0.04416877,0.5110404
PCOS/infected/image10953.jpg,1,1.0237085,0.7356943
PCOS/infected/image10954.jpg,1,0.029212425,0.5073026
PCOS/infected/image10955.jpg,1,0.041796744,0.5104477
PCOS/infected/image10956.jpg,1,-0.2878355,0.42853382
PCOS/infected/image10957.jpg,1,0.16662718,0.54156065
PCOS/infected/image10958.jpg,1,2.0222683,0.8831154
PCOS/infected/image10959.jpg,1,0.14746147,0.5367987
PCOS/infected/image10960.jpg,1,0.032107726,0.50802624
PCOS/infected/image10961.jpg,1,0.037378177,0.50934345
PCOS/infected/image10962.jpg,1,0.11657865,0.5291117
PCOS/infected/image10963.jpg,1,-0.304142,0.42454523
PCOS/infected/image10964.jpg,1,-0.63100284,0.34728318
PCOS/infected/image10965.jpg,1,-0.43587664,0.39272392
PCOS/infected/image10966.jpg,1,0.030120226,0.5075295
PCOS/infected/image10967.jpg,1,0.10863402,0.5271318
PCOS/infected/image10968.jpg,1,0.080550715,0.5201268
PCOS/infected/image10969.jpg,1,-0.6711166,0.33824688
PCOS/infected/image10970.jpg,1,-0.07193593,0.4820238
PCOS/infected/image10971.jpg,1,1.5870534,0.83020115
PCOS/infected/image10972.jpg,1,-0.25769752,0.43592983
PCOS/infected/image10973.jpg,1,0.10279238,0.52567554
PCOS/infected/image10974.jpg,1,-0.070477754,0.48238784
PCOS/infected/image10975.jpg,1,0.060541317,0.5151307
PCOS/infected/image10976.jpg,1,0.0008366201,0.50020915
PCOS/infected/image10977.jpg,1,8.509979,0.9997986
PCOS/infected/image10978.jpg,1,1.8308997,0.8618689
PCOS/infected/image10979.jpg,1,8.4957285,0.99979573
PCOS/infected/image10980.jpg,1,-0.07031154,0.48242941
PCOS/infected/image10981.jpg,1,2.1132464,0.89218396
PCOS/infected/image10982.jpg,1,0.17273475,0.54307663
PCOS/infected/image10983.jpg,1,8.814134,0.99985135
PCOS/infected/image10984.jpg,1,0.037763298,0.5094397
PCOS/infected/image10985.jpg,1,-0.2781589,0.43090522
PCOS/infected/image10986.jpg,1,-0.6870846,0.3346819
PCOS/infected/image10987.jpg,1,-0.36296794,0.41024134
PCOS/infected/image10988.jpg,1,-0.17448446,0.4564892
PCOS/infected/image10989.jpg,1,0.051152535,0.5127853
PCOS/infected/image10990.jpg,1,0.07098469,0.51773876
PCOS/infected/image10991.jpg,1,1.4588253,0.8113529
PCOS/infected/image10992.jpg,1,0.037267692,0.50931585
PCOS/infected/image10993.jpg,1,-0.17626159,0.45604834
PCOS/infected/image10994.jpg,1,-0.014760654,0.4963099
PCOS/infected/image10995.jpg,1,-0.021999856,0.49450028
PCOS/infected/image10996.jpg,1,-0.26377097,0.43443695
PCOS/infected/image10997.jpg,1,0.1389318,0.5346772
PCOS/infected/image10998.jpg,1,8.914364,0.99986553
PCOS/infected/image10999.jpg,1,-0.13964224,0.46514606
PCOS/infected/image11000.jpg,1,-0.03544435,0.49113986
PCOS/infected/image11001.jpg,1,0.6954575,0.6671799
PCOS/infected/image11002.jpg,1,-0.4122633,0.39836955
PCOS/infected/image11003.jpg,1,-0.015081452,0.49622968
PCOS/infected/image11004.jpg,1,-0.26773793,0.43346253
PCOS/infected/image11005.jpg,1,1.9398241,0.87433285
PCOS/infected/image11006.jpg,1,1.8426642,0.86326355
PCOS/infected/image11007.jpg,1,0.016599545,0.5041498
PCOS/infected/image11008.jpg,1,6.9440546,0.99903655
PCOS/infected/image11009.jpg,1,1.0468647,0.74017245
PCOS/infected/image11010.jpg,1,2.4155521,0.9180055
PCOS/infected/image11011.jpg,1,0.102537096,0.5256118
PCOS/infected/image11012.jpg,1,0.21637076,0.55388266
PCOS/infected/image11013.jpg,1,-0.4564933,0.38781804
PCOS/infected/image11014.jpg,1,0.44172767,0.6086706
PCOS/infected/image11015.jpg,1,1.0826173,0.74698895
PCOS/infected/image11016.jpg,1,-0.2963265,0.42645574
PCOS/infected/image11017.jpg,1,0.010504818,0.5026262
PCOS/infected/image11018.jpg,1,9.759849,0.9999423
PCOS/infected/image11019.jpg,1,0.033140108,0.5082843
PCOS/infected/image11020.jpg,1,3.100298,0.956905
PCOS/infected/image11021.jpg,1,-0.16232625,0.45950735
PCOS/infected/image11022.jpg,1,0.005875932,0.50146896
PCOS/infected/image11023.jpg,1,0.508739,0.6245108
PCOS/infected/image11024.jpg,1,10.649072,0.9999763
PCOS/infected/image11025.jpg,1,-0.51265424,0.3745715
PCOS/infected/image11026.jpg,1,10.378766,0.9999689
PCOS/infected/image11027.jpg,1,10.036994,0.99995625
PCOS/infected/image11028.jpg,1,0.1991348,0.54961985
PCOS/infected/image11029.jpg,1,0.04192868,0.51048064
PCOS/infected/image11030.jpg,1,5.664798,0.9965461
PCOS/infected/image11031.jpg,1,0.098431714,0.52458805
PCOS/infected/image11032.jpg,1,0.11997303,0.52995735
PCOS/infected/image11033.jpg,1,-0.15393767,0.46159142
PCOS/infected/image11034.jpg,1,-0.690633,0.3338923
PCOS/infected/image11035.jpg,1,-0.42469266,0.39539438
PCOS/infected/image11036.jpg,1,8.841242,0.9998554
PCOS/infected/image11037.jpg,1,0.032502197,0.5081249
PCOS/infected/image11038.jpg,1,-0.040714145,0.48982283
PCOS/infected/image11039.jpg,1,-0.5597586,0.36360332
PCOS/infected/image11040.jpg,1,-0.4098449,0.3989493
PCOS/infected/image11041.jpg,1,-0.60903686,0.35227892
PCOS/infected/image11042.jpg,1,1.6147902,0.8340754
PCOS/infected/image11043.jpg,1,0.08548054,0.5213571
PCOS/infected/image11044.jpg,1,9.085689,0.99988675
PCOS/infected/image11045.jpg,1,0.096513934,0.5241098
PCOS/infected/image11046.jpg,1,-0.01564903,0.49608776
PCOS/infected/image11047.jpg,1,0.13630752,0.53402424
PCOS/infected/image11048.jpg,1,-0.27520326,0.43163016
PCOS/infected/image11049.jpg,1,-0.90295684,0.28844324
PCOS/infected/image11050.jpg,1,-0.6026828,0.3537301
PCOS/infected/image11051.jpg,1,8.709566,0.999835
PCOS/infected/image11052.jpg,1,-0.112741694,0.47184438
PCOS/infected/image11053.jpg,1,0.0070845075,0.50177115
PCOS/infected/image11054.jpg,1,0.13297102,0.5331939
PCOS/infected/image11055.jpg,1,0.11280966,0.52817255
PCOS/infected/image11056.jpg,1,-0.17831108,0.45553997
PCOS/infected/image11057.jpg,1,1.8712628,0.86660427
PCOS/infected/image11058.jpg,1,-0.16347435,0.4592222
PCOS/infected/image11059.jpg,1,0.029275712,0.5073184
PCOS/infected/image11060.jpg,1,-0.56858534,0.3615633
PCOS/infected/image11061.jpg,1,8.155286,0.9997129
PCOS/infected/image11062.jpg,1,-0.313909,0.42216086
PCOS/infected/image11063.jpg,1,0.18352577,0.54575306
PCOS/infected/image11064.jpg,1,10.040309,0.99995637
PCOS/infected/image11065.jpg,1,8.178917,0.99971956
PCOS/infected/image11066.jpg,1,-0.5956584,0.35533762
PCOS/infected/image11067.jpg,1,-0.028181659,0.49295503
PCOS/infected/image11068.jpg,1,-0.06284358,0.48429427
PCOS/infected/image11069.jpg,1,-0.3940961,0.40273163
PCOS/infected/image11070.jpg,1,0.003996806,0.50099915
PCOS/infected/image11071.jpg,1,0.042114988,0.5105272
PCOS/infected/image11072.jpg,1,1.9069422,0.87067527
PCOS/infected/image11073.jpg,1,-0.18911743,0.45286107
PCOS/infected/image11074.jpg,1,7.2499914,0.99929035
PCOS/infected/image11075.jpg,1,1.6767585,0.8424749
PCOS/infected/image11076.jpg,1,-0.019947132,0.49501342
PCOS/infected/image11077.jpg,1,-0.01565556,0.49608618
PCOS/infected/image11078.jpg,1,8.21347,0.9997291
PCOS/infected/image11079.jpg,1,0.06642464,0.5166001
PCOS/infected/image11080.jpg,1,7.8743668,0.9996197
PCOS/infected/image11081.jpg,1,-0.46846187,0.38498035
PCOS/infected/image11082.jpg,1,0.13705537,0.53421026
PCOS/infected/image11083.jpg,1,-0.46355915,0.38614184
PCOS/infected/image11084.jpg,1,-0.40098032,0.4010768
PCOS/infected/image11085.jpg,1,-0.48039588,0.38215867
PCOS/infected/image11087.jpg,1,-0.40206596,0.4008161
PCOS/infected/image11088.jpg,1,0.042955846,0.5107373
PCOS/infected/image11089.jpg,1,0.2713771,0.567431
PCOS/infected/image11090.jpg,1,1.9814247,0.87883294
PCOS/infected/image11093.jpg,1,10.526529,0.9999732
PCOS/infected/image11094.jpg,1,11.024873,0.99998367
PCOS/infected/image11095.jpg,1,0.043490797,0.510871
PCOS/infected/image11096.jpg,1,9.813897,0.9999453
PCOS/infected/image11097.jpg,1,9.2172365,0.9999007
PCOS/infected/image11098.jpg,1,-0.5355205,0.36923024
PCOS/infected/image11099.jpg,1,0.0025959369,0.500649
PCOS/infected/image11100.jpg,1,0.028342465,0.50708514
PCOS/infected/image11101.jpg,1,0.029616866,0.5074037
PCOS/infected/image11102.jpg,1,0.06734643,0.51683027
PCOS/infected/image11103.jpg,1,0.14840111,0.53703237
PCOS/infected/image11104.jpg,1,1.7481002,0.851713
PCOS/infected/image11105.jpg,1,-0.008989627,0.4977526
PCOS/infected/image11106.jpg,1,0.089405894,0.5223366
PCOS/infected/image11107.jpg,1,-0.37180713,0.40810445
PCOS/infected/image11108.jpg,1,0.013947116,0.50348675
PCOS/infected/image11109.jpg,1,-0.4697575,0.38467363
PCOS/infected/image11110.jpg,1,8.35065,0.9997638
PCOS/infected/image11111.jpg,1,-0.30653346,0.4239611
PCOS/infected/image11112.jpg,1,-0.30334637,0.42473966
PCOS/infected/image11113.jpg,1,0.005420681,0.5013551
PCOS/infected/image11114.jpg,1,-0.43115696,0.3938501
PCOS/infected/image11115.jpg,1,-0.9968981,0.26955172
PCOS/infected/image11116.jpg,1,-0.08813614,0.4779802
PCOS/infected/image11117.jpg,1,10.967124,0.9999827
PCOS/infected/image11118.jpg,1,-0.094606474,0.47636604
PCOS/infected/image11119.jpg,1,-1.2400205,0.22443242
PCOS/infected/image11120.jpg,1,8.358411,0.9997657
PCOS/infected/image11121.jpg,1,-0.28037703,0.43036133
PCOS/infected/image11122.jpg,1,7.001756,0.99909055
PCOS/infected/image11123.jpg,1,0.13658516,0.53409326
PCOS/infected/image11124.jpg,1,1.8743646,0.86696255
PCOS/infected/image11125.jpg,1,0.07859647,0.51963896
PCOS/infected/image11126.jpg,1,-0.42678544,0.3948942
PCOS/infected/image11127.jpg,1,10.058505,0.9999572
PCOS/infected/image11128.jpg,1,1.6621674,0.8405287
PCOS/infected/image11129.jpg,1,1.1123842,0.7525733
PCOS/infected/image11130.jpg,1,5.9079294,0.99728954
PCOS/infected/image11131.jpg,1,1.657225,0.8398651
PCOS/infected/image11132.jpg,1,0.15357271,0.5383179
PCOS/infected/image11133.jpg,1,-0.3591025,0.41117686
PCOS/infected/image11134.jpg,1,-0.46069828,0.38682017
PCOS/infected/image11135.jpg,1,8.040929,0.99967813
PCOS/infected/image11136.jpg,1,9.3487215,0.999913
PCOS/infected/image11137.jpg,1,0.11705708,0.5292309
PCOS/infected/image11138.jpg,1,-0.08385357,0.4790489
PCOS/infected/image11139.jpg,1,12.685559,0.9999969
PCOS/infected/image11140.jpg,1,-0.033243112,0.49168995
PCOS/infected/image11141.jpg,1,8.448328,0.99978584
PCOS/infected/image11142.jpg,1,-0.019149376,0.49521282
PCOS/infected/image11143.jpg,1,0.21187983,0.5527727
PCOS/infected/image11144.jpg,1,-0.514157,0.3742195
PCOS/infected/image11145.jpg,1,-0.039041832,0.49024078
PCOS/infected/image11146.jpg,1,-0.4080756,0.39937365
PCOS/infected/image11147.jpg,1,7.6131296,0.99950635
PCOS/infected/image11148.jpg,1,-0.5958397,0.35529608
PCOS/infected/image11149.jpg,1,-0.13214062,0.46701285
PCOS/infected/image11150.jpg,1,9.415965,0.9999186
PCOS/infected/image11151.jpg,1,-0.2634692,0.4345111
PCOS/infected/image11152.jpg,1,-0.34632495,0.4142739
PCOS/infected/image11153.jpg,1,-0.19094037,0.45240942
PCOS/infected/image11154.jpg,1,-0.7570724,0.31928223
PCOS/infected/image11155.jpg,1,-0.5773291,0.35954738
PCOS/infected/image11156.jpg,1,-0.65880114,0.34100896
PCOS/infected/image11157.jpg,1,0.101550765,0.5253659
PCOS/infected/image11158.jpg,1,-1.2330186,0.22565351
PCOS/infected/image11159.jpg,1,9.640725,0.99993503
PCOS/infected/image11160.jpg,1,-0.27325323,0.43210858
PCOS/infected/image11161.jpg,1,-0.42106283,0.39626244
PCOS/infected/image11162.jpg,1,-0.20554212,0.44879463
PCOS/infected/image11163.jpg,1,9.802396,0.9999447
PCOS/infected/image11164.jpg,1,-0.18094528,0.45488673
PCOS/infected/image11165.jpg,1,12.323242,0.9999956
PCOS/infected/image11166.jpg,1,-0.41424724,0.39789414
PCOS/infected/image11167.jpg,1,0.059101053,0.514771
PCOS/infected/image11168.jpg,1,0.09147389,0.5228526
PCOS/infected/image11169.jpg,1,0.12751427,0.53183544
PCOS/infected/image11170.jpg,1,0.04350242,0.5108739
PCOS/infected/image11171.jpg,1,10.353169,0.99996805
PCOS/infected/image11172.jpg,1,0.081205554,0.5202902
PCOS/infected/image11173.jpg,1,-0.4988018,0.37782234
PCOS/infected/image11174.jpg,1,8.751397,0.9998418
PCOS/infected/image11175.jpg,1,-0.6701359,0.3384664
PCOS/infected/image11176.jpg,1,5.376213,0.99539596
PCOS/infected/image11177.jpg,1,8.548392,0.9998062
PCOS/infected/image11178.jpg,1,8.192037,0.99972326
PCOS/infected/image11179.jpg,1,7.6611004,0.9995295
PCOS/infected/image11180.jpg,1,8.783061,0.9998467
PCOS/infected/image11181.jpg,1,9.7565565,0.99994206
PCOS/infected/image11182.jpg,1,8.964144,0.9998721
PCOS/infected/image11183.jpg,1,8.396182,0.9997743
PCOS/infected/image11184.jpg,1,11.406717,0.9999889
PCOS/infected/image11185.jpg,1,-0.5676903,0.36176994
PCOS/infected/image11186.jpg,1,-0.44335473,0.39094192
PCOS/infected/image11187.jpg,1,0.042220596,0.5105536
PCOS/infected/image11188.jpg,1,-0.03193008,0.49201813
PCOS/infected/image11189.jpg,1,0.14378327,0.535884
PCOS/infected/image11190.jpg,1,-0.75350887,0.3200572
PCOS/infected/image11191.jpg,1,-0.25099593,0.4375784
PCOS/infected/image11192.jpg,1,-0.5728365,0.36058256
PCOS/infected/image11193.jpg,1,-0.69347894,0.3332596
PCOS/infected/image11194.jpg,1,0.12756194,0.5318473
PCOS/infected/image11195.jpg,1,-0.49321207,0.37913722
PCOS/infected/image11196.jpg,1,-0.5229803,0.3721556
PCOS/infected/image11197.jpg,1,9.037026,0.999881
PCOS/infected/image11198.jpg,1,-0.6686199,0.33880597
PCOS/infected/image11199.jpg,1,-0.7961753,0.31084427
PCOS/infected/image11200.jpg,1,-0.54831356,0.36625576
PCOS/infected/image11201.jpg,1,9.431909,0.9999199
PCOS/infected/image11202.jpg,1,-0.70501524,0.3307012
PCOS/infected/image11203.jpg,1,-0.4451306,0.39051914
PCOS/infected/image11204.jpg,1,-0.95660657,0.27755812
PCOS/infected/image11205.jpg,1,-1.2028816,0.230963
PCOS/infected/image11206.jpg,1,-0.32354352,0.41981244
PCOS/infected/image11207.jpg,1,-0.35613897,0.41189453
PCOS/infected/image11208.jpg,1,5.8485856,0.99712425
PCOS/infected/image11209.jpg,1,8.8786545,0.99986064
PCOS/infected/image11210.jpg,1,-0.54392415,0.36727518
PCOS/infected/image11211.jpg,1,-0.121697366,0.46961316
PCOS/infected/image11212.jpg,1,0.09255859,0.52312315
PCOS/infected/image11213.jpg,1,-0.71058667,0.32946923
PCOS/infected/image11214.jpg,1,8.368712,0.9997681
PCOS/infected/image11215.jpg,1,-0.40929568,0.39908102
PCOS/infected/image11216.jpg,1,0.013164498,0.5032911
PCOS/infected/image11217.jpg,1,0.059604943,0.5148968
PCOS/infected/image11218.jpg,1,0.050552033,0.5126353
PCOS/infected/image11219.jpg,1,-0.025157893,0.49371088
PCOS/infected/image11220.jpg,1,7.700014,0.9995473
PCOS/infected/image11221.jpg,1,-0.5094408,0.37532464
PCOS/infected/image11222.jpg,1,-0.6628441,0.34010103
PCOS/infected/image11223.jpg,1,11.456559,0.9999894
PCOS/infected/image11224.jpg,1,0.051310368,0.5128248
PCOS/infected/image11225.jpg,1,-0.52975625,0.37057373
PCOS/infected/image11226.jpg,1,13.372529,0.99999845
PCOS/infected/image11227.jpg,1,0.039878912,0.5099684
PCOS/infected/image11228.jpg,1,0.11831283,0.5295437
PCOS/infected/image11229.jpg,1,-0.016543714,0.49586418
PCOS/infected/image11230.jpg,1,-0.5356848,0.36919197
PCOS/infected/image11231.jpg,1,-0.63586,0.346183
PCOS/infected/image11232.jpg,1,9.046854,0.9998822
PCOS/infected/image11233.jpg,1,8.800053,0.9998493
PCOS/infected/image11234.jpg,1,-0.067003235,0.48325545
PCOS/infected/image11235.jpg,1,8.05203,0.9996817
PCOS/infected/image11236.jpg,1,0.007811781,0.50195295
PCOS/infected/image11237.jpg,1,8.487876,0.99979407
PCOS/infected/image11238.jpg,1,0.13491267,0.5336771
PCOS/infected/image11239.jpg,1,-0.25534716,0.43650782
PCOS/infected/image11240.jpg,1,-0.03506527,0.4912346
PCOS/infected/image11241.jpg,1,-0.49967548,0.37761694
PCOS/infected/image11242.jpg,1,-1.1512206,0.2402662
PCOS/infected/image11243.jpg,1,-0.6580706,0.34117314
PCOS/infected/image11244.jpg,1,6.161522,0.99789536
PCOS/infected/image11245.jpg,1,-1.0693569,0.2555254
PCOS/infected/image11246.jpg,1,-0.7678149,0.31695196
PCOS/infected/image11247.jpg,1,-0.03180661,0.492049
PCOS/infected/image11248.jpg,1,-0.6783528,0.33662903
PCOS/infected/image11249.jpg,1,10.315905,0.99996686
PCOS/infected/image11250.jpg,1,8.46569,0.99978954
PCOS/infected/image11251.jpg,1,0.10647817,0.5265944
PCOS/infected/image11252.jpg,1,0.03427108,0.5085669
PCOS/infected/image11253.jpg,1,-0.772427,0.31595433
PCOS/infected/image11254.jpg,1,-0.8448338,0.30051774
PCOS/infected/image11255.jpg,1,-0.8428664,0.30093142
PCOS/infected/image11256.jpg,1,11.648328,0.9999913
PCOS/infected/image11257.jpg,1,-0.6588103,0.3410069
PCOS/infected/image11258.jpg,1,-0.58948326,0.35675344
PCOS/infected/image11259.jpg,1,-0.82254744,0.30522317
PCOS/infected/image11260.jpg,1,-0.656571,0.34151033
PCOS/infected/image11261.jpg,1,7.3348994,0.9993481
PCOS/infected/image11262.jpg,1,-0.6548293,0.34190208
PCOS/infected/image11263.jpg,1,0.03304343,0.50826013
PCOS/infected/image11264.jpg,1,-0.8586808,0.29761505
PCOS/infected/image11265.jpg,1,-0.73567295,0.32395107
PCOS/infected/image11266.jpg,1,-0.25077677,0.43763232
PCOS/infected/image11267.jpg,1,0.029342405,0.50733507
PCOS/infected/image11268.jpg,1,-0.46431512,0.38596267
PCOS/infected/image11269.jpg,1,0.09793372,0.5244639
PCOS/infected/image11270.jpg,1,9.02875,0.9998801
PCOS/infected/image11271.jpg,1,7.8725624,0.999619
PCOS/infected/image11272.jpg,1,0.046668112,0.5116649
PCOS/infected/image11273.jpg,1,-0.5715856,0.36087105
PCOS/infected/image11274.jpg,1,0.1643137,0.54098624
PCOS/infected/image11275.jpg,1,0.0625237,0.51562583
PCOS/infected/image11277.jpg,1,10.408452,0.99996984
PCOS/infected/image11278.jpg,1,-0.16507709,0.45882422
PCOS/infected/image11279.jpg,1,10.16754,0.9999616
PCOS/infected/image11280.jpg,1,-0.00557795,0.49860552
PCOS/infected/image11281.jpg,1,5.6124334,0.9963611
PCOS/infected/image11282.jpg,1,9.722795,0.99994016
PCOS/infected/image11283.jpg,1,12.61874,0.99999666
PCOS/infected/image11284.jpg,1,8.914319,0.99986553
PCOS/infected/image11285.jpg,1,19.634903,1.0
PCOS/infected/image11286.jpg,1,-0.49645445,0.37837422
PCOS/infected/image11287.jpg,1,-0.016967302,0.4957583
PCOS/infected/image11288.jpg,1,0.040107206,0.51002544
PCOS/infected/image11289.jpg,1,-0.55687755,0.36427027
PCOS/infected/image11290.jpg,1,7.931014,0.9996407
PCOS/infected/image11291.jpg,1,11.001638,0.9999833
PCOS/infected/image11292.jpg,1,-0.6655177,0.33950123
PCOS/infected/image11293.jpg,1,-0.54445916,0.36715087
PCOS/infected/image11294.jpg,1,-0.16298884,0.45934275
PCOS/infected/image11295.jpg,1,-0.47684932,0.3829964
PCOS/infected/image11296.jpg,1,7.721753,0.9995571
PCOS/infected/image11297.jpg,1,6.196405,0.9979674
PCOS/infected/image11298.jpg,1,-0.40591225,0.3998927
PCOS/infected/image11299.jpg,1,0.057910435,0.51447356
PCOS/infected/image11300.jpg,1,-0.003679596,0.4990801
PCOS/infected/image11301.jpg,1,-0.5001833,0.37749758
PCOS/infected/image11302.jpg,1,10.031517,0.999956
PCOS/infected/image11303.jpg,1,0.017820105,0.5044549
PCOS/infected/image11304.jpg,1,0.012844389,0.5032111
PCOS/infected/image11305.jpg,1,-1.3568175,0.20475805
PCOS/infected/image11306.jpg,1,-0.47269493,0.38397858
PCOS/infected/image11307.jpg,1,-0.4216487,0.39612234
PCOS/infected/image11308.jpg,1,0.020456823,0.505114
PCOS/infected/image11309.jpg,1,-0.5537444,0.3649961
PCOS/infected/image11310.jpg,1,-0.3219748,0.42019454
PCOS/infected/image11311.jpg,1,-0.675675,0.33722728
PCOS/infected/image11313.jpg,1,0.016928053,0.5042319
PCOS/infected/image11314.jpg,1,-0.55619794,0.36442763
PCOS/infected/image11315.jpg,1,-0.54419607,0.367212
PCOS/infected/image11316.jpg,1,-0.44987217,0.38939112
PCOS/infected/image11317.jpg,1,-0.6668814,0.33919552
PCOS/infected/image11318.jpg,1,-0.62162143,0.34941277
PCOS/infected/image11319.jpg,1,-0.010940904,0.49726477
PCOS/infected/image11320.jpg,1,-0.46996236,0.38462514
PCOS/infected/image11321.jpg,1,-0.21966386,0.4453038
PCOS/infected/image11322.jpg,1,-0.7075769,0.33013448
PCOS/infected/image11323.jpg,1,-0.022011405,0.4944974
PCOS/infected/image11324.jpg,1,0.15094106,0.5376638
PCOS/infected/image11325.jpg,1,-0.88041806,0.29309115
PCOS/infected/image11326.jpg,1,0.07967304,0.5199078
PCOS/infected/image11327.jpg,1,-0.44367948,0.3908646
PCOS/infected/image11328.jpg,1,-0.32972363,0.41830787
PCOS/infected/image11329.jpg,1,-0.3763229,0.4070141
PCOS/infected/image11330.jpg,1,-0.6705335,0.3383774
PCOS/infected/image11331.jpg,1,-0.083768435,0.47907013
PCOS/infected/image11332.jpg,1,0.08343489,0.52084666
PCOS/infected/image11333.jpg,1,-0.015369695,0.49615765
PCOS/infected/image11334.jpg,1,-0.5601626,0.36350983
PCOS/infected/image11335.jpg,1,11.414767,0.9999889
PCOS/infected/image11336.jpg,1,0.040762637,0.51018924
PCOS/infected/image11337.jpg,1,-0.10051521,0.47489232
PCOS/infected/image11338.jpg,1,-0.16510104,0.45881826
PCOS/infected/image11339.jpg,1,0.07069961,0.51766753
PCOS/infected/image11340.jpg,1,-0.12175752,0.46959814
PCOS/infected/image11341.jpg,1,0.10584734,0.52643716
PCOS/infected/image11342.jpg,1,0.11889233,0.5296881
PCOS/infected/image11343.jpg,1,-0.13152312,0.4671665
PCOS/infected/image11344.jpg,1,-0.3553382,0.41208854
PCOS/infected/image11345.jpg,1,0.18075599,0.54506636
PCOS/infected/image11346.jpg,1,-0.5943083,0.3556469
PCOS/infected/image11347.jpg,1,-0.39387697,0.40278438
PCOS/infected/image11348.jpg,1,-0.78483814,0.31327808
PCOS/infected/image11349.jpg,1,9.306451,0.99990916
PCOS/infected/image11351.jpg,1,0.123970106,0.53095293
PCOS/infected/image11352.jpg,1,0.06846464,0.5171095
PCOS/infected/image11353.jpg,1,0.10149966,0.52535313
PCOS/infected/image11354.jpg,1,0.11801196,0.5294688
PCOS/infected/image11355.jpg,1,0.0998914,0.5249521
PCOS/infected/image11356.jpg,1,-0.009933058,0.49751675
PCOS/infected/image11357.jpg,1,-0.28557676,0.4290871
PCOS/infected/image11358.jpg,1,-0.046644628,0.48834097
PCOS/infected/image11359.jpg,1,0.08025939,0.5200541
PCOS/infected/image11360.jpg,1,8.9863,0.99987483
PCOS/infected/image11361.jpg,1,-0.48008505,0.38223204
PCOS/infected/image11362.jpg,1,-0.01355139,0.49661216
PCOS/infected/image11363.jpg,1,-0.8165557,0.30649528
PCOS/infected/image11364.jpg,1,-0.91535753,0.28590477
PCOS/infected/image11365.jpg,1,-0.5830628,0.35822815
PCOS/infected/image11366.jpg,1,-0.22002742,0.445214
PCOS/infected/image11367.jpg,1,-0.044981897,0.4887564
PCOS/infected/image11368.jpg,1,0.014230186,0.5035575
PCOS/infected/image11369.jpg,1,-0.048449896,0.48788995
PCOS/infected/image11370.jpg,1,-0.48691484,0.3806206
PCOS/infected/image11371.jpg,1,11.035384,0.9999839
PCOS/infected/image11372.jpg,1,-0.9832654,0.27224436
PCOS/infected/image11373.jpg,1,8.055467,0.9996828
PCOS/infected/image11374.jpg,1,-0.02715475,0.49321172
PCOS/infected/image11375.jpg,1,-0.15194088,0.4620877
PCOS/infected/image11376.jpg,1,0.059731252,0.5149284
PCOS/infected/image11377.jpg,1,-0.5593606,0.3636954
PCOS/infected/image11378.jpg,1,-1.2583349,0.22126067
PCOS/infected/image11379.jpg,1,-0.9722735,0.27442756
PCOS/infected/image11380.jpg,1,0.024209647,0.50605214
PCOS/infected/image11381.jpg,1,0.11566932,0.5288851
PCOS/infected/image11382.jpg,1,-0.5570163,0.3642381
PCOS/infected/image11383.jpg,1,0.03055536,0.5076382
PCOS/infected/image11384.jpg,1,0.080359295,0.520079
PCOS/infected/image11385.jpg,1,0.028716505,0.50717866
PCOS/infected/image11386.jpg,1,-0.037633494,0.49059275
PCOS/infected/image11387.jpg,1,-0.35677317,0.4117409
PCOS/infected/image11388.jpg,1,-0.68865365,0.33433264
PCOS/infected/image11389.jpg,1,-0.17162168,0.45719957
PCOS/infected/image11390.jpg,1,0.018416518,0.504604
PCOS/infected/image11391.jpg,1,-0.93822455,0.28125912
PCOS/infected/image11392.jpg,1,-0.98009866,0.2728722
PCOS/infected/image11393.jpg,1,0.017309831,0.5043273
PCOS/infected/image11394.jpg,1,-0.26660886,0.4337398
PCOS/infected/image11395.jpg,1,-0.7640417,0.3177694
PCOS/infected/image11396.jpg,1,-0.4624641,0.3864014
PCOS/infected/image11397.jpg,1,9.105502,0.9998889
PCOS/infected/image11398.jpg,1,-0.19023651,0.4525838
PCOS/infected/image11399.jpg,1,8.767914,0.9998443
PCOS/infected/image11400.jpg,1,-0.06644362,0.4833952
PCOS/infected/image11401.jpg,1,-0.14589858,0.46358994
PCOS/infected/image11402.jpg,1,-0.7347215,0.32415947
PCOS/infected/image11403.jpg,1,-0.07337399,0.48166478
PCOS/infected/image11404.jpg,1,-0.14422223,0.46400678
PCOS/infected/image11405.jpg,1,0.00065261126,0.50016314
PCOS/infected/image11406.jpg,1,-0.74114484,0.32275385
PCOS/infected/image11407.jpg,1,7.462502,0.9994261
PCOS/infected/image11408.jpg,1,0.18434513,0.5459562
PCOS/infected/image11409.jpg,1,8.376672,0.99976987
PCOS/infected/image11410.jpg,1,-0.21678235,0.44601566
PCOS/infected/image11411.jpg,1,8.50871,0.99979836
PCOS/infected/image11412.jpg,1,-0.35622475,0.41187376
PCOS/infected/image11413.jpg,1,-0.48756084,0.38046834
PCOS/infected/image11414.jpg,1,-0.062149674,0.48446757
PCOS/infected/image11415.jpg,1,0.013733637,0.50343335
PCOS/infected/image11416.jpg,1,-0.67737854,0.33684665
PCOS/infected/image11417.jpg,1,-0.32936406,0.41839537
PCOS/infected/image11418.jpg,1,0.089586966,0.5223818
PCOS/infected/image11419.jpg,1,0.016612882,0.50415313
PCOS/infected/image11420.jpg,1,-0.5998637,0.3543749
PCOS/infected/image11421.jpg,1,-0.14899808,0.46281925
PCOS/infected/image11422.jpg,1,-0.0006610509,0.49983472
PCOS/infected/image11423.jpg,1,-0.4154985,0.39759442
PCOS/infected/image11424.jpg,1,-0.08304298,0.4792512
PCOS/infected/image11425.jpg,1,-0.44583544,0.3903514
PCOS/infected/image11426.jpg,1,8.114995,0.9997011
PCOS/infected/image11427.jpg,1,-0.4760383,0.38318804
PCOS/infected/image11428.jpg,1,-0.2041879,0.44912964
PCOS/infected/image11429.jpg,1,10.418593,0.9999701
PCOS/infected/image11430.jpg,1,0.047094285,0.5117714
PCOS/infected/image11431.jpg,1,-0.89090043,0.29092404
PCOS/infected/image11432.jpg,1,-0.4391292,0.39194846
PCOS/infected/image11433.jpg,1,-0.6826512,0.33566985
PCOS/infected/image11434.jpg,1,-1.2310237,0.22600234
PCOS/infected/image11435.jpg,1,-0.20300455,0.44942242
PCOS/infected/image11436.jpg,1,-0.9861137,0.27168038
PCOS/infected/image11437.jpg,1,-0.6427751,0.34461948
PCOS/infected/image11438.jpg,1,0.019421503,0.5048552
PCOS/infected/image11439.jpg,1,-0.20725101,0.44837192
PCOS/infected/image11440.jpg,1,9.581677,0.999931
PCOS/infected/image11441.jpg,1,-0.028178683,0.4929558
PCOS/infected/image11442.jpg,1,0.12891732,0.5321848
PCOS/infected/image11443.jpg,1,0.031171178,0.5077922
PCOS/infected/image11444.jpg,1,-0.007795846,0.49805105
PCOS/infected/image11445.jpg,1,-0.09308337,0.47674593
PCOS/infected/image11446.jpg,1,0.03176362,0.50794023
PCOS/infected/image11447.jpg,1,0.084220156,0.52104264
PCOS/infected/image11448.jpg,1,-0.6626931,0.34013492
PCOS/infected/image11449.jpg,1,-0.70766306,0.33011544
PCOS/infected/image11450.jpg,1,-0.61668664,0.3505354
PCOS/infected/image11451.jpg,1,-0.21954104,0.44533417
PCOS/infected/image11452.jpg,1,-0.70914435,0.32978794
PCOS/infected/image11453.jpg,1,0.093534276,0.5233666
PCOS/infected/image11454.jpg,1,0.09273288,0.5231666
PCOS/infected/image11455.jpg,1,-0.007424688,0.49814385
PCOS/infected/image11456.jpg,1,11.490749,0.99998975
PCOS/infected/image11457.jpg,1,-0.16898729,0.45785347
PCOS/infected/image11458.jpg,1,-0.4950907,0.37869507
PCOS/infected/image11459.jpg,1,-0.7052879,0.33064088
PCOS/infected/image11460.jpg,1,0.036310617,0.50907665
PCOS/infected/image11461.jpg,1,-0.25350225,0.43696165
PCOS/infected/image11462.jpg,1,0.06042728,0.51510227
PCOS/infected/image11463.jpg,1,-0.8599674,0.29734617
PCOS/infected/image11464.jpg,1,0.06319422,0.5157933
PCOS/infected/image11465.jpg,1,0.09806943,0.52449775
PCOS/infected/image11466.jpg,1,9.396428,0.99991703
PCOS/infected/image11467.jpg,1,0.10173021,0.52541065
PCOS/infected/image11468.jpg,1,8.602807,0.9998165
PCOS/infected/image11469.jpg,1,-0.35841885,0.4113424
PCOS/infected/image11470.jpg,1,-0.58037966,0.35884523
PCOS/infected/image11471.jpg,1,-0.00825472,0.49793634
PCOS/infected/image11472.jpg,1,-0.9973118,0.2694703
PCOS/infected/image11473.jpg,1,-0.6269625,0.3481996
PCOS/infected/image11474.jpg,1,9.072976,0.9998853
PCOS/infected/image11475.jpg,1,-0.03825368,0.49043775
PCOS/infected/image11476.jpg,1,0.081721745,0.52041906
PCOS/infected/image11477.jpg,1,-0.3216973,0.4202622
PCOS/infected/image11478.jpg,1,-0.024185324,0.49395397
PCOS/infected/image11479.jpg,1,-0.11786406,0.47056806
PCOS/infected/image11480.jpg,1,10.905633,0.99998164
PCOS/infected/image11481.jpg,1,-0.45119557,0.38907653
PCOS/infected/image11482.jpg,1,0.122514084,0.5305903
PCOS/infected/image11483.jpg,1,0.044547312,0.511135
PCOS/infected/image11484.jpg,1,0.0006130198,0.50015324
PCOS/infected/image11485.jpg,1,-0.39512986,0.40248302
PCOS/infected/image11486.jpg,1,-0.72120136,0.32712847
PCOS/infected/image11487.jpg,1,-0.3205261,0.42054754
PCOS/infected/image11490.jpg,1,0.10070315,0.52515453
PCOS/infected/image11491.jpg,1,0.057722382,0.5144266
PCOS/infected/image11494.jpg,1,-0.018289411,0.4954278
PCOS/infected/image11495.jpg,1,-0.018699003,0.4953254
PCOS/infected/image11496.jpg,1,0.03486219,0.5087147
PCOS/infected/image11498.jpg,1,0.03448446,0.50862026
PCOS/infected/image11499.jpg,1,-0.027581027,0.49310514
PCOS/infected/image11500.jpg,1,-0.5178717,0.37335005
PCOS/infected/image11501.jpg,1,0.013976375,0.503494
PCOS/infected/image11502.jpg,1,-0.21186598,0.44723076
PCOS/infected/image11503.jpg,1,-0.41317406,0.39815128
PCOS/infected/image11504.jpg,1,-0.26578102,0.43394315
PCOS/infected/image11505.jpg,1,0.018307172,0.5045766
PCOS/infected/image11506.jpg,1,-0.91055864,0.28688553
PCOS/infected/image11507.jpg,1,0.04916034,0.5122876
PCOS/infected/image11508.jpg,1,-0.10234633,0.47443572
PCOS/infected/image11513.jpg,1,-0.47146633,0.38426924
PCOS/infected/image11514.jpg,1,0.142242,0.53550065
PCOS/infected/image11515.jpg,1,-0.09897523,0.47527638
PCOS/infected/image11516.jpg,1,-0.8271324,0.30425176
PCOS/infected/image11517.jpg,1,-0.020307554,0.49492332
PCOS/infected/image11518.jpg,1,-0.22278452,0.4445331
PCOS/infected/image11519.jpg,1,-0.5937669,0.355771
PCOS/infected/image11520.jpg,1,-0.6816143,0.33590114
PCOS/infected/image11521.jpg,1,-0.26283434,0.43466714
PCOS/infected/image11522.jpg,1,-0.44614008,0.3902789
PCOS/infected/image11523.jpg,1,-0.07949033,0.48013788
PCOS/infected/image11524.jpg,1,8.307323,0.9997534
PCOS/infected/image11525.jpg,1,-0.74535567,0.32183412
PCOS/infected/image11527.jpg,1,11.491738,0.99998975
PCOS/infected/image11528.jpg,1,11.500749,0.99998987
PCOS/infected/image11529.jpg,1,10.056857,0.9999571
PCOS/infected/image11530.jpg,1,10.237428,0.99996424
PCOS/infected/image11531.jpg,1,3.6567984,0.9748346
PCOS/infected/image11533.jpg,1,10.947943,0.99998236
PCOS/infected/image11534.jpg,1,10.333638,0.99996746
PCOS/infected/image11535.jpg,1,13.3379755,0.99999833
PCOS/infected/image11536.jpg,1,3.9115295,0.9803827
PCOS/infected/image11537.jpg,1,4.612551,0.99017113
PCOS/infected/image11538.jpg,1,2.6604483,0.9346521
PCOS/infected/image11539.jpg,1,8.953273,0.99987066
PCOS/infected/image11540.jpg,1,9.769433,0.9999428
PCOS/infected/image11541.jpg,1,10.548423,0.9999738
PCOS/infected/image11542.jpg,1,11.91471,0.9999933
PCOS/infected/image11543.jpg,1,11.247184,0.999987
PCOS/infected/image11544.jpg,1,11.80613,0.9999925
PCOS/infected/image11545.jpg,1,3.4866629,0.9703059
PCOS/infected/image11547.jpg,1,11.509111,0.99999
PCOS/infected/image11550.jpg,1,10.444776,0.9999709
PCOS/infected/image11551.jpg,1,10.906292,0.99998164
PCOS/infected/image11552.jpg,1,10.086694,0.9999584
PCOS/infected/image11553.jpg,1,9.742141,0.99994123
PCOS/infected/image11555.jpg,1,8.820555,0.9998523
PCOS/infected/image11556.jpg,1,6.890008,0.9989831
PCOS/infected/image11557.jpg,1,12.092124,0.9999944
PCOS/infected/image11558.jpg,1,4.706848,0.9910477
PCOS/infected/image11559.jpg,1,11.382697,0.99998856
PCOS/infected/image11560.jpg,1,11.986563,0.9999938
PCOS/infected/image11561.jpg,1,7.9292917,0.9996401
PCOS/infected/image11563.jpg,1,10.437542,0.9999707
PCOS/infected/image11566.jpg,1,12.414484,0.99999595
PCOS/infected/image11568.jpg,1,8.62222,0.99982005
PCOS/infected/image11569.jpg,1,4.1738005,0.98483974
PCOS/infected/image11570.jpg,1,13.001609,0.99999774
PCOS/infected/image11571.jpg,1,11.046962,0.999984
PCOS/infected/image11572.jpg,1,6.5449114,0.99856466
PCOS/infected/image11573.jpg,1,11.550155,0.99999034
PCOS/infected/image11574.jpg,1,10.530352,0.9999733
PCOS/infected/image11576.jpg,1,11.442973,0.9999893
PCOS/infected/image11577.jpg,1,11.066466,0.9999844
PCOS/infected/image11578.jpg,1,2.6062717,0.9312641
PCOS/infected/image11579.jpg,1,4.8244743,0.9920332
PCOS/infected/image11580.jpg,1,11.112183,0.9999851
PCOS/infected/image11581.jpg,1,11.250031,0.999987
PCOS/infected/image11582.jpg,1,5.1615944,0.9943001
PCOS/infected/image11583.jpg,1,9.189066,0.99989784
PCOS/infected/image11584.jpg,1,9.852817,0.9999474
PCOS/infected/image11585.jpg,1,9.868252,0.99994826
PCOS/infected/image11586.jpg,1,3.8365054,0.9788865
PCOS/infected/image11587.jpg,1,12.179023,0.9999949
PCOS/infected/image11589.jpg,1,10.585559,0.9999747
PCOS/infected/image11590.jpg,1,9.576858,0.99993074
PCOS/infected/image11592.jpg,1,11.567287,0.9999906
PCOS/infected/image11593.jpg,1,9.396817,0.99991703
PCOS/infected/image11594.jpg,1,4.527315,0.9893059
PCOS/infected/image11595.jpg,1,10.632213,0.9999759
PCOS/infected/image11596.jpg,1,10.753318,0.99997866
PCOS/infected/image11597.jpg,1,10.091319,0.9999585
PCOS/infected/image11598.jpg,1,9.579825,0.99993086
PCOS/infected/image11599.jpg,1,10.981089,0.99998295
PCOS/infected/image11600.jpg,1,12.801465,0.99999726
PCOS/infected/image11601.jpg,1,9.462362,0.9999223
PCOS/infected/image11602.jpg,1,12.935521,0.9999976
PCOS/infected/image11603.jpg,1,12.496657,0.9999963
PCOS/infected/image11605.jpg,1,12.002641,0.9999939
PCOS/infected/image11606.jpg,1,10.493365,0.9999722
PCOS/infected/image11607.jpg,1,10.4611845,0.9999714
PCOS/infected/image11608.jpg,1,11.270989,0.99998724
PCOS/infected/image11610.jpg,1,2.8877,0.947235
PCOS/infected/image11611.jpg,1,9.756468,0.99994206
PCOS/infected/image11612.jpg,1,10.12839,0.99996006
PCOS/infected/image11613.jpg,1,9.052236,0.9998828
PCOS/infected/image11614.jpg,1,9.513684,0.9999262
PCOS/infected/image11615.jpg,1,11.368499,0.99998844
PCOS/infected/image11616.jpg,1,11.389558,0.9999887
PCOS/infected/image11617.jpg,1,9.97624,0.9999535
PCOS/infected/image11618.jpg,1,9.933608,0.9999515
PCOS/infected/image11619.jpg,1,10.051431,0.99995685
PCOS/infected/image11620.jpg,1,8.831265,0.99985385
PCOS/infected/image11621.jpg,1,10.971393,0.99998283
PCOS/infected/image11622.jpg,1,-6.359624,0.0017270294
PCOS/infected/image11623.jpg,1,9.99297,0.9999542
PCOS/infected/image11624.jpg,1,3.9154406,0.9804577
PCOS/infected/image11625.jpg,1,10.806305,0.99997973
PCOS/infected/image11626.jpg,1,10.792825,0.9999795
PCOS/infected/image11627.jpg,1,6.678053,0.99874336
PCOS/infected/image11628.jpg,1,12.709829,0.999997
PCOS/infected/image11630.jpg,1,13.610223,0.9999988
PCOS/infected/image11632.jpg,1,10.830821,0.9999802
PCOS/infected/image11633.jpg,1,10.957532,0.9999826
PCOS/infected/image11634.jpg,1,11.48105,0.9999896
PCOS/infected/image11635.jpg,1,8.619294,0.99981946
PCOS/infected/image11637.jpg,1,12.76295,0.99999714
PCOS/infected/image11639.jpg,1,12.315423,0.99999547
PCOS/infected/image11640.jpg,1,14.084067,0.9999993
PCOS/infected/image11641.jpg,1,4.664955,0.99066824
PCOS/infected/image11642.jpg,1,10.851437,0.99998057
PCOS/infected/image11643.jpg,1,10.844753,0.99998045
PCOS/infected/image11644.jpg,1,11.046992,0.999984
PCOS/infected/image11645.jpg,1,5.4876394,0.9958794
PCOS/infected/image11646.jpg,1,5.430254,0.9956371
PCOS/infected/image11647.jpg,1,12.232074,0.9999951
PCOS/infected/image11648.jpg,1,12.344153,0.9999956
PCOS/infected/image11649.jpg,1,10.164031,0.9999615
PCOS/infected/image11650.jpg,1,2.5804372,0.92959183
PCOS/infected/image11651.jpg,1,11.910296,0.9999933
PCOS/infected/image11652.jpg,1,8.500955,0.9997968
PCOS/infected/image11653.jpg,1,14.817958,0.99999964
PCOS/infected/image11656.jpg,1,12.170001,0.9999949
PCOS/infected/image11657.jpg,1,12.951922,0.9999976
PCOS/infected/image11658.jpg,1,12.575734,0.99999654
PCOS/infected/image11659.jpg,1,10.650038,0.9999763
PCOS/infected/image11660.jpg,1,10.685723,0.9999771
PCOS/infected/image11661.jpg,1,10.176808,0.999962
PCOS/infected/image11662.jpg,1,10.893941,0.9999814
PCOS/infected/image11663.jpg,1,8.686277,0.9998311
PCOS/infected/image11666.jpg,1,8.909896,0.99986494
PCOS/infected/image11668.jpg,1,13.075412,0.99999785
PCOS/infected/image11669.jpg,1,11.770854,0.99999225
PCOS/infected/image11672.jpg,1,11.925009,0.9999933
PCOS/infected/image11673.jpg,1,10.260076,0.99996495
PCOS/infected/image11675.jpg,1,4.089421,0.983527
PCOS/infected/image11676.jpg,1,10.39792,0.9999695
PCOS/infected/image11679.jpg,1,12.251856,0.99999523
PCOS/infected/image11683.jpg,1,9.490547,0.9999244
PCOS/infected/image11684.jpg,1,12.002183,0.9999939
PCOS/infected/image11685.jpg,1,11.886769,0.9999931
PCOS/infected/image11687.jpg,1,9.633331,0.99993443
PCOS/infected/image11688.jpg,1,9.5551815,0.9999292
PCOS/infected/image11689.jpg,1,7.0914955,0.9991685
PCOS/infected/image11690.jpg,1,11.340243,0.9999881
PCOS/infected/image11693.jpg,1,9.927922,0.99995124
PCOS/infected/image11694.jpg,1,1.7345686,0.84999585
PCOS/infected/image11696.jpg,1,10.982566,0.99998295
PCOS/infected/image11697.jpg,1,9.801927,0.9999447
PCOS/infected/image11698.jpg,1,5.4238224,0.9956091
PCOS/infected/image11699.jpg,1,11.9562235,0.99999356
PCOS/infected/image11700.jpg,1,2.2459702,0.90430236
PCOS/infected/image11701.jpg,1,13.5089445,0.9999987
PCOS/infected/image11704.jpg,1,9.479124,0.9999236
PCOS/infected/image11705.jpg,1,12.873244,0.9999974
PCOS/infected/image11707.jpg,1,11.8561945,0.99999285
PCOS/infected/image11708.jpg,1,9.92759,0.99995124
PCOS/infected/image11709.jpg,1,2.4371047,0.91961336
PCOS/infected/image11710.jpg,1,10.627826,0.9999758
PCOS/infected/image11711.jpg,1,13.396595,0.99999845
PCOS/infected/image11712.jpg,1,10.702789,0.99997747
PCOS/infected/image11713.jpg,1,12.542222,0.9999964
PCOS/infected/image11714.jpg,1,11.239008,0.9999869
PCOS/infected/image11715.jpg,1,4.1052213,0.983781
PCOS/infected/image11716.jpg,1,9.807212,0.9999449
PCOS/infected/image11717.jpg,1,9.249869,0.9999039
PCOS/infected/image11718.jpg,1,3.4462204,0.96911824
PCOS/infected/image11719.jpg,1,13.078083,0.99999785
PCOS/infected/image11720.jpg,1,11.371765,0.99998844
PCOS/infected/image11721.jpg,1,10.124936,0.99995995
PCOS/infected/image11723.jpg,1,11.950227,0.99999356
PCOS/infected/image11724.jpg,1,10.970019,0.99998283
PCOS/infected/image11725.jpg,1,9.781247,0.9999435
PCOS/infected/image11726.jpg,1,10.824822,0.9999801
PCOS/infected/image11727.jpg,1,11.327518,0.99998796
PCOS/infected/image11730.jpg,1,13.65375,0.9999988
PCOS/infected/image11731.jpg,1,10.545976,0.99997365
PCOS/infected/image11732.jpg,1,4.2115307,0.98539287
PCOS/infected/image11733.jpg,1,4.3470273,0.98722017
PCOS/infected/image11734.jpg,1,10.017499,0.9999554
PCOS/infected/image11735.jpg,1,11.845848,0.99999285
PCOS/infected/image11737.jpg,1,11.21353,0.9999865
PCOS/infected/image11738.jpg,1,5.6761484,0.9965849
PCOS/infected/image11739.jpg,1,12.6497965,0.9999968
PCOS/infected/image11740.jpg,1,10.377307,0.9999689
PCOS/infected/image11742.jpg,1,9.043206,0.99988186
PCOS/infected/image11743.jpg,1,6.585259,0.99862134
PCOS/infected/image11745.jpg,1,8.449269,0.99978596
PCOS/infected/image11746.jpg,1,11.796602,0.9999925
PCOS/infected/image11747.jpg,1,9.837113,0.9999466
PCOS/infected/image11748.jpg,1,10.374049,0.99996877
PCOS/infected/image11749.jpg,1,10.526673,0.9999732
PCOS/infected/image11750.jpg,1,4.082088,0.9834078
PCOS/infected/image11751.jpg,1,5.4546127,0.9957417
PCOS/infected/image11752.jpg,1,5.2958045,0.99501234
PCOS/infected/image11753.jpg,1,2.4810472,0.9228024
PCOS/infected/image11754.jpg,1,12.119079,0.9999945
PCOS/infected/image11756.jpg,1,10.028698,0.9999559
PCOS/infected/image11760.jpg,1,9.324676,0.99991083
PCOS/infected/image11762.jpg,1,10.820355,0.99998
PCOS/infected/image11763.jpg,1,11.586598,0.9999907
PCOS/infected/image11765.jpg,1,11.650486,0.9999913
PCOS/infected/image11766.jpg,1,2.6538634,0.9342487
PCOS/infected/image11767.jpg,1,10.9923935,0.9999832
PCOS/infected/image11769.jpg,1,7.93176,0.99964094
PCOS/infected/image11770.jpg,1,13.343174,0.99999845
PCOS/infected/image11772.jpg,1,10.323949,0.9999672
PCOS/infected/image11773.jpg,1,10.596755,0.99997497
PCOS/infected/image11774.jpg,1,4.7532053,0.9914498
PCOS/infected/image11775.jpg,1,13.471918,0.99999857
PCOS/infected/image11777.jpg,1,12.703491,0.9999969
PCOS/infected/image11778.jpg,1,8.856069,0.99985754
PCOS/infected/image11779.jpg,1,11.225234,0.99998665
PCOS/infected/image11780.jpg,1,9.909896,0.9999503
PCOS/infected/image11781.jpg,1,4.709523,0.99107134
PCOS/infected/image11782.jpg,1,2.9980736,0.952487
PCOS/infected/image11783.jpg,1,10.63366,0.9999759
PCOS/infected/image11784.jpg,1,11.1668005,0.9999858
PCOS/infected/image11785.jpg,1,7.885362,0.9996239
PCOS/infected/image11788.jpg,1,9.288076,0.9999075
PCOS/infected/image11789.jpg,1,11.861804,0.99999297
PCOS/infected/image11790.jpg,1,10.042451,0.9999565
PCOS/infected/image11791.jpg,1,13.7788515,0.9999989
PCOS/infected/image11793.jpg,1,14.371793,0.9999994
PCOS/infected/image11794.jpg,1,10.562553,0.99997413
PCOS/infected/image11795.jpg,1,11.724641,0.9999919
PCOS/infected/image11798.jpg,1,11.610187,0.99999094
PCOS/infected/image11799.jpg,1,6.684222,0.99875104
PCOS/infected/image11800.jpg,1,10.835511,0.99998033
PCOS/infected/image11801.jpg,1,11.911632,0.9999933
PCOS/infected/image11802.jpg,1,11.339999,0.9999881
PCOS/infected/image11804.jpg,1,11.3618965,0.9999883
PCOS/infected/image11805.jpg,1,13.359168,0.99999845
PCOS/infected/image11806.jpg,1,13.041465,0.99999785
PCOS/infected/image11807.jpg,1,10.44469,0.9999709
PCOS/infected/image11808.jpg,1,14.300511,0.9999994
PCOS/infected/image11809.jpg,1,12.192669,0.9999949
PCOS/infected/image11810.jpg,1,8.939824,0.999869
PCOS/infected/image11811.jpg,1,11.806543,0.9999925
PCOS/infected/image11812.jpg,1,3.5982318,0.97335714
PCOS/infected/image11813.jpg,1,11.298686,0.9999876
PCOS/infected/image11814.jpg,1,13.078252,0.99999785
PCOS/infected/image11815.jpg,1,10.0741205,0.9999578
PCOS/infected/image11816.jpg,1,12.159583,0.99999475
PCOS/infected/image11817.jpg,1,6.0793867,0.9977157
PCOS/infected/image11819.jpg,1,5.3220863,0.99514115
PCOS/infected/image11820.jpg,1,11.854669,0.99999285
PCOS/infected/image11821.jpg,1,10.379657,0.9999689
PCOS/infected/image11823.jpg,1,4.6681576,0.9906978
PCOS/infected/image11824.jpg,1,8.939992,0.999869
PCOS/infected/image11825.jpg,1,9.1626005,0.9998951
PCOS/infected/image11826.jpg,1,10.302228,0.9999664
PCOS/infected/image11827.jpg,1,11.4065075,0.9999889
PCOS/infected/image11828.jpg,1,11.365937,0.99998844
PCOS/infected/image11829.jpg,1,11.247184,0.999987
PCOS/infected/image11830.jpg,1,10.29576,0.99996626
PCOS/infected/image11831.jpg,1,3.3256042,0.9652968
PCOS/infected/image11833.jpg,1,13.77696,0.9999989
PCOS/infected/image11834.jpg,1,11.1382475,0.99998546
PCOS/infected/image11837.jpg,1,10.790311,0.9999794
PCOS/infected/image11838.jpg,1,10.22018,0.9999635
PCOS/infected/image11839.jpg,1,10.165685,0.9999615
PCOS/infected/image11840.jpg,1,9.388003,0.9999163
PCOS/infected/image11842.jpg,1,8.390912,0.9997731
PCOS/infected/image11843.jpg,1,8.877641,0.9998605
PCOS/infected/image11844.jpg,1,11.250955,0.999987
PCOS/infected/image11845.jpg,1,4.7503805,0.99142575
PCOS/infected/image11846.jpg,1,13.099212,0.999998
PCOS/infected/image11847.jpg,1,11.796231,0.9999925
PCOS/infected/image11848.jpg,1,10.625733,0.9999757
PCOS/infected/image11849.jpg,1,1.4544883,0.81068826
PCOS/infected/image11850.jpg,1,13.242463,0.9999982
PCOS/infected/image11852.jpg,1,3.1846614,0.960253
PCOS/infected/image11853.jpg,1,10.088726,0.9999584
PCOS/infected/image11855.jpg,1,14.30967,0.9999994
PCOS/infected/image11856.jpg,1,4.3826256,0.9876616
PCOS/infected/image11857.jpg,1,10.969861,0.99998283
PCOS/infected/image11858.jpg,1,10.82735,0.9999801
PCOS/infected/image11860.jpg,1,7.6359854,0.99951744
PCOS/infected/image11861.jpg,1,11.999973,0.9999938
PCOS/infected/image11862.jpg,1,11.153813,0.9999857
PCOS/infected/image11863.jpg,1,12.019706,0.9999939
PCOS/infected/image11865.jpg,1,11.950997,0.99999356
PCOS/infected/image11866.jpg,1,11.771678,0.99999225
PCOS/infected/image11867.jpg,1,2.5559912,0.927975
PCOS/infected/image11868.jpg,1,11.100242,0.99998486
PCOS/infected/image11869.jpg,1,12.2085285,0.999995
PCOS/infected/image11870.jpg,1,10.129828,0.9999602
PCOS/infected/image11871.jpg,1,12.935521,0.9999976
PCOS/infected/image11872.jpg,1,12.420538,0.99999595
PCOS/infected/image11874.jpg,1,12.137397,0.99999464
PCOS/infected/image11875.jpg,1,11.530688,0.9999902
PCOS/infected/image11876.jpg,1,9.92355,0.999951
PCOS/infected/image11877.jpg,1,12.762143,0.99999714
PCOS/infected/image11878.jpg,1,10.184201,0.9999622
PCOS/infected/image11879.jpg,1,5.726458,0.996752
PCOS/infected/image11880.jpg,1,-5.2658515,0.005138453
PCOS/infected/image11885.jpg,1,10.569421,0.99997425
PCOS/infected/image11886.jpg,1,10.919757,0.9999819
PCOS/infected/image11888.jpg,1,12.360103,0.9999957
PCOS/infected/image11891.jpg,1,13.4773035,0.99999857
PCOS/infected/image11893.jpg,1,9.615148,0.99993324
PCOS/infected/image11894.jpg,1,9.069815,0.99988496
PCOS/infected/image11895.jpg,1,12.460815,0.99999607
PCOS/infected/image11896.jpg,1,9.9037695,0.99995005
PCOS/infected/image11897.jpg,1,11.035636,0.9999839
PCOS/infected/image11898.jpg,1,10.874854,0.99998105
PCOS/infected/image11899.jpg,1,9.82997,0.99994624
PCOS/infected/image11900.jpg,1,11.800694,0.9999925
PCOS/infected/image11901.jpg,1,6.524842,0.99853563
PCOS/infected/image11902.jpg,1,10.381104,0.999969
PCOS/infected/image11903.jpg,1,9.178392,0.99989676
PCOS/infected/image11904.jpg,1,9.121474,0.9998907
PCOS/infected/image11905.jpg,1,11.856809,0.99999297
PCOS/infected/image11906.jpg,1,11.912297,0.9999933
PCOS/infected/image11907.jpg,1,10.355569,0.9999682
PCOS/infected/image11909.jpg,1,9.933608,0.9999515
PCOS/infected/image11910.jpg,1,4.059763,0.98303944
PCOS/infected/image11911.jpg,1,10.958117,0.9999826
PCOS/infected/image11912.jpg,1,10.600556,0.9999751
PCOS/infected/image11913.jpg,1,5.6959896,0.9966518
PCOS/infected/image11914.jpg,1,10.403047,0.9999696
PCOS/infected/image11915.jpg,1,6.027444,0.9975942
PCOS/infected/image11916.jpg,1,11.686999,0.99999166
PCOS/infected/image11917.jpg,1,6.960619,0.99905235
PCOS/infected/image11918.jpg,1,11.671781,0.9999914
PCOS/infected/image11919.jpg,1,8.915517,0.9998658
PCOS/infected/image11920.jpg,1,4.442674,0.9883724
PCOS/infected/image11921.jpg,1,2.3845267,0.91563976
PCOS/infected/image11922.jpg,1,-5.1868615,0.005558453
PCOS/infected/image11923.jpg,1,11.193904,0.9999863
PCOS/infected/image11924.jpg,1,12.733722,0.999997
PCOS/infected/image11925.jpg,1,10.23347,0.999964
PCOS/infected/image11926.jpg,1,8.31574,0.99975544
PCOS/infected/image11927.jpg,1,11.980163,0.9999937
PCOS/infected/image11929.jpg,1,10.836258,0.99998033
PCOS/infected/image11930.jpg,1,11.172811,0.99998593
PCOS/infected/image11931.jpg,1,8.499363,0.99979645
PCOS/infected/image11932.jpg,1,10.572116,0.99997437
PCOS/infected/image11933.jpg,1,1.6318548,0.8364235
PCOS/infected/image11934.jpg,1,13.734008,0.9999989
PCOS/infected/image11935.jpg,1,11.745157,0.999992
PCOS/infected/image11936.jpg,1,14.17173,0.9999993
PCOS/infected/image11937.jpg,1,9.924906,0.999951
PCOS/infected/image11938.jpg,1,11.004078,0.9999833
PCOS/infected/image11939.jpg,1,-6.0332384,0.0023919812
PCOS/infected/image11940.jpg,1,14.115747,0.9999993
PCOS/infected/image11941.jpg,1,10.262326,0.9999651
PCOS/infected/image11942.jpg,1,3.4856825,0.9702776
PCOS/infected/image11943.jpg,1,12.776754,0.99999714
PCOS/infected/image11944.jpg,1,11.420144,0.99998903
PCOS/infected/image11945.jpg,1,5.4051056,0.9955265
PCOS/infected/image11946.jpg,1,10.575768,0.9999745
PCOS/infected/image11948.jpg,1,5.9939356,0.99751234
PCOS/infected/image11951.jpg,1,12.527966,0.9999964
PCOS/infected/image11952.jpg,1,11.7923565,0.9999925
PCOS/infected/image11954.jpg,1,10.493903,0.99997234
PCOS/infected/image11955.jpg,1,2.068982,0.88785166
PCOS/infected/image11956.jpg,1,12.239248,0.9999951
PCOS/infected/image11957.jpg,1,9.160993,0.999895
PCOS/infected/image11958.jpg,1,11.618058,0.99999094
PCOS/infected/image11959.jpg,1,8.943133,0.99986935
PCOS/infected/image11960.jpg,1,9.492505,0.99992454
PCOS/infected/image11961.jpg,1,2.856234,0.94564
PCOS/infected/image11962.jpg,1,11.79123,0.9999924
PCOS/infected/image11963.jpg,1,14.2099695,0.9999993
PCOS/infected/image11964.jpg,1,2.8296204,0.9442556
PCOS/infected/image11966.jpg,1,12.409347,0.99999595
PCOS/infected/image11967.jpg,1,10.232144,0.999964
PCOS/infected/image11969.jpg,1,10.152551,0.999961
PCOS/infected/image11970.jpg,1,10.697122,0.99997735
PCOS/infected/image11971.jpg,1,2.2959533,0.9085414
PCOS/infected/image11972.jpg,1,13.264766,0.9999982
PCOS/infected/image11973.jpg,1,9.3433275,0.9999125
PCOS/infected/image11974.jpg,1,12.295183,0.99999547
PCOS/infected/image11976.jpg,1,9.863681,0.999948
PCOS/infected/image11977.jpg,1,7.040867,0.9991254
PCOS/infected/image11980.jpg,1,13.180179,0.9999981
PCOS/infected/image11981.jpg,1,7.830429,0.99960274
PCOS/infected/image11982.jpg,1,12.520139,0.9999963
PCOS/infected/image11984.jpg,1,11.445136,0.9999893
PCOS/infected/image11985.jpg,1,12.268075,0.99999535
PCOS/infected/image11986.jpg,1,9.930217,0.99995136
PCOS/infected/image11987.jpg,1,10.745299,0.9999784
PCOS/infected/image11988.jpg,1,11.756437,0.99999213
PCOS/infected/image11989.jpg,1,10.579847,0.9999746
PCOS/infected/image11990.jpg,1,11.046815,0.999984
PCOS/infected/image11991.jpg,1,8.686277,0.9998311
PCOS/infected/image11993.jpg,1,9.622547,0.99993384
PCOS/infected/image11994.jpg,1,2.4827747,0.92292535
PCOS/infected/image11996.jpg,1,12.179465,0.9999949
PCOS/infected/image11997.jpg,1,10.42511,0.9999703
PCOS/infected/image12000.jpg,1,11.925676,0.9999933
PCOS/infected/image12001.jpg,1,11.789934,0.9999924
PCOS/infected/image12003.jpg,1,4.197265,0.98518604
PCOS/infected/image12004.jpg,1,9.66252,0.99993634
PCOS/infected/image12007.jpg,1,13.588408,0.9999987
PCOS/infected/image12011.jpg,1,10.596093,0.99997497
PCOS/infected/image12012.jpg,1,10.272105,0.9999654
PCOS/infected/image12013.jpg,1,11.503825,0.99998987
PCOS/infected/image12014.jpg,1,10.692116,0.99997723
PCOS/infected/image12015.jpg,1,9.5551815,0.9999292
PCOS/infected/image12016.jpg,1,7.050284,0.99913365
PCOS/infected/image12017.jpg,1,9.829483,0.9999461
PCOS/infected/image12019.jpg,1,-5.948411,0.0026031903
PCOS/infected/image12020.jpg,1,1.7085121,0.8466432
PCOS/infected/image12023.jpg,1,10.656676,0.9999765
PCOS/infected/image12024.jpg,1,11.906547,0.9999932
PCOS/infected/image12025.jpg,1,2.2944372,0.90841526
PCOS/infected/image12026.jpg,1,12.577409,0.99999654
PCOS/infected/image12030.jpg,1,13.121873,0.999998
PCOS/infected/image12032.jpg,1,10.929084,0.9999821
PCOS/infected/image12033.jpg,1,2.4371047,0.91961336
PCOS/infected/image12034.jpg,1,12.472781,0.9999962
PCOS/infected/image12035.jpg,1,9.476497,0.99992335
PCOS/infected/image12037.jpg,1,7.8964906,0.99962807
PCOS/infected/image12038.jpg,1,2.6513724,0.93409556
PCOS/infected/image12040.jpg,1,9.695968,0.9999385
PCOS/infected/image12042.jpg,1,11.52718,0.9999901
PCOS/infected/image12043.jpg,1,12.288997,0.99999535
PCOS/infected/image12044.jpg,1,11.894971,0.9999932
PCOS/infected/image12045.jpg,1,11.458762,0.9999894
PCOS/infected/image12048.jpg,1,11.220775,0.99998665
PCOS/infected/image12049.jpg,1,13.078083,0.99999785
PCOS/infected/image12050.jpg,1,11.336566,0.9999881
PCOS/infected/image12051.jpg,1,9.929986,0.99995136
PCOS/infected/image12053.jpg,1,8.214095,0.9997292
PCOS/infected/image12054.jpg,1,10.665487,0.99997663
PCOS/infected/image12055.jpg,1,10.1020355,0.999959
PCOS/infected/image12056.jpg,1,9.926798,0.9999511
PCOS/infected/image12057.jpg,1,4.3736477,0.98755175
PCOS/infected/image12058.jpg,1,11.912406,0.9999933
PCOS/infected/image12059.jpg,1,8.435098,0.999783
PCOS/infected/image12060.jpg,1,14.643042,0.9999995
PCOS/infected/image12061.jpg,1,12.329674,0.9999956
PCOS/infected/image12062.jpg,1,8.968585,0.9998727
PCOS/infected/image12063.jpg,1,10.500934,0.99997246
PCOS/infected/image12065.jpg,1,12.187227,0.9999949
PCOS/infected/image12066.jpg,1,9.75394,0.99994195
PCOS/infected/image12067.jpg,1,12.582311,0.99999654
PCOS/infected/image12069.jpg,1,10.453677,0.99997115
PCOS/infected/image12072.jpg,1,9.643296,0.99993515
PCOS/infected/image12073.jpg,1,6.585259,0.99862134
PCOS/infected/image12074.jpg,1,11.040645,0.9999839
PCOS/infected/image12075.jpg,1,11.653243,0.9999913
PCOS/infected/image12076.jpg,1,3.8891997,0.9799486
PCOS/infected/image12077.jpg,1,5.7721844,0.99689674
PCOS/infected/image12078.jpg,1,10.872298,0.99998105
PCOS/infected/image12079.jpg,1,10.329673,0.99996734
PCOS/infected/image12080.jpg,1,7.465563,0.99942786
PCOS/infected/image12081.jpg,1,10.439128,0.9999708
PCOS/infected/image12083.jpg,1,11.237078,0.99998677
PCOS/infected/image12084.jpg,1,5.368051,0.9953584
PCOS/infected/image12085.jpg,1,11.474977,0.9999896
PCOS/infected/image12086.jpg,1,12.409261,0.99999595
PCOS/infected/image12088.jpg,1,10.052632,0.99995697
PCOS/infected/image12092.jpg,1,9.202997,0.99989927
PCOS/infected/image12094.jpg,1,11.72252,0.9999919
PCOS/infected/image12095.jpg,1,10.365413,0.9999685
PCOS/infected/image12097.jpg,1,11.678141,0.99999154
PCOS/infected/image12098.jpg,1,2.6538634,0.9342487
PCOS/infected/image12099.jpg,1,13.841935,0.99999905
PCOS/infected/image12100.jpg,1,10.220983,0.99996364
PCOS/infected/image12102.jpg,1,10.361923,0.9999684
PCOS/infected/image12103.jpg,1,4.588766,0.9899368
PCOS/infected/image12104.jpg,1,13.211486,0.9999982
PCOS/infected/image12106.jpg,1,12.254005,0.99999523
PCOS/infected/image12107.jpg,1,8.856069,0.99985754
PCOS/infected/image12108.jpg,1,10.626447,0.9999757
PCOS/infected/image12109.jpg,1,11.429439,0.99998915
PCOS/infected/image12110.jpg,1,11.994061,0.9999938
PCOS/infected/image12111.jpg,1,10.604575,0.9999752
PCOS/infected/image12113.jpg,1,8.557112,0.9998079
PCOS/infected/image12114.jpg,1,10.454368,0.99997115
PCOS/infected/image12116.jpg,1,13.001235,0.99999774
PCOS/infected/image12117.jpg,1,10.974356,0.99998283
PCOS/infected/image12118.jpg,1,4.709523,0.99107134
PCOS/infected/image12119.jpg,1,2.9209154,0.94887066
PCOS/infected/image12120.jpg,1,10.3198805,0.999967
PCOS/infected/image12121.jpg,1,10.632285,0.9999759
PCOS/infected/image12122.jpg,1,10.452209,0.99997115
PCOS/infected/image12125.jpg,1,10.782624,0.99997926
PCOS/infected/image12127.jpg,1,11.194158,0.9999863
PCOS/infected/image12128.jpg,1,10.348512,0.99996793
PCOS/infected/image12129.jpg,1,11.191154,0.9999862
PCOS/infected/image12132.jpg,1,14.237195,0.9999993
PCOS/infected/image12133.jpg,1,6.684222,0.99875104
PCOS/infected/image12134.jpg,1,9.675034,0.9999372
PCOS/infected/image12135.jpg,1,3.5877857,0.9730849
PCOS/infected/image12136.jpg,1,13.586019,0.9999987
PCOS/infected/image12137.jpg,1,11.781236,0.9999924
PCOS/infected/image12139.jpg,1,9.74429,0.99994135
PCOS/infected/image12140.jpg,1,12.810354,0.99999726
PCOS/infected/image12141.jpg,1,13.693392,0.9999989
PCOS/infected/image12142.jpg,1,10.65066,0.9999763
PCOS/infected/image12143.jpg,1,13.006203,0.99999774
PCOS/infected/image12144.jpg,1,12.44984,0.99999607
PCOS/infected/image12145.jpg,1,9.879281,0.99994874
PCOS/infected/image12146.jpg,1,11.539404,0.9999902
PCOS/infected/image12147.jpg,1,3.5982318,0.97335714
PCOS/infected/image12148.jpg,1,12.422781,0.99999595
PCOS/infected/image12149.jpg,1,13.009547,0.99999774
PCOS/infected/image12150.jpg,1,1.5093204,0.8189605
PCOS/infected/image12152.jpg,1,11.039353,0.9999839
PCOS/infected/image12154.jpg,1,11.9684305,0.9999937
PCOS/infected/image12155.jpg,1,12.432603,0.99999607
PCOS/infected/image12157.jpg,1,10.3723345,0.99996877
PCOS/infected/image12158.jpg,1,10.336078,0.9999676
PCOS/infected/image12159.jpg,1,10.27472,0.99996555
PCOS/infected/image12160.jpg,1,9.896328,0.9999497
PCOS/infected/image12161.jpg,1,11.353715,0.9999883
PCOS/infected/image12162.jpg,1,12.592141,0.99999654
PCOS/infected/image12165.jpg,1,13.575515,0.9999987
PCOS/infected/image12166.jpg,1,9.263163,0.9999051
PCOS/infected/image12167.jpg,1,11.089602,0.99998474
PCOS/infected/image12168.jpg,1,12.9148,0.9999975
PCOS/infected/image12170.jpg,1,10.898599,0.9999815
PCOS/infected/image12171.jpg,1,1.6969943,0.8451417
PCOS/infected/image12172.jpg,1,16.135859,0.9999999
PCOS/infected/image12173.jpg,1,11.477104,0.9999896
PCOS/infected/image12174.jpg,1,6.1832485,0.9979405
PCOS/infected/image12176.jpg,1,5.5481744,0.9961205
PCOS/infected/image12177.jpg,1,11.249376,0.999987
PCOS/infected/image12178.jpg,1,11.466891,0.9999895
PCOS/infected/image12180.jpg,1,4.4603815,0.98857415
PCOS/infected/image12181.jpg,1,9.388278,0.9999163
PCOS/infected/image12197.jpg,1,-0.5710639,0.3609914
PCOS/infected/image12222.jpg,1,-0.029897919,0.4925261
PCOS/infected/image12233.jpg,1,-1.1075075,0.24833587
PCOS/infected/image12256.jpg,1,-0.7446818,0.32198122
PCOS/infected/image12260.jpg,1,10.149087,0.9999609
PCOS/infected/image12263.jpg,1,-0.7062727,0.33042294
PCOS/infected/image12278.jpg,1,-0.3313803,0.4179048
PCOS/infected/image12283.jpg,1,-1.0562948,0.25801817
PCOS/infected/image12284.jpg,1,-0.53330773,0.36974573
PCOS/infected/image12285.jpg,1,-0.14766586,0.46315047
PCOS/infected/image12286.jpg,1,0.10312243,0.5257578
PCOS/infected/image12287.jpg,1,0.094763234,0.5236731
PCOS/infected/image12288.jpg,1,-1.0815154,0.25321934
PCOS/infected/image12289.jpg,1,0.12459886,0.53110945
PCOS/infected/image12290.jpg,1,-0.777939,0.31476423
PCOS/infected/image12291.jpg,1,-0.74746543,0.32137382
PCOS/infected/image12292.jpg,1,-0.18085486,0.45490912
PCOS/infected/image12293.jpg,1,0.06025867,0.5150601
PCOS/infected/image12297.jpg,1,10.113984,0.99995947
PCOS/infected/image12298.jpg,1,-0.2906765,0.42783827
PCOS/infected/image12299.jpg,1,0.06340514,0.515846
PCOS/infected/image12300.jpg,1,8.036258,0.9996766
PCOS/infected/image12301.jpg,1,9.448674,0.9999212
PCOS/infected/image12302.jpg,1,0.03467586,0.50866807
PCOS/infected/image12303.jpg,1,9.62072,0.9999337
PCOS/infected/image12311.jpg,1,7.836371,0.9996051
PCOS/infected/image12312.jpg,1,9.146138,0.9998934
PCOS/infected/image12313.jpg,1,-0.23100628,0.44250387
PCOS/infected/image12314.jpg,1,-0.20148502,0.44979846
PCOS/infected/image12315.jpg,1,-0.5851539,0.35774755
PCOS/infected/image12318.jpg,1,9.726876,0.9999404
PCOS/infected/image12371.jpg,1,-0.8873761,0.2916516
PCOS/infected/image12376.jpg,1,-0.3470069,0.41410846
PCOS/infected/image12385.jpg,1,-0.089391366,0.47766703
PCOS/infected/image12386.jpg,1,-0.48102233,0.38201076
PCOS/infected/image12387.jpg,1,-0.629721,0.34757382
PCOS/infected/image12388.jpg,1,-0.11382875,0.4715735
PCOS/infected/image12389.jpg,1,11.322011,0.99998784
PCOS/infected/image12390.jpg,1,-0.06546346,0.48364
PCOS/infected/image12393.jpg,1,12.37446,0.9999958
PCOS/infected/image12394.jpg,1,0.050239787,0.51255727
PCOS/infected/image12395.jpg,1,-0.06193243,0.48452184
PCOS/infected/image12415.jpg,1,-0.9987939,0.2691786
PCOS/infected/image12436.jpg,1,13.62017,0.9999988
PCOS/infected/image12437.jpg,1,-0.46151802,0.3866258
PCOS/infected/image12438.jpg,1,-0.36547863,0.409634
PCOS/infected/image12439.jpg,1,5.6688023,0.9965599
PCOS/infected/image12440.jpg,1,-0.67811936,0.33668116
PCOS/infected/image12441.jpg,1,-0.5321536,0.37001473
PCOS/infected/image12451.jpg,1,-0.6690621,0.33870688
PCOS/infected/image12452.jpg,1,-0.5629472,0.3628658
PCOS/infected/image12453.jpg,1,-0.75999844,0.31864658
PCOS/infected/image12454.jpg,1,0.0595764,0.5148897
PCOS/infected/image12457.jpg,1,-1.2209228,0.22777408
PCOS/infected/image12458.jpg,1,-0.72033036,0.32732022
PCOS/infected/image12459.jpg,1,0.060638845,0.5151551
PCOS/infected/image12464.jpg,1,-0.75772977,0.31913936
PCOS/infected/image12465.jpg,1,-0.11971307,0.4701074
PCOS/infected/image12466.jpg,1,8.187094,0.9997218
PCOS/infected/image12488.jpg,1,-0.4846802,0.38114756
PCOS/infected/image12489.jpg,1,-0.58325195,0.35818467
PCOS/infected/image12490.jpg,1,-0.14562483,0.463658
PCOS/infected/image12491.jpg,1,-0.45475602,0.38823056
PCOS/infected/image12500.jpg,1,-0.28224373,0.4299038
PCOS/infected/image12501.jpg,1,-0.76476026,0.31761366
PCOS/infected/image12502.jpg,1,-0.48576447,0.38089183
PCOS/infected/image12507.jpg,1,0.026916396,0.5067287
PCOS/infected/image12508.jpg,1,0.06516695,0.51628596
PCOS/infected/image12510.jpg,1,-1.2257117,0.22693287
PCOS/infected/image12511.jpg,1,0.02812009,0.5070296
PCOS/infected/image12513.jpg,1,-0.3491222,0.41359532
PCOS/infected/image12514.jpg,1,-0.466181,0.38552055
PCOS/infected/image12516.jpg,1,-0.030907182,0.49227384
PCOS/infected/image12524.jpg,1,0.03376262,0.50843984
PCOS/infected/image12531.jpg,1,-0.7416393,0.32264575
PCOS/infected/image12535.jpg,1,-0.75720197,0.31925407
PCOS/infected/image12536.jpg,1,8.581247,0.9998124
PCOS/infected/image12537.jpg,1,0.06445808,0.51610893
PCOS/infected/image12538.jpg,1,-0.4417899,0.39131457
PCOS/infected/image12539.jpg,1,-0.16859007,0.45795205
PCOS/infected/image12540.jpg,1,2.4104946,0.91762406
PCOS/infected/image12541.jpg,1,-0.05548978,0.48613107
PCOS/infected/image12542.jpg,1,-0.472868,0.38393766
PCOS/infected/image12543.jpg,1,-0.7382465,0.3233877
PCOS/infected/image12544.jpg,1,8.802406,0.9998497
PCOS/infected/image12545.jpg,1,-0.35318753,0.41260967
PCOS/infected/image12546.jpg,1,-0.61984867,0.34981588
PCOS/infected/image12547.jpg,1,-0.1447222,0.4638825
PCOS/infected/image12548.jpg,1,-0.9064898,0.28771868
PCOS/infected/image12549.jpg,1,7.315646,0.99933535
PCOS/infected/image12550.jpg,1,-0.5713066,0.3609354
PCOS/infected/image12551.jpg,1,10.453431,0.99997115
PCOS/infected/image12552.jpg,1,-0.9800432,0.2728832
PCOS/infected/image12553.jpg,1,0.051915072,0.5129759
PCOS/infected/image12554.jpg,1,0.016085494,0.5040213
PCOS/infected/image12555.jpg,1,-0.5103181,0.37511894
PCOS/infected/image12561.jpg,1,-0.18639754,0.45353505
PCOS/infected/image12562.jpg,1,-0.34338608,0.4149872
PCOS/infected/image12563.jpg,1,-0.507667,0.37574062
PCOS/infected/image12564.jpg,1,5.833926,0.99708194
PCOS/infected/image12565.jpg,1,0.16817354,0.54194456
PCOS/infected/image12566.jpg,1,0.16279158,0.5406082
PCOS/infected/image12567.jpg,1,-0.14751253,0.46318856
PCOS/infected/image12568.jpg,1,0.096549764,0.5241187
PCOS/infected/image12569.jpg,1,-0.90951145,0.28709984
PCOS/infected/image12570.jpg,1,-0.014991397,0.49625224
PCOS/infected/image12571.jpg,1,-0.060932726,0.4847715
PCOS/infected/image12572.jpg,1,0.063723974,0.51592565
PCOS/infected/image12573.jpg,1,-0.5249342,0.37169918
PCOS/infected/image12574.jpg,1,-0.7510051,0.32060233
PCOS/infected/image12575.jpg,1,-0.24974295,0.43788674
PCOS/infected/image12576.jpg,1,9.336613,0.9999119
PCOS/infected/image12577.jpg,1,0.11787002,0.5294334
PCOS/infected/image12578.jpg,1,-0.4377633,0.39227405
PCOS/infected/image12579.jpg,1,-0.06269602,0.48433116
PCOS/infected/image12580.jpg,1,-0.05209197,0.48697993
PCOS/infected/image12581.jpg,1,-0.47842535,0.38262403
PCOS/infected/image12582.jpg,1,-0.011474071,0.4971315
PCOS/infected/image12583.jpg,1,0.0651122,0.5162723
PCOS/infected/image12584.jpg,1,6.9211493,0.99901426
PCOS/infected/image12585.jpg,1,0.07464133,0.51865166
PCOS/infected/image12586.jpg,1,-0.041575328,0.4896077
PCOS/infected/image12587.jpg,1,-0.5161169,0.37376067
PCOS/infected/image12588.jpg,1,-0.061269112,0.48468745
PCOS/infected/image12590.jpg,1,-0.28762335,0.4285858
PCOS/infected/image12591.jpg,1,-0.38526276,0.40485826
PCOS/infected/image12593.jpg,1,-0.559724,0.36361134
PCOS/infected/image12594.jpg,1,-1.0515873,0.2589204
PCOS/infected/image12595.jpg,1,-0.06530514,0.48367947
PCOS/infected/image12596.jpg,1,11.972125,0.9999937
PCOS/infected/image12597.jpg,1,-0.11924592,0.47022378
PCOS/infected/image12598.jpg,1,-0.51094455,0.37497213
PCOS/infected/image12599.jpg,1,-0.38984206,0.40375534
PCOS/infected/image12600.jpg,1,-0.712619,0.3290204
PCOS/infected/image12601.jpg,1,10.369388,0.99996865
PCOS/infected/image12602.jpg,1,-0.8583296,0.29768845
PCOS/infected/image12603.jpg,1,-0.011836905,0.49704084
PCOS/infected/image12604.jpg,1,-0.649936,0.34300396
PCOS/infected/image12605.jpg,1,-0.008954199,0.4977615
PCOS/infected/image12606.jpg,1,0.05051636,0.5126264
PCOS/infected/image12607.jpg,1,-0.28945312,0.42813775
PCOS/infected/image12608.jpg,1,0.11215848,0.52801025
PCOS/infected/image12610.jpg,1,0.17638884,0.5439833
PCOS/infected/image12611.jpg,1,0.024680713,0.50616986
PCOS/infected/image12612.jpg,1,0.052036576,0.5130062
PCOS/infected/image12613.jpg,1,-0.50996095,0.37520272
PCOS/infected/image12614.jpg,1,-0.29385892,0.42705938
PCOS/infected/image12615.jpg,1,-1.1198579,0.24603763
PCOS/infected/image12617.jpg,1,-0.4128174,0.39823675
PCOS/infected/image12619.jpg,1,0.063675284,0.5159134
PCOS/infected/image12624.jpg,1,0.073501036,0.518367
PCOS/infected/image12625.jpg,1,-0.070477754,0.48238784
PCOS/infected/image12626.jpg,1,-0.059502527,0.48512876
PCOS/infected/image12627.jpg,1,-0.07080786,0.48230544
PCOS/infected/image12629.jpg,1,-0.06813675,0.48297238
PCOS/infected/image12630.jpg,1,-0.4674354,0.38522342
PCOS/infected/image12631.jpg,1,-0.31220767,0.42257598
PCOS/infected/image12632.jpg,1,0.0041298177,0.5010325
PCOS/infected/image12634.jpg,1,-1.078433,0.25380266
PCOS/infected/image12635.jpg,1,-0.29162714,0.42760557
PCOS/infected/image12636.jpg,1,-0.18260309,0.45447564
PCOS/infected/image12638.jpg,1,0.055053033,0.5137598
PCOS/infected/image12639.jpg,1,0.077176094,0.5192845
PCOS/infected/image12641.jpg,1,0.025561335,0.50639
PCOS/infected/image12645.jpg,1,-0.015335929,0.4961661
PCOS/infected/image12646.jpg,1,-0.30376753,0.42463675
PCOS/infected/image12665.jpg,1,0.013875414,0.50346875
PCOS/infected/image12666.jpg,1,10.409476,0.99996984
PCOS/infected/image12667.jpg,1,0.03650464,0.5091251
PCOS/infected/image12668.jpg,1,3.0714536,0.9556998
PCOS/infected/image12669.jpg,1,-0.1308694,0.46732926
PCOS/infected/image12670.jpg,1,-0.74475473,0.3219653
PCOS/infected/image12671.jpg,1,0.007881859,0.50197047
PCOS/infected/image12672.jpg,1,10.293283,0.99996614
PCOS/infected/image12673.jpg,1,-0.7002058,0.33176658
PCOS/infected/image12676.jpg,1,0.06820858,0.5170455
PCOS/infected/image12677.jpg,1,-0.28077248,0.4302644
PCOS/infected/image12678.jpg,1,-0.45034662,0.38927838
PCOS/infected/image12680.jpg,1,-0.4831839,0.38150057
PCOS/infected/image12682.jpg,1,-0.06196609,0.48451343
PCOS/infected/image12692.jpg,1,-0.29412875,0.4269934
PCOS/infected/image12696.jpg,1,-0.00087477453,0.49978134
PCOS/infected/image12707.jpg,1,-0.010752298,0.49731195
PCOS/infected/image12725.jpg,1,0.034722336,0.5086797
PCOS/infected/image12726.jpg,1,-0.6439106,0.3443631
PCOS/infected/image12727.jpg,1,-0.924107,0.2841218
PCOS/infected/image12728.jpg,1,-0.76364356,0.31785572
PCOS/infected/image12729.jpg,1,-0.6488156,0.3432565
PCOS/infected/image12730.jpg,1,-0.73726565,0.32360235
PCOS/infected/image12731.jpg,1,11.124236,0.9999852
PCOS/infected/image12732.jpg,1,0.041251376,0.51031137
PCOS/infected/image12733.jpg,1,0.020188387,0.5050469
PCOS/infected/image12735.jpg,1,-0.0010988265,0.4997253
PCOS/infected/image12736.jpg,1,0.0048126485,0.5012031
PCOS/infected/image12737.jpg,1,0.01130644,0.50282663
PCOS/infected/image12738.jpg,1,0.0649448,0.5162305
PCOS/infected/image12739.jpg,1,0.13628419,0.5340184
PCOS/infected/image12741.jpg,1,-0.008989627,0.4977526
PCOS/infected/image12742.jpg,1,0.09774311,0.5244163
PCOS/infected/image12745.jpg,1,-1.0078366,0.26740345
PCOS/infected/image12746.jpg,1,-0.53858155,0.36851764
PCOS/infected/image12747.jpg,1,7.3329353,0.9993468
PCOS/infected/image12748.jpg,1,-0.30653346,0.4239611
PCOS/infected/image12749.jpg,1,-0.3022891,0.42499796
PCOS/infected/image12750.jpg,1,0.12733424,0.5317906
PCOS/infected/image12751.jpg,1,-0.51212573,0.37469533
PCOS/infected/image12752.jpg,1,-0.9394823,0.28100494
PCOS/infected/image12753.jpg,1,-0.07210607,0.4819813
PCOS/infected/image12754.jpg,1,10.940355,0.99998224
PCOS/infected/image12755.jpg,1,-0.094606474,0.47636604
PCOS/infected/image12760.jpg,1,0.07859647,0.51963896
PCOS/infected/image12762.jpg,1,10.058505,0.9999572
PCOS/infected/image12764.jpg,1,-0.7306172,0.32505932
PCOS/infected/image12767.jpg,1,0.14868133,0.53710204
PCOS/infected/image12770.jpg,1,9.703337,0.99993896
PCOS/infected/image12771.jpg,1,0.11705708,0.5292309
PCOS/infected/image12772.jpg,1,-0.09347588,0.47664803
PCOS/infected/image12773.jpg,1,12.320766,0.9999956
PCOS/infected/image12774.jpg,1,0.019458216,0.5048644
PCOS/infected/image12775.jpg,1,-0.024696166,0.49382627
PCOS/infected/image12776.jpg,1,0.19293624,0.548085
PCOS/infected/image12777.jpg,1,-0.49337205,0.37909952
PCOS/infected/image12780.jpg,1,-0.4345332,0.39304438
PCOS/infected/image12783.jpg,1,10.0958185,0.99995875
PCOS/infected/image12784.jpg,1,-0.2067669,0.44849166
PCOS/infected/image12785.jpg,1,-0.4144062,0.3978561
PCOS/infected/image12786.jpg,1,-0.112832755,0.47182167
PCOS/infected/image12787.jpg,1,-0.95188344,0.27850622
PCOS/infected/image12788.jpg,1,-0.5773291,0.35954738
PCOS/infected/image12789.jpg,1,0.057830468,0.5144536
PCOS/infected/image12790.jpg,1,-0.6090977,0.35226506
PCOS/infected/image12791.jpg,1,0.096370235,0.5240739
PCOS/infected/image12792.jpg,1,-0.7174232,0.32796067
PCOS/infected/image12793.jpg,1,9.96635,0.99995303
PCOS/infected/image12794.jpg,1,-0.2751601,0.43164074
PCOS/infected/image12795.jpg,1,-0.43914434,0.3919449
PCOS/infected/image12796.jpg,1,-0.5122954,0.37465557
PCOS/infected/image12797.jpg,1,-0.1566675,0.46091303
PCOS/infected/image12798.jpg,1,-0.48982474,0.37993485
PCOS/infected/image12799.jpg,1,-0.2004163,0.45006293
PCOS/infected/image12800.jpg,1,12.757382,0.99999714
PCOS/infected/image12801.jpg,1,-0.40138647,0.40097925
PCOS/infected/image12802.jpg,1,0.12887734,0.5321748
PCOS/infected/image12803.jpg,1,0.111381054,0.52781653
PCOS/infected/image12804.jpg,1,0.15051174,0.53755707
PCOS/infected/image12805.jpg,1,0.050931282,0.51273006
PCOS/infected/image12806.jpg,1,-0.5009812,0.3773101
PCOS/infected/image12807.jpg,1,0.055504575,0.51387256
PCOS/infected/image12808.jpg,1,-0.507884,0.3756897
PCOS/infected/image12809.jpg,1,-0.7137342,0.3287742
PCOS/infected/image12810.jpg,1,-0.20499742,0.44892937
PCOS/infected/image12811.jpg,1,0.031007597,0.5077513
PCOS/infected/image12817.jpg,1,-0.6360207,0.3461466
PCOS/infected/image12824.jpg,1,0.1395887,0.5348406
PCOS/infected/image12834.jpg,1,-0.7229946,0.3267339
PCOS/infected/image12835.jpg,1,-0.69623524,0.33264747
PCOS/infected/image12836.jpg,1,9.217107,0.9999007
PCOS/infected/image12837.jpg,1,-1.0425081,0.26066634
PCOS/infected/image12844.jpg,1,-0.11129321,0.4722054
PCOS/infected/image12845.jpg,1,-0.13811463,0.46552613
PCOS/infected/image12846.jpg,1,0.09255859,0.52312315
PCOS/infected/image12847.jpg,1,-0.71724457,0.32800004
PCOS/infected/image12848.jpg,1,9.392141,0.9999167
PCOS/infected/image12849.jpg,1,0.04860431,0.5121487
PCOS/infected/image12850.jpg,1,-0.55109257,0.36561093
PCOS/infected/image12851.jpg,1,0.025164979,0.5062909
PCOS/infected/image12852.jpg,1,0.044553645,0.51113653
PCOS/infected/image12853.jpg,1,0.060168877,0.5150377
PCOS/infected/image12854.jpg,1,-0.014024343,0.49649397
PCOS/infected/image12855.jpg,1,7.88738,0.9996246
PCOS/infected/image12856.jpg,1,-0.608083,0.35249662
PCOS/infected/image12857.jpg,1,-0.6302464,0.34745467
PCOS/infected/image12860.jpg,1,0.0069738086,0.5017435
PCOS/infected/image12865.jpg,1,8.358012,0.9997656
PCOS/infected/image12867.jpg,1,0.03190022,0.5079744
PCOS/infected/image12875.jpg,1,-0.7923934,0.31165498
PCOS/infected/image12879.jpg,1,9.297833,0.9999083
PCOS/infected/image12880.jpg,1,0.08372262,0.5209184
PCOS/infected/image12881.jpg,1,0.03427108,0.5085669
PCOS/infected/image12882.jpg,1,-0.933954,0.28212324
PCOS/infected/image12883.jpg,1,-0.81353134,0.30713847
PCOS/infected/image12884.jpg,1,-0.5785659,0.35926265
PCOS/infected/image12885.jpg,1,12.209844,0.999995
PCOS/infected/image12886.jpg,1,-0.5202585,0.37279177
PCOS/infected/image12887.jpg,1,-0.505761,0.37618777
PCOS/infected/image12890.jpg,1,8.051112,0.99968135
PCOS/infected/image12891.jpg,1,-0.6180533,0.35022432
PCOS/infected/image12892.jpg,1,-0.6842368,0.33531636
PCOS/infected/image12893.jpg,1,-0.010399543,0.49740016
PCOS/infected/image12898.jpg,1,0.042505816,0.5106248
PCOS/infected/image12900.jpg,1,0.15608785,0.53894293
PCOS/infected/image12901.jpg,1,0.11149742,0.52784556
PCOS/infected/image12904.jpg,1,0.057226725,0.5143028
PCOS/infected/image12905.jpg,1,-0.5564229,0.36437553
PCOS/infected/image12906.jpg,1,0.18127629,0.5451954
PCOS/infected/image12908.jpg,1,-0.00557795,0.49860552
PCOS/infected/image12909.jpg,1,-0.15817875,0.46053758
PCOS/infected/image12910.jpg,1,5.7774887,0.9969131
PCOS/infected/image12911.jpg,1,-0.91124725,0.28674465
PCOS/infected/image12912.jpg,1,0.12762253,0.5318624
PCOS/infected/image12918.jpg,1,0.040107206,0.51002544
PCOS/infected/image12921.jpg,1,-0.51181906,0.37476718
PCOS/infected/image12924.jpg,1,-0.29277346,0.427325
PCOS/infected/image12925.jpg,1,0.011314598,0.5028286
PCOS/infected/image12926.jpg,1,0.04309704,0.5107726
PCOS/infected/image12927.jpg,1,-0.609258,0.3522285
PCOS/infected/image12928.jpg,1,10.243547,0.99996436
PCOS/infected/image12929.jpg,1,0.032723654,0.5081802
PCOS/infected/image12930.jpg,1,0.012253223,0.50306326
PCOS/infected/image12931.jpg,1,-0.091118544,0.4772361
PCOS/infected/image12932.jpg,1,-1.0118697,0.2666141
PCOS/infected/image12933.jpg,1,-0.45035115,0.38927728
PCOS/infected/image12934.jpg,1,-0.12079878,0.46983695
PCOS/infected/image12935.jpg,1,-0.46556282,0.385667
PCOS/infected/image12936.jpg,1,-0.057065718,0.48573744
PCOS/infected/image12937.jpg,1,-0.5482568,0.36626893
PCOS/infected/image12938.jpg,1,-0.40393338,0.4003677
PCOS/infected/image12941.jpg,1,0.0014846688,0.5003712
PCOS/infected/image12943.jpg,1,-0.47713527,0.38292882
PCOS/infected/image12944.jpg,1,-0.44650933,0.39019105
PCOS/infected/image12945.jpg,1,-0.79134506,0.31187993
PCOS/infected/image12946.jpg,1,-0.7309591,0.32498428
PCOS/infected/image12947.jpg,1,-0.675034,0.33737057
PCOS/infected/image12948.jpg,1,0.034238502,0.5085588
PCOS/infected/image12950.jpg,1,-0.16782162,0.45814282
PCOS/infected/image12955.jpg,1,0.056839168,0.514206
PCOS/infected/image12957.jpg,1,-0.701305,0.33152297
PCOS/infected/image12959.jpg,1,-0.6424946,0.34468284
PCOS/infected/image12960.jpg,1,-0.06950283,0.48263127
PCOS/infected/image12968.jpg,1,0.065056555,0.5162584
PCOS/infected/image12970.jpg,1,0.15234512,0.5380128
PCOS/infected/image12971.jpg,1,0.12631314,0.53153634
PCOS/infected/image12975.jpg,1,0.16891107,0.54212767
PCOS/infected/image12978.jpg,1,-0.71851563,0.32771993
PCOS/infected/image12979.jpg,1,0.02430131,0.5060751
PCOS/infected/image12982.jpg,1,0.10328775,0.52579904
PCOS/infected/image12984.jpg,1,0.036623605,0.50915486
PCOS/infected/image12985.jpg,1,-0.4588219,0.38726535
PCOS/infected/image12986.jpg,1,0.10149966,0.52535313
PCOS/infected/image12987.jpg,1,0.1038963,0.52595073
PCOS/infected/image12988.jpg,1,0.0998914,0.5249521
PCOS/infected/image12989.jpg,1,0.0077709686,0.50194275
PCOS/infected/image12990.jpg,1,-0.36740384,0.40916848
PCOS/infected/image12991.jpg,1,-0.03445235,0.49138775
PCOS/infected/image12992.jpg,1,0.07977399,0.5199329
PCOS/infected/image12993.jpg,1,9.100781,0.9998884
PCOS/infected/image12994.jpg,1,-0.39666793,0.40211317
PCOS/infected/image12995.jpg,1,-0.026471673,0.49338245
PCOS/infected/image12997.jpg,1,-0.85596603,0.29818285
PCOS/infected/image12998.jpg,1,-0.58443433,0.3579129
PCOS/infected/image12999.jpg,1,-0.294349,0.4269395
PCOS/infected/image13002.jpg,1,0.023871718,0.5059677
PCOS/infected/image13004.jpg,1,-1.0110635,0.26677176
PCOS/infected/image13005.jpg,1,8.055467,0.9996828
PCOS/infected/image13006.jpg,1,0.01080529,0.5027013
PCOS/infected/image13007.jpg,1,-0.14611652,0.46353573
PCOS/infected/image13008.jpg,1,0.061327986,0.5153272
PCOS/infected/image13011.jpg,1,11.459793,0.9999895
PCOS/infected/image13014.jpg,1,0.017233467,0.5043082
PCOS/infected/image13015.jpg,1,0.1239821,0.53095585
PCOS/infected/image13016.jpg,1,-0.76264566,0.31807217
PCOS/infected/image13017.jpg,1,-0.010655807,0.49733606
PCOS/infected/image13018.jpg,1,0.08305031,0.52075064
PCOS/infected/image13019.jpg,1,0.028716505,0.50717866
PCOS/infected/image13033.jpg,1,-0.48802647,0.3803586
PCOS/infected/image13034.jpg,1,8.697579,0.999833
PCOS/infected/image13035.jpg,1,-0.05171387,0.4870744
PCOS/infected/image13036.jpg,1,-0.10686226,0.47330981
PCOS/infected/image13037.jpg,1,-0.7070109,0.33025965
PCOS/infected/image13038.jpg,1,-0.043954715,0.4890131
PCOS/infected/image13039.jpg,1,-0.4143272,0.397875
PCOS/infected/image13040.jpg,1,0.00792753,0.50198185
PCOS/infected/image13041.jpg,1,-0.6679519,0.3389556
PCOS/infected/image13042.jpg,1,-0.12214115,0.46950263
PCOS/infected/image13044.jpg,1,7.602639,0.9995011
PCOS/infected/image13045.jpg,1,-0.14197697,0.46456525
PCOS/infected/image13046.jpg,1,0.6095631,0.64784116
PCOS/infected/image13047.jpg,1,-0.116962895,0.47079256
PCOS/infected/image13048.jpg,1,0.020597802,0.5051493
PCOS/infected/image13049.jpg,1,1.8227072,0.8608906
PCOS/infected/image13050.jpg,1,-0.27153766,0.43252966
PCOS/infected/image13052.jpg,1,-0.009298146,0.49767548
PCOS/infected/image13053.jpg,1,-0.119442806,0.47017476
PCOS/infected/image13055.jpg,1,-0.5043245,0.37652493
PCOS/infected/image13056.jpg,1,-0.0015254561,0.49961865
PCOS/infected/image13057.jpg,1,-0.4785891,0.38258538
PCOS/infected/image13058.jpg,1,-0.08304298,0.4792512
PCOS/infected/image13059.jpg,1,-0.3089842,0.42336267
PCOS/infected/image13060.jpg,1,9.79643,0.9999443
PCOS/infected/image13061.jpg,1,-0.42715254,0.39480647
PCOS/infected/image13062.jpg,1,8.467435,0.9997899
PCOS/infected/image13063.jpg,1,0.029877648,0.5074688
PCOS/infected/image13064.jpg,1,-0.08916804,0.47772276
PCOS/infected/image13065.jpg,1,-0.6826512,0.33566985
PCOS/infected/image13066.jpg,1,1.7309465,0.8495335
PCOS/infected/image13067.jpg,1,-0.14656259,0.4634248
PCOS/infected/image13068.jpg,1,2.1746345,0.8979484
PCOS/infected/image13069.jpg,1,2.0011039,0.88091296
PCOS/infected/image13070.jpg,1,-1.3399869e-05,0.49999666
PCOS/infected/image13073.jpg,1,9.79709,0.9999443
PCOS/infected/image13074.jpg,1,-0.0117733255,0.49705675
PCOS/infected/image13075.jpg,1,0.10001314,0.5249825
PCOS/infected/image13076.jpg,1,0.0012791008,0.5003198
PCOS/infected/image13077.jpg,1,-0.016253525,0.49593672
PCOS/infected/image13078.jpg,1,0.083003834,0.520739
PCOS/infected/image13079.jpg,1,0.13820307,0.5344959
PCOS/infected/image13080.jpg,1,-0.6221299,0.3492972
PCOS/infected/image13081.jpg,1,1.6973004,0.8451818
PCOS/infected/image13082.jpg,1,1.7832358,0.85609597
PCOS/infected/image13083.jpg,1,-0.18605423,0.45362017
PCOS/infected/image13084.jpg,1,-0.9961998,0.26968923
PCOS/infected/image13085.jpg,1,0.41922262,0.60329723
PCOS/infected/image13086.jpg,1,0.14427978,0.5360075
PCOS/infected/image13087.jpg,1,-0.034438126,0.49139133
PCOS/infected/image13088.jpg,1,-0.26897094,0.43315974
PCOS/infected/image13089.jpg,1,1.9870706,0.8794329
PCOS/infected/image13090.jpg,1,9.611863,0.9999331
PCOS/infected/image13091.jpg,1,1.9118451,0.8712263
PCOS/infected/image13092.jpg,1,0.036506586,0.50912565
PCOS/infected/image13094.jpg,1,0.05193773,0.5129815
PCOS/infected/image13095.jpg,1,0.043352693,0.5108365
PCOS/infected/image13096.jpg,1,0.07086477,0.5177088
PCOS/infected/image13097.jpg,1,10.390165,0.99996924
PCOS/infected/image13098.jpg,1,0.09896677,0.5247215
PCOS/infected/image13099.jpg,1,9.564313,0.9999298
PCOS/infected/image13100.jpg,1,-0.3121769,0.42258346
PCOS/infected/image13101.jpg,1,-0.5266718,0.37129346
PCOS/infected/image13102.jpg,1,9.435832,0.9999201
PCOS/infected/image13103.jpg,1,6.8377703e-06,0.5000017
PCOS/infected/image13104.jpg,1,1.5460858,0.8243477
PCOS/infected/image13105.jpg,1,9.647119,0.9999354
PCOS/infected/image13106.jpg,1,-0.048070274,0.48798475
PCOS/infected/image13107.jpg,1,0.10071129,0.52515656
PCOS/infected/image13108.jpg,1,-0.3216973,0.4202622
PCOS/infected/image13109.jpg,1,0.016124796,0.5040311
PCOS/infected/image13110.jpg,1,-0.11786406,0.47056806
PCOS/infected/image13111.jpg,1,-0.4023089,0.40075773
PCOS/infected/image13112.jpg,1,0.070855126,0.5177064
PCOS/infected/image13113.jpg,1,0.055972777,0.5139895
PCOS/infected/image13114.jpg,1,0.04364479,0.51090944
PCOS/infected/image13115.jpg,1,-0.38456717,0.4050258
PCOS/infected/image13116.jpg,1,-0.74470294,0.3219766
PCOS/infected/image13117.jpg,1,-0.34708953,0.4140884
PCOS/infected/image13118.jpg,1,-0.16948259,0.45773044
PCOS/infected/image13119.jpg,1,-0.037168972,0.4907088
PCOS/infected/image13120.jpg,1,0.093331836,0.523316
PCOS/infected/image13121.jpg,1,0.016924143,0.504231
PCOS/infected/image13122.jpg,1,-0.41156957,0.39853585
PCOS/infected/image13123.jpg,1,-0.10369361,0.47409979
PCOS/infected/image13124.jpg,1,6.479042,0.998467
PCOS/infected/image13125.jpg,1,7.780143,0.99958223
PCOS/infected/image13126.jpg,1,0.002900228,0.50072503
PCOS/infected/image13127.jpg,1,0.03486219,0.5087147
PCOS/infected/image13128.jpg,1,-0.4177499,0.3970553
PCOS/infected/image13129.jpg,1,-0.000169212,0.49995768
PCOS/infected/image13130.jpg,1,-0.034968607,0.4912587
PCOS/infected/image13131.jpg,1,0.031938627,0.507984
PCOS/infected/image13132.jpg,1,-0.19369072,0.45172814
PCOS/infected/image13133.jpg,1,-0.4671575,0.38528922
PCOS/infected/image13134.jpg,1,-0.25912037,0.43557996
PCOS/infected/image13135.jpg,1,-0.9297343,0.28297862
PCOS/infected/image13136.jpg,1,0.034979343,0.50874394
PCOS/infected/image13137.jpg,1,-0.2663369,0.43380657
PCOS/infected/image13138.jpg,1,-0.88430554,0.29228634
PCOS/infected/image13139.jpg,1,-0.95064557,0.278755
PCOS/infected/image13140.jpg,1,-0.49229965,0.37935197
PCOS/infected/image13141.jpg,1,-0.122333735,0.46945465
PCOS/infected/image13142.jpg,1,-0.60016596,0.35430574
PCOS/infected/image13143.jpg,1,0.106787086,0.52667147
PCOS/infected/image13144.jpg,1,-0.09224701,0.47695455
PCOS/infected/image13145.jpg,1,-0.31945843,0.4208077
PCOS/infected/image13146.jpg,1,-0.3318159,0.41779885
PCOS/infected/image13147.jpg,1,-0.35304368,0.41264454
PCOS/infected/image13148.jpg,1,-0.74113363,0.3227563
PCOS/infected/image13149.jpg,1,-0.63681906,0.34596595
PCOS/infected/image13150.jpg,1,-0.22243716,0.44461885
PCOS/infected/image13151.jpg,1,-0.47692004,0.3829797
PCOS/infected/image13152.jpg,1,-0.088181324,0.47796893
PCOS/infected/image13153.jpg,1,8.970417,0.9998729
PCOS/infected/image13154.jpg,1,-0.74859136,0.3211283
PCOS/infected/image13159.jpg,1,-0.8464065,0.3001872
PCOS/infected/image13161.jpg,1,-1.2991841,0.21430236
PCOS/infected/image13167.jpg,1,1.2261715,0.7731478
PCOS/infected/image13194.jpg,1,-4.1495047,0.015527327
PCOS/infected/image13196.jpg,1,-0.25732738,0.43602082
PCOS/infected/image13197.jpg,1,0.061044693,0.51525646
PCOS/infected/image13198.jpg,1,5.596447,0.9963027
PCOS/infected/image13199.jpg,1,-1.7798193,0.14432545
PCOS/infected/Image_001.jpg,1,-4.8968697,0.0074145435
PCOS/infected/Image_002.jpg,1,-4.8968697,0.0074145435
PCOS/infected/Image_003.jpg,1,8.976916,0.99987376
PCOS/infected/Image_004.jpg,1,8.976916,0.99987376
PCOS/infected/Image_005.jpg,1,2.9885702,0.9520551
PCOS/infected/Image_006.jpg,1,2.9885702,0.9520551
PCOS/infected/Image_007.jpg,1,10.8161955,0.99998
PCOS/infected/Image_008.jpg,1,10.8161955,0.99998
PCOS/infected/Image_009.jpg,1,9.607932,0.99993277
PCOS/infected/Image_010.jpg,1,9.607932,0.99993277
PCOS/infected/Image_011.jpg,1,1.8758291,0.86713135
PCOS/infected/Image_012.jpg,1,1.8758291,0.86713135
PCOS/infected/Image_013.jpg,1,9.850661,0.9999473
PCOS/infected/Image_014.jpg,1,9.850661,0.9999473
PCOS/infected/Image_015.jpg,1,9.479477,0.9999236
PCOS/infected/Image_016.jpg,1,9.479477,0.9999236
PCOS/infected/Image_017.jpg,1,8.723949,0.9998374
PCOS/infected/Image_018.jpg,1,8.723949,0.9998374
PCOS/infected/Image_019.jpg,1,7.1244006,0.9991954
PCOS/infected/Image_020.jpg,1,7.1244006,0.9991954
PCOS/infected/Image_021.jpg,1,-7.583395,0.000508572
PCOS/infected/Image_022.jpg,1,-7.583395,0.000508572
PCOS/infected/Image_023.jpg,1,6.840514,0.9989316
PCOS/infected/Image_024.jpg,1,6.840514,0.9989316
PCOS/infected/Image_025.jpg,1,11.100997,0.99998486
PCOS/infected/Image_026.jpg,1,11.100997,0.99998486
PCOS/infected/Image_027.jpg,1,-5.864045,0.002831692
PCOS/infected/Image_028.jpg,1,-5.864045,0.002831692
PCOS/infected/Image_029.jpg,1,-6.3954415,0.0016663672
PCOS/infected/Image_030.jpg,1,-6.3954415,0.0016663672
PCOS/infected/Image_031.jpg,1,10.016189,0.9999553
PCOS/infected/Image_032.jpg,1,10.016189,0.9999553
PCOS/infected/Image_033.jpg,1,-7.2889094,0.0006826063
PCOS/infected/Image_034.jpg,1,-7.2889094,0.0006826063
PCOS/infected/Image_035.jpg,1,7.071397,0.9991517
PCOS/infected/Image_036.jpg,1,7.071397,0.9991517
PCOS/infected/Image_037.jpg,1,10.807682,0.99997973
PCOS/infected/Image_038.jpg,1,10.807682,0.99997973
PCOS/infected/Image_039.jpg,1,11.420274,0.99998903
PCOS/infected/Image_040.jpg,1,11.420274,0.99998903
PCOS/infected/Image_041.jpg,1,10.516715,0.99997294
PCOS/infected/Image_042.jpg,1,10.516715,0.99997294
PCOS/infected/Image_043.jpg,1,10.208297,0.99996316
PCOS/infected/Image_044.jpg,1,10.208297,0.99996316
PCOS/infected/Image_045.jpg,1,-6.0234995,0.0024153339
PCOS/infected/Image_046.jpg,1,-6.0234995,0.0024153339
PCOS/infected/Image_047.jpg,1,10.744702,0.9999784
PCOS/infected/Image_048.jpg,1,10.744702,0.9999784
PCOS/infected/Image_049.jpg,1,7.768215,0.9995772
PCOS/infected/Image_050.jpg,1,7.768215,0.9995772
PCOS/infected/Image_051.jpg,1,6.4782095,0.9984658
PCOS/infected/Image_052.jpg,1,6.4782095,0.9984658
PCOS/infected/Image_053.jpg,1,7.8495584,0.99961025
PCOS/infected/Image_054.jpg,1,7.8495584,0.99961025
PCOS/infected/Image_055.jpg,1,6.0665064,0.99768615
PCOS/infected/Image_056.jpg,1,6.0665064,0.99768615
PCOS/infected/Image_057.jpg,1,-6.978491,0.00093084096
PCOS/infected/Image_058.jpg,1,-6.978491,0.00093084096
PCOS/infected/Image_059.jpg,1,10.332833,0.99996746
PCOS/infected/Image_060.jpg,1,10.332833,0.99996746
PCOS/infected/Image_061.jpg,1,11.166064,0.9999858
PCOS/infected/Image_062.jpg,1,11.166064,0.9999858
PCOS/infected/Image_063.jpg,1,7.9896092,0.9996612
PCOS/infected/Image_064.jpg,1,7.9896092,0.9996612
PCOS/infected/Image_065.jpg,1,13.389522,0.99999845
PCOS/infected/Image_066.jpg,1,13.389522,0.99999845
PCOS/infected/Image_067.jpg,1,9.336286,0.9999118
PCOS/infected/Image_068.jpg,1,9.336286,0.9999118
PCOS/infected/Image_069.jpg,1,-6.9598904,0.00094830047
PCOS/infected/Image_070.jpg,1,-6.9598904,0.00094830047
PCOS/infected/Image_071.jpg,1,9.379327,0.9999156
PCOS/infected/Image_072.jpg,1,9.379327,0.9999156
PCOS/infected/Image_073.jpg,1,-5.4150734,0.0044293054
PCOS/infected/Image_074.jpg,1,-5.4150734,0.0044293054
PCOS/infected/Image_075.jpg,1,10.248664,0.9999646
PCOS/infected/Image_076.jpg,1,10.248664,0.9999646
PCOS/infected/Image_077.jpg,1,10.185482,0.99996233
PCOS/infected/Image_078.jpg,1,10.185482,0.99996233
PCOS/infected/Image_079.jpg,1,7.1411524,0.99920887
PCOS/infected/Image_080.jpg,1,7.1411524,0.99920887
PCOS/infected/Image_081.jpg,1,-6.659262,0.0012804503
PCOS/infected/Image_082.jpg,1,-6.659262,0.0012804503
PCOS/infected/Image_083.jpg,1,9.685147,0.9999378
PCOS/infected/Image_084.jpg,1,9.685147,0.9999378
PCOS/infected/Image_085.jpg,1,1.9253083,0.87272924
PCOS/infected/Image_086.jpg,1,1.9253083,0.87272924
PCOS/infected/Image_087.jpg,1,9.094137,0.9998877
PCOS/infected/Image_088.jpg,1,9.094137,0.9998877
PCOS/infected/Image_089.jpg,1,6.743477,0.99882287
PCOS/infected/Image_090.jpg,1,6.743477,0.99882287
PCOS/infected/Image_091.jpg,1,9.692499,0.99993825
PCOS/infected/Image_092.jpg,1,9.692499,0.99993825
PCOS/infected/Image_093.jpg,1,-4.814823,0.008043434
PCOS/infected/Image_094.jpg,1,-4.814823,0.008043434
PCOS/infected/Image_095.jpg,1,-6.4245653,0.0016186137
PCOS/infected/Image_096.jpg,1,-6.4245653,0.0016186137
PCOS/infected/Image_097.jpg,1,-5.8355093,0.002913422
PCOS/infected/Image_098.jpg,1,-5.8355093,0.002913422
PCOS/infected/Image_099.jpg,1,-6.6492286,0.0012933458
PCOS/infected/Image_100.jpg,1,-6.6492286,0.0012933458
PCOS/infected/Image_1000.jpg,1,7.9155893,0.9996351
PCOS/infected/Image_1001.jpg,1,8.539332,0.99980444
PCOS/infected/Image_1002.jpg,1,8.539332,0.99980444
PCOS/infected/Image_1003.jpg,1,-5.2214155,0.0053706807
PCOS/infected/Image_1004.jpg,1,-5.2214155,0.0053706807
PCOS/infected/Image_1005.jpg,1,8.282756,0.9997472
PCOS/infected/Image_1006.jpg,1,8.282756,0.9997472
PCOS/infected/Image_1007.jpg,1,4.2869425,0.9864395
PCOS/infected/Image_1008.jpg,1,4.2869425,0.9864395
PCOS/infected/Image_1009.jpg,1,-5.679467,0.0034037526
PCOS/infected/Image_101.jpg,1,6.469075,0.9984517
PCOS/infected/Image_1010.jpg,1,-5.679467,0.0034037526
PCOS/infected/Image_1011.jpg,1,-7.0995255,0.00082481565
PCOS/infected/Image_1012.jpg,1,-7.0995255,0.00082481565
PCOS/infected/Image_1013.jpg,1,10.908984,0.99998176
PCOS/infected/Image_1014.jpg,1,10.908984,0.99998176
PCOS/infected/Image_1015.jpg,1,10.355849,0.9999682
PCOS/infected/Image_1016.jpg,1,10.355849,0.9999682
PCOS/infected/Image_1017.jpg,1,-5.56514,0.00381444
PCOS/infected/Image_1018.jpg,1,-5.56514,0.00381444
PCOS/infected/Image_1019.jpg,1,-6.2721295,0.0018846446
PCOS/infected/Image_102.jpg,1,6.469075,0.9984517
PCOS/infected/Image_1020.jpg,1,-6.2721295,0.0018846446
PCOS/infected/Image_1021.jpg,1,8.890582,0.9998623
PCOS/infected/Image_1022.jpg,1,8.890582,0.9998623
PCOS/infected/Image_1023.jpg,1,11.29536,0.9999876
PCOS/infected/Image_1024.jpg,1,11.29536,0.9999876
PCOS/infected/Image_103.jpg,1,8.903464,0.9998641
PCOS/infected/Image_104.jpg,1,8.903464,0.9998641
PCOS/infected/Image_105.jpg,1,9.893422,0.99994946
PCOS/infected/Image_106.jpg,1,9.893422,0.99994946
PCOS/infected/Image_107.jpg,1,4.298313,0.98659086
PCOS/infected/Image_108.jpg,1,4.298313,0.98659086
PCOS/infected/Image_109.jpg,1,3.0095463,0.9530036
PCOS/infected/Image_110.jpg,1,3.0095463,0.9530036
PCOS/infected/Image_111.jpg,1,-5.8149657,0.0029737132
PCOS/infected/Image_112.jpg,1,-5.8149657,0.0029737132
PCOS/infected/Image_113.jpg,1,-6.154199,0.0021200378
PCOS/infected/Image_114.jpg,1,-6.154199,0.0021200378
PCOS/infected/Image_115.jpg,1,8.603477,0.9998166
PCOS/infected/Image_116.jpg,1,8.603477,0.9998166
PCOS/infected/Image_117.jpg,1,12.042192,0.99999416
PCOS/infected/Image_118.jpg,1,12.042192,0.99999416
PCOS/infected/Image_119.jpg,1,-6.1172476,0.002199666
PCOS/infected/Image_120.jpg,1,-6.1172476,0.002199666
PCOS/infected/Image_121.jpg,1,7.5734024,0.9994863
PCOS/infected/Image_122.jpg,1,7.5734024,0.9994863
PCOS/infected/Image_123.jpg,1,-6.177226,0.0020718777
PCOS/infected/Image_124.jpg,1,-6.177226,0.0020718777
PCOS/infected/Image_125.jpg,1,9.343743,0.9999125
PCOS/infected/Image_126.jpg,1,9.343743,0.9999125
PCOS/infected/Image_127.jpg,1,11.576926,0.9999906
PCOS/infected/Image_128.jpg,1,11.576926,0.9999906
PCOS/infected/Image_129.jpg,1,7.823913,0.9996001
PCOS/infected/Image_130.jpg,1,7.823913,0.9996001
PCOS/infected/Image_131.jpg,1,1.3673412,0.7969502
PCOS/infected/Image_132.jpg,1,1.3673412,0.7969502
PCOS/infected/Image_133.jpg,1,9.394708,0.9999168
PCOS/infected/Image_134.jpg,1,9.394708,0.9999168
PCOS/infected/Image_135.jpg,1,3.0260224,0.953736
PCOS/infected/Image_136.jpg,1,3.0260224,0.953736
PCOS/infected/Image_137.jpg,1,3.2993586,0.9644068
PCOS/infected/Image_138.jpg,1,3.2993586,0.9644068
PCOS/infected/Image_139.jpg,1,1.6037335,0.83253956
PCOS/infected/Image_140.jpg,1,1.6037335,0.83253956
PCOS/infected/Image_141.jpg,1,5.498191,0.99592257
PCOS/infected/Image_142.jpg,1,5.498191,0.99592257
PCOS/infected/Image_143.jpg,1,8.647367,0.99982446
PCOS/infected/Image_144.jpg,1,8.647367,0.99982446
PCOS/infected/Image_145.jpg,1,8.222964,0.9997316
PCOS/infected/Image_146.jpg,1,8.222964,0.9997316
PCOS/infected/Image_147.jpg,1,8.495182,0.9997956
PCOS/infected/Image_148.jpg,1,8.495182,0.9997956
PCOS/infected/Image_149.jpg,1,9.228827,0.9999019
PCOS/infected/Image_150.jpg,1,9.228827,0.9999019
PCOS/infected/Image_151.jpg,1,2.6990204,0.93696886
PCOS/infected/Image_152.jpg,1,2.6990204,0.93696886
PCOS/infected/Image_153.jpg,1,-7.9580245,0.0003497212
PCOS/infected/Image_154.jpg,1,-7.9580245,0.0003497212
PCOS/infected/Image_155.jpg,1,11.844335,0.99999285
PCOS/infected/Image_156.jpg,1,11.844335,0.99999285
PCOS/infected/Image_157.jpg,1,7.512499,0.9994541
PCOS/infected/Image_158.jpg,1,7.512499,0.9994541
PCOS/infected/Image_159.jpg,1,-5.2715464,0.005109423
PCOS/infected/Image_160.jpg,1,-5.2715464,0.005109423
PCOS/infected/Image_161.jpg,1,-5.103949,0.006036062
PCOS/infected/Image_162.jpg,1,-5.103949,0.006036062
PCOS/infected/Image_163.jpg,1,8.129953,0.9997055
PCOS/infected/Image_164.jpg,1,8.129953,0.9997055
PCOS/infected/Image_165.jpg,1,9.785825,0.99994373
PCOS/infected/Image_166.jpg,1,9.785825,0.99994373
PCOS/infected/Image_167.jpg,1,5.1230183,0.9940773
PCOS/infected/Image_168.jpg,1,5.1230183,0.9940773
PCOS/infected/Image_169.jpg,1,-5.312357,0.004906104
PCOS/infected/Image_170.jpg,1,-5.312357,0.004906104
PCOS/infected/Image_171.jpg,1,7.8017797,0.9995912
PCOS/infected/Image_172.jpg,1,7.8017797,0.9995912
PCOS/infected/Image_173.jpg,1,4.9651294,0.99307126
PCOS/infected/Image_174.jpg,1,4.9651294,0.99307126
PCOS/infected/Image_175.jpg,1,10.592903,0.99997497
PCOS/infected/Image_176.jpg,1,10.592903,0.99997497
PCOS/infected/Image_177.jpg,1,3.5957077,0.97329164
PCOS/infected/Image_178.jpg,1,3.5957077,0.97329164
PCOS/infected/Image_179.jpg,1,10.293342,0.99996614
PCOS/infected/Image_180.jpg,1,10.293342,0.99996614
PCOS/infected/Image_181.jpg,1,10.70824,0.9999776
PCOS/infected/Image_182.jpg,1,10.70824,0.9999776
PCOS/infected/Image_183.jpg,1,7.773252,0.99957937
PCOS/infected/Image_184.jpg,1,7.773252,0.99957937
PCOS/infected/Image_185.jpg,1,1.203908,0.7692192
PCOS/infected/Image_186.jpg,1,1.203908,0.7692192
PCOS/infected/Image_187.jpg,1,7.700824,0.9995478
PCOS/infected/Image_188.jpg,1,7.700824,0.9995478
PCOS/infected/Image_189.jpg,1,-5.704723,0.0033191466
PCOS/infected/Image_190.jpg,1,-5.704723,0.0033191466
PCOS/infected/Image_191.jpg,1,2.903878,0.9480378
PCOS/infected/Image_192.jpg,1,2.903878,0.9480378
PCOS/infected/Image_193.jpg,1,9.5332365,0.99992764
PCOS/infected/Image_194.jpg,1,9.5332365,0.99992764
PCOS/infected/Image_195.jpg,1,-6.069153,0.0023077938
PCOS/infected/Image_196.jpg,1,-6.069153,0.0023077938
PCOS/infected/Image_197.jpg,1,10.14914,0.9999609
PCOS/infected/Image_198.jpg,1,10.14914,0.9999609
PCOS/infected/Image_199.jpg,1,3.0994403,0.9568696
PCOS/infected/Image_200.jpg,1,3.0994403,0.9568696
PCOS/infected/Image_201.jpg,1,10.285071,0.9999659
PCOS/infected/Image_202.jpg,1,10.285071,0.9999659
PCOS/infected/Image_203.jpg,1,8.576043,0.9998115
PCOS/infected/Image_204.jpg,1,8.576043,0.9998115
PCOS/infected/Image_205.jpg,1,11.08538,0.9999846
PCOS/infected/Image_206.jpg,1,11.08538,0.9999846
PCOS/infected/Image_207.jpg,1,8.3909025,0.9997731
PCOS/infected/Image_208.jpg,1,8.3909025,0.9997731
PCOS/infected/Image_209.jpg,1,9.766005,0.99994266
PCOS/infected/Image_210.jpg,1,9.766005,0.99994266
PCOS/infected/Image_211.jpg,1,7.8852525,0.9996239
PCOS/infected/Image_212.jpg,1,7.8852525,0.9996239
PCOS/infected/Image_213.jpg,1,9.909781,0.9999503
PCOS/infected/Image_214.jpg,1,9.909781,0.9999503
PCOS/infected/Image_215.jpg,1,-6.1141286,0.0022065223
PCOS/infected/Image_216.jpg,1,-6.1141286,0.0022065223
PCOS/infected/Image_217.jpg,1,10.946173,0.99998236
PCOS/infected/Image_218.jpg,1,10.946173,0.99998236
PCOS/infected/Image_219.jpg,1,8.789399,0.99984765
PCOS/infected/Image_220.jpg,1,8.789399,0.99984765
PCOS/infected/Image_221.jpg,1,1.6010485,0.8321649
PCOS/infected/Image_222.jpg,1,1.6010485,0.8321649
PCOS/infected/Image_223.jpg,1,2.51415,0.92512786
PCOS/infected/Image_224.jpg,1,2.51415,0.92512786
PCOS/infected/Image_225.jpg,1,8.461996,0.9997887
PCOS/infected/Image_226.jpg,1,8.461996,0.9997887
PCOS/infected/Image_227.jpg,1,10.162078,0.9999614
PCOS/infected/Image_228.jpg,1,10.162078,0.9999614
PCOS/infected/Image_229.jpg,1,3.3820581,0.967139
PCOS/infected/Image_230.jpg,1,3.3820581,0.967139
PCOS/infected/Image_231.jpg,1,9.674553,0.9999372
PCOS/infected/Image_232.jpg,1,9.674553,0.9999372
PCOS/infected/Image_233.jpg,1,-5.164754,0.0056819995
PCOS/infected/Image_234.jpg,1,-5.164754,0.0056819995
PCOS/infected/Image_235.jpg,1,2.7771454,0.9414283
PCOS/infected/Image_236.jpg,1,2.7771454,0.9414283
PCOS/infected/Image_237.jpg,1,9.019311,0.999879
PCOS/infected/Image_238.jpg,1,9.019311,0.999879
PCOS/infected/Image_239.jpg,1,3.8140996,0.9784185
PCOS/infected/Image_240.jpg,1,3.8140996,0.9784185
PCOS/infected/Image_241.jpg,1,10.563489,0.99997413
PCOS/infected/Image_242.jpg,1,10.563489,0.99997413
PCOS/infected/Image_243.jpg,1,6.5080814,0.9985109
PCOS/infected/Image_244.jpg,1,6.5080814,0.9985109
PCOS/infected/Image_245.jpg,1,10.586722,0.9999747
PCOS/infected/Image_246.jpg,1,10.586722,0.9999747
PCOS/infected/Image_247.jpg,1,-6.263919,0.0019001529
PCOS/infected/Image_248.jpg,1,-6.263919,0.0019001529
PCOS/infected/Image_249.jpg,1,9.426804,0.9999194
PCOS/infected/Image_250.jpg,1,9.426804,0.9999194
PCOS/infected/Image_251.jpg,1,8.978663,0.9998739
PCOS/infected/Image_252.jpg,1,8.978663,0.9998739
PCOS/infected/Image_253.jpg,1,2.0397787,0.88491076
PCOS/infected/Image_254.jpg,1,2.0397787,0.88491076
PCOS/infected/Image_255.jpg,1,11.634347,0.9999912
PCOS/infected/Image_256.jpg,1,11.634347,0.9999912
PCOS/infected/Image_257.jpg,1,11.3701105,0.99998844
PCOS/infected/Image_258.jpg,1,11.3701105,0.99998844
PCOS/infected/Image_259.jpg,1,-4.662988,0.009349969
PCOS/infected/Image_260.jpg,1,-4.662988,0.009349969
PCOS/infected/Image_261.jpg,1,-6.6964116,0.0012338127
PCOS/infected/Image_262.jpg,1,-6.6964116,0.0012338127
PCOS/infected/Image_263.jpg,1,-5.651439,0.0035001636
PCOS/infected/Image_264.jpg,1,-5.651439,0.0035001636
PCOS/infected/Image_265.jpg,1,10.581845,0.9999746
PCOS/infected/Image_266.jpg,1,10.581845,0.9999746
PCOS/infected/Image_267.jpg,1,7.5663586,0.99948263
PCOS/infected/Image_268.jpg,1,7.5663586,0.99948263
PCOS/infected/Image_269.jpg,1,3.8275404,0.97870046
PCOS/infected/Image_270.jpg,1,3.8275404,0.97870046
PCOS/infected/Image_271.jpg,1,10.627107,0.9999758
PCOS/infected/Image_272.jpg,1,10.627107,0.9999758
PCOS/infected/Image_273.jpg,1,7.9883223,0.99966073
PCOS/infected/Image_274.jpg,1,7.9883223,0.99966073
PCOS/infected/Image_275.jpg,1,8.047625,0.9996803
PCOS/infected/Image_276.jpg,1,8.047625,0.9996803
PCOS/infected/Image_277.jpg,1,-6.031026,0.0023972667
PCOS/infected/Image_278.jpg,1,-6.031026,0.0023972667
PCOS/infected/Image_279.jpg,1,-6.133616,0.0021640316
PCOS/infected/Image_280.jpg,1,-6.133616,0.0021640316
PCOS/infected/Image_281.jpg,1,-6.651897,0.0012899039
PCOS/infected/Image_282.jpg,1,-6.651897,0.0012899039
PCOS/infected/Image_283.jpg,1,9.2927,0.99990785
PCOS/infected/Image_284.jpg,1,9.2927,0.99990785
PCOS/infected/Image_285.jpg,1,9.415618,0.9999186
PCOS/infected/Image_286.jpg,1,9.415618,0.9999186
PCOS/infected/Image_287.jpg,1,9.100915,0.9998884
PCOS/infected/Image_288.jpg,1,9.100915,0.9998884
PCOS/infected/Image_289.jpg,1,9.068855,0.99988484
PCOS/infected/Image_290.jpg,1,9.068855,0.99988484
PCOS/infected/Image_291.jpg,1,8.970939,0.9998729
PCOS/infected/Image_292.jpg,1,8.970939,0.9998729
PCOS/infected/Image_293.jpg,1,7.5395346,0.9994686
PCOS/infected/Image_294.jpg,1,7.5395346,0.9994686
PCOS/infected/Image_295.jpg,1,7.4283733,0.9994062
PCOS/infected/Image_296.jpg,1,7.4283733,0.9994062
PCOS/infected/Image_297.jpg,1,6.5810175,0.9986155
PCOS/infected/Image_298.jpg,1,6.5810175,0.9986155
PCOS/infected/Image_299.jpg,1,5.117315,0.99404365
PCOS/infected/Image_300.jpg,1,5.117315,0.99404365
PCOS/infected/Image_301.jpg,1,-6.1279106,0.0021763865
PCOS/infected/Image_302.jpg,1,-6.1279106,0.0021763865
PCOS/infected/Image_303.jpg,1,8.001313,0.99966514
PCOS/infected/Image_304.jpg,1,8.001313,0.99966514
PCOS/infected/Image_305.jpg,1,-5.5940866,0.0037060096
PCOS/infected/Image_306.jpg,1,-5.5940866,0.0037060096
PCOS/infected/Image_307.jpg,1,9.610597,0.999933
PCOS/infected/Image_308.jpg,1,9.610597,0.999933
PCOS/infected/Image_309.jpg,1,8.374886,0.9997695
PCOS/infected/Image_310.jpg,1,8.374886,0.9997695
PCOS/infected/Image_311.jpg,1,-7.1346602,0.0007963618
PCOS/infected/Image_312.jpg,1,-7.1346602,0.0007963618
PCOS/infected/Image_313.jpg,1,7.9949646,0.999663
PCOS/infected/Image_314.jpg,1,7.9949646,0.999663
PCOS/infected/Image_315.jpg,1,5.152699,0.99424946
PCOS/infected/Image_316.jpg,1,5.152699,0.99424946
PCOS/infected/Image_317.jpg,1,-5.0878468,0.0061334427
PCOS/infected/Image_318.jpg,1,-5.0878468,0.0061334427
PCOS/infected/Image_319.jpg,1,-5.4743223,0.0041755605
PCOS/infected/Image_320.jpg,1,-5.4743223,0.0041755605
PCOS/infected/Image_321.jpg,1,-5.116433,0.0059616226
PCOS/infected/Image_322.jpg,1,-5.116433,0.0059616226
PCOS/infected/Image_323.jpg,1,10.930774,0.9999821
PCOS/infected/Image_324.jpg,1,10.930774,0.9999821
PCOS/infected/Image_325.jpg,1,3.1383212,0.95844615
PCOS/infected/Image_326.jpg,1,3.1383212,0.95844615
PCOS/infected/Image_327.jpg,1,-5.6924853,0.0033598773
PCOS/infected/Image_328.jpg,1,-5.6924853,0.0033598773
PCOS/infected/Image_329.jpg,1,8.795678,0.9998486
PCOS/infected/Image_330.jpg,1,8.795678,0.9998486
PCOS/infected/Image_331.jpg,1,8.102815,0.99969745
PCOS/infected/Image_332.jpg,1,8.102815,0.99969745
PCOS/infected/Image_333.jpg,1,7.635918,0.99951744
PCOS/infected/Image_334.jpg,1,7.635918,0.99951744
PCOS/infected/Image_335.jpg,1,1.9891944,0.8796579
PCOS/infected/Image_336.jpg,1,1.9891944,0.8796579
PCOS/infected/Image_337.jpg,1,8.602272,0.99981636
PCOS/infected/Image_338.jpg,1,8.602272,0.99981636
PCOS/infected/Image_339.jpg,1,10.752113,0.99997854
PCOS/infected/Image_340.jpg,1,10.752113,0.99997854
PCOS/infected/Image_341.jpg,1,8.016039,0.99967
PCOS/infected/Image_342.jpg,1,8.016039,0.99967
PCOS/infected/Image_343.jpg,1,-5.586688,0.0037334277
PCOS/infected/Image_344.jpg,1,-5.586688,0.0037334277
PCOS/infected/Image_345.jpg,1,1.7551774,0.8526046
PCOS/infected/Image_346.jpg,1,1.7551774,0.8526046
PCOS/infected/Image_347.jpg,1,8.69474,0.9998325
PCOS/infected/Image_348.jpg,1,8.69474,0.9998325
PCOS/infected/Image_349.jpg,1,10.776282,0.99997914
PCOS/infected/Image_350.jpg,1,10.776282,0.99997914
PCOS/infected/Image_351.jpg,1,8.140141,0.9997085
PCOS/infected/Image_352.jpg,1,8.140141,0.9997085
PCOS/infected/Image_353.jpg,1,9.993751,0.99995434
PCOS/infected/Image_354.jpg,1,9.993751,0.99995434
PCOS/infected/Image_355.jpg,1,10.113795,0.99995947
PCOS/infected/Image_356.jpg,1,10.113795,0.99995947
PCOS/infected/Image_357.jpg,1,-6.8769417,0.0010302308
PCOS/infected/Image_358.jpg,1,-6.8769417,0.0010302308
PCOS/infected/Image_359.jpg,1,-5.4244566,0.00438812
PCOS/infected/Image_360.jpg,1,-5.4244566,0.00438812
PCOS/infected/Image_361.jpg,1,2.9169235,0.94867665
PCOS/infected/Image_362.jpg,1,2.9169235,0.94867665
PCOS/infected/Image_363.jpg,1,-5.808026,0.0029943602
PCOS/infected/Image_364.jpg,1,-5.808026,0.0029943602
PCOS/infected/Image_365.jpg,1,11.250585,0.999987
PCOS/infected/Image_366.jpg,1,11.250585,0.999987
PCOS/infected/Image_367.jpg,1,8.912114,0.9998653
PCOS/infected/Image_368.jpg,1,8.912114,0.9998653
PCOS/infected/Image_369.jpg,1,8.009901,0.999668
PCOS/infected/Image_370.jpg,1,8.009901,0.999668
PCOS/infected/Image_371.jpg,1,7.437526,0.9994116
PCOS/infected/Image_372.jpg,1,7.437526,0.9994116
PCOS/infected/Image_373.jpg,1,6.98984,0.9990796
PCOS/infected/Image_374.jpg,1,6.98984,0.9990796
PCOS/infected/Image_375.jpg,1,8.651032,0.99982506
PCOS/infected/Image_376.jpg,1,8.651032,0.99982506
PCOS/infected/Image_377.jpg,1,12.710504,0.999997
PCOS/infected/Image_378.jpg,1,12.710504,0.999997
PCOS/infected/Image_379.jpg,1,9.022699,0.99987936
PCOS/infected/Image_380.jpg,1,9.022699,0.99987936
PCOS/infected/Image_381.jpg,1,-6.5552225,0.0014206452
PCOS/infected/Image_382.jpg,1,-6.5552225,0.0014206452
PCOS/infected/Image_383.jpg,1,1.6182704,0.8345565
PCOS/infected/Image_384.jpg,1,1.6182704,0.8345565
PCOS/infected/Image_385.jpg,1,7.984907,0.99965954
PCOS/infected/Image_386.jpg,1,7.984907,0.99965954
PCOS/infected/Image_387.jpg,1,11.825085,0.9999927
PCOS/infected/Image_388.jpg,1,11.825085,0.9999927
PCOS/infected/Image_389.jpg,1,-6.2005014,0.0020243071
PCOS/infected/Image_390.jpg,1,-6.2005014,0.0020243071
PCOS/infected/Image_391.jpg,1,-7.2155294,0.00073454133
PCOS/infected/Image_392.jpg,1,-7.2155294,0.00073454133
PCOS/infected/Image_393.jpg,1,8.943365,0.99986935
PCOS/infected/Image_394.jpg,1,8.943365,0.99986935
PCOS/infected/Image_395.jpg,1,7.5602326,0.9994796
PCOS/infected/Image_396.jpg,1,7.5602326,0.9994796
PCOS/infected/Image_397.jpg,1,4.6979218,0.99096817
PCOS/infected/Image_398.jpg,1,4.6979218,0.99096817
PCOS/infected/Image_399.jpg,1,9.779822,0.9999434
PCOS/infected/Image_400.jpg,1,9.779822,0.9999434
PCOS/infected/Image_401.jpg,1,9.50402,0.9999255
PCOS/infected/Image_402.jpg,1,9.50402,0.9999255
PCOS/infected/Image_403.jpg,1,9.36564,0.9999144
PCOS/infected/Image_404.jpg,1,9.36564,0.9999144
PCOS/infected/Image_405.jpg,1,-5.7867317,0.0030586093
PCOS/infected/Image_406.jpg,1,-5.7867317,0.0030586093
PCOS/infected/Image_407.jpg,1,8.932725,0.99986804
PCOS/infected/Image_408.jpg,1,8.932725,0.99986804
PCOS/infected/Image_409.jpg,1,14.462636,0.9999995
PCOS/infected/Image_410.jpg,1,14.462636,0.9999995
PCOS/infected/Image_411.jpg,1,8.978159,0.9998739
PCOS/infected/Image_412.jpg,1,8.978159,0.9998739
PCOS/infected/Image_413.jpg,1,10.434726,0.99997056
PCOS/infected/Image_414.jpg,1,10.434726,0.99997056
PCOS/infected/Image_415.jpg,1,9.71194,0.99993944
PCOS/infected/Image_416.jpg,1,9.71194,0.99993944
PCOS/infected/Image_417.jpg,1,10.730462,0.9999782
PCOS/infected/Image_418.jpg,1,10.730462,0.9999782
PCOS/infected/Image_419.jpg,1,10.005088,0.9999548
PCOS/infected/Image_420.jpg,1,10.005088,0.9999548
PCOS/infected/Image_421.jpg,1,-6.016523,0.0024322027
PCOS/infected/Image_422.jpg,1,-6.016523,0.0024322027
PCOS/infected/Image_423.jpg,1,10.681548,0.999977
PCOS/infected/Image_424.jpg,1,10.681548,0.999977
PCOS/infected/Image_425.jpg,1,9.872457,0.9999484
PCOS/infected/Image_426.jpg,1,9.872457,0.9999484
PCOS/infected/Image_427.jpg,1,7.594075,0.9994968
PCOS/infected/Image_428.jpg,1,7.594075,0.9994968
PCOS/infected/Image_429.jpg,1,4.102255,0.9837336
PCOS/infected/Image_430.jpg,1,4.102255,0.9837336
PCOS/infected/Image_431.jpg,1,4.1409516,0.9843413
PCOS/infected/Image_432.jpg,1,4.1409516,0.9843413
PCOS/infected/Image_433.jpg,1,12.773725,0.99999714
PCOS/infected/Image_434.jpg,1,12.773725,0.99999714
PCOS/infected/Image_435.jpg,1,-4.6454253,0.009514056
PCOS/infected/Image_436.jpg,1,-4.6454253,0.009514056
PCOS/infected/Image_437.jpg,1,-5.4623995,0.0042254315
PCOS/infected/Image_438.jpg,1,-5.4623995,0.0042254315
PCOS/infected/Image_439.jpg,1,-6.33624,0.0017678182
PCOS/infected/Image_440.jpg,1,-6.33624,0.0017678182
PCOS/infected/Image_441.jpg,1,-5.2199016,0.0053787744
PCOS/infected/Image_442.jpg,1,-5.2199016,0.0053787744
PCOS/infected/Image_443.jpg,1,10.17702,0.999962
PCOS/infected/Image_444.jpg,1,10.17702,0.999962
PCOS/infected/Image_445.jpg,1,-6.3884406,0.0016780548
PCOS/infected/Image_446.jpg,1,-6.3884406,0.0016780548
PCOS/infected/Image_447.jpg,1,-7.931259,0.0003592046
PCOS/infected/Image_448.jpg,1,-7.931259,0.0003592046
PCOS/infected/Image_449.jpg,1,10.723204,0.99997795
PCOS/infected/Image_450.jpg,1,10.723204,0.99997795
PCOS/infected/Image_451.jpg,1,7.21624,0.99926597
PCOS/infected/Image_452.jpg,1,7.21624,0.99926597
PCOS/infected/Image_453.jpg,1,7.9410963,0.9996443
PCOS/infected/Image_454.jpg,1,7.9410963,0.9996443
PCOS/infected/Image_455.jpg,1,9.469448,0.9999229
PCOS/infected/Image_456.jpg,1,9.469448,0.9999229
PCOS/infected/Image_457.jpg,1,6.2166986,0.9980082
PCOS/infected/Image_458.jpg,1,6.2166986,0.9980082
PCOS/infected/Image_459.jpg,1,-6.8672233,0.0010402814
PCOS/infected/Image_460.jpg,1,-6.8672233,0.0010402814
PCOS/infected/Image_461.jpg,1,10.815522,0.99998
PCOS/infected/Image_462.jpg,1,10.815522,0.99998
PCOS/infected/Image_463.jpg,1,-6.1346955,0.0021617017
PCOS/infected/Image_464.jpg,1,-6.1346955,0.0021617017
PCOS/infected/Image_465.jpg,1,-6.584878,0.0013791911
PCOS/infected/Image_466.jpg,1,-6.584878,0.0013791911
PCOS/infected/Image_467.jpg,1,8.27793,0.999746
PCOS/infected/Image_468.jpg,1,8.27793,0.999746
PCOS/infected/Image_469.jpg,1,6.297785,0.99816304
PCOS/infected/Image_470.jpg,1,6.297785,0.99816304
PCOS/infected/Image_471.jpg,1,8.128737,0.99970514
PCOS/infected/Image_472.jpg,1,8.128737,0.99970514
PCOS/infected/Image_473.jpg,1,3.049594,0.95476496
PCOS/infected/Image_474.jpg,1,3.049594,0.95476496
PCOS/infected/Image_475.jpg,1,9.720641,0.9999399
PCOS/infected/Image_476.jpg,1,9.720641,0.9999399
PCOS/infected/Image_477.jpg,1,-5.4564934,0.004250355
PCOS/infected/Image_478.jpg,1,-5.4564934,0.004250355
PCOS/infected/Image_479.jpg,1,9.523455,0.9999269
PCOS/infected/Image_480.jpg,1,9.523455,0.9999269
PCOS/infected/Image_481.jpg,1,8.841893,0.9998554
PCOS/infected/Image_482.jpg,1,8.841893,0.9998554
PCOS/infected/Image_483.jpg,1,-6.0563164,0.0023375389
PCOS/infected/Image_484.jpg,1,-6.0563164,0.0023375389
PCOS/infected/Image_485.jpg,1,-5.221054,0.005372612
PCOS/infected/Image_486.jpg,1,-5.221054,0.005372612
PCOS/infected/Image_487.jpg,1,9.308773,0.9999094
PCOS/infected/Image_488.jpg,1,9.308773,0.9999094
PCOS/infected/Image_489.jpg,1,5.966789,0.99744415
PCOS/infected/Image_490.jpg,1,5.966789,0.99744415
PCOS/infected/Image_491.jpg,1,7.654333,0.99952626
PCOS/infected/Image_492.jpg,1,7.654333,0.99952626
PCOS/infected/Image_493.jpg,1,-7.3282666,0.00065627997
PCOS/infected/Image_494.jpg,1,-7.3282666,0.00065627997
PCOS/infected/Image_495.jpg,1,10.476732,0.99997187
PCOS/infected/Image_496.jpg,1,10.476732,0.99997187
PCOS/infected/Image_497.jpg,1,1.3425214,0.7929043
PCOS/infected/Image_498.jpg,1,1.3425214,0.7929043
PCOS/infected/Image_499.jpg,1,7.708318,0.9995511
PCOS/infected/Image_500.jpg,1,7.708318,0.9995511
PCOS/infected/Image_501.jpg,1,3.556307,0.9722481
PCOS/infected/Image_502.jpg,1,3.556307,0.9722481
PCOS/infected/Image_503.jpg,1,9.096028,0.99988794
PCOS/infected/Image_504.jpg,1,9.096028,0.99988794
PCOS/infected/Image_505.jpg,1,9.5260105,0.99992704
PCOS/infected/Image_506.jpg,1,9.5260105,0.99992704
PCOS/infected/Image_507.jpg,1,11.785338,0.9999924
PCOS/infected/Image_508.jpg,1,11.785338,0.9999924
PCOS/infected/Image_509.jpg,1,4.3411293,0.98714554
PCOS/infected/Image_510.jpg,1,4.3411293,0.98714554
PCOS/infected/Image_511.jpg,1,5.4519396,0.99573034
PCOS/infected/Image_512.jpg,1,5.4519396,0.99573034
PCOS/infected/Image_513.jpg,1,-6.6433964,0.001300901
PCOS/infected/Image_514.jpg,1,-6.6433964,0.001300901
PCOS/infected/Image_515.jpg,1,6.942979,0.9990356
PCOS/infected/Image_516.jpg,1,6.942979,0.9990356
PCOS/infected/Image_517.jpg,1,8.026608,0.9996735
PCOS/infected/Image_518.jpg,1,8.026608,0.9996735
PCOS/infected/Image_519.jpg,1,8.647059,0.99982446
PCOS/infected/Image_520.jpg,1,8.647059,0.99982446
PCOS/infected/Image_521.jpg,1,10.395457,0.9999695
PCOS/infected/Image_522.jpg,1,10.395457,0.9999695
PCOS/infected/Image_523.jpg,1,-5.736066,0.0032170576
PCOS/infected/Image_524.jpg,1,-5.736066,0.0032170576
PCOS/infected/Image_525.jpg,1,8.778314,0.999846
PCOS/infected/Image_526.jpg,1,8.778314,0.999846
PCOS/infected/Image_527.jpg,1,6.638793,0.99869317
PCOS/infected/Image_528.jpg,1,6.638793,0.99869317
PCOS/infected/Image_529.jpg,1,6.6587186,0.99871886
PCOS/infected/Image_530.jpg,1,6.6587186,0.99871886
PCOS/infected/Image_531.jpg,1,9.843275,0.99994695
PCOS/infected/Image_532.jpg,1,9.843275,0.99994695
PCOS/infected/Image_533.jpg,1,10.659453,0.9999765
PCOS/infected/Image_534.jpg,1,10.659453,0.9999765
PCOS/infected/Image_535.jpg,1,11.284625,0.9999875
PCOS/infected/Image_536.jpg,1,11.284625,0.9999875
PCOS/infected/Image_537.jpg,1,4.5054717,0.9890723
PCOS/infected/Image_538.jpg,1,4.5054717,0.9890723
PCOS/infected/Image_539.jpg,1,8.331244,0.99975914
PCOS/infected/Image_540.jpg,1,8.331244,0.99975914
PCOS/infected/Image_541.jpg,1,-6.2451644,0.0019360561
PCOS/infected/Image_542.jpg,1,-6.2451644,0.0019360561
PCOS/infected/Image_543.jpg,1,-7.108144,0.0008177434
PCOS/infected/Image_544.jpg,1,-7.108144,0.0008177434
PCOS/infected/Image_545.jpg,1,6.186032,0.9979462
PCOS/infected/Image_546.jpg,1,6.186032,0.9979462
PCOS/infected/Image_547.jpg,1,-5.64412,0.003525785
PCOS/infected/Image_548.jpg,1,-5.64412,0.003525785
PCOS/infected/Image_549.jpg,1,6.929834,0.99902284
PCOS/infected/Image_550.jpg,1,6.929834,0.99902284
PCOS/infected/Image_551.jpg,1,-6.137932,0.0021547321
PCOS/infected/Image_552.jpg,1,-6.137932,0.0021547321
PCOS/infected/Image_553.jpg,1,1.763914,0.8536992
PCOS/infected/Image_554.jpg,1,1.763914,0.8536992
PCOS/infected/Image_555.jpg,1,7.461006,0.9994253
PCOS/infected/Image_556.jpg,1,7.461006,0.9994253
PCOS/infected/Image_557.jpg,1,8.157714,0.9997136
PCOS/infected/Image_558.jpg,1,8.157714,0.9997136
PCOS/infected/Image_559.jpg,1,9.323206,0.9999107
PCOS/infected/Image_560.jpg,1,9.323206,0.9999107
PCOS/infected/Image_561.jpg,1,8.25871,0.999741
PCOS/infected/Image_562.jpg,1,8.25871,0.999741
PCOS/infected/Image_563.jpg,1,8.705712,0.9998344
PCOS/infected/Image_564.jpg,1,8.705712,0.9998344
PCOS/infected/Image_565.jpg,1,8.490855,0.9997948
PCOS/infected/Image_566.jpg,1,8.490855,0.9997948
PCOS/infected/Image_567.jpg,1,9.740278,0.9999411
PCOS/infected/Image_568.jpg,1,9.740278,0.9999411
PCOS/infected/Image_569.jpg,1,8.33523,0.9997601
PCOS/infected/Image_570.jpg,1,8.33523,0.9997601
PCOS/infected/Image_571.jpg,1,9.842284,0.99994683
PCOS/infected/Image_572.jpg,1,9.842284,0.99994683
PCOS/infected/Image_573.jpg,1,9.210456,0.9999
PCOS/infected/Image_574.jpg,1,9.210456,0.9999
PCOS/infected/Image_575.jpg,1,-6.448942,0.0015796955
PCOS/infected/Image_576.jpg,1,-6.448942,0.0015796955
PCOS/infected/Image_577.jpg,1,9.373566,0.999915
PCOS/infected/Image_578.jpg,1,9.373566,0.999915
PCOS/infected/Image_579.jpg,1,-4.867531,0.0076336153
PCOS/infected/Image_580.jpg,1,-4.867531,0.0076336153
PCOS/infected/Image_581.jpg,1,9.986625,0.999954
PCOS/infected/Image_582.jpg,1,9.986625,0.999954
PCOS/infected/Image_583.jpg,1,9.765003,0.99994254
PCOS/infected/Image_584.jpg,1,9.765003,0.99994254
PCOS/infected/Image_585.jpg,1,9.051221,0.9998827
PCOS/infected/Image_586.jpg,1,9.051221,0.9998827
PCOS/infected/Image_587.jpg,1,9.669517,0.9999368
PCOS/infected/Image_588.jpg,1,9.669517,0.9999368
PCOS/infected/Image_589.jpg,1,-5.644621,0.0035240264
PCOS/infected/Image_590.jpg,1,-5.644621,0.0035240264
PCOS/infected/Image_591.jpg,1,7.505827,0.9994504
PCOS/infected/Image_592.jpg,1,7.505827,0.9994504
PCOS/infected/Image_593.jpg,1,-5.93301,0.0026434853
PCOS/infected/Image_594.jpg,1,-5.93301,0.0026434853
PCOS/infected/Image_595.jpg,1,11.322709,0.99998796
PCOS/infected/Image_596.jpg,1,11.322709,0.99998796
PCOS/infected/Image_597.jpg,1,2.7989388,0.9426185
PCOS/infected/Image_598.jpg,1,2.7989388,0.9426185
PCOS/infected/Image_599.jpg,1,7.52122,0.99945885
PCOS/infected/Image_600.jpg,1,7.52122,0.99945885
PCOS/infected/Image_601.jpg,1,10.665208,0.99997663
PCOS/infected/Image_602.jpg,1,10.665208,0.99997663
PCOS/infected/Image_603.jpg,1,3.7125733,0.9761672
PCOS/infected/Image_604.jpg,1,3.7125733,0.9761672
PCOS/infected/Image_605.jpg,1,9.276768,0.9999064
PCOS/infected/Image_606.jpg,1,9.276768,0.9999064
PCOS/infected/Image_607.jpg,1,10.508205,0.9999727
PCOS/infected/Image_608.jpg,1,10.508205,0.9999727
PCOS/infected/Image_609.jpg,1,8.50842,0.99979824
PCOS/infected/Image_610.jpg,1,8.50842,0.99979824
PCOS/infected/Image_611.jpg,1,5.607579,0.99634343
PCOS/infected/Image_612.jpg,1,5.607579,0.99634343
PCOS/infected/Image_613.jpg,1,9.316916,0.9999101
PCOS/infected/Image_614.jpg,1,9.316916,0.9999101
PCOS/infected/Image_615.jpg,1,-6.0982914,0.002241667
PCOS/infected/Image_616.jpg,1,-6.0982914,0.002241667
PCOS/infected/Image_617.jpg,1,3.8992763,0.98014563
PCOS/infected/Image_618.jpg,1,3.8992763,0.98014563
PCOS/infected/Image_619.jpg,1,9.415421,0.9999186
PCOS/infected/Image_620.jpg,1,9.415421,0.9999186
PCOS/infected/Image_621.jpg,1,9.333151,0.99991155
PCOS/infected/Image_622.jpg,1,9.333151,0.99991155
PCOS/infected/Image_623.jpg,1,8.918748,0.9998661
PCOS/infected/Image_624.jpg,1,8.918748,0.9998661
PCOS/infected/Image_625.jpg,1,12.513787,0.9999963
PCOS/infected/Image_626.jpg,1,12.513787,0.9999963
PCOS/infected/Image_627.jpg,1,-5.0071545,0.006645455
PCOS/infected/Image_628.jpg,1,-5.0071545,0.006645455
PCOS/infected/Image_629.jpg,1,10.750451,0.99997854
PCOS/infected/Image_630.jpg,1,10.750451,0.99997854
PCOS/infected/Image_631.jpg,1,3.2220538,0.9616558
PCOS/infected/Image_632.jpg,1,3.2220538,0.9616558
PCOS/infected/Image_633.jpg,1,10.211606,0.9999633
PCOS/infected/Image_634.jpg,1,10.211606,0.9999633
PCOS/infected/Image_635.jpg,1,8.331241,0.99975914
PCOS/infected/Image_636.jpg,1,8.331241,0.99975914
PCOS/infected/Image_637.jpg,1,8.871518,0.9998597
PCOS/infected/Image_638.jpg,1,8.871518,0.9998597
PCOS/infected/Image_639.jpg,1,7.306651,0.99932945
PCOS/infected/Image_640.jpg,1,7.306651,0.99932945
PCOS/infected/Image_641.jpg,1,8.612607,0.99981827
PCOS/infected/Image_642.jpg,1,8.612607,0.99981827
PCOS/infected/Image_643.jpg,1,-6.3836317,0.0016861302
PCOS/infected/Image_644.jpg,1,-6.3836317,0.0016861302
PCOS/infected/Image_645.jpg,1,9.842259,0.99994683
PCOS/infected/Image_646.jpg,1,9.842259,0.99994683
PCOS/infected/Image_647.jpg,1,10.839674,0.99998045
PCOS/infected/Image_648.jpg,1,10.839674,0.99998045
PCOS/infected/Image_649.jpg,1,7.011437,0.9990994
PCOS/infected/Image_650.jpg,1,7.011437,0.9990994
PCOS/infected/Image_651.jpg,1,10.346452,0.99996793
PCOS/infected/Image_652.jpg,1,10.346452,0.99996793
PCOS/infected/Image_653.jpg,1,7.0861144,0.9991641
PCOS/infected/Image_654.jpg,1,7.0861144,0.9991641
PCOS/infected/Image_655.jpg,1,9.608387,0.9999329
PCOS/infected/Image_656.jpg,1,9.608387,0.9999329
PCOS/infected/Image_657.jpg,1,-8.078293,0.00031010393
PCOS/infected/Image_658.jpg,1,-8.078293,0.00031010393
PCOS/infected/Image_659.jpg,1,9.59213,0.9999317
PCOS/infected/Image_660.jpg,1,9.59213,0.9999317
PCOS/infected/Image_661.jpg,1,10.919591,0.9999819
PCOS/infected/Image_662.jpg,1,10.919591,0.9999819
PCOS/infected/Image_663.jpg,1,9.5508995,0.99992883
PCOS/infected/Image_664.jpg,1,9.5508995,0.99992883
PCOS/infected/Image_665.jpg,1,-6.291214,0.001849084
PCOS/infected/Image_666.jpg,1,-6.291214,0.001849084
PCOS/infected/Image_667.jpg,1,8.861886,0.99985826
PCOS/infected/Image_668.jpg,1,8.861886,0.99985826
PCOS/infected/Image_669.jpg,1,-7.622807,0.00048892765
PCOS/infected/Image_670.jpg,1,-7.622807,0.00048892765
PCOS/infected/Image_671.jpg,1,1.2783959,0.7821766
PCOS/infected/Image_672.jpg,1,1.2783959,0.7821766
PCOS/infected/Image_673.jpg,1,10.25067,0.9999647
PCOS/infected/Image_674.jpg,1,10.25067,0.9999647
PCOS/infected/Image_675.jpg,1,9.956384,0.99995255
PCOS/infected/Image_676.jpg,1,9.956384,0.99995255
PCOS/infected/Image_677.jpg,1,13.374622,0.99999845
PCOS/infected/Image_678.jpg,1,13.374622,0.99999845
PCOS/infected/Image_679.jpg,1,1.2205155,0.7721542
PCOS/infected/Image_680.jpg,1,1.2205155,0.7721542
PCOS/infected/Image_681.jpg,1,10.480692,0.999972
PCOS/infected/Image_682.jpg,1,10.480692,0.999972
PCOS/infected/Image_683.jpg,1,-4.938508,0.0071143047
PCOS/infected/Image_684.jpg,1,-4.938508,0.0071143047
PCOS/infected/Image_685.jpg,1,6.7031174,0.99877447
PCOS/infected/Image_686.jpg,1,6.7031174,0.99877447
PCOS/infected/Image_687.jpg,1,8.258383,0.999741
PCOS/infected/Image_688.jpg,1,8.258383,0.999741
PCOS/infected/Image_689.jpg,1,-5.888015,0.0027648096
PCOS/infected/Image_690.jpg,1,-5.888015,0.0027648096
PCOS/infected/Image_691.jpg,1,9.740025,0.9999411
PCOS/infected/Image_692.jpg,1,9.740025,0.9999411
PCOS/infected/Image_693.jpg,1,10.404246,0.9999697
PCOS/infected/Image_694.jpg,1,10.404246,0.9999697
PCOS/infected/Image_695.jpg,1,-3.9804559,0.018334685
PCOS/infected/Image_696.jpg,1,-3.9804559,0.018334685
PCOS/infected/Image_697.jpg,1,8.23771,0.99973553
PCOS/infected/Image_698.jpg,1,8.23771,0.99973553
PCOS/infected/Image_699.jpg,1,8.804906,0.99985003
PCOS/infected/Image_700.jpg,1,8.804906,0.99985003
PCOS/infected/Image_701.jpg,1,10.761992,0.9999788
PCOS/infected/Image_702.jpg,1,10.761992,0.9999788
PCOS/infected/Image_703.jpg,1,7.229619,0.99927574
PCOS/infected/Image_704.jpg,1,7.229619,0.99927574
PCOS/infected/Image_705.jpg,1,12.919871,0.9999975
PCOS/infected/Image_706.jpg,1,12.919871,0.9999975
PCOS/infected/Image_707.jpg,1,10.248509,0.9999646
PCOS/infected/Image_708.jpg,1,10.248509,0.9999646
PCOS/infected/Image_709.jpg,1,11.258807,0.9999871
PCOS/infected/Image_710.jpg,1,11.258807,0.9999871
PCOS/infected/Image_711.jpg,1,7.304038,0.99932766
PCOS/infected/Image_712.jpg,1,7.304038,0.99932766
PCOS/infected/Image_713.jpg,1,5.3637595,0.99533856
PCOS/infected/Image_714.jpg,1,5.3637595,0.99533856
PCOS/infected/Image_715.jpg,1,10.278837,0.99996567
PCOS/infected/Image_716.jpg,1,10.278837,0.99996567
PCOS/infected/Image_717.jpg,1,-5.5012746,0.0040649744
PCOS/infected/Image_718.jpg,1,-5.5012746,0.0040649744
PCOS/infected/Image_719.jpg,1,8.9520445,0.99987054
PCOS/infected/Image_720.jpg,1,8.9520445,0.99987054
PCOS/infected/Image_721.jpg,1,9.204804,0.9998994
PCOS/infected/Image_722.jpg,1,9.204804,0.9998994
PCOS/infected/Image_723.jpg,1,5.4294987,0.9956338
PCOS/infected/Image_724.jpg,1,5.4294987,0.9956338
PCOS/infected/Image_725.jpg,1,13.654761,0.9999988
PCOS/infected/Image_726.jpg,1,13.654761,0.9999988
PCOS/infected/Image_727.jpg,1,-6.8696423,0.0010377706
PCOS/infected/Image_728.jpg,1,-6.8696423,0.0010377706
PCOS/infected/Image_729.jpg,1,12.200501,0.999995
PCOS/infected/Image_730.jpg,1,12.200501,0.999995
PCOS/infected/Image_731.jpg,1,10.487645,0.9999721
PCOS/infected/Image_732.jpg,1,10.487645,0.9999721
PCOS/infected/Image_733.jpg,1,-7.9105616,0.00036671397
PCOS/infected/Image_734.jpg,1,-7.9105616,0.00036671397
PCOS/infected/Image_735.jpg,1,-6.5968904,0.0013627453
PCOS/infected/Image_736.jpg,1,-6.5968904,0.0013627453
PCOS/infected/Image_737.jpg,1,9.799552,0.99994457
PCOS/infected/Image_738.jpg,1,9.799552,0.99994457
PCOS/infected/Image_739.jpg,1,10.052785,0.99995697
PCOS/infected/Image_740.jpg,1,10.052785,0.99995697
PCOS/infected/Image_741.jpg,1,7.2421813,0.9992848
PCOS/infected/Image_742.jpg,1,7.2421813,0.9992848
PCOS/infected/Image_743.jpg,1,1.4366552,0.80793613
PCOS/infected/Image_744.jpg,1,1.4366552,0.80793613
PCOS/infected/Image_745.jpg,1,9.862012,0.9999479
PCOS/infected/Image_746.jpg,1,9.862012,0.9999479
PCOS/infected/Image_747.jpg,1,10.968891,0.9999827
PCOS/infected/Image_748.jpg,1,10.968891,0.9999827
PCOS/infected/Image_749.jpg,1,12.198041,0.999995
PCOS/infected/Image_750.jpg,1,12.198041,0.999995
PCOS/infected/Image_751.jpg,1,-4.632475,0.009636874
PCOS/infected/Image_752.jpg,1,-4.632475,0.009636874
PCOS/infected/Image_753.jpg,1,10.387105,0.9999691
PCOS/infected/Image_754.jpg,1,10.387105,0.9999691
PCOS/infected/Image_755.jpg,1,11.687083,0.99999166
PCOS/infected/Image_756.jpg,1,11.687083,0.99999166
PCOS/infected/Image_757.jpg,1,-5.757661,0.0031485464
PCOS/infected/Image_758.jpg,1,-5.757661,0.0031485464
PCOS/infected/Image_759.jpg,1,11.353514,0.9999883
PCOS/infected/Image_760.jpg,1,11.353514,0.9999883
PCOS/infected/Image_761.jpg,1,4.1671705,0.98474044
PCOS/infected/Image_762.jpg,1,4.1671705,0.98474044
PCOS/infected/Image_763.jpg,1,8.67183,0.9998287
PCOS/infected/Image_764.jpg,1,8.67183,0.9998287
PCOS/infected/Image_765.jpg,1,14.720753,0.99999964
PCOS/infected/Image_766.jpg,1,14.720753,0.99999964
PCOS/infected/Image_767.jpg,1,7.2371073,0.9992811
PCOS/infected/Image_768.jpg,1,7.2371073,0.9992811
PCOS/infected/Image_769.jpg,1,10.180789,0.9999621
PCOS/infected/Image_770.jpg,1,10.180789,0.9999621
PCOS/infected/Image_771.jpg,1,7.356406,0.99936193
PCOS/infected/Image_772.jpg,1,7.356406,0.99936193
PCOS/infected/Image_773.jpg,1,9.834267,0.9999465
PCOS/infected/Image_774.jpg,1,9.834267,0.9999465
PCOS/infected/Image_775.jpg,1,2.7324398,0.9389139
PCOS/infected/Image_776.jpg,1,2.7324398,0.9389139
PCOS/infected/Image_777.jpg,1,-5.8153696,0.002972516
PCOS/infected/Image_778.jpg,1,-5.8153696,0.002972516
PCOS/infected/Image_779.jpg,1,10.836371,0.99998033
PCOS/infected/Image_780.jpg,1,10.836371,0.99998033
PCOS/infected/Image_781.jpg,1,8.585721,0.99981326
PCOS/infected/Image_782.jpg,1,8.585721,0.99981326
PCOS/infected/Image_783.jpg,1,6.764147,0.9988469
PCOS/infected/Image_784.jpg,1,6.764147,0.9988469
PCOS/infected/Image_785.jpg,1,-6.8070407,0.0011047391
PCOS/infected/Image_786.jpg,1,-6.8070407,0.0011047391
PCOS/infected/Image_787.jpg,1,9.650813,0.9999356
PCOS/infected/Image_788.jpg,1,9.650813,0.9999356
PCOS/infected/Image_789.jpg,1,8.105109,0.99969816
PCOS/infected/Image_790.jpg,1,8.105109,0.99969816
PCOS/infected/Image_791.jpg,1,9.122765,0.9998908
PCOS/infected/Image_792.jpg,1,9.122765,0.9998908
PCOS/infected/Image_793.jpg,1,9.079705,0.99988604
PCOS/infected/Image_794.jpg,1,9.079705,0.99988604
PCOS/infected/Image_795.jpg,1,10.019617,0.99995553
PCOS/infected/Image_796.jpg,1,10.019617,0.99995553
PCOS/infected/Image_797.jpg,1,9.4471445,0.9999211
PCOS/infected/Image_798.jpg,1,9.4471445,0.9999211
PCOS/infected/Image_799.jpg,1,4.3850617,0.9876913
PCOS/infected/Image_800.jpg,1,4.3850617,0.9876913
PCOS/infected/Image_801.jpg,1,8.63963,0.99982315
PCOS/infected/Image_802.jpg,1,8.63963,0.99982315
PCOS/infected/Image_803.jpg,1,-5.306367,0.0049354346
PCOS/infected/Image_804.jpg,1,-5.306367,0.0049354346
PCOS/infected/Image_805.jpg,1,-6.334574,0.0017707598
PCOS/infected/Image_806.jpg,1,-6.334574,0.0017707598
PCOS/infected/Image_807.jpg,1,7.797907,0.9995896
PCOS/infected/Image_808.jpg,1,7.797907,0.9995896
PCOS/infected/Image_809.jpg,1,8.072232,0.999688
PCOS/infected/Image_810.jpg,1,8.072232,0.999688
PCOS/infected/Image_811.jpg,1,11.980992,0.9999937
PCOS/infected/Image_812.jpg,1,11.980992,0.9999937
PCOS/infected/Image_813.jpg,1,8.575526,0.99981135
PCOS/infected/Image_814.jpg,1,8.575526,0.99981135
PCOS/infected/Image_815.jpg,1,3.5609581,0.9723733
PCOS/infected/Image_816.jpg,1,3.5609581,0.9723733
PCOS/infected/Image_817.jpg,1,9.072276,0.9998852
PCOS/infected/Image_818.jpg,1,9.072276,0.9998852
PCOS/infected/Image_819.jpg,1,7.211671,0.99926263
PCOS/infected/Image_820.jpg,1,7.211671,0.99926263
PCOS/infected/Image_821.jpg,1,9.6366415,0.9999347
PCOS/infected/Image_822.jpg,1,9.6366415,0.9999347
PCOS/infected/Image_823.jpg,1,10.119415,0.9999597
PCOS/infected/Image_824.jpg,1,10.119415,0.9999597
PCOS/infected/Image_825.jpg,1,4.2180424,0.98548627
PCOS/infected/Image_826.jpg,1,4.2180424,0.98548627
PCOS/infected/Image_827.jpg,1,9.350811,0.9999131
PCOS/infected/Image_828.jpg,1,9.350811,0.9999131
PCOS/infected/Image_829.jpg,1,9.561,0.99992955
PCOS/infected/Image_830.jpg,1,9.561,0.99992955
PCOS/infected/Image_831.jpg,1,6.166316,0.9979055
PCOS/infected/Image_832.jpg,1,6.166316,0.9979055
PCOS/infected/Image_833.jpg,1,-6.8302984,0.0010793692
PCOS/infected/Image_834.jpg,1,-6.8302984,0.0010793692
PCOS/infected/Image_835.jpg,1,10.325434,0.9999672
PCOS/infected/Image_836.jpg,1,10.325434,0.9999672
PCOS/infected/Image_837.jpg,1,8.666497,0.99982774
PCOS/infected/Image_838.jpg,1,8.666497,0.99982774
PCOS/infected/Image_839.jpg,1,1.6066861,0.8329508
PCOS/infected/Image_840.jpg,1,1.6066861,0.8329508
PCOS/infected/Image_841.jpg,1,7.9928193,0.9996623
PCOS/infected/Image_842.jpg,1,7.9928193,0.9996623
PCOS/infected/Image_843.jpg,1,-7.2001505,0.0007459167
PCOS/infected/Image_844.jpg,1,-7.2001505,0.0007459167
PCOS/infected/Image_845.jpg,1,-6.6589766,0.0012808157
PCOS/infected/Image_846.jpg,1,-6.6589766,0.0012808157
PCOS/infected/Image_847.jpg,1,8.857125,0.99985766
PCOS/infected/Image_848.jpg,1,8.857125,0.99985766
PCOS/infected/Image_849.jpg,1,7.8878117,0.99962485
PCOS/infected/Image_850.jpg,1,7.8878117,0.99962485
PCOS/infected/Image_851.jpg,1,-5.982686,0.002515698
PCOS/infected/Image_852.jpg,1,-5.982686,0.002515698
PCOS/infected/Image_853.jpg,1,-5.94667,0.0026077142
PCOS/infected/Image_854.jpg,1,-5.94667,0.0026077142
PCOS/infected/Image_855.jpg,1,-5.5155168,0.004007721
PCOS/infected/Image_856.jpg,1,-5.5155168,0.004007721
PCOS/infected/Image_857.jpg,1,3.9980605,0.9819795
PCOS/infected/Image_858.jpg,1,3.9980605,0.9819795
PCOS/infected/Image_859.jpg,1,8.767371,0.9998443
PCOS/infected/Image_860.jpg,1,8.767371,0.9998443
PCOS/infected/Image_861.jpg,1,7.308468,0.99933064
PCOS/infected/Image_862.jpg,1,7.308468,0.99933064
PCOS/infected/Image_863.jpg,1,8.743212,0.9998405
PCOS/infected/Image_864.jpg,1,8.743212,0.9998405
PCOS/infected/Image_865.jpg,1,9.879983,0.99994886
PCOS/infected/Image_866.jpg,1,9.879983,0.99994886
PCOS/infected/Image_867.jpg,1,9.125686,0.99989116
PCOS/infected/Image_868.jpg,1,9.125686,0.99989116
PCOS/infected/Image_869.jpg,1,-8.871766,0.00014027492
PCOS/infected/Image_870.jpg,1,-8.871766,0.00014027492
PCOS/infected/Image_871.jpg,1,8.291753,0.9997495
PCOS/infected/Image_872.jpg,1,8.291753,0.9997495
PCOS/infected/Image_873.jpg,1,5.9917326,0.9975069
PCOS/infected/Image_874.jpg,1,5.9917326,0.9975069
PCOS/infected/Image_875.jpg,1,-7.7984457,0.000410204
PCOS/infected/Image_876.jpg,1,-7.7984457,0.000410204
PCOS/infected/Image_877.jpg,1,-5.991388,0.0024939564
PCOS/infected/Image_878.jpg,1,-5.991388,0.0024939564
PCOS/infected/Image_879.jpg,1,11.2591915,0.9999871
PCOS/infected/Image_880.jpg,1,11.2591915,0.9999871
PCOS/infected/Image_881.jpg,1,11.808585,0.9999926
PCOS/infected/Image_882.jpg,1,11.808585,0.9999926
PCOS/infected/Image_883.jpg,1,-6.2676086,0.0018931682
PCOS/infected/Image_884.jpg,1,-6.2676086,0.0018931682
PCOS/infected/Image_885.jpg,1,8.303107,0.99975234
PCOS/infected/Image_886.jpg,1,8.303107,0.99975234
PCOS/infected/Image_887.jpg,1,10.771676,0.999979
PCOS/infected/Image_888.jpg,1,10.771676,0.999979
PCOS/infected/Image_889.jpg,1,-8.260581,0.00025844193
PCOS/infected/Image_890.jpg,1,-8.260581,0.00025844193
PCOS/infected/Image_891.jpg,1,2.8067753,0.9430409
PCOS/infected/Image_892.jpg,1,2.8067753,0.9430409
PCOS/infected/Image_893.jpg,1,3.8054898,0.97823596
PCOS/infected/Image_894.jpg,1,3.8054898,0.97823596
PCOS/infected/Image_895.jpg,1,-6.3714085,0.0017068312
PCOS/infected/Image_896.jpg,1,-6.3714085,0.0017068312
PCOS/infected/Image_897.jpg,1,-7.103314,0.0008216994
PCOS/infected/Image_898.jpg,1,-7.103314,0.0008216994
PCOS/infected/Image_899.jpg,1,-5.796548,0.0030288224
PCOS/infected/Image_900.jpg,1,-5.796548,0.0030288224
PCOS/infected/Image_901.jpg,1,-4.922499,0.0072282827
PCOS/infected/Image_902.jpg,1,-4.922499,0.0072282827
PCOS/infected/Image_903.jpg,1,9.09066,0.9998872
PCOS/infected/Image_904.jpg,1,9.09066,0.9998872
PCOS/infected/Image_905.jpg,1,-6.0503683,0.0023514514
PCOS/infected/Image_906.jpg,1,-6.0503683,0.0023514514
PCOS/infected/Image_907.jpg,1,8.098327,0.999696
PCOS/infected/Image_908.jpg,1,8.098327,0.999696
PCOS/infected/Image_909.jpg,1,6.760943,0.9988432
PCOS/infected/Image_910.jpg,1,6.760943,0.9988432
PCOS/infected/Image_911.jpg,1,-5.2241964,0.005355846
PCOS/infected/Image_912.jpg,1,-5.2241964,0.005355846
PCOS/infected/Image_913.jpg,1,6.5170674,0.99852425
PCOS/infected/Image_914.jpg,1,6.5170674,0.99852425
PCOS/infected/Image_915.jpg,1,9.670426,0.9999368
PCOS/infected/Image_916.jpg,1,9.670426,0.9999368
PCOS/infected/Image_917.jpg,1,7.937707,0.9996431
PCOS/infected/Image_918.jpg,1,7.937707,0.9996431
PCOS/infected/Image_919.jpg,1,8.228081,0.99973303
PCOS/infected/Image_920.jpg,1,8.228081,0.99973303
PCOS/infected/Image_921.jpg,1,7.8039503,0.999592
PCOS/infected/Image_922.jpg,1,7.8039503,0.999592
PCOS/infected/Image_923.jpg,1,-6.0828266,0.0022765237
PCOS/infected/Image_924.jpg,1,-6.0828266,0.0022765237
PCOS/infected/Image_925.jpg,1,3.9145103,0.98043996
PCOS/infected/Image_926.jpg,1,3.9145103,0.98043996
PCOS/infected/Image_927.jpg,1,9.036946,0.999881
PCOS/infected/Image_928.jpg,1,9.036946,0.999881
PCOS/infected/Image_929.jpg,1,1.5053358,0.8183689
PCOS/infected/Image_930.jpg,1,1.5053358,0.8183689
PCOS/infected/Image_931.jpg,1,5.6386757,0.9964551
PCOS/infected/Image_932.jpg,1,5.6386757,0.9964551
PCOS/infected/Image_933.jpg,1,7.7930546,0.9995876
PCOS/infected/Image_934.jpg,1,7.7930546,0.9995876
PCOS/infected/Image_935.jpg,1,-6.88787,0.001019045
PCOS/infected/Image_936.jpg,1,-6.88787,0.001019045
PCOS/infected/Image_937.jpg,1,7.493594,0.9994437
PCOS/infected/Image_938.jpg,1,7.493594,0.9994437
PCOS/infected/Image_939.jpg,1,-6.1447167,0.002140193
PCOS/infected/Image_940.jpg,1,-6.1447167,0.002140193
PCOS/infected/Image_941.jpg,1,4.0155115,0.98228574
PCOS/infected/Image_942.jpg,1,4.0155115,0.98228574
PCOS/infected/Image_943.jpg,1,-5.922084,0.0026724495
PCOS/infected/Image_944.jpg,1,-5.922084,0.0026724495
PCOS/infected/Image_945.jpg,1,-6.3162055,0.0018035277
PCOS/infected/Image_946.jpg,1,-6.3162055,0.0018035277
PCOS/infected/Image_947.jpg,1,10.825278,0.9999801
PCOS/infected/Image_948.jpg,1,10.825278,0.9999801
PCOS/infected/Image_949.jpg,1,8.907304,0.9998646
PCOS/infected/Image_950.jpg,1,8.907304,0.9998646
PCOS/infected/Image_951.jpg,1,7.927251,0.9996394
PCOS/infected/Image_952.jpg,1,7.927251,0.9996394
PCOS/infected/Image_953.jpg,1,-5.6058154,0.003662955
PCOS/infected/Image_954.jpg,1,-5.6058154,0.003662955
PCOS/infected/Image_955.jpg,1,11.690682,0.99999166
PCOS/infected/Image_956.jpg,1,11.690682,0.99999166
PCOS/infected/Image_957.jpg,1,7.2369585,0.999281
PCOS/infected/Image_958.jpg,1,7.2369585,0.999281
PCOS/infected/Image_959.jpg,1,9.454535,0.9999217
PCOS/infected/Image_960.jpg,1,9.454535,0.9999217
PCOS/infected/Image_961.jpg,1,1.3583473,0.795491
PCOS/infected/Image_962.jpg,1,1.3583473,0.795491
PCOS/infected/Image_963.jpg,1,8.6386595,0.9998229
PCOS/infected/Image_964.jpg,1,8.6386595,0.9998229
PCOS/infected/Image_965.jpg,1,7.9253507,0.9996387
PCOS/infected/Image_966.jpg,1,7.9253507,0.9996387
PCOS/infected/Image_967.jpg,1,5.749017,0.99682426
PCOS/infected/Image_968.jpg,1,5.749017,0.99682426
PCOS/infected/Image_969.jpg,1,10.945279,0.99998236
PCOS/infected/Image_970.jpg,1,10.945279,0.99998236
PCOS/infected/Image_971.jpg,1,7.312435,0.9993332
PCOS/infected/Image_972.jpg,1,7.312435,0.9993332
PCOS/infected/Image_973.jpg,1,1.7093586,0.84675306
PCOS/infected/Image_974.jpg,1,1.7093586,0.84675306
PCOS/infected/Image_975.jpg,1,8.807977,0.9998505
PCOS/infected/Image_976.jpg,1,8.807977,0.9998505
PCOS/infected/Image_977.jpg,1,8.100284,0.9996966
PCOS/infected/Image_978.jpg,1,8.100284,0.9996966
PCOS/infected/Image_979.jpg,1,-6.7940025,0.001119221
PCOS/infected/Image_980.jpg,1,-6.7940025,0.001119221
PCOS/infected/Image_981.jpg,1,2.0596328,0.88691735
PCOS/infected/Image_982.jpg,1,2.0596328,0.88691735
PCOS/infected/Image_983.jpg,1,-6.227883,0.0019697384
PCOS/infected/Image_984.jpg,1,-6.227883,0.0019697384
PCOS/infected/Image_985.jpg,1,9.113386,0.99988985
PCOS/infected/Image_986.jpg,1,9.113386,0.99988985
PCOS/infected/Image_987.jpg,1,8.5889225,0.99981385
PCOS/infected/Image_988.jpg,1,8.5889225,0.99981385
PCOS/infected/Image_989.jpg,1,-6.2546363,0.0019178396
PCOS/infected/Image_990.jpg,1,-6.2546363,0.0019178396
PCOS/infected/Image_991.jpg,1,7.6741905,0.99953556
PCOS/infected/Image_992.jpg,1,7.6741905,0.99953556
PCOS/infected/Image_993.jpg,1,9.187125,0.9998976
PCOS/infected/Image_994.jpg,1,9.187125,0.9998976
PCOS/infected/Image_995.jpg,1,9.459666,0.99992204
PCOS/infected/Image_996.jpg,1,9.459666,0.99992204
PCOS/infected/Image_997.jpg,1,12.336469,0.9999956
PCOS/infected/Image_998.jpg,1,12.336469,0.9999956
PCOS/infected/Image_999.jpg,1,7.9155893,0.9996351
PCOS/infected/Image_resize_001.jpg,1,8.647374,0.99982446
PCOS/infected/Image_resize_002.jpg,1,8.647374,0.99982446
PCOS/infected/Image_resize_003.jpg,1,8.64797,0.9998246
PCOS/infected/Image_resize_004.jpg,1,8.64797,0.9998246
PCOS/infected/Image_resize_005.jpg,1,9.974179,0.9999534
PCOS/infected/Image_resize_006.jpg,1,9.974179,0.9999534
PCOS/infected/Image_resize_007.jpg,1,9.193131,0.9998983
PCOS/infected/Image_resize_008.jpg,1,9.193131,0.9998983
PCOS/infected/Image_resize_009.jpg,1,9.900066,0.9999498
PCOS/infected/Image_resize_010.jpg,1,9.900066,0.9999498
PCOS/infected/Image_resize_011.jpg,1,7.953258,0.9996486
PCOS/infected/Image_resize_012.jpg,1,7.953258,0.9996486
PCOS/infected/Image_resize_013.jpg,1,10.16335,0.9999615
PCOS/infected/Image_resize_014.jpg,1,10.16335,0.9999615
PCOS/infected/Image_resize_015.jpg,1,-6.2831326,0.0018640602
PCOS/infected/Image_resize_016.jpg,1,-6.2831326,0.0018640602
PCOS/infected/Image_resize_017.jpg,1,9.899106,0.9999498
PCOS/infected/Image_resize_018.jpg,1,9.899106,0.9999498
PCOS/infected/Image_resize_019.jpg,1,7.0004854,0.99908936
PCOS/infected/Image_resize_020.jpg,1,7.0004854,0.99908936
PCOS/infected/Image_resize_021.jpg,1,1.7005308,0.84560406
PCOS/infected/Image_resize_022.jpg,1,1.7005308,0.84560406
PCOS/infected/Image_resize_023.jpg,1,3.4325893,0.9687076
PCOS/infected/Image_resize_024.jpg,1,3.4325893,0.9687076
PCOS/infected/Image_resize_025.jpg,1,8.943555,0.99986947
PCOS/infected/Image_resize_026.jpg,1,8.943555,0.99986947
PCOS/infected/Image_resize_027.jpg,1,11.961966,0.99999356
PCOS/infected/Image_resize_028.jpg,1,11.961966,0.99999356
PCOS/infected/Image_resize_029.jpg,1,3.8856604,0.9798789
PCOS/infected/Image_resize_030.jpg,1,3.8856604,0.9798789
PCOS/infected/Image_resize_031.jpg,1,8.856019,0.9998574
PCOS/infected/Image_resize_032.jpg,1,8.856019,0.9998574
PCOS/infected/Image_resize_033.jpg,1,-4.933891,0.0071469937
PCOS/infected/Image_resize_034.jpg,1,-4.933891,0.0071469937
PCOS/infected/Image_resize_035.jpg,1,3.3090346,0.9647374
PCOS/infected/Image_resize_036.jpg,1,3.3090346,0.9647374
PCOS/infected/Image_resize_037.jpg,1,8.598945,0.99981576
PCOS/infected/Image_resize_038.jpg,1,8.598945,0.99981576
PCOS/infected/Image_resize_039.jpg,1,3.8303885,0.9787597
PCOS/infected/Image_resize_040.jpg,1,3.8303885,0.9787597
PCOS/infected/Image_resize_041.jpg,1,8.015085,0.9996697
PCOS/infected/Image_resize_042.jpg,1,8.015085,0.9996697
PCOS/infected/Image_resize_043.jpg,1,5.1171436,0.9940426
PCOS/infected/Image_resize_044.jpg,1,5.1171436,0.9940426
PCOS/infected/Image_resize_045.jpg,1,9.965212,0.99995303
PCOS/infected/Image_resize_046.jpg,1,9.965212,0.99995303
PCOS/infected/Image_resize_047.jpg,1,-6.697744,0.0012321721
PCOS/infected/Image_resize_048.jpg,1,-6.697744,0.0012321721
PCOS/infected/Image_resize_049.jpg,1,10.166122,0.9999615
PCOS/infected/Image_resize_050.jpg,1,10.166122,0.9999615
PCOS/infected/Image_resize_051.jpg,1,9.084142,0.9998865
PCOS/infected/Image_resize_052.jpg,1,9.084142,0.9998865
PCOS/infected/Image_resize_053.jpg,1,2.0326047,0.8841781
PCOS/infected/Image_resize_054.jpg,1,2.0326047,0.8841781
PCOS/infected/Image_resize_055.jpg,1,12.40378,0.99999595
PCOS/infected/Image_resize_056.jpg,1,12.40378,0.99999595
PCOS/infected/Image_resize_057.jpg,1,11.160005,0.9999858
PCOS/infected/Image_resize_058.jpg,1,11.160005,0.9999858
PCOS/infected/Image_resize_059.jpg,1,-4.7115355,0.008910844
PCOS/infected/Image_resize_060.jpg,1,-4.7115355,0.008910844
PCOS/infected/Image_resize_061.jpg,1,-6.645849,0.0012977181
PCOS/infected/Image_resize_062.jpg,1,-6.645849,0.0012977181
PCOS/infected/Image_resize_063.jpg,1,-5.9183345,0.0026824612
PCOS/infected/Image_resize_064.jpg,1,-5.9183345,0.0026824612
PCOS/infected/Image_resize_065.jpg,1,9.114998,0.99988997
PCOS/infected/Image_resize_066.jpg,1,9.114998,0.99988997
PCOS/infected/Image_resize_067.jpg,1,5.7491117,0.9968245
PCOS/infected/Image_resize_068.jpg,1,5.7491117,0.9968245
PCOS/infected/Image_resize_069.jpg,1,4.246071,0.9858818
PCOS/infected/Image_resize_070.jpg,1,4.246071,0.9858818
PCOS/infected/Image_resize_071.jpg,1,9.509149,0.99992585
PCOS/infected/Image_resize_072.jpg,1,9.509149,0.99992585
PCOS/infected/Image_resize_073.jpg,1,7.5742855,0.9994868
PCOS/infected/Image_resize_074.jpg,1,7.5742855,0.9994868
PCOS/infected/Image_resize_075.jpg,1,6.914763,0.999008
PCOS/infected/Image_resize_076.jpg,1,6.914763,0.999008
PCOS/infected/Image_resize_077.jpg,1,-5.9993124,0.0024743197
PCOS/infected/Image_resize_078.jpg,1,-5.9993124,0.0024743197
PCOS/infected/Image_resize_079.jpg,1,-6.251027,0.0019247605
PCOS/infected/Image_resize_080.jpg,1,-6.251027,0.0019247605
PCOS/infected/Image_resize_081.jpg,1,-6.7783794,0.0011368239
PCOS/infected/Image_resize_082.jpg,1,-6.7783794,0.0011368239
PCOS/infected/Image_resize_083.jpg,1,9.112432,0.99988973
PCOS/infected/Image_resize_084.jpg,1,9.112432,0.99988973
PCOS/infected/Image_resize_085.jpg,1,10.800187,0.9999796
PCOS/infected/Image_resize_086.jpg,1,10.800187,0.9999796
PCOS/infected/Image_resize_087.jpg,1,8.260914,0.9997416
PCOS/infected/Image_resize_088.jpg,1,8.260914,0.9997416
PCOS/infected/Image_resize_089.jpg,1,7.8114395,0.9995951
PCOS/infected/Image_resize_090.jpg,1,7.8114395,0.9995951
PCOS/infected/Image_resize_091.jpg,1,10.870457,0.99998105
PCOS/infected/Image_resize_092.jpg,1,10.870457,0.99998105
PCOS/infected/Image_resize_093.jpg,1,7.408888,0.99939454
PCOS/infected/Image_resize_094.jpg,1,7.408888,0.99939454
PCOS/infected/Image_resize_095.jpg,1,5.7223043,0.9967385
PCOS/infected/Image_resize_096.jpg,1,5.7223043,0.9967385
PCOS/infected/Image_resize_097.jpg,1,7.685846,0.9995409
PCOS/infected/Image_resize_098.jpg,1,7.685846,0.9995409
PCOS/infected/Image_resize_099.jpg,1,5.9612665,0.99743
PCOS/infected/Image_resize_100.jpg,1,5.9612665,0.99743
PCOS/infected/Image_resize_101.jpg,1,-6.315086,0.0018055447
PCOS/infected/Image_resize_102.jpg,1,-6.315086,0.0018055447
PCOS/infected/Image_resize_103.jpg,1,9.187664,0.9998977
PCOS/infected/Image_resize_104.jpg,1,9.187664,0.9998977
PCOS/infected/Image_resize_105.jpg,1,-5.5579805,0.003841741
PCOS/infected/Image_resize_106.jpg,1,-5.5579805,0.003841741
PCOS/infected/Image_resize_107.jpg,1,10.308462,0.9999666
PCOS/infected/Image_resize_108.jpg,1,10.308462,0.9999666
PCOS/infected/Image_resize_109.jpg,1,7.514366,0.99945515
PCOS/infected/Image_resize_110.jpg,1,7.514366,0.99945515
PCOS/infected/Image_resize_111.jpg,1,-7.175221,0.0007647313
PCOS/infected/Image_resize_112.jpg,1,-7.175221,0.0007647313
PCOS/infected/Image_resize_113.jpg,1,7.1317534,0.99920136
PCOS/infected/Image_resize_114.jpg,1,7.1317534,0.99920136
PCOS/infected/Image_resize_115.jpg,1,4.421047,0.98812115
PCOS/infected/Image_resize_116.jpg,1,4.421047,0.98812115
PCOS/infected/Image_resize_117.jpg,1,-5.233487,0.005306579
PCOS/infected/Image_resize_118.jpg,1,-5.233487,0.005306579
PCOS/infected/Image_resize_119.jpg,1,-5.6411715,0.00353616
PCOS/infected/Image_resize_120.jpg,1,-5.6411715,0.00353616
PCOS/infected/Image_resize_121.jpg,1,-5.446235,0.004293992
PCOS/infected/Image_resize_122.jpg,1,-5.446235,0.004293992
PCOS/infected/Image_resize_123.jpg,1,9.105221,0.9998889
PCOS/infected/Image_resize_124.jpg,1,9.105221,0.9998889
PCOS/infected/Image_resize_125.jpg,1,3.3223643,0.9651881
PCOS/infected/Image_resize_126.jpg,1,3.3223643,0.9651881
PCOS/infected/Image_resize_127.jpg,1,-5.8705544,0.0028133711
PCOS/infected/Image_resize_128.jpg,1,-5.8705544,0.0028133711
PCOS/infected/Image_resize_129.jpg,1,7.4010916,0.99938977
PCOS/infected/Image_resize_130.jpg,1,7.4010916,0.99938977
PCOS/infected/Image_resize_131.jpg,1,7.0509005,0.9991341
PCOS/infected/Image_resize_132.jpg,1,7.0509005,0.9991341
PCOS/infected/Image_resize_133.jpg,1,7.9872622,0.9996604
PCOS/infected/Image_resize_134.jpg,1,7.9872622,0.9996604
PCOS/infected/Image_resize_135.jpg,1,1.8696668,0.86641973
PCOS/infected/Image_resize_136.jpg,1,1.8696668,0.86641973
PCOS/infected/Image_resize_137.jpg,1,7.404093,0.99939156
PCOS/infected/Image_resize_138.jpg,1,7.404093,0.99939156
PCOS/infected/Image_resize_139.jpg,1,9.109025,0.9998894
PCOS/infected/Image_resize_140.jpg,1,9.109025,0.9998894
PCOS/infected/Image_resize_141.jpg,1,7.5088816,0.99945205
PCOS/infected/Image_resize_142.jpg,1,7.5088816,0.99945205
PCOS/infected/Image_resize_143.jpg,1,-5.4275417,0.004374662
PCOS/infected/Image_resize_144.jpg,1,-5.4275417,0.004374662
PCOS/infected/Image_resize_145.jpg,1,2.234962,0.90334547
PCOS/infected/Image_resize_146.jpg,1,2.234962,0.90334547
PCOS/infected/Image_resize_147.jpg,1,8.004607,0.9996662
PCOS/infected/Image_resize_148.jpg,1,8.004607,0.9996662
PCOS/infected/Image_resize_149.jpg,1,8.717193,0.9998362
PCOS/infected/Image_resize_150.jpg,1,8.717193,0.9998362
PCOS/infected/Image_resize_151.jpg,1,9.487693,0.9999242
PCOS/infected/Image_resize_152.jpg,1,9.487693,0.9999242
PCOS/infected/Image_resize_153.jpg,1,10.13568,0.9999603
PCOS/infected/Image_resize_154.jpg,1,10.13568,0.9999603
PCOS/infected/Image_resize_155.jpg,1,11.419022,0.99998903
PCOS/infected/Image_resize_156.jpg,1,11.419022,0.99998903
PCOS/infected/Image_resize_157.jpg,1,-7.1357784,0.0007954726
PCOS/infected/Image_resize_158.jpg,1,-7.1357784,0.0007954726
PCOS/infected/Image_resize_159.jpg,1,-5.42118,0.004402459
PCOS/infected/Image_resize_160.jpg,1,-5.42118,0.004402459
PCOS/infected/Image_resize_161.jpg,1,3.4763186,0.97000647
PCOS/infected/Image_resize_162.jpg,1,3.4763186,0.97000647
PCOS/infected/Image_resize_163.jpg,1,-5.816288,0.0029697954
PCOS/infected/Image_resize_164.jpg,1,-5.816288,0.0029697954
PCOS/infected/Image_resize_165.jpg,1,12.4541025,0.99999607
PCOS/infected/Image_resize_166.jpg,1,12.4541025,0.99999607
PCOS/infected/Image_resize_167.jpg,1,7.408721,0.9993944
PCOS/infected/Image_resize_168.jpg,1,7.408721,0.9993944
PCOS/infected/Image_resize_169.jpg,1,7.49272,0.9994431
PCOS/infected/Image_resize_170.jpg,1,7.49272,0.9994431
PCOS/infected/Image_resize_171.jpg,1,5.790998,0.9969543
PCOS/infected/Image_resize_172.jpg,1,5.790998,0.9969543
PCOS/infected/Image_resize_173.jpg,1,5.4124174,0.995559
PCOS/infected/Image_resize_174.jpg,1,5.4124174,0.995559
PCOS/infected/Image_resize_175.jpg,1,7.9116173,0.99963367
PCOS/infected/Image_resize_176.jpg,1,7.9116173,0.99963367
PCOS/infected/Image_resize_177.jpg,1,12.776005,0.99999714
PCOS/infected/Image_resize_178.jpg,1,12.776005,0.99999714
PCOS/infected/Image_resize_179.jpg,1,6.222823,0.9980203
PCOS/infected/Image_resize_180.jpg,1,6.222823,0.9980203
PCOS/infected/Image_resize_181.jpg,1,-6.504737,0.0014940986
PCOS/infected/Image_resize_182.jpg,1,-6.504737,0.0014940986
PCOS/infected/Image_resize_183.jpg,1,1.942508,0.87462735
PCOS/infected/Image_resize_184.jpg,1,1.942508,0.87462735
PCOS/infected/Image_resize_185.jpg,1,6.265157,0.99810225
PCOS/infected/Image_resize_186.jpg,1,6.265157,0.99810225
PCOS/infected/Image_resize_187.jpg,1,10.77461,0.999979
PCOS/infected/Image_resize_188.jpg,1,10.77461,0.999979
PCOS/infected/Image_resize_189.jpg,1,-6.445177,0.0015856449
PCOS/infected/Image_resize_190.jpg,1,-6.445177,0.0015856449
PCOS/infected/Image_resize_191.jpg,1,-7.4722757,0.00056830957
PCOS/infected/Image_resize_192.jpg,1,-7.4722757,0.00056830957
PCOS/infected/Image_resize_193.jpg,1,8.070146,0.99968743
PCOS/infected/Image_resize_194.jpg,1,8.070146,0.99968743
PCOS/infected/Image_resize_195.jpg,1,6.477682,0.99846506
PCOS/infected/Image_resize_196.jpg,1,6.477682,0.99846506
PCOS/infected/Image_resize_197.jpg,1,5.3313017,0.99518555
PCOS/infected/Image_resize_198.jpg,1,5.3313017,0.99518555
PCOS/infected/Image_resize_199.jpg,1,11.035996,0.9999839
PCOS/infected/Image_resize_200.jpg,1,11.035996,0.9999839
PCOS/infected/Image_resize_201.jpg,1,8.647374,0.99982446
PCOS/infected/Image_resize_202.jpg,1,8.647374,0.99982446
PCOS/infected/Image_resize_203.jpg,1,8.64797,0.9998246
PCOS/infected/Image_resize_204.jpg,1,8.64797,0.9998246
PCOS/infected/Image_resize_205.jpg,1,9.974179,0.9999534
PCOS/infected/Image_resize_206.jpg,1,9.974179,0.9999534
PCOS/infected/Image_resize_207.jpg,1,9.193131,0.9998983
PCOS/infected/Image_resize_208.jpg,1,9.193131,0.9998983
PCOS/infected/Image_resize_209.jpg,1,9.900066,0.9999498
PCOS/infected/Image_resize_210.jpg,1,9.900066,0.9999498
PCOS/infected/Image_resize_211.jpg,1,7.953258,0.9996486
PCOS/infected/Image_resize_212.jpg,1,7.953258,0.9996486
PCOS/infected/Image_resize_213.jpg,1,10.16335,0.9999615
PCOS/infected/Image_resize_214.jpg,1,10.16335,0.9999615
PCOS/infected/Image_resize_215.jpg,1,-6.2831326,0.0018640602
PCOS/infected/Image_resize_216.jpg,1,-6.2831326,0.0018640602
PCOS/infected/Image_resize_217.jpg,1,9.899106,0.9999498
PCOS/infected/Image_resize_218.jpg,1,9.899106,0.9999498
PCOS/infected/Image_resize_219.jpg,1,7.0004854,0.99908936
PCOS/infected/Image_resize_220.jpg,1,7.0004854,0.99908936
PCOS/infected/Image_resize_221.jpg,1,1.7005308,0.84560406
PCOS/infected/Image_resize_222.jpg,1,1.7005308,0.84560406
PCOS/infected/Image_resize_223.jpg,1,3.4325893,0.9687076
PCOS/infected/Image_resize_224.jpg,1,3.4325893,0.9687076
PCOS/infected/Image_resize_225.jpg,1,8.943555,0.99986947
PCOS/infected/Image_resize_226.jpg,1,8.943555,0.99986947
PCOS/infected/Image_resize_227.jpg,1,11.961966,0.99999356
PCOS/infected/Image_resize_228.jpg,1,11.961966,0.99999356
PCOS/infected/Image_resize_229.jpg,1,3.8856604,0.9798789
PCOS/infected/Image_resize_230.jpg,1,3.8856604,0.9798789
PCOS/infected/Image_resize_231.jpg,1,8.856019,0.9998574
PCOS/infected/Image_resize_232.jpg,1,8.856019,0.9998574
PCOS/infected/Image_resize_233.jpg,1,-4.933891,0.0071469937
PCOS/infected/Image_resize_234.jpg,1,-4.933891,0.0071469937
PCOS/infected/Image_resize_235.jpg,1,3.3090346,0.9647374
PCOS/infected/Image_resize_236.jpg,1,3.3090346,0.9647374
PCOS/infected/Image_resize_237.jpg,1,8.598945,0.99981576
PCOS/infected/Image_resize_238.jpg,1,8.598945,0.99981576
PCOS/infected/Image_resize_239.jpg,1,3.8303885,0.9787597
PCOS/infected/Image_resize_240.jpg,1,3.8303885,0.9787597
PCOS/infected/Image_resize_241.jpg,1,8.015085,0.9996697
PCOS/infected/Image_resize_242.jpg,1,8.015085,0.9996697
PCOS/infected/Image_resize_243.jpg,1,5.1171436,0.9940426
PCOS/infected/Image_resize_244.jpg,1,5.1171436,0.9940426
PCOS/infected/Image_resize_245.jpg,1,9.965212,0.99995303
PCOS/infected/Image_resize_246.jpg,1,9.965212,0.99995303
PCOS/infected/Image_resize_247.jpg,1,-6.697744,0.0012321721
PCOS/infected/Image_resize_248.jpg,1,-6.697744,0.0012321721
PCOS/infected/Image_resize_249.jpg,1,10.166122,0.9999615
PCOS/infected/Image_resize_250.jpg,1,10.166122,0.9999615
PCOS/infected/Image_resize_251.jpg,1,9.084142,0.9998865
PCOS/infected/Image_resize_252.jpg,1,9.084142,0.9998865
PCOS/infected/Image_resize_253.jpg,1,2.0326047,0.8841781
PCOS/infected/Image_resize_254.jpg,1,2.0326047,0.8841781
PCOS/infected/Image_resize_255.jpg,1,12.40378,0.99999595
PCOS/infected/Image_resize_256.jpg,1,12.40378,0.99999595
PCOS/infected/Image_resize_257.jpg,1,11.160005,0.9999858
PCOS/infected/Image_resize_258.jpg,1,11.160005,0.9999858
PCOS/infected/Image_resize_259.jpg,1,-4.7115355,0.008910844
PCOS/infected/Image_resize_260.jpg,1,-4.7115355,0.008910844
PCOS/infected/Image_resize_261.jpg,1,-6.645849,0.0012977181
PCOS/infected/Image_resize_262.jpg,1,-6.645849,0.0012977181
PCOS/infected/Image_resize_263.jpg,1,-5.9183345,0.0026824612
PCOS/infected/Image_resize_264.jpg,1,-5.9183345,0.0026824612
PCOS/infected/Image_resize_265.jpg,1,9.114998,0.99988997
PCOS/infected/Image_resize_266.jpg,1,9.114998,0.99988997
PCOS/infected/Image_resize_267.jpg,1,5.7491117,0.9968245
PCOS/infected/Image_resize_268.jpg,1,5.7491117,0.9968245
PCOS/infected/Image_resize_269.jpg,1,4.246071,0.9858818
PCOS/infected/Image_resize_270.jpg,1,4.246071,0.9858818
PCOS/infected/Image_resize_271.jpg,1,9.509149,0.99992585
PCOS/infected/Image_resize_272.jpg,1,9.509149,0.99992585
PCOS/infected/Image_resize_273.jpg,1,7.5742855,0.9994868
PCOS/infected/Image_resize_274.jpg,1,7.5742855,0.9994868
PCOS/infected/Image_resize_275.jpg,1,6.914763,0.999008
PCOS/infected/Image_resize_276.jpg,1,6.914763,0.999008
PCOS/infected/Image_resize_277.jpg,1,-5.9993124,0.0024743197
PCOS/infected/Image_resize_278.jpg,1,-5.9993124,0.0024743197
PCOS/infected/Image_resize_279.jpg,1,-6.251027,0.0019247605
PCOS/infected/Image_resize_280.jpg,1,-6.251027,0.0019247605
PCOS/infected/Image_resize_281.jpg,1,-6.7783794,0.0011368239
PCOS/infected/Image_resize_282.jpg,1,-6.7783794,0.0011368239
PCOS/infected/Image_resize_283.jpg,1,9.112432,0.99988973
PCOS/infected/Image_resize_284.jpg,1,9.112432,0.99988973
PCOS/infected/Image_resize_285.jpg,1,10.800187,0.9999796
PCOS/infected/Image_resize_286.jpg,1,10.800187,0.9999796
PCOS/infected/Image_resize_287.jpg,1,8.260914,0.9997416
PCOS/infected/Image_resize_288.jpg,1,8.260914,0.9997416
PCOS/infected/Image_resize_289.jpg,1,7.8114395,0.9995951
PCOS/infected/Image_resize_290.jpg,1,7.8114395,0.9995951
PCOS/infected/Image_resize_291.jpg,1,10.870457,0.99998105
PCOS/infected/Image_resize_292.jpg,1,10.870457,0.99998105
PCOS/infected/Image_resize_293.jpg,1,7.408888,0.99939454
PCOS/infected/Image_resize_294.jpg,1,7.408888,0.99939454
PCOS/infected/Image_resize_295.jpg,1,5.7223043,0.9967385
PCOS/infected/Image_resize_296.jpg,1,5.7223043,0.9967385
PCOS/infected/Image_resize_297.jpg,1,7.685846,0.9995409
PCOS/infected/Image_resize_298.jpg,1,7.685846,0.9995409
PCOS/infected/Image_resize_299.jpg,1,5.9612665,0.99743
PCOS/infected/Image_resize_300.jpg,1,5.9612665,0.99743
PCOS/infected/Image_resize_301.jpg,1,-6.315086,0.0018055447
PCOS/infected/Image_resize_302.jpg,1,-6.315086,0.0018055447
PCOS/infected/Image_resize_303.jpg,1,9.187664,0.9998977
PCOS/infected/Image_resize_304.jpg,1,9.187664,0.9998977
PCOS/infected/Image_resize_305.jpg,1,-5.5579805,0.003841741
PCOS/infected/Image_resize_306.jpg,1,-5.5579805,0.003841741
PCOS/infected/Image_resize_307.jpg,1,10.308462,0.9999666
PCOS/infected/Image_resize_308.jpg,1,10.308462,0.9999666
PCOS/infected/Image_resize_309.jpg,1,7.514366,0.99945515
PCOS/infected/Image_resize_310.jpg,1,7.514366,0.99945515
PCOS/infected/Image_resize_311.jpg,1,-7.175221,0.0007647313
PCOS/infected/Image_resize_312.jpg,1,-7.175221,0.0007647313
PCOS/infected/Image_resize_313.jpg,1,7.1317534,0.99920136
PCOS/infected/Image_resize_314.jpg,1,7.1317534,0.99920136
PCOS/infected/Image_resize_315.jpg,1,4.421047,0.98812115
PCOS/infected/Image_resize_316.jpg,1,4.421047,0.98812115
PCOS/infected/Image_resize_317.jpg,1,-5.233487,0.005306579
PCOS/infected/Image_resize_318.jpg,1,-5.233487,0.005306579
PCOS/infected/Image_resize_319.jpg,1,-5.6411715,0.00353616
PCOS/infected/Image_resize_320.jpg,1,-5.6411715,0.00353616
PCOS/infected/Image_resize_321.jpg,1,-5.446235,0.004293992
PCOS/infected/Image_resize_322.jpg,1,-5.446235,0.004293992
PCOS/infected/Image_resize_323.jpg,1,9.105221,0.9998889
PCOS/infected/Image_resize_324.jpg,1,9.105221,0.9998889
PCOS/infected/Image_resize_325.jpg,1,3.3223643,0.9651881
PCOS/infected/Image_resize_326.jpg,1,3.3223643,0.9651881
PCOS/infected/Image_resize_327.jpg,1,-5.8705544,0.0028133711
PCOS/infected/Image_resize_328.jpg,1,-5.8705544,0.0028133711
PCOS/infected/Image_resize_329.jpg,1,7.4010916,0.99938977
PCOS/infected/Image_resize_330.jpg,1,7.4010916,0.99938977
PCOS/infected/Image_resize_331.jpg,1,7.0509005,0.9991341
PCOS/infected/Image_resize_332.jpg,1,7.0509005,0.9991341
PCOS/infected/Image_resize_333.jpg,1,7.9872622,0.9996604
PCOS/infected/Image_resize_334.jpg,1,7.9872622,0.9996604
PCOS/infected/Image_resize_335.jpg,1,1.8696668,0.86641973
PCOS/infected/Image_resize_336.jpg,1,1.8696668,0.86641973
PCOS/infected/Image_resize_337.jpg,1,7.404093,0.99939156
PCOS/infected/Image_resize_338.jpg,1,7.404093,0.99939156
PCOS/infected/Image_resize_339.jpg,1,9.109025,0.9998894
PCOS/infected/Image_resize_340.jpg,1,9.109025,0.9998894
PCOS/infected/Image_resize_341.jpg,1,7.5088816,0.99945205
PCOS/infected/Image_resize_342.jpg,1,7.5088816,0.99945205
PCOS/infected/Image_resize_343.jpg,1,-5.4275417,0.004374662
PCOS/infected/Image_resize_344.jpg,1,-5.4275417,0.004374662
PCOS/infected/Image_resize_345.jpg,1,2.234962,0.90334547
PCOS/infected/Image_resize_346.jpg,1,2.234962,0.90334547
PCOS/infected/Image_resize_347.jpg,1,8.004607,0.9996662
PCOS/infected/Image_resize_348.jpg,1,8.004607,0.9996662
PCOS/infected/Image_resize_349.jpg,1,8.717193,0.9998362
PCOS/infected/Image_resize_350.jpg,1,8.717193,0.9998362
PCOS/infected/Image_resize_351.jpg,1,9.487693,0.9999242
PCOS/infected/Image_resize_352.jpg,1,9.487693,0.9999242
PCOS/infected/Image_resize_353.jpg,1,10.13568,0.9999603
PCOS/infected/Image_resize_354.jpg,1,10.13568,0.9999603
PCOS/infected/Image_resize_355.jpg,1,11.419022,0.99998903
PCOS/infected/Image_resize_356.jpg,1,11.419022,0.99998903
PCOS/infected/Image_resize_357.jpg,1,-7.1357784,0.0007954726
PCOS/infected/Image_resize_358.jpg,1,-7.1357784,0.0007954726
PCOS/infected/Image_resize_359.jpg,1,-5.42118,0.004402459
PCOS/infected/Image_resize_360.jpg,1,-5.42118,0.004402459
PCOS/infected/Image_resize_361.jpg,1,3.4763186,0.97000647
PCOS/infected/Image_resize_362.jpg,1,3.4763186,0.97000647
PCOS/infected/Image_resize_363.jpg,1,-5.816288,0.0029697954
PCOS/infected/Image_resize_364.jpg,1,-5.816288,0.0029697954
PCOS/infected/Image_resize_365.jpg,1,12.4541025,0.99999607
PCOS/infected/Image_resize_366.jpg,1,12.4541025,0.99999607
PCOS/infected/Image_resize_367.jpg,1,7.408721,0.9993944
PCOS/infected/Image_resize_368.jpg,1,7.408721,0.9993944
PCOS/infected/Image_resize_369.jpg,1,7.49272,0.9994431
PCOS/infected/Image_resize_370.jpg,1,7.49272,0.9994431
PCOS/infected/Image_resize_371.jpg,1,5.790998,0.9969543
PCOS/infected/Image_resize_372.jpg,1,5.790998,0.9969543
PCOS/infected/Image_resize_373.jpg,1,5.4124174,0.995559
PCOS/infected/Image_resize_374.jpg,1,5.4124174,0.995559
PCOS/infected/Image_resize_375.jpg,1,7.9116173,0.99963367
PCOS/infected/Image_resize_376.jpg,1,7.9116173,0.99963367
PCOS/infected/Image_resize_377.jpg,1,12.776005,0.99999714
PCOS/infected/Image_resize_378.jpg,1,12.776005,0.99999714
PCOS/infected/Image_resize_379.jpg,1,6.222823,0.9980203
PCOS/infected/Image_resize_380.jpg,1,6.222823,0.9980203
PCOS/infected/Image_resize_381.jpg,1,-6.504737,0.0014940986
PCOS/infected/Image_resize_382.jpg,1,-6.504737,0.0014940986
PCOS/infected/Image_resize_383.jpg,1,1.942508,0.87462735
PCOS/infected/Image_resize_384.jpg,1,1.942508,0.87462735
PCOS/infected/Image_resize_385.jpg,1,6.265157,0.99810225
PCOS/infected/Image_resize_386.jpg,1,6.265157,0.99810225
PCOS/infected/Image_resize_387.jpg,1,10.77461,0.999979
PCOS/infected/Image_resize_388.jpg,1,10.77461,0.999979
PCOS/infected/Image_resize_389.jpg,1,-6.445177,0.0015856449
PCOS/infected/Image_resize_390.jpg,1,-6.445177,0.0015856449
PCOS/infected/Image_resize_391.jpg,1,-7.4722757,0.00056830957
PCOS/infected/Image_resize_392.jpg,1,-7.4722757,0.00056830957
PCOS/infected/Image_resize_393.jpg,1,8.070146,0.99968743
PCOS/infected/Image_resize_394.jpg,1,8.070146,0.99968743
PCOS/infected/Image_resize_395.jpg,1,6.477682,0.99846506
PCOS/infected/Image_resize_396.jpg,1,6.477682,0.99846506
PCOS/infected/Image_resize_397.jpg,1,5.3313017,0.99518555
PCOS/infected/Image_resize_398.jpg,1,5.3313017,0.99518555
PCOS/infected/Image_resize_399.jpg,1,11.035996,0.9999839
PCOS/infected/Image_resize_400.jpg,1,11.035996,0.9999839
PCOS/infected/Image_Rotate_001.jpg,1,-3.1959472,0.039318528
PCOS/infected/Image_Rotate_002.jpg,1,-3.1959472,0.039318528
PCOS/infected/Image_Rotate_003.jpg,1,7.9215975,0.99963725
PCOS/infected/Image_Rotate_004.jpg,1,7.9215975,0.99963725
PCOS/infected/Image_Rotate_005.jpg,1,3.7240524,0.97643286
PCOS/infected/Image_Rotate_006.jpg,1,3.7240524,0.97643286
PCOS/infected/Image_Rotate_007.jpg,1,5.1022315,0.99395365
PCOS/infected/Image_Rotate_008.jpg,1,5.1022315,0.99395365
PCOS/infected/Image_Rotate_009.jpg,1,3.8289456,0.97872967
PCOS/infected/Image_Rotate_010.jpg,1,3.8289456,0.97872967
PCOS/infected/Image_Rotate_011.jpg,1,2.7251368,0.9384937
PCOS/infected/Image_Rotate_012.jpg,1,2.7251368,0.9384937
PCOS/infected/Image_Rotate_013.jpg,1,6.8848457,0.9989779
PCOS/infected/Image_Rotate_014.jpg,1,6.8848457,0.9989779
PCOS/infected/Image_Rotate_015.jpg,1,5.1781645,0.9943932
PCOS/infected/Image_Rotate_016.jpg,1,5.1781645,0.9943932
PCOS/infected/Image_Rotate_017.jpg,1,5.45059,0.99572456
PCOS/infected/Image_Rotate_018.jpg,1,5.45059,0.99572456
PCOS/infected/Image_Rotate_019.jpg,1,5.5148344,0.9959895
PCOS/infected/Image_Rotate_020.jpg,1,5.5148344,0.9959895
PCOS/infected/Image_Rotate_021.jpg,1,-4.71233,0.008903831
PCOS/infected/Image_Rotate_022.jpg,1,-4.71233,0.008903831
PCOS/infected/Image_Rotate_023.jpg,1,5.4057274,0.99552935
PCOS/infected/Image_Rotate_024.jpg,1,5.4057274,0.99552935
PCOS/infected/Image_Rotate_025.jpg,1,9.486133,0.99992406
PCOS/infected/Image_Rotate_026.jpg,1,9.486133,0.99992406
PCOS/infected/Image_Rotate_027.jpg,1,-4.0638084,0.016893169
PCOS/infected/Image_Rotate_028.jpg,1,-4.0638084,0.016893169
PCOS/infected/Image_Rotate_029.jpg,1,-4.2380977,0.014229621
PCOS/infected/Image_Rotate_030.jpg,1,-4.2380977,0.014229621
PCOS/infected/Image_Rotate_031.jpg,1,1.7812012,0.85584515
PCOS/infected/Image_Rotate_032.jpg,1,1.7812012,0.85584515
PCOS/infected/Image_Rotate_033.jpg,1,-5.0741253,0.0062176557
PCOS/infected/Image_Rotate_034.jpg,1,-5.0741253,0.0062176557
PCOS/infected/Image_Rotate_035.jpg,1,2.9840565,0.9518487
PCOS/infected/Image_Rotate_036.jpg,1,2.9840565,0.9518487
PCOS/infected/Image_Rotate_037.jpg,1,5.975913,0.9974673
PCOS/infected/Image_Rotate_038.jpg,1,5.975913,0.9974673
PCOS/infected/Image_Rotate_039.jpg,1,8.272899,0.9997447
PCOS/infected/Image_Rotate_040.jpg,1,8.272899,0.9997447
PCOS/infected/Image_Rotate_041.jpg,1,8.254092,0.9997398
PCOS/infected/Image_Rotate_042.jpg,1,8.254092,0.9997398
PCOS/infected/Image_Rotate_043.jpg,1,4.829119,0.99206984
PCOS/infected/Image_Rotate_044.jpg,1,4.829119,0.99206984
PCOS/infected/Image_Rotate_045.jpg,1,-5.456251,0.0042513805
PCOS/infected/Image_Rotate_046.jpg,1,-5.456251,0.0042513805
PCOS/infected/Image_Rotate_047.jpg,1,4.6605377,0.9906273
PCOS/infected/Image_Rotate_048.jpg,1,4.6605377,0.9906273
PCOS/infected/Image_Rotate_049.jpg,1,3.3843846,0.967213
PCOS/infected/Image_Rotate_050.jpg,1,3.3843846,0.967213
PCOS/infected/Image_Rotate_051.jpg,1,3.2701066,0.9633889
PCOS/infected/Image_Rotate_052.jpg,1,3.2701066,0.9633889
PCOS/infected/Image_Rotate_053.jpg,1,7.3591566,0.9993637
PCOS/infected/Image_Rotate_054.jpg,1,7.3591566,0.9993637
PCOS/infected/Image_Rotate_055.jpg,1,3.0447693,0.95455617
PCOS/infected/Image_Rotate_056.jpg,1,3.0447693,0.95455617
PCOS/infected/Image_Rotate_057.jpg,1,-4.292828,0.013481974
PCOS/infected/Image_Rotate_058.jpg,1,-4.292828,0.013481974
PCOS/infected/Image_Rotate_059.jpg,1,3.9664693,0.9814119
PCOS/infected/Image_Rotate_060.jpg,1,3.9664693,0.9814119
PCOS/infected/Image_Rotate_061.jpg,1,6.931662,0.9990246
PCOS/infected/Image_Rotate_062.jpg,1,6.931662,0.9990246
PCOS/infected/Image_Rotate_063.jpg,1,5.929411,0.997347
PCOS/infected/Image_Rotate_064.jpg,1,5.929411,0.997347
PCOS/infected/Image_Rotate_065.jpg,1,5.2869616,0.99496835
PCOS/infected/Image_Rotate_066.jpg,1,5.2869616,0.99496835
PCOS/infected/Image_Rotate_067.jpg,1,7.3994064,0.9993887
PCOS/infected/Image_Rotate_068.jpg,1,7.3994064,0.9993887
PCOS/infected/Image_Rotate_069.jpg,1,-4.7220755,0.008818241
PCOS/infected/Image_Rotate_070.jpg,1,-4.7220755,0.008818241
PCOS/infected/Image_Rotate_071.jpg,1,4.7800546,0.99167436
PCOS/infected/Image_Rotate_072.jpg,1,4.7800546,0.99167436
PCOS/infected/Image_Rotate_073.jpg,1,-3.8236303,0.021381197
PCOS/infected/Image_Rotate_074.jpg,1,-3.8236303,0.021381197
PCOS/infected/Image_Rotate_075.jpg,1,8.829191,0.9998536
PCOS/infected/Image_Rotate_076.jpg,1,8.829191,0.9998536
PCOS/infected/Image_Rotate_077.jpg,1,3.3330264,0.9655446
PCOS/infected/Image_Rotate_078.jpg,1,3.3330264,0.9655446
PCOS/infected/Image_Rotate_079.jpg,1,2.8963354,0.947665
PCOS/infected/Image_Rotate_080.jpg,1,2.8963354,0.947665
PCOS/infected/Image_Rotate_081.jpg,1,-4.4012604,0.012113343
PCOS/infected/Image_Rotate_082.jpg,1,-4.4012604,0.012113343
PCOS/infected/Image_Rotate_083.jpg,1,2.0788786,0.88883334
PCOS/infected/Image_Rotate_084.jpg,1,2.0788786,0.88883334
PCOS/infected/Image_Rotate_085.jpg,1,3.9459484,0.9810338
PCOS/infected/Image_Rotate_086.jpg,1,3.9459484,0.9810338
PCOS/infected/Image_Rotate_087.jpg,1,1.7268327,0.84900683
PCOS/infected/Image_Rotate_088.jpg,1,1.7268327,0.84900683
PCOS/infected/Image_Rotate_089.jpg,1,3.822751,0.97860044
PCOS/infected/Image_Rotate_090.jpg,1,3.822751,0.97860044
PCOS/infected/Image_Rotate_091.jpg,1,2.569661,0.9288833
PCOS/infected/Image_Rotate_092.jpg,1,2.569661,0.9288833
PCOS/infected/Image_Rotate_093.jpg,1,-3.9290173,0.019283809
PCOS/infected/Image_Rotate_094.jpg,1,-3.9290173,0.019283809
PCOS/infected/Image_Rotate_095.jpg,1,-3.7195797,0.02367029
PCOS/infected/Image_Rotate_096.jpg,1,-3.7195797,0.02367029
PCOS/infected/Image_Rotate_097.jpg,1,-4.1842775,0.015004639
PCOS/infected/Image_Rotate_098.jpg,1,-4.1842775,0.015004639
PCOS/infected/Image_Rotate_099.jpg,1,-4.967785,0.006910458
PCOS/infected/Image_Rotate_100.jpg,1,-4.967785,0.006910458
PCOS/infected/Image_Rotate_101.jpg,1,3.7293766,0.97655505
PCOS/infected/Image_Rotate_102.jpg,1,3.7293766,0.97655505
PCOS/infected/Image_Rotate_103.jpg,1,5.978555,0.9974739
PCOS/infected/Image_Rotate_104.jpg,1,5.978555,0.9974739
PCOS/infected/Image_Rotate_105.jpg,1,6.3914566,0.99832696
PCOS/infected/Image_Rotate_106.jpg,1,6.3914566,0.99832696
PCOS/infected/Image_Rotate_107.jpg,1,3.376037,0.96694714
PCOS/infected/Image_Rotate_108.jpg,1,3.376037,0.96694714
PCOS/infected/Image_Rotate_109.jpg,1,4.4509616,0.9884672
PCOS/infected/Image_Rotate_110.jpg,1,4.4509616,0.9884672
PCOS/infected/Image_Rotate_111.jpg,1,-4.161195,0.015349638
PCOS/infected/Image_Rotate_112.jpg,1,-4.161195,0.015349638
PCOS/infected/Image_Rotate_113.jpg,1,-4.0553803,0.017033711
PCOS/infected/Image_Rotate_114.jpg,1,-4.0553803,0.017033711
PCOS/infected/Image_Rotate_115.jpg,1,2.8209114,0.9437955
PCOS/infected/Image_Rotate_116.jpg,1,2.8209114,0.9437955
PCOS/infected/Image_Rotate_117.jpg,1,9.0444765,0.999882
PCOS/infected/Image_Rotate_118.jpg,1,9.0444765,0.999882
PCOS/infected/Image_Rotate_119.jpg,1,-4.3465853,0.012785378
PCOS/infected/Image_Rotate_120.jpg,1,-4.3465853,0.012785378
PCOS/infected/Image_Rotate_121.jpg,1,1.2248952,0.7729239
PCOS/infected/Image_Rotate_122.jpg,1,1.2248952,0.7729239
PCOS/infected/Image_Rotate_123.jpg,1,-4.651372,0.009458181
PCOS/infected/Image_Rotate_124.jpg,1,-4.651372,0.009458181
PCOS/infected/Image_Rotate_125.jpg,1,5.1704364,0.99435
PCOS/infected/Image_Rotate_126.jpg,1,5.1704364,0.99435
PCOS/infected/Image_Rotate_127.jpg,1,5.084752,0.99384767
PCOS/infected/Image_Rotate_128.jpg,1,5.084752,0.99384767
PCOS/infected/Image_Rotate_129.jpg,1,5.3196034,0.9951291
PCOS/infected/Image_Rotate_130.jpg,1,5.3196034,0.9951291
PCOS/infected/Image_Rotate_131.jpg,1,5.037981,0.993555
PCOS/infected/Image_Rotate_132.jpg,1,5.037981,0.993555
PCOS/infected/Image_Rotate_133.jpg,1,6.8529434,0.9989448
PCOS/infected/Image_Rotate_134.jpg,1,6.8529434,0.9989448
PCOS/infected/Image_Rotate_135.jpg,1,3.9457774,0.9810306
PCOS/infected/Image_Rotate_136.jpg,1,3.9457774,0.9810306
PCOS/infected/Image_Rotate_137.jpg,1,6.954905,0.999047
PCOS/infected/Image_Rotate_138.jpg,1,6.954905,0.999047
PCOS/infected/Image_Rotate_139.jpg,1,3.5087817,0.97093666
PCOS/infected/Image_Rotate_140.jpg,1,3.5087817,0.97093666
PCOS/infected/Image_Rotate_141.jpg,1,5.532569,0.9960598
PCOS/infected/Image_Rotate_142.jpg,1,5.532569,0.9960598
PCOS/infected/Image_Rotate_143.jpg,1,5.1028013,0.99395704
PCOS/infected/Image_Rotate_144.jpg,1,5.1028013,0.99395704
PCOS/infected/Image_Rotate_145.jpg,1,3.965905,0.9814015
PCOS/infected/Image_Rotate_146.jpg,1,3.965905,0.9814015
PCOS/infected/Image_Rotate_147.jpg,1,4.4067183,0.9879518
PCOS/infected/Image_Rotate_148.jpg,1,4.4067183,0.9879518
PCOS/infected/Image_Rotate_149.jpg,1,4.704915,0.99103045
PCOS/infected/Image_Rotate_150.jpg,1,4.704915,0.99103045
PCOS/infected/Image_Rotate_151.jpg,1,3.6769702,0.97532475
PCOS/infected/Image_Rotate_152.jpg,1,3.6769702,0.97532475
PCOS/infected/Image_Rotate_153.jpg,1,-4.853821,0.007738177
PCOS/infected/Image_Rotate_154.jpg,1,-4.853821,0.007738177
PCOS/infected/Image_Rotate_155.jpg,1,9.563353,0.9999298
PCOS/infected/Image_Rotate_156.jpg,1,9.563353,0.9999298
PCOS/infected/Image_Rotate_157.jpg,1,6.7640314,0.99884677
PCOS/infected/Image_Rotate_158.jpg,1,6.7640314,0.99884677
PCOS/infected/Image_Rotate_159.jpg,1,-3.4779296,0.029946765
PCOS/infected/Image_Rotate_160.jpg,1,-3.4779296,0.029946765
PCOS/infected/Image_Rotate_161.jpg,1,-4.5614324,0.010339072
PCOS/infected/Image_Rotate_162.jpg,1,-4.5614324,0.010339072
PCOS/infected/Image_Rotate_163.jpg,1,5.913745,0.9973053
PCOS/infected/Image_Rotate_164.jpg,1,5.913745,0.9973053
PCOS/infected/Image_Rotate_165.jpg,1,5.7819405,0.9969267
PCOS/infected/Image_Rotate_166.jpg,1,5.7819405,0.9969267
PCOS/infected/Image_Rotate_167.jpg,1,3.3083494,0.9647141
PCOS/infected/Image_Rotate_168.jpg,1,3.3083494,0.9647141
PCOS/infected/Image_Rotate_169.jpg,1,-4.183063,0.015022599
PCOS/infected/Image_Rotate_170.jpg,1,-4.183063,0.015022599
PCOS/infected/Image_Rotate_171.jpg,1,5.352536,0.9952863
PCOS/infected/Image_Rotate_172.jpg,1,5.352536,0.9952863
PCOS/infected/Image_Rotate_173.jpg,1,2.5145164,0.92515326
PCOS/infected/Image_Rotate_174.jpg,1,2.5145164,0.92515326
PCOS/infected/Image_Rotate_175.jpg,1,4.603132,0.99007905
PCOS/infected/Image_Rotate_176.jpg,1,4.603132,0.99007905
PCOS/infected/Image_Rotate_177.jpg,1,3.9179046,0.98050493
PCOS/infected/Image_Rotate_178.jpg,1,3.9179046,0.98050493
PCOS/infected/Image_Rotate_179.jpg,1,3.8355236,0.9788663
PCOS/infected/Image_Rotate_180.jpg,1,3.8355236,0.9788663
PCOS/infected/Image_Rotate_181.jpg,1,6.4318395,0.9983931
PCOS/infected/Image_Rotate_182.jpg,1,6.4318395,0.9983931
PCOS/infected/Image_Rotate_183.jpg,1,6.7688456,0.99885225
PCOS/infected/Image_Rotate_184.jpg,1,6.7688456,0.99885225
PCOS/infected/Image_Rotate_185.jpg,1,2.6368365,0.93319505
PCOS/infected/Image_Rotate_186.jpg,1,2.6368365,0.93319505
PCOS/infected/Image_Rotate_187.jpg,1,4.9702644,0.99310654
PCOS/infected/Image_Rotate_188.jpg,1,4.9702644,0.99310654
PCOS/infected/Image_Rotate_189.jpg,1,-3.7721305,0.022485763
PCOS/infected/Image_Rotate_190.jpg,1,-3.7721305,0.022485763
PCOS/infected/Image_Rotate_191.jpg,1,3.6405807,0.97443366
PCOS/infected/Image_Rotate_192.jpg,1,3.6405807,0.97443366
PCOS/infected/Image_Rotate_193.jpg,1,2.691621,0.9365304
PCOS/infected/Image_Rotate_194.jpg,1,2.691621,0.9365304
PCOS/infected/Image_Rotate_195.jpg,1,-4.225663,0.0144051
PCOS/infected/Image_Rotate_196.jpg,1,-4.225663,0.0144051
PCOS/infected/Image_Rotate_197.jpg,1,2.3988023,0.91673595
PCOS/infected/Image_Rotate_198.jpg,1,2.3988023,0.91673595
PCOS/infected/Image_Rotate_199.jpg,1,4.095223,0.98362076
PCOS/infected/Image_Rotate_200.jpg,1,4.095223,0.98362076
PCOS/infected/Image_Rotate_201.jpg,1,-3.1959472,0.039318528
PCOS/infected/Image_Rotate_202.jpg,1,-3.1959472,0.039318528
PCOS/infected/Image_Rotate_203.jpg,1,7.9215975,0.99963725
PCOS/infected/Image_Rotate_204.jpg,1,7.9215975,0.99963725
PCOS/infected/Image_Rotate_205.jpg,1,3.7240524,0.97643286
PCOS/infected/Image_Rotate_206.jpg,1,3.7240524,0.97643286
PCOS/infected/Image_Rotate_207.jpg,1,5.1022315,0.99395365
PCOS/infected/Image_Rotate_208.jpg,1,5.1022315,0.99395365
PCOS/infected/Image_Rotate_209.jpg,1,3.8289456,0.97872967
PCOS/infected/Image_Rotate_210.jpg,1,3.8289456,0.97872967
PCOS/infected/Image_Rotate_211.jpg,1,2.7251368,0.9384937
PCOS/infected/Image_Rotate_212.jpg,1,2.7251368,0.9384937
PCOS/infected/Image_Rotate_213.jpg,1,6.8848457,0.9989779
PCOS/infected/Image_Rotate_214.jpg,1,6.8848457,0.9989779
PCOS/infected/Image_Rotate_215.jpg,1,5.1781645,0.9943932
PCOS/infected/Image_Rotate_216.jpg,1,5.1781645,0.9943932
PCOS/infected/Image_Rotate_217.jpg,1,5.45059,0.99572456
PCOS/infected/Image_Rotate_218.jpg,1,5.45059,0.99572456
PCOS/infected/Image_Rotate_219.jpg,1,5.5148344,0.9959895
PCOS/infected/Image_Rotate_220.jpg,1,5.5148344,0.9959895
PCOS/infected/Image_Rotate_221.jpg,1,-4.71233,0.008903831
PCOS/infected/Image_Rotate_222.jpg,1,-4.71233,0.008903831
PCOS/infected/Image_Rotate_223.jpg,1,5.4057274,0.99552935
PCOS/infected/Image_Rotate_224.jpg,1,5.4057274,0.99552935
PCOS/infected/Image_Rotate_225.jpg,1,9.486133,0.99992406
PCOS/infected/Image_Rotate_226.jpg,1,9.486133,0.99992406
PCOS/infected/Image_Rotate_227.jpg,1,-4.0638084,0.016893169
PCOS/infected/Image_Rotate_228.jpg,1,-4.0638084,0.016893169
PCOS/infected/Image_Rotate_229.jpg,1,-4.2380977,0.014229621
PCOS/infected/Image_Rotate_230.jpg,1,-4.2380977,0.014229621
PCOS/infected/Image_Rotate_231.jpg,1,1.7812012,0.85584515
PCOS/infected/Image_Rotate_232.jpg,1,1.7812012,0.85584515
PCOS/infected/Image_Rotate_233.jpg,1,-5.0741253,0.0062176557
PCOS/infected/Image_Rotate_234.jpg,1,-5.0741253,0.0062176557
PCOS/infected/Image_Rotate_235.jpg,1,2.9840565,0.9518487
PCOS/infected/Image_Rotate_236.jpg,1,2.9840565,0.9518487
PCOS/infected/Image_Rotate_237.jpg,1,5.975913,0.9974673
PCOS/infected/Image_Rotate_238.jpg,1,5.975913,0.9974673
PCOS/infected/Image_Rotate_239.jpg,1,8.272899,0.9997447
PCOS/infected/Image_Rotate_240.jpg,1,8.272899,0.9997447
PCOS/infected/Image_Rotate_241.jpg,1,8.254092,0.9997398
PCOS/infected/Image_Rotate_242.jpg,1,8.254092,0.9997398
PCOS/infected/Image_Rotate_243.jpg,1,4.829119,0.99206984
PCOS/infected/Image_Rotate_244.jpg,1,4.829119,0.99206984
PCOS/infected/Image_Rotate_245.jpg,1,-5.456251,0.0042513805
PCOS/infected/Image_Rotate_246.jpg,1,-5.456251,0.0042513805
PCOS/infected/Image_Rotate_247.jpg,1,4.6605377,0.9906273
PCOS/infected/Image_Rotate_248.jpg,1,4.6605377,0.9906273
PCOS/infected/Image_Rotate_249.jpg,1,3.3843846,0.967213
PCOS/infected/Image_Rotate_250.jpg,1,3.3843846,0.967213
PCOS/infected/Image_Rotate_251.jpg,1,3.2701066,0.9633889
PCOS/infected/Image_Rotate_252.jpg,1,3.2701066,0.9633889
PCOS/infected/Image_Rotate_253.jpg,1,7.3591566,0.9993637
PCOS/infected/Image_Rotate_254.jpg,1,7.3591566,0.9993637
PCOS/infected/Image_Rotate_255.jpg,1,3.0447693,0.95455617
PCOS/infected/Image_Rotate_256.jpg,1,3.0447693,0.95455617
PCOS/infected/Image_Rotate_257.jpg,1,-4.292828,0.013481974
PCOS/infected/Image_Rotate_258.jpg,1,-4.292828,0.013481974
PCOS/infected/Image_Rotate_259.jpg,1,3.9664693,0.9814119
PCOS/infected/Image_Rotate_260.jpg,1,3.9664693,0.9814119
PCOS/infected/Image_Rotate_261.jpg,1,6.931662,0.9990246
PCOS/infected/Image_Rotate_262.jpg,1,6.931662,0.9990246
PCOS/infected/Image_Rotate_263.jpg,1,5.929411,0.997347
PCOS/infected/Image_Rotate_264.jpg,1,5.929411,0.997347
PCOS/infected/Image_Rotate_265.jpg,1,5.2869616,0.99496835
PCOS/infected/Image_Rotate_266.jpg,1,5.2869616,0.99496835
PCOS/infected/Image_Rotate_267.jpg,1,7.3994064,0.9993887
PCOS/infected/Image_Rotate_268.jpg,1,7.3994064,0.9993887
PCOS/infected/Image_Rotate_269.jpg,1,-4.7220755,0.008818241
PCOS/infected/Image_Rotate_270.jpg,1,-4.7220755,0.008818241
PCOS/infected/Image_Rotate_271.jpg,1,4.7800546,0.99167436
PCOS/infected/Image_Rotate_272.jpg,1,4.7800546,0.99167436
PCOS/infected/Image_Rotate_273.jpg,1,-3.8236303,0.021381197
PCOS/infected/Image_Rotate_274.jpg,1,-3.8236303,0.021381197
PCOS/infected/Image_Rotate_275.jpg,1,8.829191,0.9998536
PCOS/infected/Image_Rotate_276.jpg,1,8.829191,0.9998536
PCOS/infected/Image_Rotate_277.jpg,1,3.3330264,0.9655446
PCOS/infected/Image_Rotate_278.jpg,1,3.3330264,0.9655446
PCOS/infected/Image_Rotate_279.jpg,1,2.8963354,0.947665
PCOS/infected/Image_Rotate_280.jpg,1,2.8963354,0.947665
PCOS/infected/Image_Rotate_281.jpg,1,-4.4012604,0.012113343
PCOS/infected/Image_Rotate_282.jpg,1,-4.4012604,0.012113343
PCOS/infected/Image_Rotate_283.jpg,1,2.0788786,0.88883334
PCOS/infected/Image_Rotate_284.jpg,1,2.0788786,0.88883334
PCOS/infected/Image_Rotate_285.jpg,1,3.9459484,0.9810338
PCOS/infected/Image_Rotate_286.jpg,1,3.9459484,0.9810338
PCOS/infected/Image_Rotate_287.jpg,1,1.7268327,0.84900683
PCOS/infected/Image_Rotate_288.jpg,1,1.7268327,0.84900683
PCOS/infected/Image_Rotate_289.jpg,1,3.822751,0.97860044
PCOS/infected/Image_Rotate_290.jpg,1,3.822751,0.97860044
PCOS/infected/Image_Rotate_291.jpg,1,2.569661,0.9288833
PCOS/infected/Image_Rotate_292.jpg,1,2.569661,0.9288833
PCOS/infected/Image_Rotate_293.jpg,1,-3.9290173,0.019283809
PCOS/infected/Image_Rotate_294.jpg,1,-3.9290173,0.019283809
PCOS/infected/Image_Rotate_295.jpg,1,-3.7195797,0.02367029
PCOS/infected/Image_Rotate_296.jpg,1,-3.7195797,0.02367029
PCOS/infected/Image_Rotate_297.jpg,1,-4.1842775,0.015004639
PCOS/infected/Image_Rotate_298.jpg,1,-4.1842775,0.015004639
PCOS/infected/Image_Rotate_299.jpg,1,-4.967785,0.006910458
PCOS/infected/Image_Rotate_300.jpg,1,-4.967785,0.006910458
PCOS/infected/Image_Rotate_301.jpg,1,3.7293766,0.97655505
PCOS/infected/Image_Rotate_302.jpg,1,3.7293766,0.97655505
PCOS/infected/Image_Rotate_303.jpg,1,5.978555,0.9974739
PCOS/infected/Image_Rotate_304.jpg,1,5.978555,0.9974739
PCOS/infected/Image_Rotate_305.jpg,1,6.3914566,0.99832696
PCOS/infected/Image_Rotate_306.jpg,1,6.3914566,0.99832696
PCOS/infected/Image_Rotate_307.jpg,1,3.376037,0.96694714
PCOS/infected/Image_Rotate_308.jpg,1,3.376037,0.96694714
PCOS/infected/Image_Rotate_309.jpg,1,4.4509616,0.9884672
PCOS/infected/Image_Rotate_310.jpg,1,4.4509616,0.9884672
PCOS/infected/Image_Rotate_311.jpg,1,-4.161195,0.015349638
PCOS/infected/Image_Rotate_312.jpg,1,-4.161195,0.015349638
PCOS/infected/Image_Rotate_313.jpg,1,-4.0553803,0.017033711
PCOS/infected/Image_Rotate_314.jpg,1,-4.0553803,0.017033711
PCOS/infected/Image_Rotate_315.jpg,1,2.8209114,0.9437955
PCOS/infected/Image_Rotate_316.jpg,1,2.8209114,0.9437955
PCOS/infected/Image_Rotate_317.jpg,1,9.0444765,0.999882
PCOS/infected/Image_Rotate_318.jpg,1,9.0444765,0.999882
PCOS/infected/Image_Rotate_319.jpg,1,-4.3465853,0.012785378
PCOS/infected/Image_Rotate_320.jpg,1,-4.3465853,0.012785378
PCOS/infected/Image_Rotate_321.jpg,1,1.2248952,0.7729239
PCOS/infected/Image_Rotate_322.jpg,1,1.2248952,0.7729239
PCOS/infected/Image_Rotate_323.jpg,1,-4.651372,0.009458181
PCOS/infected/Image_Rotate_324.jpg,1,-4.651372,0.009458181
PCOS/infected/Image_Rotate_325.jpg,1,5.1704364,0.99435
PCOS/infected/Image_Rotate_326.jpg,1,5.1704364,0.99435
PCOS/infected/Image_Rotate_327.jpg,1,5.084752,0.99384767
PCOS/infected/Image_Rotate_328.jpg,1,5.084752,0.99384767
PCOS/infected/Image_Rotate_329.jpg,1,5.3196034,0.9951291
PCOS/infected/Image_Rotate_330.jpg,1,5.3196034,0.9951291
PCOS/infected/Image_Rotate_331.jpg,1,5.037981,0.993555
PCOS/infected/Image_Rotate_332.jpg,1,5.037981,0.993555
PCOS/infected/Image_Rotate_333.jpg,1,6.8529434,0.9989448
PCOS/infected/Image_Rotate_334.jpg,1,6.8529434,0.9989448
PCOS/infected/Image_Rotate_335.jpg,1,3.9457774,0.9810306
PCOS/infected/Image_Rotate_336.jpg,1,3.9457774,0.9810306
PCOS/infected/Image_Rotate_337.jpg,1,6.954905,0.999047
PCOS/infected/Image_Rotate_338.jpg,1,6.954905,0.999047
PCOS/infected/Image_Rotate_339.jpg,1,3.5087817,0.97093666
PCOS/infected/Image_Rotate_340.jpg,1,3.5087817,0.97093666
PCOS/infected/Image_Rotate_341.jpg,1,5.532569,0.9960598
PCOS/infected/Image_Rotate_342.jpg,1,5.532569,0.9960598
PCOS/infected/Image_Rotate_343.jpg,1,5.1028013,0.99395704
PCOS/infected/Image_Rotate_344.jpg,1,5.1028013,0.99395704
PCOS/infected/Image_Rotate_345.jpg,1,3.965905,0.9814015
PCOS/infected/Image_Rotate_346.jpg,1,3.965905,0.9814015
PCOS/infected/Image_Rotate_347.jpg,1,4.4067183,0.9879518
PCOS/infected/Image_Rotate_348.jpg,1,4.4067183,0.9879518
PCOS/infected/Image_Rotate_349.jpg,1,4.704915,0.99103045
PCOS/infected/Image_Rotate_350.jpg,1,4.704915,0.99103045
PCOS/infected/Image_Rotate_351.jpg,1,3.6769702,0.97532475
PCOS/infected/Image_Rotate_352.jpg,1,3.6769702,0.97532475
PCOS/infected/Image_Rotate_353.jpg,1,-4.853821,0.007738177
PCOS/infected/Image_Rotate_354.jpg,1,-4.853821,0.007738177
PCOS/infected/Image_Rotate_355.jpg,1,9.563353,0.9999298
PCOS/infected/Image_Rotate_356.jpg,1,9.563353,0.9999298
PCOS/infected/Image_Rotate_357.jpg,1,6.7640314,0.99884677
PCOS/infected/Image_Rotate_358.jpg,1,6.7640314,0.99884677
PCOS/infected/Image_Rotate_359.jpg,1,-3.4779296,0.029946765
PCOS/infected/Image_Rotate_360.jpg,1,-3.4779296,0.029946765
PCOS/infected/Image_Rotate_361.jpg,1,-4.5614324,0.010339072
PCOS/infected/Image_Rotate_362.jpg,1,-4.5614324,0.010339072
PCOS/infected/Image_Rotate_363.jpg,1,5.913745,0.9973053
PCOS/infected/Image_Rotate_364.jpg,1,5.913745,0.9973053
PCOS/infected/Image_Rotate_365.jpg,1,5.7819405,0.9969267
PCOS/infected/Image_Rotate_366.jpg,1,5.7819405,0.9969267
PCOS/infected/Image_Rotate_367.jpg,1,3.3083494,0.9647141
PCOS/infected/Image_Rotate_368.jpg,1,3.3083494,0.9647141
PCOS/infected/Image_Rotate_369.jpg,1,-4.183063,0.015022599
PCOS/infected/Image_Rotate_370.jpg,1,-4.183063,0.015022599
PCOS/infected/Image_Rotate_371.jpg,1,5.352536,0.9952863
PCOS/infected/Image_Rotate_372.jpg,1,5.352536,0.9952863
PCOS/infected/Image_Rotate_373.jpg,1,2.5145164,0.92515326
PCOS/infected/Image_Rotate_374.jpg,1,2.5145164,0.92515326
PCOS/infected/Image_Rotate_375.jpg,1,4.603132,0.99007905
PCOS/infected/Image_Rotate_376.jpg,1,4.603132,0.99007905
PCOS/infected/Image_Rotate_377.jpg,1,3.9179046,0.98050493
PCOS/infected/Image_Rotate_378.jpg,1,3.9179046,0.98050493
PCOS/infected/Image_Rotate_379.jpg,1,3.8355236,0.9788663
PCOS/infected/Image_Rotate_380.jpg,1,3.8355236,0.9788663
PCOS/infected/Image_Rotate_381.jpg,1,6.4318395,0.9983931
PCOS/infected/Image_Rotate_382.jpg,1,6.4318395,0.9983931
PCOS/infected/Image_Rotate_383.jpg,1,6.7688456,0.99885225
PCOS/infected/Image_Rotate_384.jpg,1,6.7688456,0.99885225
PCOS/infected/Image_Rotate_385.jpg,1,2.6368365,0.93319505
PCOS/infected/Image_Rotate_386.jpg,1,2.6368365,0.93319505
PCOS/infected/Image_Rotate_387.jpg,1,4.9702644,0.99310654
PCOS/infected/Image_Rotate_388.jpg,1,4.9702644,0.99310654
PCOS/infected/Image_Rotate_389.jpg,1,-3.7721305,0.022485763
PCOS/infected/Image_Rotate_390.jpg,1,-3.7721305,0.022485763
PCOS/infected/Image_Rotate_391.jpg,1,3.6405807,0.97443366
PCOS/infected/Image_Rotate_392.jpg,1,3.6405807,0.97443366
PCOS/infected/Image_Rotate_393.jpg,1,2.691621,0.9365304
PCOS/infected/Image_Rotate_394.jpg,1,2.691621,0.9365304
PCOS/infected/Image_Rotate_395.jpg,1,-4.225663,0.0144051
PCOS/infected/Image_Rotate_396.jpg,1,-4.225663,0.0144051
PCOS/infected/Image_Rotate_397.jpg,1,2.3988023,0.91673595
PCOS/infected/Image_Rotate_398.jpg,1,2.3988023,0.91673595
PCOS/infected/Image_Rotate_399.jpg,1,4.095223,0.98362076
PCOS/infected/Image_Rotate_400.jpg,1,4.095223,0.98362076
PCOS/infected/Image_Rotate_Rotate_Right_001.jpg,1,-3.8243942,0.02136522
PCOS/infected/Image_Rotate_Rotate_Right_002.jpg,1,-3.8243942,0.02136522
PCOS/infected/Image_Rotate_Rotate_Right_003.jpg,1,7.1216183,0.99919325
PCOS/infected/Image_Rotate_Rotate_Right_004.jpg,1,7.1216183,0.99919325
PCOS/infected/Image_Rotate_Rotate_Right_005.jpg,1,1.8932025,0.86912024
PCOS/infected/Image_Rotate_Rotate_Right_006.jpg,1,1.8932025,0.86912024
PCOS/infected/Image_Rotate_Rotate_Right_007.jpg,1,5.1559525,0.99426806
PCOS/infected/Image_Rotate_Rotate_Right_008.jpg,1,5.1559525,0.99426806
PCOS/infected/Image_Rotate_Rotate_Right_009.jpg,1,3.5891447,0.9731205
PCOS/infected/Image_Rotate_Rotate_Right_010.jpg,1,3.5891447,0.9731205
PCOS/infected/Image_Rotate_Rotate_Right_011.jpg,1,2.0089645,0.8817351
PCOS/infected/Image_Rotate_Rotate_Right_012.jpg,1,2.0089645,0.8817351
PCOS/infected/Image_Rotate_Rotate_Right_013.jpg,1,6.2238445,0.9980223
PCOS/infected/Image_Rotate_Rotate_Right_014.jpg,1,6.2238445,0.9980223
PCOS/infected/Image_Rotate_Rotate_Right_015.jpg,1,1.955221,0.8760149
PCOS/infected/Image_Rotate_Rotate_Right_016.jpg,1,1.955221,0.8760149
PCOS/infected/Image_Rotate_Rotate_Right_017.jpg,1,3.813387,0.97840345
PCOS/infected/Image_Rotate_Rotate_Right_018.jpg,1,3.813387,0.97840345
PCOS/infected/Image_Rotate_Rotate_Right_019.jpg,1,5.186396,0.994439
PCOS/infected/Image_Rotate_Rotate_Right_020.jpg,1,5.186396,0.994439
PCOS/infected/Image_Rotate_Rotate_Right_021.jpg,1,-4.7323623,0.008728783
PCOS/infected/Image_Rotate_Rotate_Right_022.jpg,1,-4.7323623,0.008728783
PCOS/infected/Image_Rotate_Rotate_Right_023.jpg,1,3.8560712,0.97928715
PCOS/infected/Image_Rotate_Rotate_Right_024.jpg,1,3.8560712,0.97928715
PCOS/infected/Image_Rotate_Rotate_Right_025.jpg,1,9.620937,0.9999337
PCOS/infected/Image_Rotate_Rotate_Right_026.jpg,1,9.620937,0.9999337
PCOS/infected/Image_Rotate_Rotate_Right_027.jpg,1,-4.263801,0.01387354
PCOS/infected/Image_Rotate_Rotate_Right_028.jpg,1,-4.263801,0.01387354
PCOS/infected/Image_Rotate_Rotate_Right_029.jpg,1,-4.5885377,0.010065374
PCOS/infected/Image_Rotate_Rotate_Right_030.jpg,1,-4.5885377,0.010065374
PCOS/infected/Image_Rotate_Rotate_Right_031.jpg,1,0.539774,0.6317598
PCOS/infected/Image_Rotate_Rotate_Right_032.jpg,1,0.539774,0.6317598
PCOS/infected/Image_Rotate_Rotate_Right_033.jpg,1,-4.4775906,0.011233136
PCOS/infected/Image_Rotate_Rotate_Right_034.jpg,1,-4.4775906,0.011233136
PCOS/infected/Image_Rotate_Rotate_Right_035.jpg,1,2.325901,0.9109996
PCOS/infected/Image_Rotate_Rotate_Right_036.jpg,1,2.325901,0.9109996
PCOS/infected/Image_Rotate_Rotate_Right_037.jpg,1,2.5629537,0.9284389
PCOS/infected/Image_Rotate_Rotate_Right_038.jpg,1,2.5629537,0.9284389
PCOS/infected/Image_Rotate_Rotate_Right_039.jpg,1,4.201973,0.98525465
PCOS/infected/Image_Rotate_Rotate_Right_040.jpg,1,4.201973,0.98525465
PCOS/infected/Image_Rotate_Rotate_Right_041.jpg,1,6.909979,0.99900323
PCOS/infected/Image_Rotate_Rotate_Right_042.jpg,1,6.909979,0.99900323
PCOS/infected/Image_Rotate_Rotate_Right_043.jpg,1,4.991133,0.993248
PCOS/infected/Image_Rotate_Rotate_Right_044.jpg,1,4.991133,0.993248
PCOS/infected/Image_Rotate_Rotate_Right_045.jpg,1,-4.460331,0.011426465
PCOS/infected/Image_Rotate_Rotate_Right_046.jpg,1,-4.460331,0.011426465
PCOS/infected/Image_Rotate_Rotate_Right_047.jpg,1,3.9032428,0.98022264
PCOS/infected/Image_Rotate_Rotate_Right_048.jpg,1,3.9032428,0.98022264
PCOS/infected/Image_Rotate_Rotate_Right_049.jpg,1,3.0712328,0.95569044
PCOS/infected/Image_Rotate_Rotate_Right_050.jpg,1,3.0712328,0.95569044
PCOS/infected/Image_Rotate_Rotate_Right_051.jpg,1,2.820022,0.94374824
PCOS/infected/Image_Rotate_Rotate_Right_052.jpg,1,2.820022,0.94374824
PCOS/infected/Image_Rotate_Rotate_Right_053.jpg,1,6.8667774,0.9989593
PCOS/infected/Image_Rotate_Rotate_Right_054.jpg,1,6.8667774,0.9989593
PCOS/infected/Image_Rotate_Rotate_Right_055.jpg,1,1.9908907,0.8798373
PCOS/infected/Image_Rotate_Rotate_Right_056.jpg,1,1.9908907,0.8798373
PCOS/infected/Image_Rotate_Rotate_Right_057.jpg,1,-4.3004484,0.013380997
PCOS/infected/Image_Rotate_Rotate_Right_058.jpg,1,-4.3004484,0.013380997
PCOS/infected/Image_Rotate_Rotate_Right_059.jpg,1,3.7757077,0.97759277
PCOS/infected/Image_Rotate_Rotate_Right_060.jpg,1,3.7757077,0.97759277
PCOS/infected/Image_Rotate_Rotate_Right_061.jpg,1,4.446124,0.98841196
PCOS/infected/Image_Rotate_Rotate_Right_062.jpg,1,4.446124,0.98841196
PCOS/infected/Image_Rotate_Rotate_Right_063.jpg,1,2.231788,0.90306795
PCOS/infected/Image_Rotate_Rotate_Right_064.jpg,1,2.231788,0.90306795
PCOS/infected/Image_Rotate_Rotate_Right_065.jpg,1,5.4735947,0.99582136
PCOS/infected/Image_Rotate_Rotate_Right_066.jpg,1,5.4735947,0.99582136
PCOS/infected/Image_Rotate_Rotate_Right_067.jpg,1,4.8945904,0.9925687
PCOS/infected/Image_Rotate_Rotate_Right_068.jpg,1,4.8945904,0.9925687
PCOS/infected/Image_Rotate_Rotate_Right_069.jpg,1,-4.438693,0.011673486
PCOS/infected/Image_Rotate_Rotate_Right_070.jpg,1,-4.438693,0.011673486
PCOS/infected/Image_Rotate_Rotate_Right_071.jpg,1,3.6556506,0.9748064
PCOS/infected/Image_Rotate_Rotate_Right_072.jpg,1,3.6556506,0.9748064
PCOS/infected/Image_Rotate_Rotate_Right_073.jpg,1,-3.7321272,0.023382042
PCOS/infected/Image_Rotate_Rotate_Right_074.jpg,1,-3.7321272,0.023382042
PCOS/infected/Image_Rotate_Rotate_Right_075.jpg,1,4.6727433,0.99073994
PCOS/infected/Image_Rotate_Rotate_Right_076.jpg,1,4.6727433,0.99073994
PCOS/infected/Image_Rotate_Rotate_Right_077.jpg,1,2.0245333,0.8833489
PCOS/infected/Image_Rotate_Rotate_Right_078.jpg,1,2.0245333,0.8833489
PCOS/infected/Image_Rotate_Rotate_Right_079.jpg,1,3.8748143,0.97966397
PCOS/infected/Image_Rotate_Rotate_Right_080.jpg,1,3.8748143,0.97966397
PCOS/infected/Image_Rotate_Rotate_Right_081.jpg,1,-4.393008,0.012212491
PCOS/infected/Image_Rotate_Rotate_Right_082.jpg,1,-4.393008,0.012212491
PCOS/infected/Image_Rotate_Rotate_Right_083.jpg,1,1.9120479,0.871249
PCOS/infected/Image_Rotate_Rotate_Right_084.jpg,1,1.9120479,0.871249
PCOS/infected/Image_Rotate_Rotate_Right_085.jpg,1,1.8590522,0.86518645
PCOS/infected/Image_Rotate_Rotate_Right_086.jpg,1,1.8590522,0.86518645
PCOS/infected/Image_Rotate_Rotate_Right_087.jpg,1,1.6064714,0.8329209
PCOS/infected/Image_Rotate_Rotate_Right_088.jpg,1,1.6064714,0.8329209
PCOS/infected/Image_Rotate_Rotate_Right_089.jpg,1,4.0552993,0.98296493
PCOS/infected/Image_Rotate_Rotate_Right_090.jpg,1,4.0552993,0.98296493
PCOS/infected/Image_Rotate_Rotate_Right_091.jpg,1,3.398283,0.9676509
PCOS/infected/Image_Rotate_Rotate_Right_092.jpg,1,3.398283,0.9676509
PCOS/infected/Image_Rotate_Rotate_Right_093.jpg,1,-4.699371,0.00901892
PCOS/infected/Image_Rotate_Rotate_Right_094.jpg,1,-4.699371,0.00901892
PCOS/infected/Image_Rotate_Rotate_Right_095.jpg,1,-4.032585,0.017419618
PCOS/infected/Image_Rotate_Rotate_Right_096.jpg,1,-4.032585,0.017419618
PCOS/infected/Image_Rotate_Rotate_Right_097.jpg,1,-4.8516197,0.0077550956
PCOS/infected/Image_Rotate_Rotate_Right_098.jpg,1,-4.8516197,0.0077550956
PCOS/infected/Image_Rotate_Rotate_Right_099.jpg,1,-4.913362,0.0072941477
PCOS/infected/Image_Rotate_Rotate_Right_100.jpg,1,-4.913362,0.0072941477
PCOS/infected/Image_Rotate_Rotate_Right_101.jpg,1,2.3627143,0.91393954
PCOS/infected/Image_Rotate_Rotate_Right_102.jpg,1,2.3627143,0.91393954
PCOS/infected/Image_Rotate_Rotate_Right_103.jpg,1,5.6155114,0.99637234
PCOS/infected/Image_Rotate_Rotate_Right_104.jpg,1,5.6155114,0.99637234
PCOS/infected/Image_Rotate_Rotate_Right_105.jpg,1,6.4730473,0.9984579
PCOS/infected/Image_Rotate_Rotate_Right_106.jpg,1,6.4730473,0.9984579
PCOS/infected/Image_Rotate_Rotate_Right_107.jpg,1,2.206452,0.90082735
PCOS/infected/Image_Rotate_Rotate_Right_108.jpg,1,2.206452,0.90082735
PCOS/infected/Image_Rotate_Rotate_Right_109.jpg,1,2.309866,0.90969086
PCOS/infected/Image_Rotate_Rotate_Right_110.jpg,1,2.309866,0.90969086
PCOS/infected/Image_Rotate_Rotate_Right_111.jpg,1,-3.5577395,0.027713267
PCOS/infected/Image_Rotate_Rotate_Right_112.jpg,1,-3.5577395,0.027713267
PCOS/infected/Image_Rotate_Rotate_Right_113.jpg,1,-4.46577,0.01136519
PCOS/infected/Image_Rotate_Rotate_Right_114.jpg,1,-4.46577,0.01136519
PCOS/infected/Image_Rotate_Rotate_Right_115.jpg,1,1.5328819,0.8224276
PCOS/infected/Image_Rotate_Rotate_Right_116.jpg,1,1.5328819,0.8224276
PCOS/infected/Image_Rotate_Rotate_Right_117.jpg,1,4.7066193,0.99104565
PCOS/infected/Image_Rotate_Rotate_Right_118.jpg,1,4.7066193,0.99104565
PCOS/infected/Image_Rotate_Rotate_Right_119.jpg,1,-4.5517206,0.010438917
PCOS/infected/Image_Rotate_Rotate_Right_120.jpg,1,-4.5517206,0.010438917
PCOS/infected/Image_Rotate_Rotate_Right_121.jpg,1,0.21898477,0.5545285
PCOS/infected/Image_Rotate_Rotate_Right_122.jpg,1,0.21898477,0.5545285
PCOS/infected/Image_Rotate_Rotate_Right_123.jpg,1,-4.257326,0.013962404
PCOS/infected/Image_Rotate_Rotate_Right_124.jpg,1,-4.257326,0.013962404
PCOS/infected/Image_Rotate_Rotate_Right_125.jpg,1,3.461827,0.96958184
PCOS/infected/Image_Rotate_Rotate_Right_126.jpg,1,3.461827,0.96958184
PCOS/infected/Image_Rotate_Rotate_Right_127.jpg,1,5.8305254,0.9970721
PCOS/infected/Image_Rotate_Rotate_Right_128.jpg,1,5.8305254,0.9970721
PCOS/infected/Image_Rotate_Rotate_Right_129.jpg,1,4.0518227,0.98290664
PCOS/infected/Image_Rotate_Rotate_Right_130.jpg,1,4.0518227,0.98290664
PCOS/infected/Image_Rotate_Rotate_Right_131.jpg,1,5.1261115,0.99409544
PCOS/infected/Image_Rotate_Rotate_Right_132.jpg,1,5.1261115,0.99409544
PCOS/infected/Image_Rotate_Rotate_Right_133.jpg,1,1.545944,0.8243272
PCOS/infected/Image_Rotate_Rotate_Right_134.jpg,1,1.545944,0.8243272
PCOS/infected/Image_Rotate_Rotate_Right_135.jpg,1,0.99484307,0.7300435
PCOS/infected/Image_Rotate_Rotate_Right_136.jpg,1,0.99484307,0.7300435
PCOS/infected/Image_Rotate_Rotate_Right_137.jpg,1,8.480348,0.9997925
PCOS/infected/Image_Rotate_Rotate_Right_138.jpg,1,8.480348,0.9997925
PCOS/infected/Image_Rotate_Rotate_Right_139.jpg,1,3.2073376,0.9611095
PCOS/infected/Image_Rotate_Rotate_Right_140.jpg,1,3.2073376,0.9611095
PCOS/infected/Image_Rotate_Rotate_Right_141.jpg,1,4.9373455,0.9928774
PCOS/infected/Image_Rotate_Rotate_Right_142.jpg,1,4.9373455,0.9928774
PCOS/infected/Image_Rotate_Rotate_Right_143.jpg,1,4.5040727,0.98905724
PCOS/infected/Image_Rotate_Rotate_Right_144.jpg,1,4.5040727,0.98905724
PCOS/infected/Image_Rotate_Rotate_Right_145.jpg,1,3.2886603,0.9640377
PCOS/infected/Image_Rotate_Rotate_Right_146.jpg,1,3.2886603,0.9640377
PCOS/infected/Image_Rotate_Rotate_Right_147.jpg,1,2.0200996,0.8828913
PCOS/infected/Image_Rotate_Rotate_Right_148.jpg,1,2.0200996,0.8828913
PCOS/infected/Image_Rotate_Rotate_Right_149.jpg,1,2.8452916,0.94507486
PCOS/infected/Image_Rotate_Rotate_Right_150.jpg,1,2.8452916,0.94507486
PCOS/infected/Image_Rotate_Rotate_Right_151.jpg,1,1.8706958,0.86653876
PCOS/infected/Image_Rotate_Rotate_Right_152.jpg,1,1.8706958,0.86653876
PCOS/infected/Image_Rotate_Rotate_Right_153.jpg,1,-5.1103115,0.00599801
PCOS/infected/Image_Rotate_Rotate_Right_154.jpg,1,-5.1103115,0.00599801
PCOS/infected/Image_Rotate_Rotate_Right_155.jpg,1,5.6002574,0.9963167
PCOS/infected/Image_Rotate_Rotate_Right_156.jpg,1,5.6002574,0.9963167
PCOS/infected/Image_Rotate_Rotate_Right_157.jpg,1,3.6449082,0.9745413
PCOS/infected/Image_Rotate_Rotate_Right_158.jpg,1,3.6449082,0.9745413
PCOS/infected/Image_Rotate_Rotate_Right_159.jpg,1,-3.4872804,0.029676318
PCOS/infected/Image_Rotate_Rotate_Right_160.jpg,1,-3.4872804,0.029676318
PCOS/infected/Image_Rotate_Rotate_Right_161.jpg,1,-3.8882132,0.020070823
PCOS/infected/Image_Rotate_Rotate_Right_162.jpg,1,-3.8882132,0.020070823
PCOS/infected/Image_Rotate_Rotate_Right_163.jpg,1,3.4385452,0.9688876
PCOS/infected/Image_Rotate_Rotate_Right_164.jpg,1,3.4385452,0.9688876
PCOS/infected/Image_Rotate_Rotate_Right_165.jpg,1,4.780035,0.99167424
PCOS/infected/Image_Rotate_Rotate_Right_166.jpg,1,4.780035,0.99167424
PCOS/infected/Image_Rotate_Rotate_Right_167.jpg,1,1.3481423,0.79382575
PCOS/infected/Image_Rotate_Rotate_Right_168.jpg,1,1.3481423,0.79382575
PCOS/infected/Image_Rotate_Rotate_Right_169.jpg,1,-4.740162,0.008661553
PCOS/infected/Image_Rotate_Rotate_Right_170.jpg,1,-4.740162,0.008661553
PCOS/infected/Image_Rotate_Rotate_Right_171.jpg,1,5.205751,0.994545
PCOS/infected/Image_Rotate_Rotate_Right_172.jpg,1,5.205751,0.994545
PCOS/infected/Image_Rotate_Rotate_Right_173.jpg,1,0.51035815,0.62489045
PCOS/infected/Image_Rotate_Rotate_Right_174.jpg,1,0.51035815,0.62489045
PCOS/infected/Image_Rotate_Rotate_Right_175.jpg,1,2.9906218,0.9521487
PCOS/infected/Image_Rotate_Rotate_Right_176.jpg,1,2.9906218,0.9521487
PCOS/infected/Image_Rotate_Rotate_Right_177.jpg,1,2.2199056,0.9020229
PCOS/infected/Image_Rotate_Rotate_Right_178.jpg,1,2.2199056,0.9020229
PCOS/infected/Image_Rotate_Rotate_Right_179.jpg,1,0.82860786,0.6960605
PCOS/infected/Image_Rotate_Rotate_Right_180.jpg,1,0.82860786,0.6960605
PCOS/infected/Image_Rotate_Rotate_Right_181.jpg,1,5.5485544,0.99612194
PCOS/infected/Image_Rotate_Rotate_Right_182.jpg,1,5.5485544,0.99612194
PCOS/infected/Image_Rotate_Rotate_Right_183.jpg,1,4.844278,0.9921882
PCOS/infected/Image_Rotate_Rotate_Right_184.jpg,1,4.844278,0.9921882
PCOS/infected/Image_Rotate_Rotate_Right_185.jpg,1,1.7847949,0.85628796
PCOS/infected/Image_Rotate_Rotate_Right_186.jpg,1,1.7847949,0.85628796
PCOS/infected/Image_Rotate_Rotate_Right_187.jpg,1,4.6327252,0.9903655
PCOS/infected/Image_Rotate_Rotate_Right_188.jpg,1,4.6327252,0.9903655
PCOS/infected/Image_Rotate_Rotate_Right_189.jpg,1,-4.112339,0.016105799
PCOS/infected/Image_Rotate_Rotate_Right_190.jpg,1,-4.112339,0.016105799
PCOS/infected/Image_Rotate_Rotate_Right_191.jpg,1,2.9799478,0.95166004
PCOS/infected/Image_Rotate_Rotate_Right_192.jpg,1,2.9799478,0.95166004
PCOS/infected/Image_Rotate_Rotate_Right_193.jpg,1,1.3425956,0.7929164
PCOS/infected/Image_Rotate_Rotate_Right_194.jpg,1,1.3425956,0.7929164
PCOS/infected/Image_Rotate_Rotate_Right_195.jpg,1,-4.013584,0.017747844
PCOS/infected/Image_Rotate_Rotate_Right_196.jpg,1,-4.013584,0.017747844
PCOS/infected/Image_Rotate_Rotate_Right_197.jpg,1,1.6544242,0.8394881
PCOS/infected/Image_Rotate_Rotate_Right_198.jpg,1,1.6544242,0.8394881
PCOS/infected/Image_Rotate_Rotate_Right_199.jpg,1,2.0951493,0.8904308
PCOS/infected/Image_Rotate_Rotate_Right_200.jpg,1,2.0951493,0.8904308
PCOS/infected/Image_Rotate_Rotate_Right_201.jpg,1,-4.194909,0.014848317
PCOS/infected/Image_Rotate_Rotate_Right_202.jpg,1,-4.194909,0.014848317
PCOS/infected/Image_Rotate_Rotate_Right_203.jpg,1,3.6581001,0.97486657
PCOS/infected/Image_Rotate_Rotate_Right_204.jpg,1,3.6581001,0.97486657
PCOS/infected/Image_Rotate_Rotate_Right_205.jpg,1,6.4616365,0.9984402
PCOS/infected/Image_Rotate_Rotate_Right_206.jpg,1,6.4616365,0.9984402
PCOS/infected/Image_Rotate_Rotate_Right_207.jpg,1,4.3208027,0.9868851
PCOS/infected/Image_Rotate_Rotate_Right_208.jpg,1,4.3208027,0.9868851
PCOS/infected/Image_Rotate_Rotate_Right_209.jpg,1,4.838109,0.99214023
PCOS/infected/Image_Rotate_Rotate_Right_210.jpg,1,4.838109,0.99214023
PCOS/infected/Image_Rotate_Rotate_Right_211.jpg,1,6.2971354,0.99816185
PCOS/infected/Image_Rotate_Rotate_Right_212.jpg,1,6.2971354,0.99816185
PCOS/infected/Image_Rotate_Rotate_Right_213.jpg,1,6.916068,0.99900925
PCOS/infected/Image_Rotate_Rotate_Right_214.jpg,1,6.916068,0.99900925
PCOS/infected/Image_Rotate_Rotate_Right_215.jpg,1,4.3727465,0.98754066
PCOS/infected/Image_Rotate_Rotate_Right_216.jpg,1,4.3727465,0.98754066
PCOS/infected/Image_Rotate_Rotate_Right_217.jpg,1,6.6335425,0.99868625
PCOS/infected/Image_Rotate_Rotate_Right_218.jpg,1,6.6335425,0.99868625
PCOS/infected/Image_Rotate_Rotate_Right_219.jpg,1,6.729629,0.9988065
PCOS/infected/Image_Rotate_Rotate_Right_220.jpg,1,6.729629,0.9988065
PCOS/infected/Image_Rotate_Rotate_Right_221.jpg,1,-4.401661,0.012108551
PCOS/infected/Image_Rotate_Rotate_Right_222.jpg,1,-4.401661,0.012108551
PCOS/infected/Image_Rotate_Rotate_Right_223.jpg,1,7.6457896,0.9995222
PCOS/infected/Image_Rotate_Rotate_Right_224.jpg,1,7.6457896,0.9995222
PCOS/infected/Image_Rotate_Rotate_Right_225.jpg,1,6.934729,0.9990276
PCOS/infected/Image_Rotate_Rotate_Right_226.jpg,1,6.934729,0.9990276
PCOS/infected/Image_Rotate_Rotate_Right_227.jpg,1,-4.0488887,0.017142748
PCOS/infected/Image_Rotate_Rotate_Right_228.jpg,1,-4.0488887,0.017142748
PCOS/infected/Image_Rotate_Rotate_Right_229.jpg,1,-4.477463,0.011234555
PCOS/infected/Image_Rotate_Rotate_Right_230.jpg,1,-4.477463,0.011234555
PCOS/infected/Image_Rotate_Rotate_Right_231.jpg,1,2.6377783,0.9332537
PCOS/infected/Image_Rotate_Rotate_Right_232.jpg,1,2.6377783,0.9332537
PCOS/infected/Image_Rotate_Rotate_Right_233.jpg,1,-4.3296537,0.01300086
PCOS/infected/Image_Rotate_Rotate_Right_234.jpg,1,-4.3296537,0.01300086
PCOS/infected/Image_Rotate_Rotate_Right_235.jpg,1,4.5358953,0.9893964
PCOS/infected/Image_Rotate_Rotate_Right_236.jpg,1,4.5358953,0.9893964
PCOS/infected/Image_Rotate_Rotate_Right_237.jpg,1,3.7494016,0.97700924
PCOS/infected/Image_Rotate_Rotate_Right_238.jpg,1,3.7494016,0.97700924
PCOS/infected/Image_Rotate_Rotate_Right_239.jpg,1,4.3213706,0.9868924
PCOS/infected/Image_Rotate_Rotate_Right_240.jpg,1,4.3213706,0.9868924
PCOS/infected/Image_Rotate_Rotate_Right_241.jpg,1,4.581548,0.98986477
PCOS/infected/Image_Rotate_Rotate_Right_242.jpg,1,4.581548,0.98986477
PCOS/infected/Image_Rotate_Rotate_Right_243.jpg,1,3.8730106,0.97962797
PCOS/infected/Image_Rotate_Rotate_Right_244.jpg,1,3.8730106,0.97962797
PCOS/infected/Image_Rotate_Rotate_Right_245.jpg,1,-4.025303,0.0175447
PCOS/infected/Image_Rotate_Rotate_Right_246.jpg,1,-4.025303,0.0175447
PCOS/infected/Image_Rotate_Rotate_Right_247.jpg,1,5.7681284,0.99688417
PCOS/infected/Image_Rotate_Rotate_Right_248.jpg,1,5.7681284,0.99688417
PCOS/infected/Image_Rotate_Rotate_Right_249.jpg,1,6.2797055,0.99812955
PCOS/infected/Image_Rotate_Rotate_Right_250.jpg,1,6.2797055,0.99812955
PCOS/infected/Image_Rotate_Rotate_Right_251.jpg,1,4.709791,0.9910738
PCOS/infected/Image_Rotate_Rotate_Right_252.jpg,1,4.709791,0.9910738
PCOS/infected/Image_Rotate_Rotate_Right_253.jpg,1,5.1571555,0.9942749
PCOS/infected/Image_Rotate_Rotate_Right_254.jpg,1,5.1571555,0.9942749
PCOS/infected/Image_Rotate_Rotate_Right_255.jpg,1,5.2942963,0.99500495
PCOS/infected/Image_Rotate_Rotate_Right_256.jpg,1,5.2942963,0.99500495
PCOS/infected/Image_Rotate_Rotate_Right_257.jpg,1,-3.8788035,0.02025673
PCOS/infected/Image_Rotate_Rotate_Right_258.jpg,1,-3.8788035,0.02025673
PCOS/infected/Image_Rotate_Rotate_Right_259.jpg,1,3.521023,0.9712801
PCOS/infected/Image_Rotate_Rotate_Right_260.jpg,1,3.521023,0.9712801
PCOS/infected/Image_Rotate_Rotate_Right_261.jpg,1,5.0340886,0.99353
PCOS/infected/Image_Rotate_Rotate_Right_262.jpg,1,5.0340886,0.99353
PCOS/infected/Image_Rotate_Rotate_Right_263.jpg,1,6.929547,0.9990225
PCOS/infected/Image_Rotate_Rotate_Right_264.jpg,1,6.929547,0.9990225
PCOS/infected/Image_Rotate_Rotate_Right_265.jpg,1,7.5696435,0.9994844
PCOS/infected/Image_Rotate_Rotate_Right_266.jpg,1,7.5696435,0.9994844
PCOS/infected/Image_Rotate_Rotate_Right_267.jpg,1,7.016451,0.9991037
PCOS/infected/Image_Rotate_Rotate_Right_268.jpg,1,7.016451,0.9991037
PCOS/infected/Image_Rotate_Rotate_Right_269.jpg,1,-3.9289088,0.01928586
PCOS/infected/Image_Rotate_Rotate_Right_270.jpg,1,-3.9289088,0.01928586
PCOS/infected/Image_Rotate_Rotate_Right_271.jpg,1,5.634498,0.99644023
PCOS/infected/Image_Rotate_Rotate_Right_272.jpg,1,5.634498,0.99644023
PCOS/infected/Image_Rotate_Rotate_Right_273.jpg,1,-2.998211,0.04750677
PCOS/infected/Image_Rotate_Rotate_Right_274.jpg,1,-2.998211,0.04750677
PCOS/infected/Image_Rotate_Rotate_Right_275.jpg,1,5.462831,0.99577636
PCOS/infected/Image_Rotate_Rotate_Right_276.jpg,1,5.462831,0.99577636
PCOS/infected/Image_Rotate_Rotate_Right_277.jpg,1,6.2000227,0.9979747
PCOS/infected/Image_Rotate_Rotate_Right_278.jpg,1,6.2000227,0.9979747
PCOS/infected/Image_Rotate_Rotate_Right_279.jpg,1,6.9231634,0.9990163
PCOS/infected/Image_Rotate_Rotate_Right_280.jpg,1,6.9231634,0.9990163
PCOS/infected/Image_Rotate_Rotate_Right_281.jpg,1,-3.8995643,0.019848783
PCOS/infected/Image_Rotate_Rotate_Right_282.jpg,1,-3.8995643,0.019848783
PCOS/infected/Image_Rotate_Rotate_Right_283.jpg,1,2.2874498,0.90783226
PCOS/infected/Image_Rotate_Rotate_Right_284.jpg,1,2.2874498,0.90783226
PCOS/infected/Image_Rotate_Rotate_Right_285.jpg,1,5.988738,0.9974994
PCOS/infected/Image_Rotate_Rotate_Right_286.jpg,1,5.988738,0.9974994
PCOS/infected/Image_Rotate_Rotate_Right_287.jpg,1,3.6505296,0.97468036
PCOS/infected/Image_Rotate_Rotate_Right_288.jpg,1,3.6505296,0.97468036
PCOS/infected/Image_Rotate_Rotate_Right_289.jpg,1,5.7884226,0.9969465
PCOS/infected/Image_Rotate_Rotate_Right_290.jpg,1,5.7884226,0.9969465
PCOS/infected/Image_Rotate_Rotate_Right_291.jpg,1,3.2139983,0.96135765
PCOS/infected/Image_Rotate_Rotate_Right_292.jpg,1,3.2139983,0.96135765
PCOS/infected/Image_Rotate_Rotate_Right_293.jpg,1,-3.7790108,0.022335028
PCOS/infected/Image_Rotate_Rotate_Right_294.jpg,1,-3.7790108,0.022335028
PCOS/infected/Image_Rotate_Rotate_Right_295.jpg,1,-3.9613414,0.018681902
PCOS/infected/Image_Rotate_Rotate_Right_296.jpg,1,-3.9613414,0.018681902
PCOS/infected/Image_Rotate_Rotate_Right_297.jpg,1,-3.7876604,0.022146933
PCOS/infected/Image_Rotate_Rotate_Right_298.jpg,1,-3.7876604,0.022146933
PCOS/infected/Image_Rotate_Rotate_Right_299.jpg,1,-4.531062,0.010654492
PCOS/infected/Image_Rotate_Rotate_Right_300.jpg,1,-4.531062,0.010654492
PCOS/infected/Image_Rotate_Rotate_Right_301.jpg,1,5.4360247,0.99566215
PCOS/infected/Image_Rotate_Rotate_Right_302.jpg,1,5.4360247,0.99566215
PCOS/infected/Image_Rotate_Rotate_Right_303.jpg,1,4.0583506,0.98301595
PCOS/infected/Image_Rotate_Rotate_Right_304.jpg,1,4.0583506,0.98301595
PCOS/infected/Image_Rotate_Rotate_Right_305.jpg,1,4.3766584,0.9875887
PCOS/infected/Image_Rotate_Rotate_Right_306.jpg,1,4.3766584,0.9875887
PCOS/infected/Image_Rotate_Rotate_Right_307.jpg,1,3.4496608,0.96922106
PCOS/infected/Image_Rotate_Rotate_Right_308.jpg,1,3.4496608,0.96922106
PCOS/infected/Image_Rotate_Rotate_Right_309.jpg,1,6.5020404,0.9985019
PCOS/infected/Image_Rotate_Rotate_Right_310.jpg,1,6.5020404,0.9985019
PCOS/infected/Image_Rotate_Rotate_Right_311.jpg,1,-4.2696834,0.013793295
PCOS/infected/Image_Rotate_Rotate_Right_312.jpg,1,-4.2696834,0.013793295
PCOS/infected/Image_Rotate_Rotate_Right_313.jpg,1,-4.0663247,0.01685143
PCOS/infected/Image_Rotate_Rotate_Right_314.jpg,1,-4.0663247,0.01685143
PCOS/infected/Image_Rotate_Rotate_Right_315.jpg,1,4.1963573,0.98517287
PCOS/infected/Image_Rotate_Rotate_Right_316.jpg,1,4.1963573,0.98517287
PCOS/infected/Image_Rotate_Rotate_Right_317.jpg,1,4.012455,0.98223245
PCOS/infected/Image_Rotate_Rotate_Right_318.jpg,1,4.012455,0.98223245
PCOS/infected/Image_Rotate_Rotate_Right_319.jpg,1,-3.7893531,0.022110306
PCOS/infected/Image_Rotate_Rotate_Right_320.jpg,1,-3.7893531,0.022110306
PCOS/infected/Image_Rotate_Rotate_Right_321.jpg,1,2.9567208,0.95058024
PCOS/infected/Image_Rotate_Rotate_Right_322.jpg,1,2.9567208,0.95058024
PCOS/infected/Image_Rotate_Rotate_Right_323.jpg,1,-4.1212974,0.015964456
PCOS/infected/Image_Rotate_Rotate_Right_324.jpg,1,-4.1212974,0.015964456
PCOS/infected/Image_Rotate_Rotate_Right_325.jpg,1,3.6642284,0.97501624
PCOS/infected/Image_Rotate_Rotate_Right_326.jpg,1,3.6642284,0.97501624
PCOS/infected/Image_Rotate_Rotate_Right_327.jpg,1,4.9664664,0.99308044
PCOS/infected/Image_Rotate_Rotate_Right_328.jpg,1,4.9664664,0.99308044
PCOS/infected/Image_Rotate_Rotate_Right_329.jpg,1,3.9894028,0.9818256
PCOS/infected/Image_Rotate_Rotate_Right_330.jpg,1,3.9894028,0.9818256
PCOS/infected/Image_Rotate_Rotate_Right_331.jpg,1,6.4836326,0.99847406
PCOS/infected/Image_Rotate_Rotate_Right_332.jpg,1,6.4836326,0.99847406
PCOS/infected/Image_Rotate_Rotate_Right_333.jpg,1,4.705534,0.99103594
PCOS/infected/Image_Rotate_Rotate_Right_334.jpg,1,4.705534,0.99103594
PCOS/infected/Image_Rotate_Rotate_Right_335.jpg,1,5.0341687,0.9935306
PCOS/infected/Image_Rotate_Rotate_Right_336.jpg,1,5.0341687,0.9935306
PCOS/infected/Image_Rotate_Rotate_Right_337.jpg,1,4.317425,0.9868413
PCOS/infected/Image_Rotate_Rotate_Right_338.jpg,1,4.317425,0.9868413
PCOS/infected/Image_Rotate_Rotate_Right_339.jpg,1,5.411623,0.99555546
PCOS/infected/Image_Rotate_Rotate_Right_340.jpg,1,5.411623,0.99555546
PCOS/infected/Image_Rotate_Rotate_Right_341.jpg,1,4.1653147,0.9847125
PCOS/infected/Image_Rotate_Rotate_Right_342.jpg,1,4.1653147,0.9847125
PCOS/infected/Image_Rotate_Rotate_Right_343.jpg,1,6.604716,0.99864787
PCOS/infected/Image_Rotate_Rotate_Right_344.jpg,1,6.604716,0.99864787
PCOS/infected/Image_Rotate_Rotate_Right_345.jpg,1,6.8290443,0.99891925
PCOS/infected/Image_Rotate_Rotate_Right_346.jpg,1,6.8290443,0.99891925
PCOS/infected/Image_Rotate_Rotate_Right_347.jpg,1,2.485011,0.9230843
PCOS/infected/Image_Rotate_Rotate_Right_348.jpg,1,2.485011,0.9230843
PCOS/infected/Image_Rotate_Rotate_Right_349.jpg,1,3.1366262,0.95837855
PCOS/infected/Image_Rotate_Rotate_Right_350.jpg,1,3.1366262,0.95837855
PCOS/infected/Image_Rotate_Rotate_Right_351.jpg,1,6.9747496,0.9990657
PCOS/infected/Image_Rotate_Rotate_Right_352.jpg,1,6.9747496,0.9990657
PCOS/infected/Image_Rotate_Rotate_Right_353.jpg,1,-4.6264224,0.00969481
PCOS/infected/Image_Rotate_Rotate_Right_354.jpg,1,-4.6264224,0.00969481
PCOS/infected/Image_Rotate_Rotate_Right_355.jpg,1,5.9494414,0.99739945
PCOS/infected/Image_Rotate_Rotate_Right_356.jpg,1,5.9494414,0.99739945
PCOS/infected/Image_Rotate_Rotate_Right_357.jpg,1,6.2364197,0.998047
PCOS/infected/Image_Rotate_Rotate_Right_358.jpg,1,6.2364197,0.998047
PCOS/infected/Image_Rotate_Rotate_Right_359.jpg,1,-3.9856863,0.01824078
PCOS/infected/Image_Rotate_Rotate_Right_360.jpg,1,-3.9856863,0.01824078
PCOS/infected/Image_Rotate_Rotate_Right_361.jpg,1,-4.075819,0.016694853
PCOS/infected/Image_Rotate_Rotate_Right_362.jpg,1,-4.075819,0.016694853
PCOS/infected/Image_Rotate_Rotate_Right_363.jpg,1,7.675719,0.9995363
PCOS/infected/Image_Rotate_Rotate_Right_364.jpg,1,7.675719,0.9995363
PCOS/infected/Image_Rotate_Rotate_Right_365.jpg,1,8.436603,0.9997832
PCOS/infected/Image_Rotate_Rotate_Right_366.jpg,1,8.436603,0.9997832
PCOS/infected/Image_Rotate_Rotate_Right_367.jpg,1,4.7004213,0.9909904
PCOS/infected/Image_Rotate_Rotate_Right_368.jpg,1,4.7004213,0.9909904
PCOS/infected/Image_Rotate_Rotate_Right_369.jpg,1,-3.97241,0.018480062
PCOS/infected/Image_Rotate_Rotate_Right_370.jpg,1,-3.97241,0.018480062
PCOS/infected/Image_Rotate_Rotate_Right_371.jpg,1,8.146649,0.9997104
PCOS/infected/Image_Rotate_Rotate_Right_372.jpg,1,8.146649,0.9997104
PCOS/infected/Image_Rotate_Rotate_Right_373.jpg,1,2.684527,0.9361074
PCOS/infected/Image_Rotate_Rotate_Right_374.jpg,1,2.684527,0.9361074
PCOS/infected/Image_Rotate_Rotate_Right_375.jpg,1,3.4701705,0.969827
PCOS/infected/Image_Rotate_Rotate_Right_376.jpg,1,3.4701705,0.969827
PCOS/infected/Image_Rotate_Rotate_Right_377.jpg,1,6.020611,0.9975777
PCOS/infected/Image_Rotate_Rotate_Right_378.jpg,1,6.020611,0.9975777
PCOS/infected/Image_Rotate_Rotate_Right_379.jpg,1,2.5825996,0.9297333
PCOS/infected/Image_Rotate_Rotate_Right_380.jpg,1,2.5825996,0.9297333
PCOS/infected/Image_Rotate_Rotate_Right_381.jpg,1,6.8501644,0.99894184
PCOS/infected/Image_Rotate_Rotate_Right_382.jpg,1,6.8501644,0.99894184
PCOS/infected/Image_Rotate_Rotate_Right_383.jpg,1,5.8901625,0.99724114
PCOS/infected/Image_Rotate_Rotate_Right_384.jpg,1,5.8901625,0.99724114
PCOS/infected/Image_Rotate_Rotate_Right_385.jpg,1,6.253615,0.99808025
PCOS/infected/Image_Rotate_Rotate_Right_386.jpg,1,6.253615,0.99808025
PCOS/infected/Image_Rotate_Rotate_Right_387.jpg,1,4.5023165,0.9890382
PCOS/infected/Image_Rotate_Rotate_Right_388.jpg,1,4.5023165,0.9890382
PCOS/infected/Image_Rotate_Rotate_Right_389.jpg,1,-4.0864677,0.01652094
PCOS/infected/Image_Rotate_Rotate_Right_390.jpg,1,-4.0864677,0.01652094
PCOS/infected/Image_Rotate_Rotate_Right_391.jpg,1,5.8885317,0.9972366
PCOS/infected/Image_Rotate_Rotate_Right_392.jpg,1,5.8885317,0.9972366
PCOS/infected/Image_Rotate_Rotate_Right_393.jpg,1,4.2957573,0.98655695
PCOS/infected/Image_Rotate_Rotate_Right_394.jpg,1,4.2957573,0.98655695
PCOS/infected/Image_Rotate_Rotate_Right_395.jpg,1,-4.093555,0.016406178
PCOS/infected/Image_Rotate_Rotate_Right_396.jpg,1,-4.093555,0.016406178
PCOS/infected/Image_Rotate_Rotate_Right_397.jpg,1,3.527673,0.971465
PCOS/infected/Image_Rotate_Rotate_Right_398.jpg,1,3.527673,0.971465
PCOS/infected/Image_Rotate_Rotate_Right_399.jpg,1,5.982377,0.99748355
PCOS/infected/Image_Rotate_Rotate_Right_400.jpg,1,5.982377,0.99748355
PCOS/infected/Image_SETA_001.jpg,1,-4.8968697,0.0074145435
PCOS/infected/Image_SETA_002.jpg,1,-4.8968697,0.0074145435
PCOS/infected/Image_SETA_003.jpg,1,8.976916,0.99987376
PCOS/infected/Image_SETA_004.jpg,1,8.976916,0.99987376
PCOS/infected/Image_SETA_005.jpg,1,2.9885702,0.9520551
PCOS/infected/Image_SETA_006.jpg,1,2.9885702,0.9520551
PCOS/infected/Image_SETA_007.jpg,1,10.8161955,0.99998
PCOS/infected/Image_SETA_008.jpg,1,10.8161955,0.99998
PCOS/infected/Image_SETA_009.jpg,1,9.607932,0.99993277
PCOS/infected/Image_SETA_010.jpg,1,9.607932,0.99993277
PCOS/infected/Image_SETA_011.jpg,1,1.8758291,0.86713135
PCOS/infected/Image_SETA_012.jpg,1,1.8758291,0.86713135
PCOS/infected/Image_SETA_013.jpg,1,9.850661,0.9999473
PCOS/infected/Image_SETA_014.jpg,1,9.850661,0.9999473
PCOS/infected/Image_SETA_015.jpg,1,9.479477,0.9999236
PCOS/infected/Image_SETA_016.jpg,1,9.479477,0.9999236
PCOS/infected/Image_SETA_017.jpg,1,8.723949,0.9998374
PCOS/infected/Image_SETA_018.jpg,1,8.723949,0.9998374
PCOS/infected/Image_SETA_019.jpg,1,7.1244006,0.9991954
PCOS/infected/Image_SETA_020.jpg,1,7.1244006,0.9991954
PCOS/infected/Image_SETA_021.jpg,1,-7.583395,0.000508572
PCOS/infected/Image_SETA_022.jpg,1,-7.583395,0.000508572
PCOS/infected/Image_SETA_023.jpg,1,6.840514,0.9989316
PCOS/infected/Image_SETA_024.jpg,1,6.840514,0.9989316
PCOS/infected/Image_SETA_025.jpg,1,11.100997,0.99998486
PCOS/infected/Image_SETA_026.jpg,1,11.100997,0.99998486
PCOS/infected/Image_SETA_027.jpg,1,-5.864045,0.002831692
PCOS/infected/Image_SETA_028.jpg,1,-5.864045,0.002831692
PCOS/infected/Image_SETA_029.jpg,1,-6.3954415,0.0016663672
PCOS/infected/Image_SETA_030.jpg,1,-6.3954415,0.0016663672
PCOS/infected/Image_SETA_031.jpg,1,10.016189,0.9999553
PCOS/infected/Image_SETA_032.jpg,1,10.016189,0.9999553
PCOS/infected/Image_SETA_033.jpg,1,-7.2889094,0.0006826063
PCOS/infected/Image_SETA_034.jpg,1,-7.2889094,0.0006826063
PCOS/infected/Image_SETA_035.jpg,1,7.071397,0.9991517
PCOS/infected/Image_SETA_036.jpg,1,7.071397,0.9991517
PCOS/infected/Image_SETA_037.jpg,1,10.807682,0.99997973
PCOS/infected/Image_SETA_038.jpg,1,10.807682,0.99997973
PCOS/infected/Image_SETA_039.jpg,1,11.420274,0.99998903
PCOS/infected/Image_SETA_040.jpg,1,11.420274,0.99998903
PCOS/infected/Image_SETA_041.jpg,1,10.516715,0.99997294
PCOS/infected/Image_SETA_042.jpg,1,10.516715,0.99997294
PCOS/infected/Image_SETA_043.jpg,1,10.208297,0.99996316
PCOS/infected/Image_SETA_044.jpg,1,10.208297,0.99996316
PCOS/infected/Image_SETA_045.jpg,1,-6.0234995,0.0024153339
PCOS/infected/Image_SETA_046.jpg,1,-6.0234995,0.0024153339
PCOS/infected/Image_SETA_047.jpg,1,10.744702,0.9999784
PCOS/infected/Image_SETA_048.jpg,1,10.744702,0.9999784
PCOS/infected/Image_SETA_049.jpg,1,7.768215,0.9995772
PCOS/infected/Image_SETA_050.jpg,1,7.768215,0.9995772
PCOS/infected/Image_SETA_051.jpg,1,6.4782095,0.9984658
PCOS/infected/Image_SETA_052.jpg,1,6.4782095,0.9984658
PCOS/infected/Image_SETA_053.jpg,1,7.8495584,0.99961025
PCOS/infected/Image_SETA_054.jpg,1,7.8495584,0.99961025
PCOS/infected/Image_SETA_055.jpg,1,6.0665064,0.99768615
PCOS/infected/Image_SETA_056.jpg,1,6.0665064,0.99768615
PCOS/infected/Image_SETA_057.jpg,1,-6.978491,0.00093084096
PCOS/infected/Image_SETA_058.jpg,1,-6.978491,0.00093084096
PCOS/infected/Image_SETA_059.jpg,1,10.332833,0.99996746
PCOS/infected/Image_SETA_060.jpg,1,10.332833,0.99996746
PCOS/infected/Image_SETA_061.jpg,1,11.166064,0.9999858
PCOS/infected/Image_SETA_062.jpg,1,11.166064,0.9999858
PCOS/infected/Image_SETA_063.jpg,1,7.9896092,0.9996612
PCOS/infected/Image_SETA_064.jpg,1,7.9896092,0.9996612
PCOS/infected/Image_SETA_065.jpg,1,13.389522,0.99999845
PCOS/infected/Image_SETA_066.jpg,1,13.389522,0.99999845
PCOS/infected/Image_SETA_067.jpg,1,9.336286,0.9999118
PCOS/infected/Image_SETA_068.jpg,1,9.336286,0.9999118
PCOS/infected/Image_SETA_069.jpg,1,-6.9598904,0.00094830047
PCOS/infected/Image_SETA_070.jpg,1,-6.9598904,0.00094830047
PCOS/infected/Image_SETA_071.jpg,1,9.379327,0.9999156
PCOS/infected/Image_SETA_072.jpg,1,9.379327,0.9999156
PCOS/infected/Image_SETA_073.jpg,1,-5.4150734,0.0044293054
PCOS/infected/Image_SETA_074.jpg,1,-5.4150734,0.0044293054
PCOS/infected/Image_SETA_075.jpg,1,10.248664,0.9999646
PCOS/infected/Image_SETA_076.jpg,1,10.248664,0.9999646
PCOS/infected/Image_SETA_077.jpg,1,10.185482,0.99996233
PCOS/infected/Image_SETA_078.jpg,1,10.185482,0.99996233
PCOS/infected/Image_SETA_079.jpg,1,7.1411524,0.99920887
PCOS/infected/Image_SETA_080.jpg,1,7.1411524,0.99920887
PCOS/infected/Image_SETA_081.jpg,1,-6.659262,0.0012804503
PCOS/infected/Image_SETA_082.jpg,1,-6.659262,0.0012804503
PCOS/infected/Image_SETA_083.jpg,1,9.685147,0.9999378
PCOS/infected/Image_SETA_084.jpg,1,9.685147,0.9999378
PCOS/infected/Image_SETA_085.jpg,1,1.9253083,0.87272924
PCOS/infected/Image_SETA_086.jpg,1,1.9253083,0.87272924
PCOS/infected/Image_SETA_087.jpg,1,9.094137,0.9998877
PCOS/infected/Image_SETA_088.jpg,1,9.094137,0.9998877
PCOS/infected/Image_SETA_089.jpg,1,6.743477,0.99882287
PCOS/infected/Image_SETA_090.jpg,1,6.743477,0.99882287
PCOS/infected/Image_SETA_091.jpg,1,9.692499,0.99993825
PCOS/infected/Image_SETA_092.jpg,1,9.692499,0.99993825
PCOS/infected/Image_SETA_093.jpg,1,-4.814823,0.008043434
PCOS/infected/Image_SETA_094.jpg,1,-4.814823,0.008043434
PCOS/infected/Image_SETA_095.jpg,1,-6.4245653,0.0016186137
PCOS/infected/Image_SETA_096.jpg,1,-6.4245653,0.0016186137
PCOS/infected/Image_SETA_097.jpg,1,-5.8355093,0.002913422
PCOS/infected/Image_SETA_098.jpg,1,-5.8355093,0.002913422
PCOS/infected/Image_SETA_099.jpg,1,-6.6492286,0.0012933458
PCOS/infected/Image_SETA_100.jpg,1,-6.6492286,0.0012933458
PCOS/infected/Image_SETA_1000.jpg,1,7.9155893,0.9996351
PCOS/infected/Image_SETA_1001.jpg,1,8.539332,0.99980444
PCOS/infected/Image_SETA_1002.jpg,1,8.539332,0.99980444
PCOS/infected/Image_SETA_1003.jpg,1,-5.2214155,0.0053706807
PCOS/infected/Image_SETA_1004.jpg,1,-5.2214155,0.0053706807
PCOS/infected/Image_SETA_1005.jpg,1,8.282756,0.9997472
PCOS/infected/Image_SETA_1006.jpg,1,8.282756,0.9997472
PCOS/infected/Image_SETA_1007.jpg,1,4.2869425,0.9864395
PCOS/infected/Image_SETA_1008.jpg,1,4.2869425,0.9864395
PCOS/infected/Image_SETA_1009.jpg,1,-5.679467,0.0034037526
PCOS/infected/Image_SETA_101.jpg,1,6.469075,0.9984517
PCOS/infected/Image_SETA_1010.jpg,1,-5.679467,0.0034037526
PCOS/infected/Image_SETA_1011.jpg,1,-7.0995255,0.00082481565
PCOS/infected/Image_SETA_1012.jpg,1,-7.0995255,0.00082481565
PCOS/infected/Image_SETA_1013.jpg,1,10.908984,0.99998176
PCOS/infected/Image_SETA_1014.jpg,1,10.908984,0.99998176
PCOS/infected/Image_SETA_1015.jpg,1,10.355849,0.9999682
PCOS/infected/Image_SETA_1016.jpg,1,10.355849,0.9999682
PCOS/infected/Image_SETA_1017.jpg,1,-5.56514,0.00381444
PCOS/infected/Image_SETA_1018.jpg,1,-5.56514,0.00381444
PCOS/infected/Image_SETA_1019.jpg,1,-6.2721295,0.0018846446
PCOS/infected/Image_SETA_102.jpg,1,6.469075,0.9984517
PCOS/infected/Image_SETA_1020.jpg,1,-6.2721295,0.0018846446
PCOS/infected/Image_SETA_1021.jpg,1,8.890582,0.9998623
PCOS/infected/Image_SETA_1022.jpg,1,8.890582,0.9998623
PCOS/infected/Image_SETA_1023.jpg,1,11.29536,0.9999876
PCOS/infected/Image_SETA_1024.jpg,1,11.29536,0.9999876
PCOS/infected/Image_SETA_103.jpg,1,8.903464,0.9998641
PCOS/infected/Image_SETA_104.jpg,1,8.903464,0.9998641
PCOS/infected/Image_SETA_105.jpg,1,9.893422,0.99994946
PCOS/infected/Image_SETA_106.jpg,1,9.893422,0.99994946
PCOS/infected/Image_SETA_107.jpg,1,4.298313,0.98659086
PCOS/infected/Image_SETA_108.jpg,1,4.298313,0.98659086
PCOS/infected/Image_SETA_109.jpg,1,3.0095463,0.9530036
PCOS/infected/Image_SETA_110.jpg,1,3.0095463,0.9530036
PCOS/infected/Image_SETA_111.jpg,1,-5.8149657,0.0029737132
PCOS/infected/Image_SETA_112.jpg,1,-5.8149657,0.0029737132
PCOS/infected/Image_SETA_113.jpg,1,-6.154199,0.0021200378
PCOS/infected/Image_SETA_114.jpg,1,-6.154199,0.0021200378
PCOS/infected/Image_SETA_115.jpg,1,8.603477,0.9998166
PCOS/infected/Image_SETA_116.jpg,1,8.603477,0.9998166
PCOS/infected/Image_SETA_117.jpg,1,12.042192,0.99999416
PCOS/infected/Image_SETA_118.jpg,1,12.042192,0.99999416
PCOS/infected/Image_SETA_119.jpg,1,-6.1172476,0.002199666
PCOS/infected/Image_SETA_120.jpg,1,-6.1172476,0.002199666
PCOS/infected/Image_SETA_121.jpg,1,7.5734024,0.9994863
PCOS/infected/Image_SETA_122.jpg,1,7.5734024,0.9994863
PCOS/infected/Image_SETA_123.jpg,1,-6.177226,0.0020718777
PCOS/infected/Image_SETA_124.jpg,1,-6.177226,0.0020718777
PCOS/infected/Image_SETA_125.jpg,1,9.343743,0.9999125
PCOS/infected/Image_SETA_126.jpg,1,9.343743,0.9999125
PCOS/infected/Image_SETA_127.jpg,1,11.576926,0.9999906
PCOS/infected/Image_SETA_128.jpg,1,11.576926,0.9999906
PCOS/infected/Image_SETA_129.jpg,1,7.823913,0.9996001
PCOS/infected/Image_SETA_130.jpg,1,7.823913,0.9996001
PCOS/infected/Image_SETA_131.jpg,1,1.3673412,0.7969502
PCOS/infected/Image_SETA_132.jpg,1,1.3673412,0.7969502
PCOS/infected/Image_SETA_133.jpg,1,9.394708,0.9999168
PCOS/infected/Image_SETA_134.jpg,1,9.394708,0.9999168
PCOS/infected/Image_SETA_135.jpg,1,3.0260224,0.953736
PCOS/infected/Image_SETA_136.jpg,1,3.0260224,0.953736
PCOS/infected/Image_SETA_137.jpg,1,3.2993586,0.9644068
PCOS/infected/Image_SETA_138.jpg,1,3.2993586,0.9644068
PCOS/infected/Image_SETA_139.jpg,1,1.6037335,0.83253956
PCOS/infected/Image_SETA_140.jpg,1,1.6037335,0.83253956
PCOS/infected/Image_SETA_141.jpg,1,5.498191,0.99592257
PCOS/infected/Image_SETA_142.jpg,1,5.498191,0.99592257
PCOS/infected/Image_SETA_143.jpg,1,8.647367,0.99982446
PCOS/infected/Image_SETA_144.jpg,1,8.647367,0.99982446
PCOS/infected/Image_SETA_145.jpg,1,8.222964,0.9997316
PCOS/infected/Image_SETA_146.jpg,1,8.222964,0.9997316
PCOS/infected/Image_SETA_147.jpg,1,8.495182,0.9997956
PCOS/infected/Image_SETA_148.jpg,1,8.495182,0.9997956
PCOS/infected/Image_SETA_149.jpg,1,9.228827,0.9999019
PCOS/infected/Image_SETA_150.jpg,1,9.228827,0.9999019
PCOS/infected/Image_SETA_151.jpg,1,2.6990204,0.93696886
PCOS/infected/Image_SETA_152.jpg,1,2.6990204,0.93696886
PCOS/infected/Image_SETA_153.jpg,1,-7.9580245,0.0003497212
PCOS/infected/Image_SETA_154.jpg,1,-7.9580245,0.0003497212
PCOS/infected/Image_SETA_155.jpg,1,11.844335,0.99999285
PCOS/infected/Image_SETA_156.jpg,1,11.844335,0.99999285
PCOS/infected/Image_SETA_157.jpg,1,7.512499,0.9994541
PCOS/infected/Image_SETA_158.jpg,1,7.512499,0.9994541
PCOS/infected/Image_SETA_159.jpg,1,-5.2715464,0.005109423
PCOS/infected/Image_SETA_160.jpg,1,-5.2715464,0.005109423
PCOS/infected/Image_SETA_161.jpg,1,-5.103949,0.006036062
PCOS/infected/Image_SETA_162.jpg,1,-5.103949,0.006036062
PCOS/infected/Image_SETA_163.jpg,1,8.129953,0.9997055
PCOS/infected/Image_SETA_164.jpg,1,8.129953,0.9997055
PCOS/infected/Image_SETA_165.jpg,1,9.785825,0.99994373
PCOS/infected/Image_SETA_166.jpg,1,9.785825,0.99994373
PCOS/infected/Image_SETA_167.jpg,1,5.1230183,0.9940773
PCOS/infected/Image_SETA_168.jpg,1,5.1230183,0.9940773
PCOS/infected/Image_SETA_169.jpg,1,-5.312357,0.004906104
PCOS/infected/Image_SETA_170.jpg,1,-5.312357,0.004906104
PCOS/infected/Image_SETA_171.jpg,1,7.8017797,0.9995912
PCOS/infected/Image_SETA_172.jpg,1,7.8017797,0.9995912
PCOS/infected/Image_SETA_173.jpg,1,4.9651294,0.99307126
PCOS/infected/Image_SETA_174.jpg,1,4.9651294,0.99307126
PCOS/infected/Image_SETA_175.jpg,1,10.592903,0.99997497
PCOS/infected/Image_SETA_176.jpg,1,10.592903,0.99997497
PCOS/infected/Image_SETA_177.jpg,1,3.5957077,0.97329164
PCOS/infected/Image_SETA_178.jpg,1,3.5957077,0.97329164
PCOS/infected/Image_SETA_179.jpg,1,10.293342,0.99996614
PCOS/infected/Image_SETA_180.jpg,1,10.293342,0.99996614
PCOS/infected/Image_SETA_181.jpg,1,10.70824,0.9999776
PCOS/infected/Image_SETA_182.jpg,1,10.70824,0.9999776
PCOS/infected/Image_SETA_183.jpg,1,7.773252,0.99957937
PCOS/infected/Image_SETA_184.jpg,1,7.773252,0.99957937
PCOS/infected/Image_SETA_185.jpg,1,1.203908,0.7692192
PCOS/infected/Image_SETA_186.jpg,1,1.203908,0.7692192
PCOS/infected/Image_SETA_187.jpg,1,7.700824,0.9995478
PCOS/infected/Image_SETA_188.jpg,1,7.700824,0.9995478
PCOS/infected/Image_SETA_189.jpg,1,-5.704723,0.0033191466
PCOS/infected/Image_SETA_190.jpg,1,-5.704723,0.0033191466
PCOS/infected/Image_SETA_191.jpg,1,2.903878,0.9480378
PCOS/infected/Image_SETA_192.jpg,1,2.903878,0.9480378
PCOS/infected/Image_SETA_193.jpg,1,9.5332365,0.99992764
PCOS/infected/Image_SETA_194.jpg,1,9.5332365,0.99992764
PCOS/infected/Image_SETA_195.jpg,1,-6.069153,0.0023077938
PCOS/infected/Image_SETA_196.jpg,1,-6.069153,0.0023077938
PCOS/infected/Image_SETA_197.jpg,1,10.14914,0.9999609
PCOS/infected/Image_SETA_198.jpg,1,10.14914,0.9999609
PCOS/infected/Image_SETA_199.jpg,1,3.0994403,0.9568696
PCOS/infected/Image_SETA_200.jpg,1,3.0994403,0.9568696
PCOS/infected/Image_SETA_201.jpg,1,10.285071,0.9999659
PCOS/infected/Image_SETA_202.jpg,1,10.285071,0.9999659
PCOS/infected/Image_SETA_203.jpg,1,8.576043,0.9998115
PCOS/infected/Image_SETA_204.jpg,1,8.576043,0.9998115
PCOS/infected/Image_SETA_205.jpg,1,11.08538,0.9999846
PCOS/infected/Image_SETA_206.jpg,1,11.08538,0.9999846
PCOS/infected/Image_SETA_207.jpg,1,8.3909025,0.9997731
PCOS/infected/Image_SETA_208.jpg,1,8.3909025,0.9997731
PCOS/infected/Image_SETA_209.jpg,1,9.766005,0.99994266
PCOS/infected/Image_SETA_210.jpg,1,9.766005,0.99994266
PCOS/infected/Image_SETA_211.jpg,1,7.8852525,0.9996239
PCOS/infected/Image_SETA_212.jpg,1,7.8852525,0.9996239
PCOS/infected/Image_SETA_213.jpg,1,9.909781,0.9999503
PCOS/infected/Image_SETA_214.jpg,1,9.909781,0.9999503
PCOS/infected/Image_SETA_215.jpg,1,-6.1141286,0.0022065223
PCOS/infected/Image_SETA_216.jpg,1,-6.1141286,0.0022065223
PCOS/infected/Image_SETA_217.jpg,1,10.946173,0.99998236
PCOS/infected/Image_SETA_218.jpg,1,10.946173,0.99998236
PCOS/infected/Image_SETA_219.jpg,1,8.789399,0.99984765
PCOS/infected/Image_SETA_220.jpg,1,8.789399,0.99984765
PCOS/infected/Image_SETA_221.jpg,1,1.6010485,0.8321649
PCOS/infected/Image_SETA_222.jpg,1,1.6010485,0.8321649
PCOS/infected/Image_SETA_223.jpg,1,2.51415,0.92512786
PCOS/infected/Image_SETA_224.jpg,1,2.51415,0.92512786
PCOS/infected/Image_SETA_225.jpg,1,8.461996,0.9997887
PCOS/infected/Image_SETA_226.jpg,1,8.461996,0.9997887
PCOS/infected/Image_SETA_227.jpg,1,10.162078,0.9999614
PCOS/infected/Image_SETA_228.jpg,1,10.162078,0.9999614
PCOS/infected/Image_SETA_229.jpg,1,3.3820581,0.967139
PCOS/infected/Image_SETA_230.jpg,1,3.3820581,0.967139
PCOS/infected/Image_SETA_231.jpg,1,9.674553,0.9999372
PCOS/infected/Image_SETA_232.jpg,1,9.674553,0.9999372
PCOS/infected/Image_SETA_233.jpg,1,-5.164754,0.0056819995
PCOS/infected/Image_SETA_234.jpg,1,-5.164754,0.0056819995
PCOS/infected/Image_SETA_235.jpg,1,2.7771454,0.9414283
PCOS/infected/Image_SETA_236.jpg,1,2.7771454,0.9414283
PCOS/infected/Image_SETA_237.jpg,1,9.019311,0.999879
PCOS/infected/Image_SETA_238.jpg,1,9.019311,0.999879
PCOS/infected/Image_SETA_239.jpg,1,3.8140996,0.9784185
PCOS/infected/Image_SETA_240.jpg,1,3.8140996,0.9784185
PCOS/infected/Image_SETA_241.jpg,1,10.563489,0.99997413
PCOS/infected/Image_SETA_242.jpg,1,10.563489,0.99997413
PCOS/infected/Image_SETA_243.jpg,1,6.5080814,0.9985109
PCOS/infected/Image_SETA_244.jpg,1,6.5080814,0.9985109
PCOS/infected/Image_SETA_245.jpg,1,10.586722,0.9999747
PCOS/infected/Image_SETA_246.jpg,1,10.586722,0.9999747
PCOS/infected/Image_SETA_247.jpg,1,-6.263919,0.0019001529
PCOS/infected/Image_SETA_248.jpg,1,-6.263919,0.0019001529
PCOS/infected/Image_SETA_249.jpg,1,9.426804,0.9999194
PCOS/infected/Image_SETA_250.jpg,1,9.426804,0.9999194
PCOS/infected/Image_SETA_251.jpg,1,8.978663,0.9998739
PCOS/infected/Image_SETA_252.jpg,1,8.978663,0.9998739
PCOS/infected/Image_SETA_253.jpg,1,2.0397787,0.88491076
PCOS/infected/Image_SETA_254.jpg,1,2.0397787,0.88491076
PCOS/infected/Image_SETA_255.jpg,1,11.634347,0.9999912
PCOS/infected/Image_SETA_256.jpg,1,11.634347,0.9999912
PCOS/infected/Image_SETA_257.jpg,1,11.3701105,0.99998844
PCOS/infected/Image_SETA_258.jpg,1,11.3701105,0.99998844
PCOS/infected/Image_SETA_259.jpg,1,-4.662988,0.009349969
PCOS/infected/Image_SETA_260.jpg,1,-4.662988,0.009349969
PCOS/infected/Image_SETA_261.jpg,1,-6.6964116,0.0012338127
PCOS/infected/Image_SETA_262.jpg,1,-6.6964116,0.0012338127
PCOS/infected/Image_SETA_263.jpg,1,-5.651439,0.0035001636
PCOS/infected/Image_SETA_264.jpg,1,-5.651439,0.0035001636
PCOS/infected/Image_SETA_265.jpg,1,10.581845,0.9999746
PCOS/infected/Image_SETA_266.jpg,1,10.581845,0.9999746
PCOS/infected/Image_SETA_267.jpg,1,7.5663586,0.99948263
PCOS/infected/Image_SETA_268.jpg,1,7.5663586,0.99948263
PCOS/infected/Image_SETA_269.jpg,1,3.8275404,0.97870046
PCOS/infected/Image_SETA_270.jpg,1,3.8275404,0.97870046
PCOS/infected/Image_SETA_271.jpg,1,10.627107,0.9999758
PCOS/infected/Image_SETA_272.jpg,1,10.627107,0.9999758
PCOS/infected/Image_SETA_273.jpg,1,7.9883223,0.99966073
PCOS/infected/Image_SETA_274.jpg,1,7.9883223,0.99966073
PCOS/infected/Image_SETA_275.jpg,1,8.047625,0.9996803
PCOS/infected/Image_SETA_276.jpg,1,8.047625,0.9996803
PCOS/infected/Image_SETA_277.jpg,1,-6.031026,0.0023972667
PCOS/infected/Image_SETA_278.jpg,1,-6.031026,0.0023972667
PCOS/infected/Image_SETA_279.jpg,1,-6.133616,0.0021640316
PCOS/infected/Image_SETA_280.jpg,1,-6.133616,0.0021640316
PCOS/infected/Image_SETA_281.jpg,1,-6.651897,0.0012899039
PCOS/infected/Image_SETA_282.jpg,1,-6.651897,0.0012899039
PCOS/infected/Image_SETA_283.jpg,1,9.2927,0.99990785
PCOS/infected/Image_SETA_284.jpg,1,9.2927,0.99990785
PCOS/infected/Image_SETA_285.jpg,1,9.415618,0.9999186
PCOS/infected/Image_SETA_286.jpg,1,9.415618,0.9999186
PCOS/infected/Image_SETA_287.jpg,1,9.100915,0.9998884
PCOS/infected/Image_SETA_288.jpg,1,9.100915,0.9998884
PCOS/infected/Image_SETA_289.jpg,1,9.068855,0.99988484
PCOS/infected/Image_SETA_290.jpg,1,9.068855,0.99988484
PCOS/infected/Image_SETA_291.jpg,1,8.970939,0.9998729
PCOS/infected/Image_SETA_292.jpg,1,8.970939,0.9998729
PCOS/infected/Image_SETA_293.jpg,1,7.5395346,0.9994686
PCOS/infected/Image_SETA_294.jpg,1,7.5395346,0.9994686
PCOS/infected/Image_SETA_295.jpg,1,7.4283733,0.9994062
PCOS/infected/Image_SETA_296.jpg,1,7.4283733,0.9994062
PCOS/infected/Image_SETA_297.jpg,1,6.5810175,0.9986155
PCOS/infected/Image_SETA_298.jpg,1,6.5810175,0.9986155
PCOS/infected/Image_SETA_299.jpg,1,5.117315,0.99404365
PCOS/infected/Image_SETA_300.jpg,1,5.117315,0.99404365
PCOS/infected/Image_SETA_301.jpg,1,-6.1279106,0.0021763865
PCOS/infected/Image_SETA_302.jpg,1,-6.1279106,0.0021763865
PCOS/infected/Image_SETA_303.jpg,1,8.001313,0.99966514
PCOS/infected/Image_SETA_304.jpg,1,8.001313,0.99966514
PCOS/infected/Image_SETA_305.jpg,1,-5.5940866,0.0037060096
PCOS/infected/Image_SETA_306.jpg,1,-5.5940866,0.0037060096
PCOS/infected/Image_SETA_307.jpg,1,9.610597,0.999933
PCOS/infected/Image_SETA_308.jpg,1,9.610597,0.999933
PCOS/infected/Image_SETA_309.jpg,1,8.374886,0.9997695
PCOS/infected/Image_SETA_310.jpg,1,8.374886,0.9997695
PCOS/infected/Image_SETA_311.jpg,1,-7.1346602,0.0007963618
PCOS/infected/Image_SETA_312.jpg,1,-7.1346602,0.0007963618
PCOS/infected/Image_SETA_313.jpg,1,7.9949646,0.999663
PCOS/infected/Image_SETA_314.jpg,1,7.9949646,0.999663
PCOS/infected/Image_SETA_315.jpg,1,5.152699,0.99424946
PCOS/infected/Image_SETA_316.jpg,1,5.152699,0.99424946
PCOS/infected/Image_SETA_317.jpg,1,-5.0878468,0.0061334427
PCOS/infected/Image_SETA_318.jpg,1,-5.0878468,0.0061334427
PCOS/infected/Image_SETA_319.jpg,1,-5.4743223,0.0041755605
PCOS/infected/Image_SETA_320.jpg,1,-5.4743223,0.0041755605
PCOS/infected/Image_SETA_321.jpg,1,-5.116433,0.0059616226
PCOS/infected/Image_SETA_322.jpg,1,-5.116433,0.0059616226
PCOS/infected/Image_SETA_323.jpg,1,10.930774,0.9999821
PCOS/infected/Image_SETA_324.jpg,1,10.930774,0.9999821
PCOS/infected/Image_SETA_325.jpg,1,3.1383212,0.95844615
PCOS/infected/Image_SETA_326.jpg,1,3.1383212,0.95844615
PCOS/infected/Image_SETA_327.jpg,1,-5.6924853,0.0033598773
PCOS/infected/Image_SETA_328.jpg,1,-5.6924853,0.0033598773
PCOS/infected/Image_SETA_329.jpg,1,8.795678,0.9998486
PCOS/infected/Image_SETA_330.jpg,1,8.795678,0.9998486
PCOS/infected/Image_SETA_331.jpg,1,8.102815,0.99969745
PCOS/infected/Image_SETA_332.jpg,1,8.102815,0.99969745
PCOS/infected/Image_SETA_333.jpg,1,7.635918,0.99951744
PCOS/infected/Image_SETA_334.jpg,1,7.635918,0.99951744
PCOS/infected/Image_SETA_335.jpg,1,1.9891944,0.8796579
PCOS/infected/Image_SETA_336.jpg,1,1.9891944,0.8796579
PCOS/infected/Image_SETA_337.jpg,1,8.602272,0.99981636
PCOS/infected/Image_SETA_338.jpg,1,8.602272,0.99981636
PCOS/infected/Image_SETA_339.jpg,1,10.752113,0.99997854
PCOS/infected/Image_SETA_340.jpg,1,10.752113,0.99997854
PCOS/infected/Image_SETA_341.jpg,1,8.016039,0.99967
PCOS/infected/Image_SETA_342.jpg,1,8.016039,0.99967
PCOS/infected/Image_SETA_343.jpg,1,-5.586688,0.0037334277
PCOS/infected/Image_SETA_344.jpg,1,-5.586688,0.0037334277
PCOS/infected/Image_SETA_345.jpg,1,1.7551774,0.8526046
PCOS/infected/Image_SETA_346.jpg,1,1.7551774,0.8526046
PCOS/infected/Image_SETA_347.jpg,1,8.69474,0.9998325
PCOS/infected/Image_SETA_348.jpg,1,8.69474,0.9998325
PCOS/infected/Image_SETA_349.jpg,1,10.776282,0.99997914
PCOS/infected/Image_SETA_350.jpg,1,10.776282,0.99997914
PCOS/infected/Image_SETA_351.jpg,1,8.140141,0.9997085
PCOS/infected/Image_SETA_352.jpg,1,8.140141,0.9997085
PCOS/infected/Image_SETA_353.jpg,1,9.993751,0.99995434
PCOS/infected/Image_SETA_354.jpg,1,9.993751,0.99995434
PCOS/infected/Image_SETA_355.jpg,1,10.113795,0.99995947
PCOS/infected/Image_SETA_356.jpg,1,10.113795,0.99995947
PCOS/infected/Image_SETA_357.jpg,1,-6.8769417,0.0010302308
PCOS/infected/Image_SETA_358.jpg,1,-6.8769417,0.0010302308
PCOS/infected/Image_SETA_359.jpg,1,-5.4244566,0.00438812
PCOS/infected/Image_SETA_360.jpg,1,-5.4244566,0.00438812
PCOS/infected/Image_SETA_361.jpg,1,2.9169235,0.94867665
PCOS/infected/Image_SETA_362.jpg,1,2.9169235,0.94867665
PCOS/infected/Image_SETA_363.jpg,1,-5.808026,0.0029943602
PCOS/infected/Image_SETA_364.jpg,1,-5.808026,0.0029943602
PCOS/infected/Image_SETA_365.jpg,1,11.250585,0.999987
PCOS/infected/Image_SETA_366.jpg,1,11.250585,0.999987
PCOS/infected/Image_SETA_367.jpg,1,8.912114,0.9998653
PCOS/infected/Image_SETA_368.jpg,1,8.912114,0.9998653
PCOS/infected/Image_SETA_369.jpg,1,8.009901,0.999668
PCOS/infected/Image_SETA_370.jpg,1,8.009901,0.999668
PCOS/infected/Image_SETA_371.jpg,1,7.437526,0.9994116
PCOS/infected/Image_SETA_372.jpg,1,7.437526,0.9994116
PCOS/infected/Image_SETA_373.jpg,1,6.98984,0.9990796
PCOS/infected/Image_SETA_374.jpg,1,6.98984,0.9990796
PCOS/infected/Image_SETA_375.jpg,1,8.651032,0.99982506
PCOS/infected/Image_SETA_376.jpg,1,8.651032,0.99982506
PCOS/infected/Image_SETA_377.jpg,1,12.710504,0.999997
PCOS/infected/Image_SETA_378.jpg,1,12.710504,0.999997
PCOS/infected/Image_SETA_379.jpg,1,9.022699,0.99987936
PCOS/infected/Image_SETA_380.jpg,1,9.022699,0.99987936
PCOS/infected/Image_SETA_381.jpg,1,-6.5552225,0.0014206452
PCOS/infected/Image_SETA_382.jpg,1,-6.5552225,0.0014206452
PCOS/infected/Image_SETA_383.jpg,1,1.6182704,0.8345565
PCOS/infected/Image_SETA_384.jpg,1,1.6182704,0.8345565
PCOS/infected/Image_SETA_385.jpg,1,7.984907,0.99965954
PCOS/infected/Image_SETA_386.jpg,1,7.984907,0.99965954
PCOS/infected/Image_SETA_387.jpg,1,11.825085,0.9999927
PCOS/infected/Image_SETA_388.jpg,1,11.825085,0.9999927
PCOS/infected/Image_SETA_389.jpg,1,-6.2005014,0.0020243071
PCOS/infected/Image_SETA_390.jpg,1,-6.2005014,0.0020243071
PCOS/infected/Image_SETA_391.jpg,1,-7.2155294,0.00073454133
PCOS/infected/Image_SETA_392.jpg,1,-7.2155294,0.00073454133
PCOS/infected/Image_SETA_393.jpg,1,8.943365,0.99986935
PCOS/infected/Image_SETA_394.jpg,1,8.943365,0.99986935
PCOS/infected/Image_SETA_395.jpg,1,7.5602326,0.9994796
PCOS/infected/Image_SETA_396.jpg,1,7.5602326,0.9994796
PCOS/infected/Image_SETA_397.jpg,1,4.6979218,0.99096817
PCOS/infected/Image_SETA_398.jpg,1,4.6979218,0.99096817
PCOS/infected/Image_SETA_399.jpg,1,9.779822,0.9999434
PCOS/infected/Image_SETA_400.jpg,1,9.779822,0.9999434
PCOS/infected/Image_SETA_401.jpg,1,9.50402,0.9999255
PCOS/infected/Image_SETA_402.jpg,1,9.50402,0.9999255
PCOS/infected/Image_SETA_403.jpg,1,9.36564,0.9999144
PCOS/infected/Image_SETA_404.jpg,1,9.36564,0.9999144
PCOS/infected/Image_SETA_405.jpg,1,-5.7867317,0.0030586093
PCOS/infected/Image_SETA_406.jpg,1,-5.7867317,0.0030586093
PCOS/infected/Image_SETA_407.jpg,1,8.932725,0.99986804
PCOS/infected/Image_SETA_408.jpg,1,8.932725,0.99986804
PCOS/infected/Image_SETA_409.jpg,1,14.462636,0.9999995
PCOS/infected/Image_SETA_410.jpg,1,14.462636,0.9999995
PCOS/infected/Image_SETA_411.jpg,1,8.978159,0.9998739
PCOS/infected/Image_SETA_412.jpg,1,8.978159,0.9998739
PCOS/infected/Image_SETA_413.jpg,1,10.434726,0.99997056
PCOS/infected/Image_SETA_414.jpg,1,10.434726,0.99997056
PCOS/infected/Image_SETA_415.jpg,1,9.71194,0.99993944
PCOS/infected/Image_SETA_416.jpg,1,9.71194,0.99993944
PCOS/infected/Image_SETA_417.jpg,1,10.730462,0.9999782
PCOS/infected/Image_SETA_418.jpg,1,10.730462,0.9999782
PCOS/infected/Image_SETA_419.jpg,1,10.005088,0.9999548
PCOS/infected/Image_SETA_420.jpg,1,10.005088,0.9999548
PCOS/infected/Image_SETA_421.jpg,1,-6.016523,0.0024322027
PCOS/infected/Image_SETA_422.jpg,1,-6.016523,0.0024322027
PCOS/infected/Image_SETA_423.jpg,1,10.681548,0.999977
PCOS/infected/Image_SETA_424.jpg,1,10.681548,0.999977
PCOS/infected/Image_SETA_425.jpg,1,9.872457,0.9999484
PCOS/infected/Image_SETA_426.jpg,1,9.872457,0.9999484
PCOS/infected/Image_SETA_427.jpg,1,7.594075,0.9994968
PCOS/infected/Image_SETA_428.jpg,1,7.594075,0.9994968
PCOS/infected/Image_SETA_429.jpg,1,4.102255,0.9837336
PCOS/infected/Image_SETA_430.jpg,1,4.102255,0.9837336
PCOS/infected/Image_SETA_431.jpg,1,4.1409516,0.9843413
PCOS/infected/Image_SETA_432.jpg,1,4.1409516,0.9843413
PCOS/infected/Image_SETA_433.jpg,1,12.773725,0.99999714
PCOS/infected/Image_SETA_434.jpg,1,12.773725,0.99999714
PCOS/infected/Image_SETA_435.jpg,1,-4.6454253,0.009514056
PCOS/infected/Image_SETA_436.jpg,1,-4.6454253,0.009514056
PCOS/infected/Image_SETA_437.jpg,1,-5.4623995,0.0042254315
PCOS/infected/Image_SETA_438.jpg,1,-5.4623995,0.0042254315
PCOS/infected/Image_SETA_439.jpg,1,-6.33624,0.0017678182
PCOS/infected/Image_SETA_440.jpg,1,-6.33624,0.0017678182
PCOS/infected/Image_SETA_441.jpg,1,-5.2199016,0.0053787744
PCOS/infected/Image_SETA_442.jpg,1,-5.2199016,0.0053787744
PCOS/infected/Image_SETA_443.jpg,1,10.17702,0.999962
PCOS/infected/Image_SETA_444.jpg,1,10.17702,0.999962
PCOS/infected/Image_SETA_445.jpg,1,-6.3884406,0.0016780548
PCOS/infected/Image_SETA_446.jpg,1,-6.3884406,0.0016780548
PCOS/infected/Image_SETA_447.jpg,1,-7.931259,0.0003592046
PCOS/infected/Image_SETA_448.jpg,1,-7.931259,0.0003592046
PCOS/infected/Image_SETA_449.jpg,1,10.723204,0.99997795
PCOS/infected/Image_SETA_450.jpg,1,10.723204,0.99997795
PCOS/infected/Image_SETA_451.jpg,1,7.21624,0.99926597
PCOS/infected/Image_SETA_452.jpg,1,7.21624,0.99926597
PCOS/infected/Image_SETA_453.jpg,1,7.9410963,0.9996443
PCOS/infected/Image_SETA_454.jpg,1,7.9410963,0.9996443
PCOS/infected/Image_SETA_455.jpg,1,9.469448,0.9999229
PCOS/infected/Image_SETA_456.jpg,1,9.469448,0.9999229
PCOS/infected/Image_SETA_457.jpg,1,6.2166986,0.9980082
PCOS/infected/Image_SETA_458.jpg,1,6.2166986,0.9980082
PCOS/infected/Image_SETA_459.jpg,1,-6.8672233,0.0010402814
PCOS/infected/Image_SETA_460.jpg,1,-6.8672233,0.0010402814
PCOS/infected/Image_SETA_461.jpg,1,10.815522,0.99998
PCOS/infected/Image_SETA_462.jpg,1,10.815522,0.99998
PCOS/infected/Image_SETA_463.jpg,1,-6.1346955,0.0021617017
PCOS/infected/Image_SETA_464.jpg,1,-6.1346955,0.0021617017
PCOS/infected/Image_SETA_465.jpg,1,-6.584878,0.0013791911
PCOS/infected/Image_SETA_466.jpg,1,-6.584878,0.0013791911
PCOS/infected/Image_SETA_467.jpg,1,8.27793,0.999746
PCOS/infected/Image_SETA_468.jpg,1,8.27793,0.999746
PCOS/infected/Image_SETA_469.jpg,1,6.297785,0.99816304
PCOS/infected/Image_SETA_470.jpg,1,6.297785,0.99816304
PCOS/infected/Image_SETA_471.jpg,1,8.128737,0.99970514
PCOS/infected/Image_SETA_472.jpg,1,8.128737,0.99970514
PCOS/infected/Image_SETA_473.jpg,1,3.049594,0.95476496
PCOS/infected/Image_SETA_474.jpg,1,3.049594,0.95476496
PCOS/infected/Image_SETA_475.jpg,1,9.720641,0.9999399
PCOS/infected/Image_SETA_476.jpg,1,9.720641,0.9999399
PCOS/infected/Image_SETA_477.jpg,1,-5.4564934,0.004250355
PCOS/infected/Image_SETA_478.jpg,1,-5.4564934,0.004250355
PCOS/infected/Image_SETA_479.jpg,1,9.523455,0.9999269
PCOS/infected/Image_SETA_480.jpg,1,9.523455,0.9999269
PCOS/infected/Image_SETA_481.jpg,1,8.841893,0.9998554
PCOS/infected/Image_SETA_482.jpg,1,8.841893,0.9998554
PCOS/infected/Image_SETA_483.jpg,1,-6.0563164,0.0023375389
PCOS/infected/Image_SETA_484.jpg,1,-6.0563164,0.0023375389
PCOS/infected/Image_SETA_485.jpg,1,-5.221054,0.005372612
PCOS/infected/Image_SETA_486.jpg,1,-5.221054,0.005372612
PCOS/infected/Image_SETA_487.jpg,1,9.308773,0.9999094
PCOS/infected/Image_SETA_488.jpg,1,9.308773,0.9999094
PCOS/infected/Image_SETA_489.jpg,1,5.966789,0.99744415
PCOS/infected/Image_SETA_490.jpg,1,5.966789,0.99744415
PCOS/infected/Image_SETA_491.jpg,1,7.654333,0.99952626
PCOS/infected/Image_SETA_492.jpg,1,7.654333,0.99952626
PCOS/infected/Image_SETA_493.jpg,1,-7.3282666,0.00065627997
PCOS/infected/Image_SETA_494.jpg,1,-7.3282666,0.00065627997
PCOS/infected/Image_SETA_495.jpg,1,10.476732,0.99997187
PCOS/infected/Image_SETA_496.jpg,1,10.476732,0.99997187
PCOS/infected/Image_SETA_497.jpg,1,1.3425214,0.7929043
PCOS/infected/Image_SETA_498.jpg,1,1.3425214,0.7929043
PCOS/infected/Image_SETA_499.jpg,1,7.708318,0.9995511
PCOS/infected/Image_SETA_500.jpg,1,7.708318,0.9995511
PCOS/infected/Image_SETA_501.jpg,1,3.556307,0.9722481
PCOS/infected/Image_SETA_502.jpg,1,3.556307,0.9722481
PCOS/infected/Image_SETA_503.jpg,1,9.096028,0.99988794
PCOS/infected/Image_SETA_504.jpg,1,9.096028,0.99988794
PCOS/infected/Image_SETA_505.jpg,1,9.5260105,0.99992704
PCOS/infected/Image_SETA_506.jpg,1,9.5260105,0.99992704
PCOS/infected/Image_SETA_507.jpg,1,11.785338,0.9999924
PCOS/infected/Image_SETA_508.jpg,1,11.785338,0.9999924
PCOS/infected/Image_SETA_509.jpg,1,4.3411293,0.98714554
PCOS/infected/Image_SETA_510.jpg,1,4.3411293,0.98714554
PCOS/infected/Image_SETA_511.jpg,1,5.4519396,0.99573034
PCOS/infected/Image_SETA_512.jpg,1,5.4519396,0.99573034
PCOS/infected/Image_SETA_513.jpg,1,-6.6433964,0.001300901
PCOS/infected/Image_SETA_514.jpg,1,-6.6433964,0.001300901
PCOS/infected/Image_SETA_515.jpg,1,6.942979,0.9990356
PCOS/infected/Image_SETA_516.jpg,1,6.942979,0.9990356
PCOS/infected/Image_SETA_517.jpg,1,8.026608,0.9996735
PCOS/infected/Image_SETA_518.jpg,1,8.026608,0.9996735
PCOS/infected/Image_SETA_519.jpg,1,8.647059,0.99982446
PCOS/infected/Image_SETA_520.jpg,1,8.647059,0.99982446
PCOS/infected/Image_SETA_521.jpg,1,10.395457,0.9999695
PCOS/infected/Image_SETA_522.jpg,1,10.395457,0.9999695
PCOS/infected/Image_SETA_523.jpg,1,-5.736066,0.0032170576
PCOS/infected/Image_SETA_524.jpg,1,-5.736066,0.0032170576
PCOS/infected/Image_SETA_525.jpg,1,8.778314,0.999846
PCOS/infected/Image_SETA_526.jpg,1,8.778314,0.999846
PCOS/infected/Image_SETA_527.jpg,1,6.638793,0.99869317
PCOS/infected/Image_SETA_528.jpg,1,6.638793,0.99869317
PCOS/infected/Image_SETA_529.jpg,1,6.6587186,0.99871886
PCOS/infected/Image_SETA_530.jpg,1,6.6587186,0.99871886
PCOS/infected/Image_SETA_531.jpg,1,9.843275,0.99994695
PCOS/infected/Image_SETA_532.jpg,1,9.843275,0.99994695
PCOS/infected/Image_SETA_533.jpg,1,10.659453,0.9999765
PCOS/infected/Image_SETA_534.jpg,1,10.659453,0.9999765
PCOS/infected/Image_SETA_535.jpg,1,11.284625,0.9999875
PCOS/infected/Image_SETA_536.jpg,1,11.284625,0.9999875
PCOS/infected/Image_SETA_537.jpg,1,4.5054717,0.9890723
PCOS/infected/Image_SETA_538.jpg,1,4.5054717,0.9890723
PCOS/infected/Image_SETA_539.jpg,1,8.331244,0.99975914
PCOS/infected/Image_SETA_540.jpg,1,8.331244,0.99975914
PCOS/infected/Image_SETA_541.jpg,1,-6.2451644,0.0019360561
PCOS/infected/Image_SETA_542.jpg,1,-6.2451644,0.0019360561
PCOS/infected/Image_SETA_543.jpg,1,-7.108144,0.0008177434
PCOS/infected/Image_SETA_544.jpg,1,-7.108144,0.0008177434
PCOS/infected/Image_SETA_545.jpg,1,6.186032,0.9979462
PCOS/infected/Image_SETA_546.jpg,1,6.186032,0.9979462
PCOS/infected/Image_SETA_547.jpg,1,-5.64412,0.003525785
PCOS/infected/Image_SETA_548.jpg,1,-5.64412,0.003525785
PCOS/infected/Image_SETA_549.jpg,1,6.929834,0.99902284
PCOS/infected/Image_SETA_550.jpg,1,6.929834,0.99902284
PCOS/infected/Image_SETA_551.jpg,1,-6.137932,0.0021547321
PCOS/infected/Image_SETA_552.jpg,1,-6.137932,0.0021547321
PCOS/infected/Image_SETA_553.jpg,1,1.763914,0.8536992
PCOS/infected/Image_SETA_554.jpg,1,1.763914,0.8536992
PCOS/infected/Image_SETA_555.jpg,1,7.461006,0.9994253
PCOS/infected/Image_SETA_556.jpg,1,7.461006,0.9994253
PCOS/infected/Image_SETA_557.jpg,1,8.157714,0.9997136
PCOS/infected/Image_SETA_558.jpg,1,8.157714,0.9997136
PCOS/infected/Image_SETA_559.jpg,1,9.323206,0.9999107
PCOS/infected/Image_SETA_560.jpg,1,9.323206,0.9999107
PCOS/infected/Image_SETA_561.jpg,1,8.25871,0.999741
PCOS/infected/Image_SETA_562.jpg,1,8.25871,0.999741
PCOS/infected/Image_SETA_563.jpg,1,8.705712,0.9998344
PCOS/infected/Image_SETA_564.jpg,1,8.705712,0.9998344
PCOS/infected/Image_SETA_565.jpg,1,8.490855,0.9997948
PCOS/infected/Image_SETA_566.jpg,1,8.490855,0.9997948
PCOS/infected/Image_SETA_567.jpg,1,9.740278,0.9999411
PCOS/infected/Image_SETA_568.jpg,1,9.740278,0.9999411
PCOS/infected/Image_SETA_569.jpg,1,8.33523,0.9997601
PCOS/infected/Image_SETA_570.jpg,1,8.33523,0.9997601
PCOS/infected/Image_SETA_571.jpg,1,9.842284,0.99994683
PCOS/infected/Image_SETA_572.jpg,1,9.842284,0.99994683
PCOS/infected/Image_SETA_573.jpg,1,9.210456,0.9999
PCOS/infected/Image_SETA_574.jpg,1,9.210456,0.9999
PCOS/infected/Image_SETA_575.jpg,1,-6.448942,0.0015796955
PCOS/infected/Image_SETA_576.jpg,1,-6.448942,0.0015796955
PCOS/infected/Image_SETA_577.jpg,1,9.373566,0.999915
PCOS/infected/Image_SETA_578.jpg,1,9.373566,0.999915
PCOS/infected/Image_SETA_579.jpg,1,-4.867531,0.0076336153
PCOS/infected/Image_SETA_580.jpg,1,-4.867531,0.0076336153
PCOS/infected/Image_SETA_581.jpg,1,9.986625,0.999954
PCOS/infected/Image_SETA_582.jpg,1,9.986625,0.999954
PCOS/infected/Image_SETA_583.jpg,1,9.765003,0.99994254
PCOS/infected/Image_SETA_584.jpg,1,9.765003,0.99994254
PCOS/infected/Image_SETA_585.jpg,1,9.051221,0.9998827
PCOS/infected/Image_SETA_586.jpg,1,9.051221,0.9998827
PCOS/infected/Image_SETA_587.jpg,1,9.669517,0.9999368
PCOS/infected/Image_SETA_588.jpg,1,9.669517,0.9999368
PCOS/infected/Image_SETA_589.jpg,1,-5.644621,0.0035240264
PCOS/infected/Image_SETA_590.jpg,1,-5.644621,0.0035240264
PCOS/infected/Image_SETA_591.jpg,1,7.505827,0.9994504
PCOS/infected/Image_SETA_592.jpg,1,7.505827,0.9994504
PCOS/infected/Image_SETA_593.jpg,1,-5.93301,0.0026434853
PCOS/infected/Image_SETA_594.jpg,1,-5.93301,0.0026434853
PCOS/infected/Image_SETA_595.jpg,1,11.322709,0.99998796
PCOS/infected/Image_SETA_596.jpg,1,11.322709,0.99998796
PCOS/infected/Image_SETA_597.jpg,1,2.7989388,0.9426185
PCOS/infected/Image_SETA_598.jpg,1,2.7989388,0.9426185
PCOS/infected/Image_SETA_599.jpg,1,7.52122,0.99945885
PCOS/infected/Image_SETA_600.jpg,1,7.52122,0.99945885
PCOS/infected/Image_SETA_601.jpg,1,10.665208,0.99997663
PCOS/infected/Image_SETA_602.jpg,1,10.665208,0.99997663
PCOS/infected/Image_SETA_603.jpg,1,3.7125733,0.9761672
PCOS/infected/Image_SETA_604.jpg,1,3.7125733,0.9761672
PCOS/infected/Image_SETA_605.jpg,1,9.276768,0.9999064
PCOS/infected/Image_SETA_606.jpg,1,9.276768,0.9999064
PCOS/infected/Image_SETA_607.jpg,1,10.508205,0.9999727
PCOS/infected/Image_SETA_608.jpg,1,10.508205,0.9999727
PCOS/infected/Image_SETA_609.jpg,1,8.50842,0.99979824
PCOS/infected/Image_SETA_610.jpg,1,8.50842,0.99979824
PCOS/infected/Image_SETA_611.jpg,1,5.607579,0.99634343
PCOS/infected/Image_SETA_612.jpg,1,5.607579,0.99634343
PCOS/infected/Image_SETA_613.jpg,1,9.316916,0.9999101
PCOS/infected/Image_SETA_614.jpg,1,9.316916,0.9999101
PCOS/infected/Image_SETA_615.jpg,1,-6.0982914,0.002241667
PCOS/infected/Image_SETA_616.jpg,1,-6.0982914,0.002241667
PCOS/infected/Image_SETA_617.jpg,1,3.8992763,0.98014563
PCOS/infected/Image_SETA_618.jpg,1,3.8992763,0.98014563
PCOS/infected/Image_SETA_619.jpg,1,9.415421,0.9999186
PCOS/infected/Image_SETA_620.jpg,1,9.415421,0.9999186
PCOS/infected/Image_SETA_621.jpg,1,9.333151,0.99991155
PCOS/infected/Image_SETA_622.jpg,1,9.333151,0.99991155
PCOS/infected/Image_SETA_623.jpg,1,8.918748,0.9998661
PCOS/infected/Image_SETA_624.jpg,1,8.918748,0.9998661
PCOS/infected/Image_SETA_625.jpg,1,12.513787,0.9999963
PCOS/infected/Image_SETA_626.jpg,1,12.513787,0.9999963
PCOS/infected/Image_SETA_627.jpg,1,-5.0071545,0.006645455
PCOS/infected/Image_SETA_628.jpg,1,-5.0071545,0.006645455
PCOS/infected/Image_SETA_629.jpg,1,10.750451,0.99997854
PCOS/infected/Image_SETA_630.jpg,1,10.750451,0.99997854
PCOS/infected/Image_SETA_631.jpg,1,3.2220538,0.9616558
PCOS/infected/Image_SETA_632.jpg,1,3.2220538,0.9616558
PCOS/infected/Image_SETA_633.jpg,1,10.211606,0.9999633
PCOS/infected/Image_SETA_634.jpg,1,10.211606,0.9999633
PCOS/infected/Image_SETA_635.jpg,1,8.331241,0.99975914
PCOS/infected/Image_SETA_636.jpg,1,8.331241,0.99975914
PCOS/infected/Image_SETA_637.jpg,1,8.871518,0.9998597
PCOS/infected/Image_SETA_638.jpg,1,8.871518,0.9998597
PCOS/infected/Image_SETA_639.jpg,1,7.306651,0.99932945
PCOS/infected/Image_SETA_640.jpg,1,7.306651,0.99932945
PCOS/infected/Image_SETA_641.jpg,1,8.612607,0.99981827
PCOS/infected/Image_SETA_642.jpg,1,8.612607,0.99981827
PCOS/infected/Image_SETA_643.jpg,1,-6.3836317,0.0016861302
PCOS/infected/Image_SETA_644.jpg,1,-6.3836317,0.0016861302
PCOS/infected/Image_SETA_645.jpg,1,9.842259,0.99994683
PCOS/infected/Image_SETA_646.jpg,1,9.842259,0.99994683
PCOS/infected/Image_SETA_647.jpg,1,10.839674,0.99998045
PCOS/infected/Image_SETA_648.jpg,1,10.839674,0.99998045
PCOS/infected/Image_SETA_649.jpg,1,7.011437,0.9990994
PCOS/infected/Image_SETA_650.jpg,1,7.011437,0.9990994
PCOS/infected/Image_SETA_651.jpg,1,10.346452,0.99996793
PCOS/infected/Image_SETA_652.jpg,1,10.346452,0.99996793
PCOS/infected/Image_SETA_653.jpg,1,7.0861144,0.9991641
PCOS/infected/Image_SETA_654.jpg,1,7.0861144,0.9991641
PCOS/infected/Image_SETA_655.jpg,1,9.608387,0.9999329
PCOS/infected/Image_SETA_656.jpg,1,9.608387,0.9999329
PCOS/infected/Image_SETA_657.jpg,1,-8.078293,0.00031010393
PCOS/infected/Image_SETA_658.jpg,1,-8.078293,0.00031010393
PCOS/infected/Image_SETA_659.jpg,1,9.59213,0.9999317
PCOS/infected/Image_SETA_660.jpg,1,9.59213,0.9999317
PCOS/infected/Image_SETA_661.jpg,1,10.919591,0.9999819
PCOS/infected/Image_SETA_662.jpg,1,10.919591,0.9999819
PCOS/infected/Image_SETA_663.jpg,1,9.5508995,0.99992883
PCOS/infected/Image_SETA_664.jpg,1,9.5508995,0.99992883
PCOS/infected/Image_SETA_665.jpg,1,-6.291214,0.001849084
PCOS/infected/Image_SETA_666.jpg,1,-6.291214,0.001849084
PCOS/infected/Image_SETA_667.jpg,1,8.861886,0.99985826
PCOS/infected/Image_SETA_668.jpg,1,8.861886,0.99985826
PCOS/infected/Image_SETA_669.jpg,1,-7.622807,0.00048892765
PCOS/infected/Image_SETA_670.jpg,1,-7.622807,0.00048892765
PCOS/infected/Image_SETA_671.jpg,1,1.2783959,0.7821766
PCOS/infected/Image_SETA_672.jpg,1,1.2783959,0.7821766
PCOS/infected/Image_SETA_673.jpg,1,10.25067,0.9999647
PCOS/infected/Image_SETA_674.jpg,1,10.25067,0.9999647
PCOS/infected/Image_SETA_675.jpg,1,9.956384,0.99995255
PCOS/infected/Image_SETA_676.jpg,1,9.956384,0.99995255
PCOS/infected/Image_SETA_677.jpg,1,13.374622,0.99999845
PCOS/infected/Image_SETA_678.jpg,1,13.374622,0.99999845
PCOS/infected/Image_SETA_679.jpg,1,1.2205155,0.7721542
PCOS/infected/Image_SETA_680.jpg,1,1.2205155,0.7721542
PCOS/infected/Image_SETA_681.jpg,1,10.480692,0.999972
PCOS/infected/Image_SETA_682.jpg,1,10.480692,0.999972
PCOS/infected/Image_SETA_683.jpg,1,-4.938508,0.0071143047
PCOS/infected/Image_SETA_684.jpg,1,-4.938508,0.0071143047
PCOS/infected/Image_SETA_685.jpg,1,6.7031174,0.99877447
PCOS/infected/Image_SETA_686.jpg,1,6.7031174,0.99877447
PCOS/infected/Image_SETA_687.jpg,1,8.258383,0.999741
PCOS/infected/Image_SETA_688.jpg,1,8.258383,0.999741
PCOS/infected/Image_SETA_689.jpg,1,-5.888015,0.0027648096
PCOS/infected/Image_SETA_690.jpg,1,-5.888015,0.0027648096
PCOS/infected/Image_SETA_691.jpg,1,9.740025,0.9999411
PCOS/infected/Image_SETA_692.jpg,1,9.740025,0.9999411
PCOS/infected/Image_SETA_693.jpg,1,10.404246,0.9999697
PCOS/infected/Image_SETA_694.jpg,1,10.404246,0.9999697
PCOS/infected/Image_SETA_695.jpg,1,-3.9804559,0.018334685
PCOS/infected/Image_SETA_696.jpg,1,-3.9804559,0.018334685
PCOS/infected/Image_SETA_697.jpg,1,8.23771,0.99973553
PCOS/infected/Image_SETA_698.jpg,1,8.23771,0.99973553
PCOS/infected/Image_SETA_699.jpg,1,8.804906,0.99985003
PCOS/infected/Image_SETA_700.jpg,1,8.804906,0.99985003
PCOS/infected/Image_SETA_701.jpg,1,10.761992,0.9999788
PCOS/infected/Image_SETA_702.jpg,1,10.761992,0.9999788
PCOS/infected/Image_SETA_703.jpg,1,7.229619,0.99927574
PCOS/infected/Image_SETA_704.jpg,1,7.229619,0.99927574
PCOS/infected/Image_SETA_705.jpg,1,12.919871,0.9999975
PCOS/infected/Image_SETA_706.jpg,1,12.919871,0.9999975
PCOS/infected/Image_SETA_707.jpg,1,10.248509,0.9999646
PCOS/infected/Image_SETA_708.jpg,1,10.248509,0.9999646
PCOS/infected/Image_SETA_709.jpg,1,11.258807,0.9999871
PCOS/infected/Image_SETA_710.jpg,1,11.258807,0.9999871
PCOS/infected/Image_SETA_711.jpg,1,7.304038,0.99932766
PCOS/infected/Image_SETA_712.jpg,1,7.304038,0.99932766
PCOS/infected/Image_SETA_713.jpg,1,5.3637595,0.99533856
PCOS/infected/Image_SETA_714.jpg,1,5.3637595,0.99533856
PCOS/infected/Image_SETA_715.jpg,1,10.278837,0.99996567
PCOS/infected/Image_SETA_716.jpg,1,10.278837,0.99996567
PCOS/infected/Image_SETA_717.jpg,1,-5.5012746,0.0040649744
PCOS/infected/Image_SETA_718.jpg,1,-5.5012746,0.0040649744
PCOS/infected/Image_SETA_719.jpg,1,8.9520445,0.99987054
PCOS/infected/Image_SETA_720.jpg,1,8.9520445,0.99987054
PCOS/infected/Image_SETA_721.jpg,1,9.204804,0.9998994
PCOS/infected/Image_SETA_722.jpg,1,9.204804,0.9998994
PCOS/infected/Image_SETA_723.jpg,1,5.4294987,0.9956338
PCOS/infected/Image_SETA_724.jpg,1,5.4294987,0.9956338
PCOS/infected/Image_SETA_725.jpg,1,13.654761,0.9999988
PCOS/infected/Image_SETA_726.jpg,1,13.654761,0.9999988
PCOS/infected/Image_SETA_727.jpg,1,-6.8696423,0.0010377706
PCOS/infected/Image_SETA_728.jpg,1,-6.8696423,0.0010377706
PCOS/infected/Image_SETA_729.jpg,1,12.200501,0.999995
PCOS/infected/Image_SETA_730.jpg,1,12.200501,0.999995
PCOS/infected/Image_SETA_731.jpg,1,10.487645,0.9999721
PCOS/infected/Image_SETA_732.jpg,1,10.487645,0.9999721
PCOS/infected/Image_SETA_733.jpg,1,-7.9105616,0.00036671397
PCOS/infected/Image_SETA_734.jpg,1,-7.9105616,0.00036671397
PCOS/infected/Image_SETA_735.jpg,1,-6.5968904,0.0013627453
PCOS/infected/Image_SETA_736.jpg,1,-6.5968904,0.0013627453
PCOS/infected/Image_SETA_737.jpg,1,9.799552,0.99994457
PCOS/infected/Image_SETA_738.jpg,1,9.799552,0.99994457
PCOS/infected/Image_SETA_739.jpg,1,10.052785,0.99995697
PCOS/infected/Image_SETA_740.jpg,1,10.052785,0.99995697
PCOS/infected/Image_SETA_741.jpg,1,7.2421813,0.9992848
PCOS/infected/Image_SETA_742.jpg,1,7.2421813,0.9992848
PCOS/infected/Image_SETA_743.jpg,1,1.4366552,0.80793613
PCOS/infected/Image_SETA_744.jpg,1,1.4366552,0.80793613
PCOS/infected/Image_SETA_745.jpg,1,9.862012,0.9999479
PCOS/infected/Image_SETA_746.jpg,1,9.862012,0.9999479
PCOS/infected/Image_SETA_747.jpg,1,10.968891,0.9999827
PCOS/infected/Image_SETA_748.jpg,1,10.968891,0.9999827
PCOS/infected/Image_SETA_749.jpg,1,12.198041,0.999995
PCOS/infected/Image_SETA_750.jpg,1,12.198041,0.999995
PCOS/infected/Image_SETA_751.jpg,1,-4.632475,0.009636874
PCOS/infected/Image_SETA_752.jpg,1,-4.632475,0.009636874
PCOS/infected/Image_SETA_753.jpg,1,10.387105,0.9999691
PCOS/infected/Image_SETA_754.jpg,1,10.387105,0.9999691
PCOS/infected/Image_SETA_755.jpg,1,11.687083,0.99999166
PCOS/infected/Image_SETA_756.jpg,1,11.687083,0.99999166
PCOS/infected/Image_SETA_757.jpg,1,-5.757661,0.0031485464
PCOS/infected/Image_SETA_758.jpg,1,-5.757661,0.0031485464
PCOS/infected/Image_SETA_759.jpg,1,11.353514,0.9999883
PCOS/infected/Image_SETA_760.jpg,1,11.353514,0.9999883
PCOS/infected/Image_SETA_761.jpg,1,4.1671705,0.98474044
PCOS/infected/Image_SETA_762.jpg,1,4.1671705,0.98474044
PCOS/infected/Image_SETA_763.jpg,1,8.67183,0.9998287
PCOS/infected/Image_SETA_764.jpg,1,8.67183,0.9998287
PCOS/infected/Image_SETA_765.jpg,1,14.720753,0.99999964
PCOS/infected/Image_SETA_766.jpg,1,14.720753,0.99999964
PCOS/infected/Image_SETA_767.jpg,1,7.2371073,0.9992811
PCOS/infected/Image_SETA_768.jpg,1,7.2371073,0.9992811
PCOS/infected/Image_SETA_769.jpg,1,10.180789,0.9999621
PCOS/infected/Image_SETA_770.jpg,1,10.180789,0.9999621
PCOS/infected/Image_SETA_771.jpg,1,7.356406,0.99936193
PCOS/infected/Image_SETA_772.jpg,1,7.356406,0.99936193
PCOS/infected/Image_SETA_773.jpg,1,9.834267,0.9999465
PCOS/infected/Image_SETA_774.jpg,1,9.834267,0.9999465
PCOS/infected/Image_SETA_775.jpg,1,2.7324398,0.9389139
PCOS/infected/Image_SETA_776.jpg,1,2.7324398,0.9389139
PCOS/infected/Image_SETA_777.jpg,1,-5.8153696,0.002972516
PCOS/infected/Image_SETA_778.jpg,1,-5.8153696,0.002972516
PCOS/infected/Image_SETA_779.jpg,1,10.836371,0.99998033
PCOS/infected/Image_SETA_780.jpg,1,10.836371,0.99998033
PCOS/infected/Image_SETA_781.jpg,1,8.585721,0.99981326
PCOS/infected/Image_SETA_782.jpg,1,8.585721,0.99981326
PCOS/infected/Image_SETA_783.jpg,1,6.764147,0.9988469
PCOS/infected/Image_SETA_784.jpg,1,6.764147,0.9988469
PCOS/infected/Image_SETA_785.jpg,1,-6.8070407,0.0011047391
PCOS/infected/Image_SETA_786.jpg,1,-6.8070407,0.0011047391
PCOS/infected/Image_SETA_787.jpg,1,9.650813,0.9999356
PCOS/infected/Image_SETA_788.jpg,1,9.650813,0.9999356
PCOS/infected/Image_SETA_789.jpg,1,8.105109,0.99969816
PCOS/infected/Image_SETA_790.jpg,1,8.105109,0.99969816
PCOS/infected/Image_SETA_791.jpg,1,9.122765,0.9998908
PCOS/infected/Image_SETA_792.jpg,1,9.122765,0.9998908
PCOS/infected/Image_SETA_793.jpg,1,9.079705,0.99988604
PCOS/infected/Image_SETA_794.jpg,1,9.079705,0.99988604
PCOS/infected/Image_SETA_795.jpg,1,10.019617,0.99995553
PCOS/infected/Image_SETA_796.jpg,1,10.019617,0.99995553
PCOS/infected/Image_SETA_797.jpg,1,9.4471445,0.9999211
PCOS/infected/Image_SETA_798.jpg,1,9.4471445,0.9999211
PCOS/infected/Image_SETA_799.jpg,1,4.3850617,0.9876913
PCOS/infected/Image_SETA_800.jpg,1,4.3850617,0.9876913
PCOS/infected/Image_SETA_801.jpg,1,8.63963,0.99982315
PCOS/infected/Image_SETA_802.jpg,1,8.63963,0.99982315
PCOS/infected/Image_SETA_803.jpg,1,-5.306367,0.0049354346
PCOS/infected/Image_SETA_804.jpg,1,-5.306367,0.0049354346
PCOS/infected/Image_SETA_805.jpg,1,-6.334574,0.0017707598
PCOS/infected/Image_SETA_806.jpg,1,-6.334574,0.0017707598
PCOS/infected/Image_SETA_807.jpg,1,7.797907,0.9995896
PCOS/infected/Image_SETA_808.jpg,1,7.797907,0.9995896
PCOS/infected/Image_SETA_809.jpg,1,8.072232,0.999688
PCOS/infected/Image_SETA_810.jpg,1,8.072232,0.999688
PCOS/infected/Image_SETA_811.jpg,1,11.980992,0.9999937
PCOS/infected/Image_SETA_812.jpg,1,11.980992,0.9999937
PCOS/infected/Image_SETA_813.jpg,1,8.575526,0.99981135
PCOS/infected/Image_SETA_814.jpg,1,8.575526,0.99981135
PCOS/infected/Image_SETA_815.jpg,1,3.5609581,0.9723733
PCOS/infected/Image_SETA_816.jpg,1,3.5609581,0.9723733
PCOS/infected/Image_SETA_817.jpg,1,9.072276,0.9998852
PCOS/infected/Image_SETA_818.jpg,1,9.072276,0.9998852
PCOS/infected/Image_SETA_819.jpg,1,7.211671,0.99926263
PCOS/infected/Image_SETA_820.jpg,1,7.211671,0.99926263
PCOS/infected/Image_SETA_821.jpg,1,9.6366415,0.9999347
PCOS/infected/Image_SETA_822.jpg,1,9.6366415,0.9999347
PCOS/infected/Image_SETA_823.jpg,1,10.119415,0.9999597
PCOS/infected/Image_SETA_824.jpg,1,10.119415,0.9999597
PCOS/infected/Image_SETA_825.jpg,1,4.2180424,0.98548627
PCOS/infected/Image_SETA_826.jpg,1,4.2180424,0.98548627
PCOS/infected/Image_SETA_827.jpg,1,9.350811,0.9999131
PCOS/infected/Image_SETA_828.jpg,1,9.350811,0.9999131
PCOS/infected/Image_SETA_829.jpg,1,9.561,0.99992955
PCOS/infected/Image_SETA_830.jpg,1,9.561,0.99992955
PCOS/infected/Image_SETA_831.jpg,1,6.166316,0.9979055
PCOS/infected/Image_SETA_832.jpg,1,6.166316,0.9979055
PCOS/infected/Image_SETA_833.jpg,1,-6.8302984,0.0010793692
PCOS/infected/Image_SETA_834.jpg,1,-6.8302984,0.0010793692
PCOS/infected/Image_SETA_835.jpg,1,10.325434,0.9999672
PCOS/infected/Image_SETA_836.jpg,1,10.325434,0.9999672
PCOS/infected/Image_SETA_837.jpg,1,8.666497,0.99982774
PCOS/infected/Image_SETA_838.jpg,1,8.666497,0.99982774
PCOS/infected/Image_SETA_839.jpg,1,1.6066861,0.8329508
PCOS/infected/Image_SETA_840.jpg,1,1.6066861,0.8329508
PCOS/infected/Image_SETA_841.jpg,1,7.9928193,0.9996623
PCOS/infected/Image_SETA_842.jpg,1,7.9928193,0.9996623
PCOS/infected/Image_SETA_843.jpg,1,-7.2001505,0.0007459167
PCOS/infected/Image_SETA_844.jpg,1,-7.2001505,0.0007459167
PCOS/infected/Image_SETA_845.jpg,1,-6.6589766,0.0012808157
PCOS/infected/Image_SETA_846.jpg,1,-6.6589766,0.0012808157
PCOS/infected/Image_SETA_847.jpg,1,8.857125,0.99985766
PCOS/infected/Image_SETA_848.jpg,1,8.857125,0.99985766
PCOS/infected/Image_SETA_849.jpg,1,7.8878117,0.99962485
PCOS/infected/Image_SETA_850.jpg,1,7.8878117,0.99962485
PCOS/infected/Image_SETA_851.jpg,1,-5.982686,0.002515698
PCOS/infected/Image_SETA_852.jpg,1,-5.982686,0.002515698
PCOS/infected/Image_SETA_853.jpg,1,-5.94667,0.0026077142
PCOS/infected/Image_SETA_854.jpg,1,-5.94667,0.0026077142
PCOS/infected/Image_SETA_855.jpg,1,-5.5155168,0.004007721
PCOS/infected/Image_SETA_856.jpg,1,-5.5155168,0.004007721
PCOS/infected/Image_SETA_857.jpg,1,3.9980605,0.9819795
PCOS/infected/Image_SETA_858.jpg,1,3.9980605,0.9819795
PCOS/infected/Image_SETA_859.jpg,1,8.767371,0.9998443
PCOS/infected/Image_SETA_860.jpg,1,8.767371,0.9998443
PCOS/infected/Image_SETA_861.jpg,1,7.308468,0.99933064
PCOS/infected/Image_SETA_862.jpg,1,7.308468,0.99933064
PCOS/infected/Image_SETA_863.jpg,1,8.743212,0.9998405
PCOS/infected/Image_SETA_864.jpg,1,8.743212,0.9998405
PCOS/infected/Image_SETA_865.jpg,1,9.879983,0.99994886
PCOS/infected/Image_SETA_866.jpg,1,9.879983,0.99994886
PCOS/infected/Image_SETA_867.jpg,1,9.125686,0.99989116
PCOS/infected/Image_SETA_868.jpg,1,9.125686,0.99989116
PCOS/infected/Image_SETA_869.jpg,1,-8.871766,0.00014027492
PCOS/infected/Image_SETA_870.jpg,1,-8.871766,0.00014027492
PCOS/infected/Image_SETA_871.jpg,1,8.291753,0.9997495
PCOS/infected/Image_SETA_872.jpg,1,8.291753,0.9997495
PCOS/infected/Image_SETA_873.jpg,1,5.9917326,0.9975069
PCOS/infected/Image_SETA_874.jpg,1,5.9917326,0.9975069
PCOS/infected/Image_SETA_875.jpg,1,-7.7984457,0.000410204
PCOS/infected/Image_SETA_876.jpg,1,-7.7984457,0.000410204
PCOS/infected/Image_SETA_877.jpg,1,-5.991388,0.0024939564
PCOS/infected/Image_SETA_878.jpg,1,-5.991388,0.0024939564
PCOS/infected/Image_SETA_879.jpg,1,11.2591915,0.9999871
PCOS/infected/Image_SETA_880.jpg,1,11.2591915,0.9999871
PCOS/infected/Image_SETA_881.jpg,1,11.808585,0.9999926
PCOS/infected/Image_SETA_882.jpg,1,11.808585,0.9999926
PCOS/infected/Image_SETA_883.jpg,1,-6.2676086,0.0018931682
PCOS/infected/Image_SETA_884.jpg,1,-6.2676086,0.0018931682
PCOS/infected/Image_SETA_885.jpg,1,8.303107,0.99975234
PCOS/infected/Image_SETA_886.jpg,1,8.303107,0.99975234
PCOS/infected/Image_SETA_887.jpg,1,10.771676,0.999979
PCOS/infected/Image_SETA_888.jpg,1,10.771676,0.999979
PCOS/infected/Image_SETA_889.jpg,1,-8.260581,0.00025844193
PCOS/infected/Image_SETA_890.jpg,1,-8.260581,0.00025844193
PCOS/infected/Image_SETA_891.jpg,1,2.8067753,0.9430409
PCOS/infected/Image_SETA_892.jpg,1,2.8067753,0.9430409
PCOS/infected/Image_SETA_893.jpg,1,3.8054898,0.97823596
PCOS/infected/Image_SETA_894.jpg,1,3.8054898,0.97823596
PCOS/infected/Image_SETA_895.jpg,1,-6.3714085,0.0017068312
PCOS/infected/Image_SETA_896.jpg,1,-6.3714085,0.0017068312
PCOS/infected/Image_SETA_897.jpg,1,-7.103314,0.0008216994
PCOS/infected/Image_SETA_898.jpg,1,-7.103314,0.0008216994
PCOS/infected/Image_SETA_899.jpg,1,-5.796548,0.0030288224
PCOS/infected/Image_SETA_900.jpg,1,-5.796548,0.0030288224
PCOS/infected/Image_SETA_901.jpg,1,-4.922499,0.0072282827
PCOS/infected/Image_SETA_902.jpg,1,-4.922499,0.0072282827
PCOS/infected/Image_SETA_903.jpg,1,9.09066,0.9998872
PCOS/infected/Image_SETA_904.jpg,1,9.09066,0.9998872
PCOS/infected/Image_SETA_905.jpg,1,-6.0503683,0.0023514514
PCOS/infected/Image_SETA_906.jpg,1,-6.0503683,0.0023514514
PCOS/infected/Image_SETA_907.jpg,1,8.098327,0.999696
PCOS/infected/Image_SETA_908.jpg,1,8.098327,0.999696
PCOS/infected/Image_SETA_909.jpg,1,6.760943,0.9988432
PCOS/infected/Image_SETA_910.jpg,1,6.760943,0.9988432
PCOS/infected/Image_SETA_911.jpg,1,-5.2241964,0.005355846
PCOS/infected/Image_SETA_912.jpg,1,-5.2241964,0.005355846
PCOS/infected/Image_SETA_913.jpg,1,6.5170674,0.99852425
PCOS/infected/Image_SETA_914.jpg,1,6.5170674,0.99852425
PCOS/infected/Image_SETA_915.jpg,1,9.670426,0.9999368
PCOS/infected/Image_SETA_916.jpg,1,9.670426,0.9999368
PCOS/infected/Image_SETA_917.jpg,1,7.937707,0.9996431
PCOS/infected/Image_SETA_918.jpg,1,7.937707,0.9996431
PCOS/infected/Image_SETA_919.jpg,1,8.228081,0.99973303
PCOS/infected/Image_SETA_920.jpg,1,8.228081,0.99973303
PCOS/infected/Image_SETA_921.jpg,1,7.8039503,0.999592
PCOS/infected/Image_SETA_922.jpg,1,7.8039503,0.999592
PCOS/infected/Image_SETA_923.jpg,1,-6.0828266,0.0022765237
PCOS/infected/Image_SETA_924.jpg,1,-6.0828266,0.0022765237
PCOS/infected/Image_SETA_925.jpg,1,3.9145103,0.98043996
PCOS/infected/Image_SETA_926.jpg,1,3.9145103,0.98043996
PCOS/infected/Image_SETA_927.jpg,1,9.036946,0.999881
PCOS/infected/Image_SETA_928.jpg,1,9.036946,0.999881
PCOS/infected/Image_SETA_929.jpg,1,1.5053358,0.8183689
PCOS/infected/Image_SETA_930.jpg,1,1.5053358,0.8183689
PCOS/infected/Image_SETA_931.jpg,1,5.6386757,0.9964551
PCOS/infected/Image_SETA_932.jpg,1,5.6386757,0.9964551
PCOS/infected/Image_SETA_933.jpg,1,7.7930546,0.9995876
PCOS/infected/Image_SETA_934.jpg,1,7.7930546,0.9995876
PCOS/infected/Image_SETA_935.jpg,1,-6.88787,0.001019045
PCOS/infected/Image_SETA_936.jpg,1,-6.88787,0.001019045
PCOS/infected/Image_SETA_937.jpg,1,7.493594,0.9994437
PCOS/infected/Image_SETA_938.jpg,1,7.493594,0.9994437
PCOS/infected/Image_SETA_939.jpg,1,-6.1447167,0.002140193
PCOS/infected/Image_SETA_940.jpg,1,-6.1447167,0.002140193
PCOS/infected/Image_SETA_941.jpg,1,4.0155115,0.98228574
PCOS/infected/Image_SETA_942.jpg,1,4.0155115,0.98228574
PCOS/infected/Image_SETA_943.jpg,1,-5.922084,0.0026724495
PCOS/infected/Image_SETA_944.jpg,1,-5.922084,0.0026724495
PCOS/infected/Image_SETA_945.jpg,1,-6.3162055,0.0018035277
PCOS/infected/Image_SETA_946.jpg,1,-6.3162055,0.0018035277
PCOS/infected/Image_SETA_947.jpg,1,10.825278,0.9999801
PCOS/infected/Image_SETA_948.jpg,1,10.825278,0.9999801
PCOS/infected/Image_SETA_949.jpg,1,8.907304,0.9998646
PCOS/infected/Image_SETA_950.jpg,1,8.907304,0.9998646
PCOS/infected/Image_SETA_951.jpg,1,7.927251,0.9996394
PCOS/infected/Image_SETA_952.jpg,1,7.927251,0.9996394
PCOS/infected/Image_SETA_953.jpg,1,-5.6058154,0.003662955
PCOS/infected/Image_SETA_954.jpg,1,-5.6058154,0.003662955
PCOS/infected/Image_SETA_955.jpg,1,11.690682,0.99999166
PCOS/infected/Image_SETA_956.jpg,1,11.690682,0.99999166
PCOS/infected/Image_SETA_957.jpg,1,7.2369585,0.999281
PCOS/infected/Image_SETA_958.jpg,1,7.2369585,0.999281
PCOS/infected/Image_SETA_959.jpg,1,9.454535,0.9999217
PCOS/infected/Image_SETA_960.jpg,1,9.454535,0.9999217
PCOS/infected/Image_SETA_961.jpg,1,1.3583473,0.795491
PCOS/infected/Image_SETA_962.jpg,1,1.3583473,0.795491
PCOS/infected/Image_SETA_963.jpg,1,8.6386595,0.9998229
PCOS/infected/Image_SETA_964.jpg,1,8.6386595,0.9998229
PCOS/infected/Image_SETA_965.jpg,1,7.9253507,0.9996387
PCOS/infected/Image_SETA_966.jpg,1,7.9253507,0.9996387
PCOS/infected/Image_SETA_967.jpg,1,5.749017,0.99682426
PCOS/infected/Image_SETA_968.jpg,1,5.749017,0.99682426
PCOS/infected/Image_SETA_969.jpg,1,10.945279,0.99998236
PCOS/infected/Image_SETA_970.jpg,1,10.945279,0.99998236
PCOS/infected/Image_SETA_971.jpg,1,7.312435,0.9993332
PCOS/infected/Image_SETA_972.jpg,1,7.312435,0.9993332
PCOS/infected/Image_SETA_973.jpg,1,1.7093586,0.84675306
PCOS/infected/Image_SETA_974.jpg,1,1.7093586,0.84675306
PCOS/infected/Image_SETA_975.jpg,1,8.807977,0.9998505
PCOS/infected/Image_SETA_976.jpg,1,8.807977,0.9998505
PCOS/infected/Image_SETA_977.jpg,1,8.100284,0.9996966
PCOS/infected/Image_SETA_978.jpg,1,8.100284,0.9996966
PCOS/infected/Image_SETA_979.jpg,1,-6.7940025,0.001119221
PCOS/infected/Image_SETA_980.jpg,1,-6.7940025,0.001119221
PCOS/infected/Image_SETA_981.jpg,1,2.0596328,0.88691735
PCOS/infected/Image_SETA_982.jpg,1,2.0596328,0.88691735
PCOS/infected/Image_SETA_983.jpg,1,-6.227883,0.0019697384
PCOS/infected/Image_SETA_984.jpg,1,-6.227883,0.0019697384
PCOS/infected/Image_SETA_985.jpg,1,9.113386,0.99988985
PCOS/infected/Image_SETA_986.jpg,1,9.113386,0.99988985
PCOS/infected/Image_SETA_987.jpg,1,8.5889225,0.99981385
PCOS/infected/Image_SETA_988.jpg,1,8.5889225,0.99981385
PCOS/infected/Image_SETA_989.jpg,1,-6.2546363,0.0019178396
PCOS/infected/Image_SETA_990.jpg,1,-6.2546363,0.0019178396
PCOS/infected/Image_SETA_991.jpg,1,7.6741905,0.99953556
PCOS/infected/Image_SETA_992.jpg,1,7.6741905,0.99953556
PCOS/infected/Image_SETA_993.jpg,1,9.187125,0.9998976
PCOS/infected/Image_SETA_994.jpg,1,9.187125,0.9998976
PCOS/infected/Image_SETA_995.jpg,1,9.459666,0.99992204
PCOS/infected/Image_SETA_996.jpg,1,9.459666,0.99992204
PCOS/infected/Image_SETA_997.jpg,1,12.336469,0.9999956
PCOS/infected/Image_SETA_998.jpg,1,12.336469,0.9999956
PCOS/infected/Image_SETA_999.jpg,1,7.9155893,0.9996351
PCOS/infected/Image_SETB_001.jpg,1,-4.8968697,0.0074145435
PCOS/infected/Image_SETB_002.jpg,1,-4.8968697,0.0074145435
PCOS/infected/Image_SETB_003.jpg,1,8.976916,0.99987376
PCOS/infected/Image_SETB_004.jpg,1,8.976916,0.99987376
PCOS/infected/Image_SETB_005.jpg,1,2.9885702,0.9520551
PCOS/infected/Image_SETB_006.jpg,1,2.9885702,0.9520551
PCOS/infected/Image_SETB_007.jpg,1,10.8161955,0.99998
PCOS/infected/Image_SETB_008.jpg,1,10.8161955,0.99998
PCOS/infected/Image_SETB_009.jpg,1,9.607932,0.99993277
PCOS/infected/Image_SETB_010.jpg,1,9.607932,0.99993277
PCOS/infected/Image_SETB_011.jpg,1,1.8758291,0.86713135
PCOS/infected/Image_SETB_012.jpg,1,1.8758291,0.86713135
PCOS/infected/Image_SETB_013.jpg,1,9.850661,0.9999473
PCOS/infected/Image_SETB_014.jpg,1,9.850661,0.9999473
PCOS/infected/Image_SETB_015.jpg,1,9.479477,0.9999236
PCOS/infected/Image_SETB_016.jpg,1,9.479477,0.9999236
PCOS/infected/Image_SETB_017.jpg,1,8.723949,0.9998374
PCOS/infected/Image_SETB_018.jpg,1,8.723949,0.9998374
PCOS/infected/Image_SETB_019.jpg,1,7.1244006,0.9991954
PCOS/infected/Image_SETB_020.jpg,1,7.1244006,0.9991954
PCOS/infected/Image_SETB_021.jpg,1,-7.583395,0.000508572
PCOS/infected/Image_SETB_022.jpg,1,-7.583395,0.000508572
PCOS/infected/Image_SETB_023.jpg,1,6.840514,0.9989316
PCOS/infected/Image_SETB_024.jpg,1,6.840514,0.9989316
PCOS/infected/Image_SETB_025.jpg,1,11.100997,0.99998486
PCOS/infected/Image_SETB_026.jpg,1,11.100997,0.99998486
PCOS/infected/Image_SETB_027.jpg,1,-5.864045,0.002831692
PCOS/infected/Image_SETB_028.jpg,1,-5.864045,0.002831692
PCOS/infected/Image_SETB_029.jpg,1,-6.3954415,0.0016663672
PCOS/infected/Image_SETB_030.jpg,1,-6.3954415,0.0016663672
PCOS/infected/Image_SETB_031.jpg,1,10.016189,0.9999553
PCOS/infected/Image_SETB_032.jpg,1,10.016189,0.9999553
PCOS/infected/Image_SETB_033.jpg,1,-7.2889094,0.0006826063
PCOS/infected/Image_SETB_034.jpg,1,-7.2889094,0.0006826063
PCOS/infected/Image_SETB_035.jpg,1,7.071397,0.9991517
PCOS/infected/Image_SETB_036.jpg,1,7.071397,0.9991517
PCOS/infected/Image_SETB_037.jpg,1,10.807682,0.99997973
PCOS/infected/Image_SETB_038.jpg,1,10.807682,0.99997973
PCOS/infected/Image_SETB_039.jpg,1,11.420274,0.99998903
PCOS/infected/Image_SETB_040.jpg,1,11.420274,0.99998903
PCOS/infected/Image_SETB_041.jpg,1,10.516715,0.99997294
PCOS/infected/Image_SETB_042.jpg,1,10.516715,0.99997294
PCOS/infected/Image_SETB_043.jpg,1,10.208297,0.99996316
PCOS/infected/Image_SETB_044.jpg,1,10.208297,0.99996316
PCOS/infected/Image_SETB_045.jpg,1,-6.0234995,0.0024153339
PCOS/infected/Image_SETB_046.jpg,1,-6.0234995,0.0024153339
PCOS/infected/Image_SETB_047.jpg,1,10.744702,0.9999784
PCOS/infected/Image_SETB_048.jpg,1,10.744702,0.9999784
PCOS/infected/Image_SETB_049.jpg,1,7.768215,0.9995772
PCOS/infected/Image_SETB_050.jpg,1,7.768215,0.9995772
PCOS/infected/Image_SETB_051.jpg,1,6.4782095,0.9984658
PCOS/infected/Image_SETB_052.jpg,1,6.4782095,0.9984658
PCOS/infected/Image_SETB_053.jpg,1,7.8495584,0.99961025
PCOS/infected/Image_SETB_054.jpg,1,7.8495584,0.99961025
PCOS/infected/Image_SETB_055.jpg,1,6.0665064,0.99768615
PCOS/infected/Image_SETB_056.jpg,1,6.0665064,0.99768615
PCOS/infected/Image_SETB_057.jpg,1,-6.978491,0.00093084096
PCOS/infected/Image_SETB_058.jpg,1,-6.978491,0.00093084096
PCOS/infected/Image_SETB_059.jpg,1,10.332833,0.99996746
PCOS/infected/Image_SETB_060.jpg,1,10.332833,0.99996746
PCOS/infected/Image_SETB_061.jpg,1,11.166064,0.9999858
PCOS/infected/Image_SETB_062.jpg,1,11.166064,0.9999858
PCOS/infected/Image_SETB_063.jpg,1,7.9896092,0.9996612
PCOS/infected/Image_SETB_064.jpg,1,7.9896092,0.9996612
PCOS/infected/Image_SETB_065.jpg,1,13.389522,0.99999845
PCOS/infected/Image_SETB_066.jpg,1,13.389522,0.99999845
PCOS/infected/Image_SETB_067.jpg,1,9.336286,0.9999118
PCOS/infected/Image_SETB_068.jpg,1,9.336286,0.9999118
PCOS/infected/Image_SETB_069.jpg,1,-6.9598904,0.00094830047
PCOS/infected/Image_SETB_070.jpg,1,-6.9598904,0.00094830047
PCOS/infected/Image_SETB_071.jpg,1,9.379327,0.9999156
PCOS/infected/Image_SETB_072.jpg,1,9.379327,0.9999156
PCOS/infected/Image_SETB_073.jpg,1,-5.4150734,0.0044293054
PCOS/infected/Image_SETB_074.jpg,1,-5.4150734,0.0044293054
PCOS/infected/Image_SETB_075.jpg,1,10.248664,0.9999646
PCOS/infected/Image_SETB_076.jpg,1,10.248664,0.9999646
PCOS/infected/Image_SETB_077.jpg,1,10.185482,0.99996233
PCOS/infected/Image_SETB_078.jpg,1,10.185482,0.99996233
PCOS/infected/Image_SETB_079.jpg,1,7.1411524,0.99920887
PCOS/infected/Image_SETB_080.jpg,1,7.1411524,0.99920887
PCOS/infected/Image_SETB_081.jpg,1,-6.659262,0.0012804503
PCOS/infected/Image_SETB_082.jpg,1,-6.659262,0.0012804503
PCOS/infected/Image_SETB_083.jpg,1,9.685147,0.9999378
PCOS/infected/Image_SETB_084.jpg,1,9.685147,0.9999378
PCOS/infected/Image_SETB_085.jpg,1,1.9253083,0.87272924
PCOS/infected/Image_SETB_086.jpg,1,1.9253083,0.87272924
PCOS/infected/Image_SETB_087.jpg,1,9.094137,0.9998877
PCOS/infected/Image_SETB_088.jpg,1,9.094137,0.9998877
PCOS/infected/Image_SETB_089.jpg,1,6.743477,0.99882287
PCOS/infected/Image_SETB_090.jpg,1,6.743477,0.99882287
PCOS/infected/Image_SETB_091.jpg,1,9.692499,0.99993825
PCOS/infected/Image_SETB_092.jpg,1,9.692499,0.99993825
PCOS/infected/Image_SETB_093.jpg,1,-4.814823,0.008043434
PCOS/infected/Image_SETB_094.jpg,1,-4.814823,0.008043434
PCOS/infected/Image_SETB_095.jpg,1,-6.4245653,0.0016186137
PCOS/infected/Image_SETB_096.jpg,1,-6.4245653,0.0016186137
PCOS/infected/Image_SETB_097.jpg,1,-5.8355093,0.002913422
PCOS/infected/Image_SETB_098.jpg,1,-5.8355093,0.002913422
PCOS/infected/Image_SETB_099.jpg,1,-6.6492286,0.0012933458
PCOS/infected/Image_SETB_100.jpg,1,-6.6492286,0.0012933458
PCOS/infected/Image_SETB_1000.jpg,1,7.9155893,0.9996351
PCOS/infected/Image_SETB_1001.jpg,1,8.539332,0.99980444
PCOS/infected/Image_SETB_1002.jpg,1,8.539332,0.99980444
PCOS/infected/Image_SETB_1003.jpg,1,-5.2214155,0.0053706807
PCOS/infected/Image_SETB_1004.jpg,1,-5.2214155,0.0053706807
PCOS/infected/Image_SETB_1005.jpg,1,8.282756,0.9997472
PCOS/infected/Image_SETB_1006.jpg,1,8.282756,0.9997472
PCOS/infected/Image_SETB_1007.jpg,1,4.2869425,0.9864395
PCOS/infected/Image_SETB_1008.jpg,1,4.2869425,0.9864395
PCOS/infected/Image_SETB_1009.jpg,1,-5.679467,0.0034037526
PCOS/infected/Image_SETB_101.jpg,1,6.469075,0.9984517
PCOS/infected/Image_SETB_1010.jpg,1,-5.679467,0.0034037526
PCOS/infected/Image_SETB_1011.jpg,1,-7.0995255,0.00082481565
PCOS/infected/Image_SETB_1012.jpg,1,-7.0995255,0.00082481565
PCOS/infected/Image_SETB_1013.jpg,1,10.908984,0.99998176
PCOS/infected/Image_SETB_1014.jpg,1,10.908984,0.99998176
PCOS/infected/Image_SETB_1015.jpg,1,10.355849,0.9999682
PCOS/infected/Image_SETB_1016.jpg,1,10.355849,0.9999682
PCOS/infected/Image_SETB_1017.jpg,1,-5.56514,0.00381444
PCOS/infected/Image_SETB_1018.jpg,1,-5.56514,0.00381444
PCOS/infected/Image_SETB_1019.jpg,1,-6.2721295,0.0018846446
PCOS/infected/Image_SETB_102.jpg,1,6.469075,0.9984517
PCOS/infected/Image_SETB_1020.jpg,1,-6.2721295,0.0018846446
PCOS/infected/Image_SETB_1021.jpg,1,8.890582,0.9998623
PCOS/infected/Image_SETB_1022.jpg,1,8.890582,0.9998623
PCOS/infected/Image_SETB_1023.jpg,1,11.29536,0.9999876
PCOS/infected/Image_SETB_1024.jpg,1,11.29536,0.9999876
PCOS/infected/Image_SETB_103.jpg,1,8.903464,0.9998641
PCOS/infected/Image_SETB_104.jpg,1,8.903464,0.9998641
PCOS/infected/Image_SETB_105.jpg,1,9.893422,0.99994946
PCOS/infected/Image_SETB_106.jpg,1,9.893422,0.99994946
PCOS/infected/Image_SETB_107.jpg,1,4.298313,0.98659086
PCOS/infected/Image_SETB_108.jpg,1,4.298313,0.98659086
PCOS/infected/Image_SETB_109.jpg,1,3.0095463,0.9530036
PCOS/infected/Image_SETB_110.jpg,1,3.0095463,0.9530036
PCOS/infected/Image_SETB_111.jpg,1,-5.8149657,0.0029737132
PCOS/infected/Image_SETB_112.jpg,1,-5.8149657,0.0029737132
PCOS/infected/Image_SETB_113.jpg,1,-6.154199,0.0021200378
PCOS/infected/Image_SETB_114.jpg,1,-6.154199,0.0021200378
PCOS/infected/Image_SETB_115.jpg,1,8.603477,0.9998166
PCOS/infected/Image_SETB_116.jpg,1,8.603477,0.9998166
PCOS/infected/Image_SETB_117.jpg,1,12.042192,0.99999416
PCOS/infected/Image_SETB_118.jpg,1,12.042192,0.99999416
PCOS/infected/Image_SETB_119.jpg,1,-6.1172476,0.002199666
PCOS/infected/Image_SETB_120.jpg,1,-6.1172476,0.002199666
PCOS/infected/Image_SETB_121.jpg,1,7.5734024,0.9994863
PCOS/infected/Image_SETB_122.jpg,1,7.5734024,0.9994863
PCOS/infected/Image_SETB_123.jpg,1,-6.177226,0.0020718777
PCOS/infected/Image_SETB_124.jpg,1,-6.177226,0.0020718777
PCOS/infected/Image_SETB_125.jpg,1,9.343743,0.9999125
PCOS/infected/Image_SETB_126.jpg,1,9.343743,0.9999125
PCOS/infected/Image_SETB_127.jpg,1,11.576926,0.9999906
PCOS/infected/Image_SETB_128.jpg,1,11.576926,0.9999906
PCOS/infected/Image_SETB_129.jpg,1,7.823913,0.9996001
PCOS/infected/Image_SETB_130.jpg,1,7.823913,0.9996001
PCOS/infected/Image_SETB_131.jpg,1,1.3673412,0.7969502
PCOS/infected/Image_SETB_132.jpg,1,1.3673412,0.7969502
PCOS/infected/Image_SETB_133.jpg,1,9.394708,0.9999168
PCOS/infected/Image_SETB_134.jpg,1,9.394708,0.9999168
PCOS/infected/Image_SETB_135.jpg,1,3.0260224,0.953736
PCOS/infected/Image_SETB_136.jpg,1,3.0260224,0.953736
PCOS/infected/Image_SETB_137.jpg,1,3.2993586,0.9644068
PCOS/infected/Image_SETB_138.jpg,1,3.2993586,0.9644068
PCOS/infected/Image_SETB_139.jpg,1,1.6037335,0.83253956
PCOS/infected/Image_SETB_140.jpg,1,1.6037335,0.83253956
PCOS/infected/Image_SETB_141.jpg,1,5.498191,0.99592257
PCOS/infected/Image_SETB_142.jpg,1,5.498191,0.99592257
PCOS/infected/Image_SETB_143.jpg,1,8.647367,0.99982446
PCOS/infected/Image_SETB_144.jpg,1,8.647367,0.99982446
PCOS/infected/Image_SETB_145.jpg,1,8.222964,0.9997316
PCOS/infected/Image_SETB_146.jpg,1,8.222964,0.9997316
PCOS/infected/Image_SETB_147.jpg,1,8.495182,0.9997956
PCOS/infected/Image_SETB_148.jpg,1,8.495182,0.9997956
PCOS/infected/Image_SETB_149.jpg,1,9.228827,0.9999019
PCOS/infected/Image_SETB_150.jpg,1,9.228827,0.9999019
PCOS/infected/Image_SETB_151.jpg,1,2.6990204,0.93696886
PCOS/infected/Image_SETB_152.jpg,1,2.6990204,0.93696886
PCOS/infected/Image_SETB_153.jpg,1,-7.9580245,0.0003497212
PCOS/infected/Image_SETB_154.jpg,1,-7.9580245,0.0003497212
PCOS/infected/Image_SETB_155.jpg,1,11.844335,0.99999285
PCOS/infected/Image_SETB_156.jpg,1,11.844335,0.99999285
PCOS/infected/Image_SETB_157.jpg,1,7.512499,0.9994541
PCOS/infected/Image_SETB_158.jpg,1,7.512499,0.9994541
PCOS/infected/Image_SETB_159.jpg,1,-5.2715464,0.005109423
PCOS/infected/Image_SETB_160.jpg,1,-5.2715464,0.005109423
PCOS/infected/Image_SETB_161.jpg,1,-5.103949,0.006036062
PCOS/infected/Image_SETB_162.jpg,1,-5.103949,0.006036062
PCOS/infected/Image_SETB_163.jpg,1,8.129953,0.9997055
PCOS/infected/Image_SETB_164.jpg,1,8.129953,0.9997055
PCOS/infected/Image_SETB_165.jpg,1,9.785825,0.99994373
PCOS/infected/Image_SETB_166.jpg,1,9.785825,0.99994373
PCOS/infected/Image_SETB_167.jpg,1,5.1230183,0.9940773
PCOS/infected/Image_SETB_168.jpg,1,5.1230183,0.9940773
PCOS/infected/Image_SETB_169.jpg,1,-5.312357,0.004906104
PCOS/infected/Image_SETB_170.jpg,1,-5.312357,0.004906104
PCOS/infected/Image_SETB_171.jpg,1,7.8017797,0.9995912
PCOS/infected/Image_SETB_172.jpg,1,7.8017797,0.9995912
PCOS/infected/Image_SETB_173.jpg,1,4.9651294,0.99307126
PCOS/infected/Image_SETB_174.jpg,1,4.9651294,0.99307126
PCOS/infected/Image_SETB_175.jpg,1,10.592903,0.99997497
PCOS/infected/Image_SETB_176.jpg,1,10.592903,0.99997497
PCOS/infected/Image_SETB_177.jpg,1,3.5957077,0.97329164
PCOS/infected/Image_SETB_178.jpg,1,3.5957077,0.97329164
PCOS/infected/Image_SETB_179.jpg,1,10.293342,0.99996614
PCOS/infected/Image_SETB_180.jpg,1,10.293342,0.99996614
PCOS/infected/Image_SETB_181.jpg,1,10.70824,0.9999776
PCOS/infected/Image_SETB_182.jpg,1,10.70824,0.9999776
PCOS/infected/Image_SETB_183.jpg,1,7.773252,0.99957937
PCOS/infected/Image_SETB_184.jpg,1,7.773252,0.99957937
PCOS/infected/Image_SETB_185.jpg,1,1.203908,0.7692192
PCOS/infected/Image_SETB_186.jpg,1,1.203908,0.7692192
PCOS/infected/Image_SETB_187.jpg,1,7.700824,0.9995478
PCOS/infected/Image_SETB_188.jpg,1,7.700824,0.9995478
PCOS/infected/Image_SETB_189.jpg,1,-5.704723,0.0033191466
PCOS/infected/Image_SETB_190.jpg,1,-5.704723,0.0033191466
PCOS/infected/Image_SETB_191.jpg,1,2.903878,0.9480378
PCOS/infected/Image_SETB_192.jpg,1,2.903878,0.9480378
PCOS/infected/Image_SETB_193.jpg,1,9.5332365,0.99992764
PCOS/infected/Image_SETB_194.jpg,1,9.5332365,0.99992764
PCOS/infected/Image_SETB_195.jpg,1,-6.069153,0.0023077938
PCOS/infected/Image_SETB_196.jpg,1,-6.069153,0.0023077938
PCOS/infected/Image_SETB_197.jpg,1,10.14914,0.9999609
PCOS/infected/Image_SETB_198.jpg,1,10.14914,0.9999609
PCOS/infected/Image_SETB_199.jpg,1,3.0994403,0.9568696
PCOS/infected/Image_SETB_200.jpg,1,3.0994403,0.9568696
PCOS/infected/Image_SETB_201.jpg,1,10.285071,0.9999659
PCOS/infected/Image_SETB_202.jpg,1,10.285071,0.9999659
PCOS/infected/Image_SETB_203.jpg,1,8.576043,0.9998115
PCOS/infected/Image_SETB_204.jpg,1,8.576043,0.9998115
PCOS/infected/Image_SETB_205.jpg,1,11.08538,0.9999846
PCOS/infected/Image_SETB_206.jpg,1,11.08538,0.9999846
PCOS/infected/Image_SETB_207.jpg,1,8.3909025,0.9997731
PCOS/infected/Image_SETB_208.jpg,1,8.3909025,0.9997731
PCOS/infected/Image_SETB_209.jpg,1,9.766005,0.99994266
PCOS/infected/Image_SETB_210.jpg,1,9.766005,0.99994266
PCOS/infected/Image_SETB_211.jpg,1,7.8852525,0.9996239
PCOS/infected/Image_SETB_212.jpg,1,7.8852525,0.9996239
PCOS/infected/Image_SETB_213.jpg,1,9.909781,0.9999503
PCOS/infected/Image_SETB_214.jpg,1,9.909781,0.9999503
PCOS/infected/Image_SETB_215.jpg,1,-6.1141286,0.0022065223
PCOS/infected/Image_SETB_216.jpg,1,-6.1141286,0.0022065223
PCOS/infected/Image_SETB_217.jpg,1,10.946173,0.99998236
PCOS/infected/Image_SETB_218.jpg,1,10.946173,0.99998236
PCOS/infected/Image_SETB_219.jpg,1,8.789399,0.99984765
PCOS/infected/Image_SETB_220.jpg,1,8.789399,0.99984765
PCOS/infected/Image_SETB_221.jpg,1,1.6010485,0.8321649
PCOS/infected/Image_SETB_222.jpg,1,1.6010485,0.8321649
PCOS/infected/Image_SETB_223.jpg,1,2.51415,0.92512786
PCOS/infected/Image_SETB_224.jpg,1,2.51415,0.92512786
PCOS/infected/Image_SETB_225.jpg,1,8.461996,0.9997887
PCOS/infected/Image_SETB_226.jpg,1,8.461996,0.9997887
PCOS/infected/Image_SETB_227.jpg,1,10.162078,0.9999614
PCOS/infected/Image_SETB_228.jpg,1,10.162078,0.9999614
PCOS/infected/Image_SETB_229.jpg,1,3.3820581,0.967139
PCOS/infected/Image_SETB_230.jpg,1,3.3820581,0.967139
PCOS/infected/Image_SETB_231.jpg,1,9.674553,0.9999372
PCOS/infected/Image_SETB_232.jpg,1,9.674553,0.9999372
PCOS/infected/Image_SETB_233.jpg,1,-5.164754,0.0056819995
PCOS/infected/Image_SETB_234.jpg,1,-5.164754,0.0056819995
PCOS/infected/Image_SETB_235.jpg,1,2.7771454,0.9414283
PCOS/infected/Image_SETB_236.jpg,1,2.7771454,0.9414283
PCOS/infected/Image_SETB_237.jpg,1,9.019311,0.999879
PCOS/infected/Image_SETB_238.jpg,1,9.019311,0.999879
PCOS/infected/Image_SETB_239.jpg,1,3.8140996,0.9784185
PCOS/infected/Image_SETB_240.jpg,1,3.8140996,0.9784185
PCOS/infected/Image_SETB_241.jpg,1,10.563489,0.99997413
PCOS/infected/Image_SETB_242.jpg,1,10.563489,0.99997413
PCOS/infected/Image_SETB_243.jpg,1,6.5080814,0.9985109
PCOS/infected/Image_SETB_244.jpg,1,6.5080814,0.9985109
PCOS/infected/Image_SETB_245.jpg,1,10.586722,0.9999747
PCOS/infected/Image_SETB_246.jpg,1,10.586722,0.9999747
PCOS/infected/Image_SETB_247.jpg,1,-6.263919,0.0019001529
PCOS/infected/Image_SETB_248.jpg,1,-6.263919,0.0019001529
PCOS/infected/Image_SETB_249.jpg,1,9.426804,0.9999194
PCOS/infected/Image_SETB_250.jpg,1,9.426804,0.9999194
PCOS/infected/Image_SETB_251.jpg,1,8.978663,0.9998739
PCOS/infected/Image_SETB_252.jpg,1,8.978663,0.9998739
PCOS/infected/Image_SETB_253.jpg,1,2.0397787,0.88491076
PCOS/infected/Image_SETB_254.jpg,1,2.0397787,0.88491076
PCOS/infected/Image_SETB_255.jpg,1,11.634347,0.9999912
PCOS/infected/Image_SETB_256.jpg,1,11.634347,0.9999912
PCOS/infected/Image_SETB_257.jpg,1,11.3701105,0.99998844
PCOS/infected/Image_SETB_258.jpg,1,11.3701105,0.99998844
PCOS/infected/Image_SETB_259.jpg,1,-4.662988,0.009349969
PCOS/infected/Image_SETB_260.jpg,1,-4.662988,0.009349969
PCOS/infected/Image_SETB_261.jpg,1,-6.6964116,0.0012338127
PCOS/infected/Image_SETB_262.jpg,1,-6.6964116,0.0012338127
PCOS/infected/Image_SETB_263.jpg,1,-5.651439,0.0035001636
PCOS/infected/Image_SETB_264.jpg,1,-5.651439,0.0035001636
PCOS/infected/Image_SETB_265.jpg,1,10.581845,0.9999746
PCOS/infected/Image_SETB_266.jpg,1,10.581845,0.9999746
PCOS/infected/Image_SETB_267.jpg,1,7.5663586,0.99948263
PCOS/infected/Image_SETB_268.jpg,1,7.5663586,0.99948263
PCOS/infected/Image_SETB_269.jpg,1,3.8275404,0.97870046
PCOS/infected/Image_SETB_270.jpg,1,3.8275404,0.97870046
PCOS/infected/Image_SETB_271.jpg,1,10.627107,0.9999758
PCOS/infected/Image_SETB_272.jpg,1,10.627107,0.9999758
PCOS/infected/Image_SETB_273.jpg,1,7.9883223,0.99966073
PCOS/infected/Image_SETB_274.jpg,1,7.9883223,0.99966073
PCOS/infected/Image_SETB_275.jpg,1,8.047625,0.9996803
PCOS/infected/Image_SETB_276.jpg,1,8.047625,0.9996803
PCOS/infected/Image_SETB_277.jpg,1,-6.031026,0.0023972667
PCOS/infected/Image_SETB_278.jpg,1,-6.031026,0.0023972667
PCOS/infected/Image_SETB_279.jpg,1,-6.133616,0.0021640316
PCOS/infected/Image_SETB_280.jpg,1,-6.133616,0.0021640316
PCOS/infected/Image_SETB_281.jpg,1,-6.651897,0.0012899039
PCOS/infected/Image_SETB_282.jpg,1,-6.651897,0.0012899039
PCOS/infected/Image_SETB_283.jpg,1,9.2927,0.99990785
PCOS/infected/Image_SETB_284.jpg,1,9.2927,0.99990785
PCOS/infected/Image_SETB_285.jpg,1,9.415618,0.9999186
PCOS/infected/Image_SETB_286.jpg,1,9.415618,0.9999186
PCOS/infected/Image_SETB_287.jpg,1,9.100915,0.9998884
PCOS/infected/Image_SETB_288.jpg,1,9.100915,0.9998884
PCOS/infected/Image_SETB_289.jpg,1,9.068855,0.99988484
PCOS/infected/Image_SETB_290.jpg,1,9.068855,0.99988484
PCOS/infected/Image_SETB_291.jpg,1,8.970939,0.9998729
PCOS/infected/Image_SETB_292.jpg,1,8.970939,0.9998729
PCOS/infected/Image_SETB_293.jpg,1,7.5395346,0.9994686
PCOS/infected/Image_SETB_294.jpg,1,7.5395346,0.9994686
PCOS/infected/Image_SETB_295.jpg,1,7.4283733,0.9994062
PCOS/infected/Image_SETB_296.jpg,1,7.4283733,0.9994062
PCOS/infected/Image_SETB_297.jpg,1,6.5810175,0.9986155
PCOS/infected/Image_SETB_298.jpg,1,6.5810175,0.9986155
PCOS/infected/Image_SETB_299.jpg,1,5.117315,0.99404365
PCOS/infected/Image_SETB_300.jpg,1,5.117315,0.99404365
PCOS/infected/Image_SETB_301.jpg,1,-6.1279106,0.0021763865
PCOS/infected/Image_SETB_302.jpg,1,-6.1279106,0.0021763865
PCOS/infected/Image_SETB_303.jpg,1,8.001313,0.99966514
PCOS/infected/Image_SETB_304.jpg,1,8.001313,0.99966514
PCOS/infected/Image_SETB_305.jpg,1,-5.5940866,0.0037060096
PCOS/infected/Image_SETB_306.jpg,1,-5.5940866,0.0037060096
PCOS/infected/Image_SETB_307.jpg,1,9.610597,0.999933
PCOS/infected/Image_SETB_308.jpg,1,9.610597,0.999933
PCOS/infected/Image_SETB_309.jpg,1,8.374886,0.9997695
PCOS/infected/Image_SETB_310.jpg,1,8.374886,0.9997695
PCOS/infected/Image_SETB_311.jpg,1,-7.1346602,0.0007963618
PCOS/infected/Image_SETB_312.jpg,1,-7.1346602,0.0007963618
PCOS/infected/Image_SETB_313.jpg,1,7.9949646,0.999663
PCOS/infected/Image_SETB_314.jpg,1,7.9949646,0.999663
PCOS/infected/Image_SETB_315.jpg,1,5.152699,0.99424946
PCOS/infected/Image_SETB_316.jpg,1,5.152699,0.99424946
PCOS/infected/Image_SETB_317.jpg,1,-5.0878468,0.0061334427
PCOS/infected/Image_SETB_318.jpg,1,-5.0878468,0.0061334427
PCOS/infected/Image_SETB_319.jpg,1,-5.4743223,0.0041755605
PCOS/infected/Image_SETB_320.jpg,1,-5.4743223,0.0041755605
PCOS/infected/Image_SETB_321.jpg,1,-5.116433,0.0059616226
PCOS/infected/Image_SETB_322.jpg,1,-5.116433,0.0059616226
PCOS/infected/Image_SETB_323.jpg,1,10.930774,0.9999821
PCOS/infected/Image_SETB_324.jpg,1,10.930774,0.9999821
PCOS/infected/Image_SETB_325.jpg,1,3.1383212,0.95844615
PCOS/infected/Image_SETB_326.jpg,1,3.1383212,0.95844615
PCOS/infected/Image_SETB_327.jpg,1,-5.6924853,0.0033598773
PCOS/infected/Image_SETB_328.jpg,1,-5.6924853,0.0033598773
PCOS/infected/Image_SETB_329.jpg,1,8.795678,0.9998486
PCOS/infected/Image_SETB_330.jpg,1,8.795678,0.9998486
PCOS/infected/Image_SETB_331.jpg,1,8.102815,0.99969745
PCOS/infected/Image_SETB_332.jpg,1,8.102815,0.99969745
PCOS/infected/Image_SETB_333.jpg,1,7.635918,0.99951744
PCOS/infected/Image_SETB_334.jpg,1,7.635918,0.99951744
PCOS/infected/Image_SETB_335.jpg,1,1.9891944,0.8796579
PCOS/infected/Image_SETB_336.jpg,1,1.9891944,0.8796579
PCOS/infected/Image_SETB_337.jpg,1,8.602272,0.99981636
PCOS/infected/Image_SETB_338.jpg,1,8.602272,0.99981636
PCOS/infected/Image_SETB_339.jpg,1,10.752113,0.99997854
PCOS/infected/Image_SETB_340.jpg,1,10.752113,0.99997854
PCOS/infected/Image_SETB_341.jpg,1,8.016039,0.99967
PCOS/infected/Image_SETB_342.jpg,1,8.016039,0.99967
PCOS/infected/Image_SETB_343.jpg,1,-5.586688,0.0037334277
PCOS/infected/Image_SETB_344.jpg,1,-5.586688,0.0037334277
PCOS/infected/Image_SETB_345.jpg,1,1.7551774,0.8526046
PCOS/infected/Image_SETB_346.jpg,1,1.7551774,0.8526046
PCOS/infected/Image_SETB_347.jpg,1,8.69474,0.9998325
PCOS/infected/Image_SETB_348.jpg,1,8.69474,0.9998325
PCOS/infected/Image_SETB_349.jpg,1,10.776282,0.99997914
PCOS/infected/Image_SETB_350.jpg,1,10.776282,0.99997914
PCOS/infected/Image_SETB_351.jpg,1,8.140141,0.9997085
PCOS/infected/Image_SETB_352.jpg,1,8.140141,0.9997085
PCOS/infected/Image_SETB_353.jpg,1,9.993751,0.99995434
PCOS/infected/Image_SETB_354.jpg,1,9.993751,0.99995434
PCOS/infected/Image_SETB_355.jpg,1,10.113795,0.99995947
PCOS/infected/Image_SETB_356.jpg,1,10.113795,0.99995947
PCOS/infected/Image_SETB_357.jpg,1,-6.8769417,0.0010302308
PCOS/infected/Image_SETB_358.jpg,1,-6.8769417,0.0010302308
PCOS/infected/Image_SETB_359.jpg,1,-5.4244566,0.00438812
PCOS/infected/Image_SETB_360.jpg,1,-5.4244566,0.00438812
PCOS/infected/Image_SETB_361.jpg,1,2.9169235,0.94867665
PCOS/infected/Image_SETB_362.jpg,1,2.9169235,0.94867665
PCOS/infected/Image_SETB_363.jpg,1,-5.808026,0.0029943602
PCOS/infected/Image_SETB_364.jpg,1,-5.808026,0.0029943602
PCOS/infected/Image_SETB_365.jpg,1,11.250585,0.999987
PCOS/infected/Image_SETB_366.jpg,1,11.250585,0.999987
PCOS/infected/Image_SETB_367.jpg,1,8.912114,0.9998653
PCOS/infected/Image_SETB_368.jpg,1,8.912114,0.9998653
PCOS/infected/Image_SETB_369.jpg,1,8.009901,0.999668
PCOS/infected/Image_SETB_370.jpg,1,8.009901,0.999668
PCOS/infected/Image_SETB_371.jpg,1,7.437526,0.9994116
PCOS/infected/Image_SETB_372.jpg,1,7.437526,0.9994116
PCOS/infected/Image_SETB_373.jpg,1,6.98984,0.9990796
PCOS/infected/Image_SETB_374.jpg,1,6.98984,0.9990796
PCOS/infected/Image_SETB_375.jpg,1,8.651032,0.99982506
PCOS/infected/Image_SETB_376.jpg,1,8.651032,0.99982506
PCOS/infected/Image_SETB_377.jpg,1,12.710504,0.999997
PCOS/infected/Image_SETB_378.jpg,1,12.710504,0.999997
PCOS/infected/Image_SETB_379.jpg,1,9.022699,0.99987936
PCOS/infected/Image_SETB_380.jpg,1,9.022699,0.99987936
PCOS/infected/Image_SETB_381.jpg,1,-6.5552225,0.0014206452
PCOS/infected/Image_SETB_382.jpg,1,-6.5552225,0.0014206452
PCOS/infected/Image_SETB_383.jpg,1,1.6182704,0.8345565
PCOS/infected/Image_SETB_384.jpg,1,1.6182704,0.8345565
PCOS/infected/Image_SETB_385.jpg,1,7.984907,0.99965954
PCOS/infected/Image_SETB_386.jpg,1,7.984907,0.99965954
PCOS/infected/Image_SETB_387.jpg,1,11.825085,0.9999927
PCOS/infected/Image_SETB_388.jpg,1,11.825085,0.9999927
PCOS/infected/Image_SETB_389.jpg,1,-6.2005014,0.0020243071
PCOS/infected/Image_SETB_390.jpg,1,-6.2005014,0.0020243071
PCOS/infected/Image_SETB_391.jpg,1,-7.2155294,0.00073454133
PCOS/infected/Image_SETB_392.jpg,1,-7.2155294,0.00073454133
PCOS/infected/Image_SETB_393.jpg,1,8.943365,0.99986935
PCOS/infected/Image_SETB_394.jpg,1,8.943365,0.99986935
PCOS/infected/Image_SETB_395.jpg,1,7.5602326,0.9994796
PCOS/infected/Image_SETB_396.jpg,1,7.5602326,0.9994796
PCOS/infected/Image_SETB_397.jpg,1,4.6979218,0.99096817
PCOS/infected/Image_SETB_398.jpg,1,4.6979218,0.99096817
PCOS/infected/Image_SETB_399.jpg,1,9.779822,0.9999434
PCOS/infected/Image_SETB_400.jpg,1,9.779822,0.9999434
PCOS/infected/Image_SETB_401.jpg,1,9.50402,0.9999255
PCOS/infected/Image_SETB_402.jpg,1,9.50402,0.9999255
PCOS/infected/Image_SETB_403.jpg,1,9.36564,0.9999144
PCOS/infected/Image_SETB_404.jpg,1,9.36564,0.9999144
PCOS/infected/Image_SETB_405.jpg,1,-5.7867317,0.0030586093
PCOS/infected/Image_SETB_406.jpg,1,-5.7867317,0.0030586093
PCOS/infected/Image_SETB_407.jpg,1,8.932725,0.99986804
PCOS/infected/Image_SETB_408.jpg,1,8.932725,0.99986804
PCOS/infected/Image_SETB_409.jpg,1,14.462636,0.9999995
PCOS/infected/Image_SETB_410.jpg,1,14.462636,0.9999995
PCOS/infected/Image_SETB_411.jpg,1,8.978159,0.9998739
PCOS/infected/Image_SETB_412.jpg,1,8.978159,0.9998739
PCOS/infected/Image_SETB_413.jpg,1,10.434726,0.99997056
PCOS/infected/Image_SETB_414.jpg,1,10.434726,0.99997056
PCOS/infected/Image_SETB_415.jpg,1,9.71194,0.99993944
PCOS/infected/Image_SETB_416.jpg,1,9.71194,0.99993944
PCOS/infected/Image_SETB_417.jpg,1,10.730462,0.9999782
PCOS/infected/Image_SETB_418.jpg,1,10.730462,0.9999782
PCOS/infected/Image_SETB_419.jpg,1,10.005088,0.9999548
PCOS/infected/Image_SETB_420.jpg,1,10.005088,0.9999548
PCOS/infected/Image_SETB_421.jpg,1,-6.016523,0.0024322027
PCOS/infected/Image_SETB_422.jpg,1,-6.016523,0.0024322027
PCOS/infected/Image_SETB_423.jpg,1,10.681548,0.999977
PCOS/infected/Image_SETB_424.jpg,1,10.681548,0.999977
PCOS/infected/Image_SETB_425.jpg,1,9.872457,0.9999484
PCOS/infected/Image_SETB_426.jpg,1,9.872457,0.9999484
PCOS/infected/Image_SETB_427.jpg,1,7.594075,0.9994968
PCOS/infected/Image_SETB_428.jpg,1,7.594075,0.9994968
PCOS/infected/Image_SETB_429.jpg,1,4.102255,0.9837336
PCOS/infected/Image_SETB_430.jpg,1,4.102255,0.9837336
PCOS/infected/Image_SETB_431.jpg,1,4.1409516,0.9843413
PCOS/infected/Image_SETB_432.jpg,1,4.1409516,0.9843413
PCOS/infected/Image_SETB_433.jpg,1,12.773725,0.99999714
PCOS/infected/Image_SETB_434.jpg,1,12.773725,0.99999714
PCOS/infected/Image_SETB_435.jpg,1,-4.6454253,0.009514056
PCOS/infected/Image_SETB_436.jpg,1,-4.6454253,0.009514056
PCOS/infected/Image_SETB_437.jpg,1,-5.4623995,0.0042254315
PCOS/infected/Image_SETB_438.jpg,1,-5.4623995,0.0042254315
PCOS/infected/Image_SETB_439.jpg,1,-6.33624,0.0017678182
PCOS/infected/Image_SETB_440.jpg,1,-6.33624,0.0017678182
PCOS/infected/Image_SETB_441.jpg,1,-5.2199016,0.0053787744
PCOS/infected/Image_SETB_442.jpg,1,-5.2199016,0.0053787744
PCOS/infected/Image_SETB_443.jpg,1,10.17702,0.999962
PCOS/infected/Image_SETB_444.jpg,1,10.17702,0.999962
PCOS/infected/Image_SETB_445.jpg,1,-6.3884406,0.0016780548
PCOS/infected/Image_SETB_446.jpg,1,-6.3884406,0.0016780548
PCOS/infected/Image_SETB_447.jpg,1,-7.931259,0.0003592046
PCOS/infected/Image_SETB_448.jpg,1,-7.931259,0.0003592046
PCOS/infected/Image_SETB_449.jpg,1,10.723204,0.99997795
PCOS/infected/Image_SETB_450.jpg,1,10.723204,0.99997795
PCOS/infected/Image_SETB_451.jpg,1,7.21624,0.99926597
PCOS/infected/Image_SETB_452.jpg,1,7.21624,0.99926597
PCOS/infected/Image_SETB_453.jpg,1,7.9410963,0.9996443
PCOS/infected/Image_SETB_454.jpg,1,7.9410963,0.9996443
PCOS/infected/Image_SETB_455.jpg,1,9.469448,0.9999229
PCOS/infected/Image_SETB_456.jpg,1,9.469448,0.9999229
PCOS/infected/Image_SETB_457.jpg,1,6.2166986,0.9980082
PCOS/infected/Image_SETB_458.jpg,1,6.2166986,0.9980082
PCOS/infected/Image_SETB_459.jpg,1,-6.8672233,0.0010402814
PCOS/infected/Image_SETB_460.jpg,1,-6.8672233,0.0010402814
PCOS/infected/Image_SETB_461.jpg,1,10.815522,0.99998
PCOS/infected/Image_SETB_462.jpg,1,10.815522,0.99998
PCOS/infected/Image_SETB_463.jpg,1,-6.1346955,0.0021617017
PCOS/infected/Image_SETB_464.jpg,1,-6.1346955,0.0021617017
PCOS/infected/Image_SETB_465.jpg,1,-6.584878,0.0013791911
PCOS/infected/Image_SETB_466.jpg,1,-6.584878,0.0013791911
PCOS/infected/Image_SETB_467.jpg,1,8.27793,0.999746
PCOS/infected/Image_SETB_468.jpg,1,8.27793,0.999746
PCOS/infected/Image_SETB_469.jpg,1,6.297785,0.99816304
PCOS/infected/Image_SETB_470.jpg,1,6.297785,0.99816304
PCOS/infected/Image_SETB_471.jpg,1,8.128737,0.99970514
PCOS/infected/Image_SETB_472.jpg,1,8.128737,0.99970514
PCOS/infected/Image_SETB_473.jpg,1,3.049594,0.95476496
PCOS/infected/Image_SETB_474.jpg,1,3.049594,0.95476496
PCOS/infected/Image_SETB_475.jpg,1,9.720641,0.9999399
PCOS/infected/Image_SETB_476.jpg,1,9.720641,0.9999399
PCOS/infected/Image_SETB_477.jpg,1,-5.4564934,0.004250355
PCOS/infected/Image_SETB_478.jpg,1,-5.4564934,0.004250355
PCOS/infected/Image_SETB_479.jpg,1,9.523455,0.9999269
PCOS/infected/Image_SETB_480.jpg,1,9.523455,0.9999269
PCOS/infected/Image_SETB_481.jpg,1,8.841893,0.9998554
PCOS/infected/Image_SETB_482.jpg,1,8.841893,0.9998554
PCOS/infected/Image_SETB_483.jpg,1,-6.0563164,0.0023375389
PCOS/infected/Image_SETB_484.jpg,1,-6.0563164,0.0023375389
PCOS/infected/Image_SETB_485.jpg,1,-5.221054,0.005372612
PCOS/infected/Image_SETB_486.jpg,1,-5.221054,0.005372612
PCOS/infected/Image_SETB_487.jpg,1,9.308773,0.9999094
PCOS/infected/Image_SETB_488.jpg,1,9.308773,0.9999094
PCOS/infected/Image_SETB_489.jpg,1,5.966789,0.99744415
PCOS/infected/Image_SETB_490.jpg,1,5.966789,0.99744415
PCOS/infected/Image_SETB_491.jpg,1,7.654333,0.99952626
PCOS/infected/Image_SETB_492.jpg,1,7.654333,0.99952626
PCOS/infected/Image_SETB_493.jpg,1,-7.3282666,0.00065627997
PCOS/infected/Image_SETB_494.jpg,1,-7.3282666,0.00065627997
PCOS/infected/Image_SETB_495.jpg,1,10.476732,0.99997187
PCOS/infected/Image_SETB_496.jpg,1,10.476732,0.99997187
PCOS/infected/Image_SETB_497.jpg,1,1.3425214,0.7929043
PCOS/infected/Image_SETB_498.jpg,1,1.3425214,0.7929043
PCOS/infected/Image_SETB_499.jpg,1,7.708318,0.9995511
PCOS/infected/Image_SETB_500.jpg,1,7.708318,0.9995511
PCOS/infected/Image_SETB_501.jpg,1,3.556307,0.9722481
PCOS/infected/Image_SETB_502.jpg,1,3.556307,0.9722481
PCOS/infected/Image_SETB_503.jpg,1,9.096028,0.99988794
PCOS/infected/Image_SETB_504.jpg,1,9.096028,0.99988794
PCOS/infected/Image_SETB_505.jpg,1,9.5260105,0.99992704
PCOS/infected/Image_SETB_506.jpg,1,9.5260105,0.99992704
PCOS/infected/Image_SETB_507.jpg,1,11.785338,0.9999924
PCOS/infected/Image_SETB_508.jpg,1,11.785338,0.9999924
PCOS/infected/Image_SETB_509.jpg,1,4.3411293,0.98714554
PCOS/infected/Image_SETB_510.jpg,1,4.3411293,0.98714554
PCOS/infected/Image_SETB_511.jpg,1,5.4519396,0.99573034
PCOS/infected/Image_SETB_512.jpg,1,5.4519396,0.99573034
PCOS/infected/Image_SETB_513.jpg,1,-6.6433964,0.001300901
PCOS/infected/Image_SETB_514.jpg,1,-6.6433964,0.001300901
PCOS/infected/Image_SETB_515.jpg,1,6.942979,0.9990356
PCOS/infected/Image_SETB_516.jpg,1,6.942979,0.9990356
PCOS/infected/Image_SETB_517.jpg,1,8.026608,0.9996735
PCOS/infected/Image_SETB_518.jpg,1,8.026608,0.9996735
PCOS/infected/Image_SETB_519.jpg,1,8.647059,0.99982446
PCOS/infected/Image_SETB_520.jpg,1,8.647059,0.99982446
PCOS/infected/Image_SETB_521.jpg,1,10.395457,0.9999695
PCOS/infected/Image_SETB_522.jpg,1,10.395457,0.9999695
PCOS/infected/Image_SETB_523.jpg,1,-5.736066,0.0032170576
PCOS/infected/Image_SETB_524.jpg,1,-5.736066,0.0032170576
PCOS/infected/Image_SETB_525.jpg,1,8.778314,0.999846
PCOS/infected/Image_SETB_526.jpg,1,8.778314,0.999846
PCOS/infected/Image_SETB_527.jpg,1,6.638793,0.99869317
PCOS/infected/Image_SETB_528.jpg,1,6.638793,0.99869317
PCOS/infected/Image_SETB_529.jpg,1,6.6587186,0.99871886
PCOS/infected/Image_SETB_530.jpg,1,6.6587186,0.99871886
PCOS/infected/Image_SETB_531.jpg,1,9.843275,0.99994695
PCOS/infected/Image_SETB_532.jpg,1,9.843275,0.99994695
PCOS/infected/Image_SETB_533.jpg,1,10.659453,0.9999765
PCOS/infected/Image_SETB_534.jpg,1,10.659453,0.9999765
PCOS/infected/Image_SETB_535.jpg,1,11.284625,0.9999875
PCOS/infected/Image_SETB_536.jpg,1,11.284625,0.9999875
PCOS/infected/Image_SETB_537.jpg,1,4.5054717,0.9890723
PCOS/infected/Image_SETB_538.jpg,1,4.5054717,0.9890723
PCOS/infected/Image_SETB_539.jpg,1,8.331244,0.99975914
PCOS/infected/Image_SETB_540.jpg,1,8.331244,0.99975914
PCOS/infected/Image_SETB_541.jpg,1,-6.2451644,0.0019360561
PCOS/infected/Image_SETB_542.jpg,1,-6.2451644,0.0019360561
PCOS/infected/Image_SETB_543.jpg,1,-7.108144,0.0008177434
PCOS/infected/Image_SETB_544.jpg,1,-7.108144,0.0008177434
PCOS/infected/Image_SETB_545.jpg,1,6.186032,0.9979462
PCOS/infected/Image_SETB_546.jpg,1,6.186032,0.9979462
PCOS/infected/Image_SETB_547.jpg,1,-5.64412,0.003525785
PCOS/infected/Image_SETB_548.jpg,1,-5.64412,0.003525785
PCOS/infected/Image_SETB_549.jpg,1,6.929834,0.99902284
PCOS/infected/Image_SETB_550.jpg,1,6.929834,0.99902284
PCOS/infected/Image_SETB_551.jpg,1,-6.137932,0.0021547321
PCOS/infected/Image_SETB_552.jpg,1,-6.137932,0.0021547321
PCOS/infected/Image_SETB_553.jpg,1,1.763914,0.8536992
PCOS/infected/Image_SETB_554.jpg,1,1.763914,0.8536992
PCOS/infected/Image_SETB_555.jpg,1,7.461006,0.9994253
PCOS/infected/Image_SETB_556.jpg,1,7.461006,0.9994253
PCOS/infected/Image_SETB_557.jpg,1,8.157714,0.9997136
PCOS/infected/Image_SETB_558.jpg,1,8.157714,0.9997136
PCOS/infected/Image_SETB_559.jpg,1,9.323206,0.9999107
PCOS/infected/Image_SETB_560.jpg,1,9.323206,0.9999107
PCOS/infected/Image_SETB_561.jpg,1,8.25871,0.999741
PCOS/infected/Image_SETB_562.jpg,1,8.25871,0.999741
PCOS/infected/Image_SETB_563.jpg,1,8.705712,0.9998344
PCOS/infected/Image_SETB_564.jpg,1,8.705712,0.9998344
PCOS/infected/Image_SETB_565.jpg,1,8.490855,0.9997948
PCOS/infected/Image_SETB_566.jpg,1,8.490855,0.9997948
PCOS/infected/Image_SETB_567.jpg,1,9.740278,0.9999411
PCOS/infected/Image_SETB_568.jpg,1,9.740278,0.9999411
PCOS/infected/Image_SETB_569.jpg,1,8.33523,0.9997601
PCOS/infected/Image_SETB_570.jpg,1,8.33523,0.9997601
PCOS/infected/Image_SETB_571.jpg,1,9.842284,0.99994683
PCOS/infected/Image_SETB_572.jpg,1,9.842284,0.99994683
PCOS/infected/Image_SETB_573.jpg,1,9.210456,0.9999
PCOS/infected/Image_SETB_574.jpg,1,9.210456,0.9999
PCOS/infected/Image_SETB_575.jpg,1,-6.448942,0.0015796955
PCOS/infected/Image_SETB_576.jpg,1,-6.448942,0.0015796955
PCOS/infected/Image_SETB_577.jpg,1,9.373566,0.999915
PCOS/infected/Image_SETB_578.jpg,1,9.373566,0.999915
PCOS/infected/Image_SETB_579.jpg,1,-4.867531,0.0076336153
PCOS/infected/Image_SETB_580.jpg,1,-4.867531,0.0076336153
PCOS/infected/Image_SETB_581.jpg,1,9.986625,0.999954
PCOS/infected/Image_SETB_582.jpg,1,9.986625,0.999954
PCOS/infected/Image_SETB_583.jpg,1,9.765003,0.99994254
PCOS/infected/Image_SETB_584.jpg,1,9.765003,0.99994254
PCOS/infected/Image_SETB_585.jpg,1,9.051221,0.9998827
PCOS/infected/Image_SETB_586.jpg,1,9.051221,0.9998827
PCOS/infected/Image_SETB_587.jpg,1,9.669517,0.9999368
PCOS/infected/Image_SETB_588.jpg,1,9.669517,0.9999368
PCOS/infected/Image_SETB_589.jpg,1,-5.644621,0.0035240264
PCOS/infected/Image_SETB_590.jpg,1,-5.644621,0.0035240264
PCOS/infected/Image_SETB_591.jpg,1,7.505827,0.9994504
PCOS/infected/Image_SETB_592.jpg,1,7.505827,0.9994504
PCOS/infected/Image_SETB_593.jpg,1,-5.93301,0.0026434853
PCOS/infected/Image_SETB_594.jpg,1,-5.93301,0.0026434853
PCOS/infected/Image_SETB_595.jpg,1,11.322709,0.99998796
PCOS/infected/Image_SETB_596.jpg,1,11.322709,0.99998796
PCOS/infected/Image_SETB_597.jpg,1,2.7989388,0.9426185
PCOS/infected/Image_SETB_598.jpg,1,2.7989388,0.9426185
PCOS/infected/Image_SETB_599.jpg,1,7.52122,0.99945885
PCOS/infected/Image_SETB_600.jpg,1,7.52122,0.99945885
PCOS/infected/Image_SETB_601.jpg,1,10.665208,0.99997663
PCOS/infected/Image_SETB_602.jpg,1,10.665208,0.99997663
PCOS/infected/Image_SETB_603.jpg,1,3.7125733,0.9761672
PCOS/infected/Image_SETB_604.jpg,1,3.7125733,0.9761672
PCOS/infected/Image_SETB_605.jpg,1,9.276768,0.9999064
PCOS/infected/Image_SETB_606.jpg,1,9.276768,0.9999064
PCOS/infected/Image_SETB_607.jpg,1,10.508205,0.9999727
PCOS/infected/Image_SETB_608.jpg,1,10.508205,0.9999727
PCOS/infected/Image_SETB_609.jpg,1,8.50842,0.99979824
PCOS/infected/Image_SETB_610.jpg,1,8.50842,0.99979824
PCOS/infected/Image_SETB_611.jpg,1,5.607579,0.99634343
PCOS/infected/Image_SETB_612.jpg,1,5.607579,0.99634343
PCOS/infected/Image_SETB_613.jpg,1,9.316916,0.9999101
PCOS/infected/Image_SETB_614.jpg,1,9.316916,0.9999101
PCOS/infected/Image_SETB_615.jpg,1,-6.0982914,0.002241667
PCOS/infected/Image_SETB_616.jpg,1,-6.0982914,0.002241667
PCOS/infected/Image_SETB_617.jpg,1,3.8992763,0.98014563
PCOS/infected/Image_SETB_618.jpg,1,3.8992763,0.98014563
PCOS/infected/Image_SETB_619.jpg,1,9.415421,0.9999186
PCOS/infected/Image_SETB_620.jpg,1,9.415421,0.9999186
PCOS/infected/Image_SETB_621.jpg,1,9.333151,0.99991155
PCOS/infected/Image_SETB_622.jpg,1,9.333151,0.99991155
PCOS/infected/Image_SETB_623.jpg,1,8.918748,0.9998661
PCOS/infected/Image_SETB_624.jpg,1,8.918748,0.9998661
PCOS/infected/Image_SETB_625.jpg,1,12.513787,0.9999963
PCOS/infected/Image_SETB_626.jpg,1,12.513787,0.9999963
PCOS/infected/Image_SETB_627.jpg,1,-5.0071545,0.006645455
PCOS/infected/Image_SETB_628.jpg,1,-5.0071545,0.006645455
PCOS/infected/Image_SETB_629.jpg,1,10.750451,0.99997854
PCOS/infected/Image_SETB_630.jpg,1,10.750451,0.99997854
PCOS/infected/Image_SETB_631.jpg,1,3.2220538,0.9616558
PCOS/infected/Image_SETB_632.jpg,1,3.2220538,0.9616558
PCOS/infected/Image_SETB_633.jpg,1,10.211606,0.9999633
PCOS/infected/Image_SETB_634.jpg,1,10.211606,0.9999633
PCOS/infected/Image_SETB_635.jpg,1,8.331241,0.99975914
PCOS/infected/Image_SETB_636.jpg,1,8.331241,0.99975914
PCOS/infected/Image_SETB_637.jpg,1,8.871518,0.9998597
PCOS/infected/Image_SETB_638.jpg,1,8.871518,0.9998597
PCOS/infected/Image_SETB_639.jpg,1,7.306651,0.99932945
PCOS/infected/Image_SETB_640.jpg,1,7.306651,0.99932945
PCOS/infected/Image_SETB_641.jpg,1,8.612607,0.99981827
PCOS/infected/Image_SETB_642.jpg,1,8.612607,0.99981827
PCOS/infected/Image_SETB_643.jpg,1,-6.3836317,0.0016861302
PCOS/infected/Image_SETB_644.jpg,1,-6.3836317,0.0016861302
PCOS/infected/Image_SETB_645.jpg,1,9.842259,0.99994683
PCOS/infected/Image_SETB_646.jpg,1,9.842259,0.99994683
PCOS/infected/Image_SETB_647.jpg,1,10.839674,0.99998045
PCOS/infected/Image_SETB_648.jpg,1,10.839674,0.99998045
PCOS/infected/Image_SETB_649.jpg,1,7.011437,0.9990994
PCOS/infected/Image_SETB_650.jpg,1,7.011437,0.9990994
PCOS/infected/Image_SETB_651.jpg,1,10.346452,0.99996793
PCOS/infected/Image_SETB_652.jpg,1,10.346452,0.99996793
PCOS/infected/Image_SETB_653.jpg,1,7.0861144,0.9991641
PCOS/infected/Image_SETB_654.jpg,1,7.0861144,0.9991641
PCOS/infected/Image_SETB_655.jpg,1,9.608387,0.9999329
PCOS/infected/Image_SETB_656.jpg,1,9.608387,0.9999329
PCOS/infected/Image_SETB_657.jpg,1,-8.078293,0.00031010393
PCOS/infected/Image_SETB_658.jpg,1,-8.078293,0.00031010393
PCOS/infected/Image_SETB_659.jpg,1,9.59213,0.9999317
PCOS/infected/Image_SETB_660.jpg,1,9.59213,0.9999317
PCOS/infected/Image_SETB_661.jpg,1,10.919591,0.9999819
PCOS/infected/Image_SETB_662.jpg,1,10.919591,0.9999819
PCOS/infected/Image_SETB_663.jpg,1,9.5508995,0.99992883
PCOS/infected/Image_SETB_664.jpg,1,9.5508995,0.99992883
PCOS/infected/Image_SETB_665.jpg,1,-6.291214,0.001849084
PCOS/infected/Image_SETB_666.jpg,1,-6.291214,0.001849084
PCOS/infected/Image_SETB_667.jpg,1,8.861886,0.99985826
PCOS/infected/Image_SETB_668.jpg,1,8.861886,0.99985826
PCOS/infected/Image_SETB_669.jpg,1,-7.622807,0.00048892765
PCOS/infected/Image_SETB_670.jpg,1,-7.622807,0.00048892765
PCOS/infected/Image_SETB_671.jpg,1,1.2783959,0.7821766
PCOS/infected/Image_SETB_672.jpg,1,1.2783959,0.7821766
PCOS/infected/Image_SETB_673.jpg,1,10.25067,0.9999647
PCOS/infected/Image_SETB_674.jpg,1,10.25067,0.9999647
PCOS/infected/Image_SETB_675.jpg,1,9.956384,0.99995255
PCOS/infected/Image_SETB_676.jpg,1,9.956384,0.99995255
PCOS/infected/Image_SETB_677.jpg,1,13.374622,0.99999845
PCOS/infected/Image_SETB_678.jpg,1,13.374622,0.99999845
PCOS/infected/Image_SETB_679.jpg,1,1.2205155,0.7721542
PCOS/infected/Image_SETB_680.jpg,1,1.2205155,0.7721542
PCOS/infected/Image_SETB_681.jpg,1,10.480692,0.999972
PCOS/infected/Image_SETB_682.jpg,1,10.480692,0.999972
PCOS/infected/Image_SETB_683.jpg,1,-4.938508,0.0071143047
PCOS/infected/Image_SETB_684.jpg,1,-4.938508,0.0071143047
PCOS/infected/Image_SETB_685.jpg,1,6.7031174,0.99877447
PCOS/infected/Image_SETB_686.jpg,1,6.7031174,0.99877447
PCOS/infected/Image_SETB_687.jpg,1,8.258383,0.999741
PCOS/infected/Image_SETB_688.jpg,1,8.258383,0.999741
PCOS/infected/Image_SETB_689.jpg,1,-5.888015,0.0027648096
PCOS/infected/Image_SETB_690.jpg,1,-5.888015,0.0027648096
PCOS/infected/Image_SETB_691.jpg,1,9.740025,0.9999411
PCOS/infected/Image_SETB_692.jpg,1,9.740025,0.9999411
PCOS/infected/Image_SETB_693.jpg,1,10.404246,0.9999697
PCOS/infected/Image_SETB_694.jpg,1,10.404246,0.9999697
PCOS/infected/Image_SETB_695.jpg,1,-3.9804559,0.018334685
PCOS/infected/Image_SETB_696.jpg,1,-3.9804559,0.018334685
PCOS/infected/Image_SETB_697.jpg,1,8.23771,0.99973553
PCOS/infected/Image_SETB_698.jpg,1,8.23771,0.99973553
PCOS/infected/Image_SETB_699.jpg,1,8.804906,0.99985003
PCOS/infected/Image_SETB_700.jpg,1,8.804906,0.99985003
PCOS/infected/Image_SETB_701.jpg,1,10.761992,0.9999788
PCOS/infected/Image_SETB_702.jpg,1,10.761992,0.9999788
PCOS/infected/Image_SETB_703.jpg,1,7.229619,0.99927574
PCOS/infected/Image_SETB_704.jpg,1,7.229619,0.99927574
PCOS/infected/Image_SETB_705.jpg,1,12.919871,0.9999975
PCOS/infected/Image_SETB_706.jpg,1,12.919871,0.9999975
PCOS/infected/Image_SETB_707.jpg,1,10.248509,0.9999646
PCOS/infected/Image_SETB_708.jpg,1,10.248509,0.9999646
PCOS/infected/Image_SETB_709.jpg,1,11.258807,0.9999871
PCOS/infected/Image_SETB_710.jpg,1,11.258807,0.9999871
PCOS/infected/Image_SETB_711.jpg,1,7.304038,0.99932766
PCOS/infected/Image_SETB_712.jpg,1,7.304038,0.99932766
PCOS/infected/Image_SETB_713.jpg,1,5.3637595,0.99533856
PCOS/infected/Image_SETB_714.jpg,1,5.3637595,0.99533856
PCOS/infected/Image_SETB_715.jpg,1,10.278837,0.99996567
PCOS/infected/Image_SETB_716.jpg,1,10.278837,0.99996567
PCOS/infected/Image_SETB_717.jpg,1,-5.5012746,0.0040649744
PCOS/infected/Image_SETB_718.jpg,1,-5.5012746,0.0040649744
PCOS/infected/Image_SETB_719.jpg,1,8.9520445,0.99987054
PCOS/infected/Image_SETB_720.jpg,1,8.9520445,0.99987054
PCOS/infected/Image_SETB_721.jpg,1,9.204804,0.9998994
PCOS/infected/Image_SETB_722.jpg,1,9.204804,0.9998994
PCOS/infected/Image_SETB_723.jpg,1,5.4294987,0.9956338
PCOS/infected/Image_SETB_724.jpg,1,5.4294987,0.9956338
PCOS/infected/Image_SETB_725.jpg,1,13.654761,0.9999988
PCOS/infected/Image_SETB_726.jpg,1,13.654761,0.9999988
PCOS/infected/Image_SETB_727.jpg,1,-6.8696423,0.0010377706
PCOS/infected/Image_SETB_728.jpg,1,-6.8696423,0.0010377706
PCOS/infected/Image_SETB_729.jpg,1,12.200501,0.999995
PCOS/infected/Image_SETB_730.jpg,1,12.200501,0.999995
PCOS/infected/Image_SETB_731.jpg,1,10.487645,0.9999721
PCOS/infected/Image_SETB_732.jpg,1,10.487645,0.9999721
PCOS/infected/Image_SETB_733.jpg,1,-7.9105616,0.00036671397
PCOS/infected/Image_SETB_734.jpg,1,-7.9105616,0.00036671397
PCOS/infected/Image_SETB_735.jpg,1,-6.5968904,0.0013627453
PCOS/infected/Image_SETB_736.jpg,1,-6.5968904,0.0013627453
PCOS/infected/Image_SETB_737.jpg,1,9.799552,0.99994457
PCOS/infected/Image_SETB_738.jpg,1,9.799552,0.99994457
PCOS/infected/Image_SETB_739.jpg,1,10.052785,0.99995697
PCOS/infected/Image_SETB_740.jpg,1,10.052785,0.99995697
PCOS/infected/Image_SETB_741.jpg,1,7.2421813,0.9992848
PCOS/infected/Image_SETB_742.jpg,1,7.2421813,0.9992848
PCOS/infected/Image_SETB_743.jpg,1,1.4366552,0.80793613
PCOS/infected/Image_SETB_744.jpg,1,1.4366552,0.80793613
PCOS/infected/Image_SETB_745.jpg,1,9.862012,0.9999479
PCOS/infected/Image_SETB_746.jpg,1,9.862012,0.9999479
PCOS/infected/Image_SETB_747.jpg,1,10.968891,0.9999827
PCOS/infected/Image_SETB_748.jpg,1,10.968891,0.9999827
PCOS/infected/Image_SETB_749.jpg,1,12.198041,0.999995
PCOS/infected/Image_SETB_750.jpg,1,12.198041,0.999995
PCOS/infected/Image_SETB_751.jpg,1,-4.632475,0.009636874
PCOS/infected/Image_SETB_752.jpg,1,-4.632475,0.009636874
PCOS/infected/Image_SETB_753.jpg,1,10.387105,0.9999691
PCOS/infected/Image_SETB_754.jpg,1,10.387105,0.9999691
PCOS/infected/Image_SETB_755.jpg,1,11.687083,0.99999166
PCOS/infected/Image_SETB_756.jpg,1,11.687083,0.99999166
PCOS/infected/Image_SETB_757.jpg,1,-5.757661,0.0031485464
PCOS/infected/Image_SETB_758.jpg,1,-5.757661,0.0031485464
PCOS/infected/Image_SETB_759.jpg,1,11.353514,0.9999883
PCOS/infected/Image_SETB_760.jpg,1,11.353514,0.9999883
PCOS/infected/Image_SETB_761.jpg,1,4.1671705,0.98474044
PCOS/infected/Image_SETB_762.jpg,1,4.1671705,0.98474044
PCOS/infected/Image_SETB_763.jpg,1,8.67183,0.9998287
PCOS/infected/Image_SETB_764.jpg,1,8.67183,0.9998287
PCOS/infected/Image_SETB_765.jpg,1,14.720753,0.99999964
PCOS/infected/Image_SETB_766.jpg,1,14.720753,0.99999964
PCOS/infected/Image_SETB_767.jpg,1,7.2371073,0.9992811
PCOS/infected/Image_SETB_768.jpg,1,7.2371073,0.9992811
PCOS/infected/Image_SETB_769.jpg,1,10.180789,0.9999621
PCOS/infected/Image_SETB_770.jpg,1,10.180789,0.9999621
PCOS/infected/Image_SETB_771.jpg,1,7.356406,0.99936193
PCOS/infected/Image_SETB_772.jpg,1,7.356406,0.99936193
PCOS/infected/Image_SETB_773.jpg,1,9.834267,0.9999465
PCOS/infected/Image_SETB_774.jpg,1,9.834267,0.9999465
PCOS/infected/Image_SETB_775.jpg,1,2.7324398,0.9389139
PCOS/infected/Image_SETB_776.jpg,1,2.7324398,0.9389139
PCOS/infected/Image_SETB_777.jpg,1,-5.8153696,0.002972516
PCOS/infected/Image_SETB_778.jpg,1,-5.8153696,0.002972516
PCOS/infected/Image_SETB_779.jpg,1,10.836371,0.99998033
PCOS/infected/Image_SETB_780.jpg,1,10.836371,0.99998033
PCOS/infected/Image_SETB_781.jpg,1,8.585721,0.99981326
PCOS/infected/Image_SETB_782.jpg,1,8.585721,0.99981326
PCOS/infected/Image_SETB_783.jpg,1,6.764147,0.9988469
PCOS/infected/Image_SETB_784.jpg,1,6.764147,0.9988469
PCOS/infected/Image_SETB_785.jpg,1,-6.8070407,0.0011047391
PCOS/infected/Image_SETB_786.jpg,1,-6.8070407,0.0011047391
PCOS/infected/Image_SETB_787.jpg,1,9.650813,0.9999356
PCOS/infected/Image_SETB_788.jpg,1,9.650813,0.9999356
PCOS/infected/Image_SETB_789.jpg,1,8.105109,0.99969816
PCOS/infected/Image_SETB_790.jpg,1,8.105109,0.99969816
PCOS/infected/Image_SETB_791.jpg,1,9.122765,0.9998908
PCOS/infected/Image_SETB_792.jpg,1,9.122765,0.9998908
PCOS/infected/Image_SETB_793.jpg,1,9.079705,0.99988604
PCOS/infected/Image_SETB_794.jpg,1,9.079705,0.99988604
PCOS/infected/Image_SETB_795.jpg,1,10.019617,0.99995553
PCOS/infected/Image_SETB_796.jpg,1,10.019617,0.99995553
PCOS/infected/Image_SETB_797.jpg,1,9.4471445,0.9999211
PCOS/infected/Image_SETB_798.jpg,1,9.4471445,0.9999211
PCOS/infected/Image_SETB_799.jpg,1,4.3850617,0.9876913
PCOS/infected/Image_SETB_800.jpg,1,4.3850617,0.9876913
PCOS/infected/Image_SETB_801.jpg,1,8.63963,0.99982315
PCOS/infected/Image_SETB_802.jpg,1,8.63963,0.99982315
PCOS/infected/Image_SETB_803.jpg,1,-5.306367,0.0049354346
PCOS/infected/Image_SETB_804.jpg,1,-5.306367,0.0049354346
PCOS/infected/Image_SETB_805.jpg,1,-6.334574,0.0017707598
PCOS/infected/Image_SETB_806.jpg,1,-6.334574,0.0017707598
PCOS/infected/Image_SETB_807.jpg,1,7.797907,0.9995896
PCOS/infected/Image_SETB_808.jpg,1,7.797907,0.9995896
PCOS/infected/Image_SETB_809.jpg,1,8.072232,0.999688
PCOS/infected/Image_SETB_810.jpg,1,8.072232,0.999688
PCOS/infected/Image_SETB_811.jpg,1,11.980992,0.9999937
PCOS/infected/Image_SETB_812.jpg,1,11.980992,0.9999937
PCOS/infected/Image_SETB_813.jpg,1,8.575526,0.99981135
PCOS/infected/Image_SETB_814.jpg,1,8.575526,0.99981135
PCOS/infected/Image_SETB_815.jpg,1,3.5609581,0.9723733
PCOS/infected/Image_SETB_816.jpg,1,3.5609581,0.9723733
PCOS/infected/Image_SETB_817.jpg,1,9.072276,0.9998852
PCOS/infected/Image_SETB_818.jpg,1,9.072276,0.9998852
PCOS/infected/Image_SETB_819.jpg,1,7.211671,0.99926263
PCOS/infected/Image_SETB_820.jpg,1,7.211671,0.99926263
PCOS/infected/Image_SETB_821.jpg,1,9.6366415,0.9999347
PCOS/infected/Image_SETB_822.jpg,1,9.6366415,0.9999347
PCOS/infected/Image_SETB_823.jpg,1,10.119415,0.9999597
PCOS/infected/Image_SETB_824.jpg,1,10.119415,0.9999597
PCOS/infected/Image_SETB_825.jpg,1,4.2180424,0.98548627
PCOS/infected/Image_SETB_826.jpg,1,4.2180424,0.98548627
PCOS/infected/Image_SETB_827.jpg,1,9.350811,0.9999131
PCOS/infected/Image_SETB_828.jpg,1,9.350811,0.9999131
PCOS/infected/Image_SETB_829.jpg,1,9.561,0.99992955
PCOS/infected/Image_SETB_830.jpg,1,9.561,0.99992955
PCOS/infected/Image_SETB_831.jpg,1,6.166316,0.9979055
PCOS/infected/Image_SETB_832.jpg,1,6.166316,0.9979055
PCOS/infected/Image_SETB_833.jpg,1,-6.8302984,0.0010793692
PCOS/infected/Image_SETB_834.jpg,1,-6.8302984,0.0010793692
PCOS/infected/Image_SETB_835.jpg,1,10.325434,0.9999672
PCOS/infected/Image_SETB_836.jpg,1,10.325434,0.9999672
PCOS/infected/Image_SETB_837.jpg,1,8.666497,0.99982774
PCOS/infected/Image_SETB_838.jpg,1,8.666497,0.99982774
PCOS/infected/Image_SETB_839.jpg,1,1.6066861,0.8329508
PCOS/infected/Image_SETB_840.jpg,1,1.6066861,0.8329508
PCOS/infected/Image_SETB_841.jpg,1,7.9928193,0.9996623
PCOS/infected/Image_SETB_842.jpg,1,7.9928193,0.9996623
PCOS/infected/Image_SETB_843.jpg,1,-7.2001505,0.0007459167
PCOS/infected/Image_SETB_844.jpg,1,-7.2001505,0.0007459167
PCOS/infected/Image_SETB_845.jpg,1,-6.6589766,0.0012808157
PCOS/infected/Image_SETB_846.jpg,1,-6.6589766,0.0012808157
PCOS/infected/Image_SETB_847.jpg,1,8.857125,0.99985766
PCOS/infected/Image_SETB_848.jpg,1,8.857125,0.99985766
PCOS/infected/Image_SETB_849.jpg,1,7.8878117,0.99962485
PCOS/infected/Image_SETB_850.jpg,1,7.8878117,0.99962485
PCOS/infected/Image_SETB_851.jpg,1,-5.982686,0.002515698
PCOS/infected/Image_SETB_852.jpg,1,-5.982686,0.002515698
PCOS/infected/Image_SETB_853.jpg,1,-5.94667,0.0026077142
PCOS/infected/Image_SETB_854.jpg,1,-5.94667,0.0026077142
PCOS/infected/Image_SETB_855.jpg,1,-5.5155168,0.004007721
PCOS/infected/Image_SETB_856.jpg,1,-5.5155168,0.004007721
PCOS/infected/Image_SETB_857.jpg,1,3.9980605,0.9819795
PCOS/infected/Image_SETB_858.jpg,1,3.9980605,0.9819795
PCOS/infected/Image_SETB_859.jpg,1,8.767371,0.9998443
PCOS/infected/Image_SETB_860.jpg,1,8.767371,0.9998443
PCOS/infected/Image_SETB_861.jpg,1,7.308468,0.99933064
PCOS/infected/Image_SETB_862.jpg,1,7.308468,0.99933064
PCOS/infected/Image_SETB_863.jpg,1,8.743212,0.9998405
PCOS/infected/Image_SETB_864.jpg,1,8.743212,0.9998405
PCOS/infected/Image_SETB_865.jpg,1,9.879983,0.99994886
PCOS/infected/Image_SETB_866.jpg,1,9.879983,0.99994886
PCOS/infected/Image_SETB_867.jpg,1,9.125686,0.99989116
PCOS/infected/Image_SETB_868.jpg,1,9.125686,0.99989116
PCOS/infected/Image_SETB_869.jpg,1,-8.871766,0.00014027492
PCOS/infected/Image_SETB_870.jpg,1,-8.871766,0.00014027492
PCOS/infected/Image_SETB_871.jpg,1,8.291753,0.9997495
PCOS/infected/Image_SETB_872.jpg,1,8.291753,0.9997495
PCOS/infected/Image_SETB_873.jpg,1,5.9917326,0.9975069
PCOS/infected/Image_SETB_874.jpg,1,5.9917326,0.9975069
PCOS/infected/Image_SETB_875.jpg,1,-7.7984457,0.000410204
PCOS/infected/Image_SETB_876.jpg,1,-7.7984457,0.000410204
PCOS/infected/Image_SETB_877.jpg,1,-5.991388,0.0024939564
PCOS/infected/Image_SETB_878.jpg,1,-5.991388,0.0024939564
PCOS/infected/Image_SETB_879.jpg,1,11.2591915,0.9999871
PCOS/infected/Image_SETB_880.jpg,1,11.2591915,0.9999871
PCOS/infected/Image_SETB_881.jpg,1,11.808585,0.9999926
PCOS/infected/Image_SETB_882.jpg,1,11.808585,0.9999926
PCOS/infected/Image_SETB_883.jpg,1,-6.2676086,0.0018931682
PCOS/infected/Image_SETB_884.jpg,1,-6.2676086,0.0018931682
PCOS/infected/Image_SETB_885.jpg,1,8.303107,0.99975234
PCOS/infected/Image_SETB_886.jpg,1,8.303107,0.99975234
PCOS/infected/Image_SETB_887.jpg,1,10.771676,0.999979
PCOS/infected/Image_SETB_888.jpg,1,10.771676,0.999979
PCOS/infected/Image_SETB_889.jpg,1,-8.260581,0.00025844193
PCOS/infected/Image_SETB_890.jpg,1,-8.260581,0.00025844193
PCOS/infected/Image_SETB_891.jpg,1,2.8067753,0.9430409
PCOS/infected/Image_SETB_892.jpg,1,2.8067753,0.9430409
PCOS/infected/Image_SETB_893.jpg,1,3.8054898,0.97823596
PCOS/infected/Image_SETB_894.jpg,1,3.8054898,0.97823596
PCOS/infected/Image_SETB_895.jpg,1,-6.3714085,0.0017068312
PCOS/infected/Image_SETB_896.jpg,1,-6.3714085,0.0017068312
PCOS/infected/Image_SETB_897.jpg,1,-7.103314,0.0008216994
PCOS/infected/Image_SETB_898.jpg,1,-7.103314,0.0008216994
PCOS/infected/Image_SETB_899.jpg,1,-5.796548,0.0030288224
PCOS/infected/Image_SETB_900.jpg,1,-5.796548,0.0030288224
PCOS/infected/Image_SETB_901.jpg,1,-4.922499,0.0072282827
PCOS/infected/Image_SETB_902.jpg,1,-4.922499,0.0072282827
PCOS/infected/Image_SETB_903.jpg,1,9.09066,0.9998872
PCOS/infected/Image_SETB_904.jpg,1,9.09066,0.9998872
PCOS/infected/Image_SETB_905.jpg,1,-6.0503683,0.0023514514
PCOS/infected/Image_SETB_906.jpg,1,-6.0503683,0.0023514514
PCOS/infected/Image_SETB_907.jpg,1,8.098327,0.999696
PCOS/infected/Image_SETB_908.jpg,1,8.098327,0.999696
PCOS/infected/Image_SETB_909.jpg,1,6.760943,0.9988432
PCOS/infected/Image_SETB_910.jpg,1,6.760943,0.9988432
PCOS/infected/Image_SETB_911.jpg,1,-5.2241964,0.005355846
PCOS/infected/Image_SETB_912.jpg,1,-5.2241964,0.005355846
PCOS/infected/Image_SETB_913.jpg,1,6.5170674,0.99852425
PCOS/infected/Image_SETB_914.jpg,1,6.5170674,0.99852425
PCOS/infected/Image_SETB_915.jpg,1,9.670426,0.9999368
PCOS/infected/Image_SETB_916.jpg,1,9.670426,0.9999368
PCOS/infected/Image_SETB_917.jpg,1,7.937707,0.9996431
PCOS/infected/Image_SETB_918.jpg,1,7.937707,0.9996431
PCOS/infected/Image_SETB_919.jpg,1,8.228081,0.99973303
PCOS/infected/Image_SETB_920.jpg,1,8.228081,0.99973303
PCOS/infected/Image_SETB_921.jpg,1,7.8039503,0.999592
PCOS/infected/Image_SETB_922.jpg,1,7.8039503,0.999592
PCOS/infected/Image_SETB_923.jpg,1,-6.0828266,0.0022765237
PCOS/infected/Image_SETB_924.jpg,1,-6.0828266,0.0022765237
PCOS/infected/Image_SETB_925.jpg,1,3.9145103,0.98043996
PCOS/infected/Image_SETB_926.jpg,1,3.9145103,0.98043996
PCOS/infected/Image_SETB_927.jpg,1,9.036946,0.999881
PCOS/infected/Image_SETB_928.jpg,1,9.036946,0.999881
PCOS/infected/Image_SETB_929.jpg,1,1.5053358,0.8183689
PCOS/infected/Image_SETB_930.jpg,1,1.5053358,0.8183689
PCOS/infected/Image_SETB_931.jpg,1,5.6386757,0.9964551
PCOS/infected/Image_SETB_932.jpg,1,5.6386757,0.9964551
PCOS/infected/Image_SETB_933.jpg,1,7.7930546,0.9995876
PCOS/infected/Image_SETB_934.jpg,1,7.7930546,0.9995876
PCOS/infected/Image_SETB_935.jpg,1,-6.88787,0.001019045
PCOS/infected/Image_SETB_936.jpg,1,-6.88787,0.001019045
PCOS/infected/Image_SETB_937.jpg,1,7.493594,0.9994437
PCOS/infected/Image_SETB_938.jpg,1,7.493594,0.9994437
PCOS/infected/Image_SETB_939.jpg,1,-6.1447167,0.002140193
PCOS/infected/Image_SETB_940.jpg,1,-6.1447167,0.002140193
PCOS/infected/Image_SETB_941.jpg,1,4.0155115,0.98228574
PCOS/infected/Image_SETB_942.jpg,1,4.0155115,0.98228574
PCOS/infected/Image_SETB_943.jpg,1,-5.922084,0.0026724495
PCOS/infected/Image_SETB_944.jpg,1,-5.922084,0.0026724495
PCOS/infected/Image_SETB_945.jpg,1,-6.3162055,0.0018035277
PCOS/infected/Image_SETB_946.jpg,1,-6.3162055,0.0018035277
PCOS/infected/Image_SETB_947.jpg,1,10.825278,0.9999801
PCOS/infected/Image_SETB_948.jpg,1,10.825278,0.9999801
PCOS/infected/Image_SETB_949.jpg,1,8.907304,0.9998646
PCOS/infected/Image_SETB_950.jpg,1,8.907304,0.9998646
PCOS/infected/Image_SETB_951.jpg,1,7.927251,0.9996394
PCOS/infected/Image_SETB_952.jpg,1,7.927251,0.9996394
PCOS/infected/Image_SETB_953.jpg,1,-5.6058154,0.003662955
PCOS/infected/Image_SETB_954.jpg,1,-5.6058154,0.003662955
PCOS/infected/Image_SETB_955.jpg,1,11.690682,0.99999166
PCOS/infected/Image_SETB_956.jpg,1,11.690682,0.99999166
PCOS/infected/Image_SETB_957.jpg,1,7.2369585,0.999281
PCOS/infected/Image_SETB_958.jpg,1,7.2369585,0.999281
PCOS/infected/Image_SETB_959.jpg,1,9.454535,0.9999217
PCOS/infected/Image_SETB_960.jpg,1,9.454535,0.9999217
PCOS/infected/Image_SETB_961.jpg,1,1.3583473,0.795491
PCOS/infected/Image_SETB_962.jpg,1,1.3583473,0.795491
PCOS/infected/Image_SETB_963.jpg,1,8.6386595,0.9998229
PCOS/infected/Image_SETB_964.jpg,1,8.6386595,0.9998229
PCOS/infected/Image_SETB_965.jpg,1,7.9253507,0.9996387
PCOS/infected/Image_SETB_966.jpg,1,7.9253507,0.9996387
PCOS/infected/Image_SETB_967.jpg,1,5.749017,0.99682426
PCOS/infected/Image_SETB_968.jpg,1,5.749017,0.99682426
PCOS/infected/Image_SETB_969.jpg,1,10.945279,0.99998236
PCOS/infected/Image_SETB_970.jpg,1,10.945279,0.99998236
PCOS/infected/Image_SETB_971.jpg,1,7.312435,0.9993332
PCOS/infected/Image_SETB_972.jpg,1,7.312435,0.9993332
PCOS/infected/Image_SETB_973.jpg,1,1.7093586,0.84675306
PCOS/infected/Image_SETB_974.jpg,1,1.7093586,0.84675306
PCOS/infected/Image_SETB_975.jpg,1,8.807977,0.9998505
PCOS/infected/Image_SETB_976.jpg,1,8.807977,0.9998505
PCOS/infected/Image_SETB_977.jpg,1,8.100284,0.9996966
PCOS/infected/Image_SETB_978.jpg,1,8.100284,0.9996966
PCOS/infected/Image_SETB_979.jpg,1,-6.7940025,0.001119221
PCOS/infected/Image_SETB_980.jpg,1,-6.7940025,0.001119221
PCOS/infected/Image_SETB_981.jpg,1,2.0596328,0.88691735
PCOS/infected/Image_SETB_982.jpg,1,2.0596328,0.88691735
PCOS/infected/Image_SETB_983.jpg,1,-6.227883,0.0019697384
PCOS/infected/Image_SETB_984.jpg,1,-6.227883,0.0019697384
PCOS/infected/Image_SETB_985.jpg,1,9.113386,0.99988985
PCOS/infected/Image_SETB_986.jpg,1,9.113386,0.99988985
PCOS/infected/Image_SETB_987.jpg,1,8.5889225,0.99981385
PCOS/infected/Image_SETB_988.jpg,1,8.5889225,0.99981385
PCOS/infected/Image_SETB_989.jpg,1,-6.2546363,0.0019178396
PCOS/infected/Image_SETB_990.jpg,1,-6.2546363,0.0019178396
PCOS/infected/Image_SETB_991.jpg,1,7.6741905,0.99953556
PCOS/infected/Image_SETB_992.jpg,1,7.6749115,0.9995359
PCOS/infected/Image_SETB_993.jpg,1,9.18509,0.9998975
PCOS/infected/Image_SETB_994.jpg,1,9.18509,0.9998975
PCOS/infected/Image_SETB_995.jpg,1,9.459363,0.99992204
PCOS/infected/Image_SETB_996.jpg,1,9.459363,0.99992204
PCOS/infected/Image_SETB_997.jpg,1,12.335574,0.9999956
PCOS/infected/Image_SETB_998.jpg,1,12.335574,0.9999956
PCOS/infected/Image_SETB_999.jpg,1,7.913375,0.99963427
