conjunto,md5,n_arquivos,rotulos,arquivos
PCOSGen-test,0e48e3b617ba9baf6d16b4fc66153ecf,2,1,image10404.jpg;image10837.jpg
PCOSGen-test,281173f66e0ff30adf66d76f5ee4c8b5,2,1,image10443.jpg;image10873.jpg
PCOSGen-test,481c93b6cc028de930f6d4bc49c4b27c,2,0,image10442.jpg;image10872.jpg
PCOSGen-test,5f7152249e57cd9d9e0852f537710a6f,2,1,image10413.jpg;image10846.jpg
PCOSGen-test,5f8dee3d1b344c44c0b21fa21d8de49a,2,1,image10184.jpg;image10622.jpg
PCOSGen-test,6ffe849f33f0895c1f256466f0ae6c2b,2,1,image10475.jpg;image10905.jpg
PCOSGen-test,77ad823b83831bb5c60b169b8b25d3e2,2,1,image10426.jpg;image10858.jpg
PCOSGen-test,7e56201f837ba258a4303e9e5772d3eb,2,0/1,image10516.jpg;image10949.jpg
PCOSGen-test,8c12041daf1e6502f9611d6a1b0bb666,2,1,image10352.jpg;image10787.jpg
PCOSGen-test,9880623a7a4be8b3407122d551d4d379,2,1,image10535.jpg;image10964.jpg
PCOSGen-test,9c4c14410f435a92c1cafb3fac5675c6,2,1,image10439.jpg;image10869.jpg
PCOSGen-test,aad5020f46d9d746e92572b976e8434f,2,1,image10274.jpg;image10716.jpg
PCOSGen-test,ad61314e218b9ee5b437565cd2465bf5,2,1,image10460.jpg;image10895.jpg
PCOSGen-test,b1ad485ff00130fddba6fd9e9757aed6,2,0,image10423.jpg;image10856.jpg
PCOSGen-test,d18abd55bcf0915bedb5bdeaef3329cc,2,1,image10199.jpg;image10644.jpg
PCOSGen-test,e41ed41b9f8267da7c5da836a23d0a4e,2,0,image10534.jpg;image10962.jpg
PCOSGen-test,ec6bd3de62d44da909fb8a293abbaf97,2,1,image10518.jpg;image10952.jpg
PCOSGen-test,ed31512446dd34f8ee2f72d383c50e86,2,1,image11001.jpg;image11078.jpg
PCOSGen-test,fe9d3f358d0b262c37cab94192d9f5d8,2,0,image11000.jpg;image11291.jpg
Kaggle,001c562afb36f2ae8ae33c1b5e25085e,2,0,test/notinfected/img_0_7654.jpg;train/notinfected/img_0_7654.jpg
Kaggle,001d5843f4b1e9621a8328475a7fa7e8,2,0,test/notinfected/img_0_3238.jpg;train/notinfected/img_0_3238.jpg
Kaggle,002d0c66750f4aab09cae07e519855f3,2,1,test/infected/img_0_9520.jpg;train/infected/img_0_9520.jpg
Kaggle,006a9044740c442987caad5db27044b3,2,0,test/notinfected/img_0_2727.jpg;train/notinfected/img_0_2727.jpg
Kaggle,0092b0ea7963349c9922adef25a1f9e0,2,1,test/infected/img_0_7983.jpg;train/infected/img_0_7983.jpg
Kaggle,00a01d380756b2964e8075e2fccaa2ea,2,0,test/notinfected/img_0_8146.jpg;train/notinfected/img_0_8146.jpg
Kaggle,00c512566d210a729622e287d356aa27,2,0,test/notinfected/img_0_2058.jpg;train/notinfected/img_0_2058.jpg
Kaggle,012934d8302e084c1b068aefce163873,2,1,test/infected/img_0_1087.jpg;train/infected/img_0_1087.jpg
Kaggle,016bdd30188b2afabb0c2ce78b812702,2,1,test/infected/img_0_5513.jpg;train/infected/img_0_5513.jpg
Kaggle,01d7dcc610bf992faad23beb6e4f82e8,2,1,test/infected/img_0_1600.jpg;train/infected/img_0_1600.jpg
Kaggle,01d8645dc88a0ad9ca7509f060274446,2,0,test/notinfected/img_0_2773.jpg;train/notinfected/img_0_2773.jpg
Kaggle,0206587ec408a2dfa7cbce2174c113b9,2,0,test/notinfected/img_0_5808.jpg;train/notinfected/img_0_5808.jpg
Kaggle,024fe0375568e2da74074810064cf75c,2,0,test/notinfected/img_0_8199.jpg;train/notinfected/img_0_8199.jpg
Kaggle,0273906db07cb6a9de72363fe36eb99c,2,0,test/notinfected/img_0_7936.jpg;train/notinfected/img_0_7936.jpg
Kaggle,0295e5e85ec3a44baacaf5a422dbcadc,2,1,test/infected/img_0_8591.jpg;train/infected/img_0_8591.jpg
Kaggle,02abc3bc6ac2ae7f2e83c3411b7ac8f8,2,0,test/notinfected/img_0_5319.jpg;train/notinfected/img_0_5319.jpg
Kaggle,02c000f74a8d1031c94f767119114723,2,0,test/notinfected/img_0_9777.jpg;train/notinfected/img_0_9777.jpg
Kaggle,02c566ea9941931d1b0c0980ae940b50,2,1,test/infected/img_0_5554.jpg;train/infected/img_0_5554.jpg
Kaggle,02d904f239b84584ddced148b2aca86d,2,1,test/infected/img_0_378.jpg;train/infected/img_0_378.jpg
Kaggle,02d97697ee6020754eb445f5ecbd3c6f,2,1,test/infected/img_0_7738.jpg;train/infected/img_0_7738.jpg
Kaggle,02d97c3637e60be55331d6ee0206cc45,2,1,test/infected/img_0_7648.jpg;train/infected/img_0_7648.jpg
Kaggle,02e9ea9d14e3805635f303809704a8f3,2,1,test/infected/img_0_7501.jpg;train/infected/img_0_7501.jpg
Kaggle,03054fe3194593bdd058fbfbfd386ce7,2,0,test/notinfected/img_0_786.jpg;train/notinfected/img_0_786.jpg
Kaggle,033467796f1a4fbd968f33ee34a104cc,2,1,test/infected/img_0_5019.jpg;train/infected/img_0_5019.jpg
Kaggle,03458fadfde6f389046926b75f521ea2,2,0,test/notinfected/img_0_2250.jpg;train/notinfected/img_0_2250.jpg
Kaggle,0346983f365651e8051e16d1950a2fe9,2,0,test/notinfected/img1.jpeg;train/notinfected/img1.jpeg
Kaggle,034d751d39be99e17564aadf4d646e39,2,1,test/infected/img_0_9115.jpg;train/infected/img_0_9115.jpg
Kaggle,0358d685d968d22f5d5688ef0ce502ca,2,0,test/notinfected/img_0_9160.jpg;train/notinfected/img_0_9160.jpg
Kaggle,0394310b529909874cae90f4452a40b1,2,0,test/notinfected/img_0_2106.jpg;train/notinfected/img_0_2106.jpg
Kaggle,03994bc7e70f975d0e62430c7a7bbd60,2,0,test/notinfected/img_0_8701.jpg;train/notinfected/img_0_8701.jpg
Kaggle,03fe7c1577165848948150ed54f6fd96,2,1,test/infected/img_0_3260.jpg;train/infected/img_0_3260.jpg
Kaggle,0436218e3b4b19418551a70209c6e6d8,2,0,test/notinfected/img_0_8379.jpg;train/notinfected/img_0_8379.jpg
Kaggle,0472f205cb8062ce7a4dde0c977b9944,2,1,test/infected/img_0_2754.jpg;train/infected/img_0_2754.jpg
Kaggle,047e411b115db4139e14d1228ba542e2,2,0,test/notinfected/img_0_9465.jpg;train/notinfected/img_0_9465.jpg
Kaggle,04858b3eba33bc2a3abaf405d06228e5,2,1,test/infected/img_0_5273.jpg;train/infected/img_0_5273.jpg
Kaggle,04929c61e4fba6011bdd7882bf1ffba8,2,0,test/notinfected/img_0_6269.jpg;train/notinfected/img_0_6269.jpg
Kaggle,04b07d10e0094a137e640c3284256347,2,1,test/infected/img_0_2065.jpg;train/infected/img_0_2065.jpg
Kaggle,04d4de7ec6bf6699b485792cc18052f0,2,0,test/notinfected/img_0_5164.jpg;train/notinfected/img_0_5164.jpg
Kaggle,04d80845a4a42794ae667cb7ac18ee9c,2,1,test/infected/img_0_1475.jpg;train/infected/img_0_1475.jpg
Kaggle,04eeba980d99f7152ce783369c344a5b,2,1,test/infected/img_0_5493.jpg;train/infected/img_0_5493.jpg
Kaggle,04f296c382aef3f35fff805bdf2aafec,2,0,test/notinfected/img_0_4446.jpg;train/notinfected/img_0_4446.jpg
Kaggle,0502029398c9292ec3106ffe41de0aa8,2,0,test/notinfected/img_0_7464.jpg;train/notinfected/img_0_7464.jpg
Kaggle,051b25423db8c37c7628fddb4f593282,2,0,test/notinfected/img_0_8533.jpg;train/notinfected/img_0_8533.jpg
Kaggle,052be6be491eb9732ce8fae720f384dd,2,0,test/notinfected/img_0_1476.jpg;train/notinfected/img_0_1476.jpg
Kaggle,0563168b94386ff9ce12bdcc7e96a090,2,0,test/notinfected/img_0_2951.jpg;train/notinfected/img_0_2951.jpg
Kaggle,05f261f02bacc8999b2dc6c47cb53705,2,0,test/notinfected/img_0_3520.jpg;train/notinfected/img_0_3520.jpg
Kaggle,064c35cd897f162f8cc08a7d4d27b76e,2,0,test/notinfected/img_0_2221.jpg;train/notinfected/img_0_2221.jpg
Kaggle,0651ada5a923930585d4e93de3c27b2a,2,0,test/notinfected/img_0_7222.jpg;train/notinfected/img_0_7222.jpg
Kaggle,0663dd165fc4c6f8970f084dab25eca8,2,1,test/infected/img_0_1421.jpg;train/infected/img_0_1421.jpg
Kaggle,066d5906b2f93879ea612031b04c00b6,2,1,test/infected/img_0_6061.jpg;train/infected/img_0_6061.jpg
Kaggle,06723a3408cefd3ef375ade955b0f9dc,2,0,test/notinfected/img_0_1928.jpg;train/notinfected/img_0_1928.jpg
Kaggle,067f5ebb561ae1aa3daf77443fad639d,2,1,test/infected/img_0_5946.jpg;train/infected/img_0_5946.jpg
Kaggle,06b0e62e14e31282abc4f2c0305b3c18,2,0,test/notinfected/img_0_9038.jpg;train/notinfected/img_0_9038.jpg
Kaggle,0728e6d68edcfde1c0c71fccf1f21b29,2,0,test/notinfected/img_0_1224.jpg;train/notinfected/img_0_1224.jpg
Kaggle,074b23efb17b3a12972ad320135bfc5b,2,1,test/infected/img_0_9693.jpg;train/infected/img_0_9693.jpg
Kaggle,075922a210d5b13297e812fa8473dc84,2,0,test/notinfected/img_0_2959.jpg;train/notinfected/img_0_2959.jpg
Kaggle,075d2abf4653fafe60d782b041281057,2,0,test/notinfected/img_0_5942.jpg;train/notinfected/img_0_5942.jpg
Kaggle,078605ab700ee188a5028f90cd13bd8f,2,0,test/notinfected/img_0_7885.jpg;train/notinfected/img_0_7885.jpg
Kaggle,07b4220b1d37718476e5fdc595fec455,2,0,test/notinfected/img_0_2891.jpg;train/notinfected/img_0_2891.jpg
Kaggle,0811ea6cc7a5184235432a059b8fdee7,2,0,test/notinfected/img_0_496.jpg;train/notinfected/img_0_496.jpg
Kaggle,0852f625f2af052b5e989378e8d1ae8c,2,1,test/infected/img_0_8132.jpg;train/infected/img_0_8132.jpg
Kaggle,086bbfce13b08f251589caf11a9863bc,2,0,test/notinfected/img_0_4196.jpg;train/notinfected/img_0_4196.jpg
Kaggle,08793962bc582e78b17cb9f9f900cdd1,2,0,test/notinfected/img_0_2997.jpg;train/notinfected/img_0_2997.jpg
Kaggle,08a0abaf53b15f2ee8acc1841c500c2e,2,0,test/notinfected/img_0_7861.jpg;train/notinfected/img_0_7861.jpg
Kaggle,08b2800b93648d2f43f323b31f59bc84,2,0,test/notinfected/img_0_4901.jpg;train/notinfected/img_0_4901.jpg
Kaggle,08b5e4da307c1f530daeb784784c0a37,2,1,test/infected/img_0_3865.jpg;train/infected/img_0_3865.jpg
Kaggle,08dd662d3ae69fb8f1367fcea1c7c69a,2,0,test/notinfected/img_0_8972.jpg;train/notinfected/img_0_8972.jpg
Kaggle,08e122a86479bbf67082a8814cbd37ce,2,1,test/infected/img_0_6995.jpg;train/infected/img_0_6995.jpg
Kaggle,090a1ee30e06df08bd531abc9ac304ba,2,0,test/notinfected/img_0_3122.jpg;train/notinfected/img_0_3122.jpg
Kaggle,0911b11dbecdd0f080f54d5b781863c4,2,1,test/infected/img_0_2027.jpg;train/infected/img_0_2027.jpg
Kaggle,093d93cc0b0dd5ace3a919ea3d18255c,2,0,test/notinfected/img_0_1995.jpg;train/notinfected/img_0_1995.jpg
Kaggle,099d4d87c7a9b19c5eb83c6ee352ad66,2,0,test/notinfected/img_0_2534.jpg;train/notinfected/img_0_2534.jpg
Kaggle,09a0704ce5797b250df2b98b18248735,2,0,test/notinfected/img_0_1972.jpg;train/notinfected/img_0_1972.jpg
Kaggle,09b44b58ff5b87168296f0fac6c32334,2,0,test/notinfected/img_0_5634.jpg;train/notinfected/img_0_5634.jpg
Kaggle,09b9bb1bde94cc5c77a69c4d692ecd35,2,0,test/notinfected/img_0_2480.jpg;train/notinfected/img_0_2480.jpg
Kaggle,09ee5c7297983c175f3cfb30104baa0d,2,0,test/notinfected/img_0_6173.jpg;train/notinfected/img_0_6173.jpg
Kaggle,09f1c14320beea02eea4806efc6217a9,2,0,test/notinfected/img_0_7953.jpg;train/notinfected/img_0_7953.jpg
Kaggle,0a1c303b00e406f814168bada44d4495,2,0,test/notinfected/img_0_2208.jpg;train/notinfected/img_0_2208.jpg
Kaggle,0a1ff0cbefa4e62a414035e5c388c428,2,1,test/infected/img_0_948.jpg;train/infected/img_0_948.jpg
Kaggle,0a4dea1eccb719e781e9bfbf866f0502,2,1,test/infected/img_0_8086.jpg;train/infected/img_0_8086.jpg
Kaggle,0a5951534de1a1fcd453cd7832750b6b,2,0,test/notinfected/img_0_5011.jpg;train/notinfected/img_0_5011.jpg
Kaggle,0a9353b5431aa7110611bb2c07d93ee8,2,0,test/notinfected/img_0_1892.jpg;train/notinfected/img_0_1892.jpg
Kaggle,0ab785844dd269ff0450549e445a57d0,2,1,test/infected/img_0_8731.jpg;train/infected/img_0_8731.jpg
Kaggle,0aba17856eccf62e6b61e4c3d07d9c07,2,1,test/infected/img_0_5845.jpg;train/infected/img_0_5845.jpg
Kaggle,0aceae0d807dbd0d23515295fda7eaea,2,0,test/notinfected/img_0_6017.jpg;train/notinfected/img_0_6017.jpg
Kaggle,0b423e022897ac89bee5675c0312ee78,2,1,test/infected/img_0_8610.jpg;train/infected/img_0_8610.jpg
Kaggle,0b6fe0fa77217790001c5f9a5db9fad3,2,1,test/infected/img_0_9852.jpg;train/infected/img_0_9852.jpg
Kaggle,0b8d873a8c3a3eafe9701fb5d0b9c9ea,2,1,test/infected/img_0_1575.jpg;train/infected/img_0_1575.jpg
Kaggle,0bb7e51989b85a6660d8ceb5a63d7933,2,1,test/infected/img_0_1373.jpg;train/infected/img_0_1373.jpg
Kaggle,0bbe8c02bc4c065e316ebfb8f99edc3a,2,0,test/notinfected/img_0_6694.jpg;train/notinfected/img_0_6694.jpg
Kaggle,0bfbc2968ba6b8a59f511889bb9d68f9,2,0,test/notinfected/img_0_9006.jpg;train/notinfected/img_0_9006.jpg
Kaggle,0bfea067cb6205d1be14d384bcb0f6c8,2,0,test/notinfected/img_0_4639.jpg;train/notinfected/img_0_4639.jpg
Kaggle,0c2b1b541882e264f888e98ef8c31889,2,1,test/infected/img_0_8144.jpg;train/infected/img_0_8144.jpg
Kaggle,0c9862aa4b2b7daa7137a969948b25e8,2,1,test/infected/img_0_9853.jpg;train/infected/img_0_9853.jpg
Kaggle,0cd68796d92e2bee1d6d8bd6afb80d26,2,1,test/infected/img_0_1260.jpg;train/infected/img_0_1260.jpg
Kaggle,0cfc52c00757f5831e0b49df200c428f,2,0,test/notinfected/img_0_3279.jpg;train/notinfected/img_0_3279.jpg
Kaggle,0cfe9d7765ab2a85517674fb6ae956ee,2,1,test/infected/img_0_8129.jpg;train/infected/img_0_8129.jpg
Kaggle,0d3f706d438973c117e27bf87ce89aa8,2,0,test/notinfected/img_0_4093.jpg;train/notinfected/img_0_4093.jpg
Kaggle,0d63e3ce7fd73a4e0f04670c6b163919,2,0,test/notinfected/img_0_5877.jpg;train/notinfected/img_0_5877.jpg
Kaggle,0d7ee3965ebcc6c5bf2dc75cb1900b0a,2,0,test/notinfected/img_0_5208.jpg;train/notinfected/img_0_5208.jpg
Kaggle,0d9f3f54dae91867105c084fb9435809,2,0,test/notinfected/img_0_4591.jpg;train/notinfected/img_0_4591.jpg
Kaggle,0df76b123cac833accdce6df33a5062b,2,1,test/infected/img_0_1901.jpg;train/infected/img_0_1901.jpg
Kaggle,0df813a1b1625944638a0d825a21fd3a,2,0,test/notinfected/img_0_903.jpg;train/notinfected/img_0_903.jpg
Kaggle,0df9733f50aca785b958bd529c4a706a,2,0,test/notinfected/img_0_1886.jpg;train/notinfected/img_0_1886.jpg
Kaggle,0e47517b71eaa1e460611bdd238f0755,2,0,test/notinfected/img_0_794.jpg;train/notinfected/img_0_794.jpg
Kaggle,0ec204e0c416c075f0afac2c53f20291,2,0,test/notinfected/img_0_1027.jpg;train/notinfected/img_0_1027.jpg
Kaggle,0ef547037d324a42df2da9d36dd5daa3,2,1,test/infected/img_0_4014.jpg;train/infected/img_0_4014.jpg
Kaggle,0f15d4188190969d268857ba5d2f4862,2,1,test/infected/img_0_8973.jpg;train/infected/img_0_8973.jpg
Kaggle,0f17156d75ed9e5f3230f551621e9f6b,2,0,test/notinfected/img_0_904.jpg;train/notinfected/img_0_904.jpg
Kaggle,0f25ead07ecac33d6064eb5f69dba94b,2,1,test/infected/img_0_5716.jpg;train/infected/img_0_5716.jpg
Kaggle,0f6fc992a28deb6110f12a50b122010b,2,1,test/infected/img_0_5383.jpg;train/infected/img_0_5383.jpg
Kaggle,0f7f9bea66af9bdef8a34df507636900,2,0,test/notinfected/img_0_3623.jpg;train/notinfected/img_0_3623.jpg
Kaggle,0f83e113ba539ace6023945613dabcba,2,1,test/infected/img_0_3775.jpg;train/infected/img_0_3775.jpg
Kaggle,0f922452a57ba70b1e37bd20f0bf9813,2,0,test/notinfected/img_0_7058.jpg;train/notinfected/img_0_7058.jpg
Kaggle,0fa5209d74798da90cc40b10f05a468a,2,1,test/infected/img_0_3678.jpg;train/infected/img_0_3678.jpg
Kaggle,0faadef9cecbc15d5a88704c2c722b07,2,0,test/notinfected/img_0_5757.jpg;train/notinfected/img_0_5757.jpg
Kaggle,0fb147b4c231eabbcd41c982af1903b7,2,0,test/notinfected/img_0_8343.jpg;train/notinfected/img_0_8343.jpg
Kaggle,0fdabfe313c079e85e87fd33348ce9e0,2,1,test/infected/img_0_2263.jpg;train/infected/img_0_2263.jpg
Kaggle,0ff1832ed3a05de00e840d64b17b7ce8,2,0,test/notinfected/img_0_9347.jpg;train/notinfected/img_0_9347.jpg
Kaggle,1015a324f8b0c2e849f055d99cc48be4,2,1,test/infected/img_0_2879.jpg;train/infected/img_0_2879.jpg
Kaggle,101605d3f3ba9248bda9a4e515141902,2,0,test/notinfected/img_0_814.jpg;train/notinfected/img_0_814.jpg
Kaggle,1058691c52b5c7c1c4cd6c0c5f67f0ee,2,1,test/infected/img_0_5154.jpg;train/infected/img_0_5154.jpg
Kaggle,10843044c48046fad484fe0a23a6a283,2,1,test/infected/img_0_1889.jpg;train/infected/img_0_1889.jpg
Kaggle,1085322b1e331efb59c159de53e81671,2,1,test/infected/img_0_2770.jpg;train/infected/img_0_2770.jpg
Kaggle,111494e39f470afdd1e582bc76c6a670,2,1,test/infected/img_0_2026.jpg;train/infected/img_0_2026.jpg
Kaggle,111d0e73a9089adde64d3e8674221f45,2,1,test/infected/img_0_2704.jpg;train/infected/img_0_2704.jpg
Kaggle,113a0cd60295f89e74f3b8a902f57815,2,0,test/notinfected/img_0_5573.jpg;train/notinfected/img_0_5573.jpg
Kaggle,11406e465cd826a410c1d5edc8e08c78,2,0,test/notinfected/img_0_3214.jpg;train/notinfected/img_0_3214.jpg
Kaggle,1154dd12defab9c96ad95219b560a9d2,2,0,test/notinfected/img_0_4408.jpg;train/notinfected/img_0_4408.jpg
Kaggle,117e95434d42ee87821016bf6bcfc7b0,2,1,test/infected/img_0_3913.jpg;train/infected/img_0_3913.jpg
Kaggle,11bd60f9fbb09df31697346c24d1a643,2,0,test/notinfected/img_0_9479.jpg;train/notinfected/img_0_9479.jpg
Kaggle,11c9d1960e3d363e3d3a3a64ac44cd43,2,0,test/notinfected/img_0_7403.jpg;train/notinfected/img_0_7403.jpg
Kaggle,11d36b819aadc27cbeb517f059562e60,2,0,test/notinfected/img_0_6219.jpg;train/notinfected/img_0_6219.jpg
Kaggle,11d716fc6627dfb10dcda5cad484e441,2,1,test/infected/img_0_9985.jpg;train/infected/img_0_9985.jpg
Kaggle,11dbe91b0679c5c6652134c225931c9c,2,0,test/notinfected/img_0_5656.jpg;train/notinfected/img_0_5656.jpg
Kaggle,11eed1ce1bd122d0778f83e712005866,2,1,test/infected/img_0_7011.jpg;train/infected/img_0_7011.jpg
Kaggle,11f083bb81270e0f875a99a2f0f529c0,2,1,test/infected/img_0_7808.jpg;train/infected/img_0_7808.jpg
Kaggle,11f31eeb15888c039902d1e3c1899516,2,1,test/infected/img_0_1182.jpg;train/infected/img_0_1182.jpg
Kaggle,1200bfd2db5ad18e4d704db25e3b68c2,2,0,test/notinfected/img_0_4379.jpg;train/notinfected/img_0_4379.jpg
Kaggle,1205d8285b20fa920467227b0ba3e860,2,1,test/infected/img_0_4746.jpg;train/infected/img_0_4746.jpg
Kaggle,120c9a2b85812aa8f44b13f5c75aa97e,2,0,test/notinfected/img_0_4916.jpg;train/notinfected/img_0_4916.jpg
Kaggle,1213930cb03c7bc9693f06efec4512de,2,1,test/infected/img_0_4480.jpg;train/infected/img_0_4480.jpg
Kaggle,12299a24585dcd88ff8cf2ab5d2ee6fd,2,1,test/infected/img_0_9323.jpg;train/infected/img_0_9323.jpg
Kaggle,123e3ca9822792ff944ea83759e3c9ba,2,0,test/notinfected/img_0_6534.jpg;train/notinfected/img_0_6534.jpg
Kaggle,125e11302b10568f3468cc8e6764b75c,2,1,test/infected/img_0_2137.jpg;train/infected/img_0_2137.jpg
Kaggle,1292ee8080279c73ae5c858d9e9408d2,2,1,test/infected/img_0_7818.jpg;train/infected/img_0_7818.jpg
Kaggle,132ce77eebd5fa2ff6ec8b6e8758c9fc,2,1,test/infected/img_0_2176.jpg;train/infected/img_0_2176.jpg
Kaggle,1331351cb131612020e191494fbb5b20,2,1,test/infected/img_0_475.jpg;train/infected/img_0_475.jpg
Kaggle,13390910b4294eacaa020c72cb2c9d59,2,1,test/infected/img_0_764.jpg;train/infected/img_0_764.jpg
Kaggle,13717933a809a8456f7af9abcf60cbe8,2,0,test/notinfected/img_0_1600.jpg;train/notinfected/img_0_1600.jpg
Kaggle,138438857791a1f7bbf51009e4407471,2,1,test/infected/img_0_2908.jpg;train/infected/img_0_2908.jpg
Kaggle,13a60955f91b4d71338d5f8985676dbc,2,1,test/infected/img_0_5965.jpg;train/infected/img_0_5965.jpg
Kaggle,13b5b358474900f00982f4092fb2ef42,2,0,test/notinfected/img_0_2782.jpg;train/notinfected/img_0_2782.jpg
Kaggle,13e14ddbf6fdcc054dbacbb81d42aaa9,2,0,test/notinfected/img_0_9733.jpg;train/notinfected/img_0_9733.jpg
Kaggle,13e970c29b4c6b9813856749e91de7ee,2,0,test/notinfected/img_0_7921.jpg;train/notinfected/img_0_7921.jpg
Kaggle,1421be6bbf6c742fefc804a5bd18b964,2,1,test/infected/img_0_3255.jpg;train/infected/img_0_3255.jpg
Kaggle,1425c87ee12aa3b758035bd7f2a68784,2,0,test/notinfected/img_0_4237.jpg;train/notinfected/img_0_4237.jpg
Kaggle,1438d50cf8d54d02ea35c747de9d3566,2,1,test/infected/img_0_5164.jpg;train/infected/img_0_5164.jpg
Kaggle,144f3587908a2439f0d63b1510b52370,2,1,test/infected/img_0_3114.jpg;train/infected/img_0_3114.jpg
Kaggle,148581b674cff57ce0cd82e6ad039692,2,0,test/notinfected/img_0_7806.jpg;train/notinfected/img_0_7806.jpg
Kaggle,14b0767991162a70c74665b9e989556c,2,1,test/infected/img_0_5480.jpg;train/infected/img_0_5480.jpg
Kaggle,14ec9e9d7b4b71e7115594595b275874,2,0,test/notinfected/img_0_1107.jpg;train/notinfected/img_0_1107.jpg
Kaggle,150fe3db09053cb548b1716e0e996ed3,2,0,test/notinfected/img_0_1390.jpg;train/notinfected/img_0_1390.jpg
Kaggle,1511598daff5294a4c7243b4602b25cd,2,1,test/infected/img_0_2715.jpg;train/infected/img_0_2715.jpg
Kaggle,151deb634427a5cf54bf51044a812fbe,2,1,test/infected/img_0_8042.jpg;train/infected/img_0_8042.jpg
Kaggle,15a90a445da33028548e7d257bb37138,2,1,test/infected/img_0_1329.jpg;train/infected/img_0_1329.jpg
Kaggle,15beaccb4ea4e3ac37378b004ddd2602,2,1,test/infected/img_0_7757.jpg;train/infected/img_0_7757.jpg
Kaggle,15ee7429146fd66f4e2c7718a7d57c44,2,0,test/notinfected/img_0_3639.jpg;train/notinfected/img_0_3639.jpg
Kaggle,1634cf9a31c24a87efa39fdcada3f6fc,2,0,test/notinfected/img_0_210.jpg;train/notinfected/img_0_210.jpg
Kaggle,164e0e03c4803c1667518deb86593908,2,1,test/infected/img_0_6544.jpg;train/infected/img_0_6544.jpg
Kaggle,1690f9659f491efcab1ebf43faacf127,2,0,test/notinfected/img_0_6752.jpg;train/notinfected/img_0_6752.jpg
Kaggle,16aeef176aaba5959ad9dd55f4f52276,2,0,test/notinfected/img_0_1926.jpg;train/notinfected/img_0_1926.jpg
Kaggle,16d48710fe6f5ee2bf9c32a45122c417,2,1,test/infected/img_0_6505.jpg;train/infected/img_0_6505.jpg
Kaggle,16e330ee8d3a7fcc4f22180c11844061,2,0,test/notinfected/img_0_6740.jpg;train/notinfected/img_0_6740.jpg
Kaggle,16ec3bf37d20af4059874412cf825c01,2,0,test/notinfected/img_0_6767.jpg;train/notinfected/img_0_6767.jpg
Kaggle,17126ae16219b753daceaf90536fb27b,2,1,test/infected/img_0_8793.jpg;train/infected/img_0_8793.jpg
Kaggle,17173662e8ce4a637068b7aff6673a69,2,1,test/infected/img_0_7454.jpg;train/infected/img_0_7454.jpg
Kaggle,1758c85c6059a090dc7d62c921ce1da0,2,0,test/notinfected/img_0_4928.jpg;train/notinfected/img_0_4928.jpg
Kaggle,1764ba7f834f94db3abf09485dd30b39,2,1,test/infected/img_0_6547.jpg;train/infected/img_0_6547.jpg
Kaggle,17e397b586c0f4d470202fa54d2c220d,2,1,test/infected/img_0_2648.jpg;train/infected/img_0_2648.jpg
Kaggle,18091651f7e339000343980a4a3d5de2,2,0,test/notinfected/img_0_2774.jpg;train/notinfected/img_0_2774.jpg
Kaggle,186b652cc8da88e0704e06b9626277b2,2,0,test/notinfected/img_0_1835.jpg;train/notinfected/img_0_1835.jpg
Kaggle,18884a80eedfb012d788947e22d7d5d9,2,0,test/notinfected/img_0_9056.jpg;train/notinfected/img_0_9056.jpg
Kaggle,1892f06fd2f418e2fe10580db2a992db,2,0,test/notinfected/img_0_1284.jpg;train/notinfected/img_0_1284.jpg
Kaggle,18cb04544fa5db5d724cc929d4890411,2,0,test/notinfected/img_0_6040.jpg;train/notinfected/img_0_6040.jpg
Kaggle,18d75af20eebc76150870d8890cffe6a,2,0,test/notinfected/img_0_9121.jpg;train/notinfected/img_0_9121.jpg
Kaggle,18f913a7ced12d2c66d3c95166549296,2,0,test/notinfected/img_0_7712.jpg;train/notinfected/img_0_7712.jpg
Kaggle,19076be0b94378c16e1dc893063b3a26,2,0,test/notinfected/img_0_5444.jpg;train/notinfected/img_0_5444.jpg
Kaggle,19192f2844e3874cdcd025f7c2a617c3,2,1,test/infected/img_0_3241.jpg;train/infected/img_0_3241.jpg
Kaggle,1957d0c7b88db3e7bc6f34ec6d818351,2,0,test/notinfected/img_0_6425.jpg;train/notinfected/img_0_6425.jpg
Kaggle,19b322bf35e7701e3cf100d0d096b878,2,1,test/infected/img_0_1812.jpg;train/infected/img_0_1812.jpg
Kaggle,19cea7b7fe3d2b82ff4c2cbdd7d57c25,2,0,test/notinfected/img_0_7466.jpg;train/notinfected/img_0_7466.jpg
Kaggle,19d1d75afd55cbd3b560292979eb5383,2,1,test/infected/img_0_8994.jpg;train/infected/img_0_8994.jpg
Kaggle,1a2ccd2c90b87bf5b1a7105f8090ba43,2,0,test/notinfected/img_0_5566.jpg;train/notinfected/img_0_5566.jpg
Kaggle,1ac396a894b3ceafdf2c5e340cee2bec,2,0,test/notinfected/img_0_378.jpg;train/notinfected/img_0_378.jpg
Kaggle,1ad42a629424baf2c42839e906462e39,2,1,test/infected/img_0_9055.jpg;train/infected/img_0_9055.jpg
Kaggle,1ad4534a0304fd0c78d06dcdafebd5de,2,1,test/infected/img_0_866.jpg;train/infected/img_0_866.jpg
Kaggle,1ad9abfa872c443ae3de6cba7439c018,2,0,test/notinfected/img_0_3734.jpg;train/notinfected/img_0_3734.jpg
Kaggle,1ae64d617f7eda7f8d2c8442634fde54,2,1,test/infected/img_0_4288.jpg;train/infected/img_0_4288.jpg
Kaggle,1afa558af56f672d58dbb75e9f8b3e26,2,1,test/infected/img_0_9159.jpg;train/infected/img_0_9159.jpg
Kaggle,1b14dc94b646c46afaf8832978a90a5e,2,0,test/notinfected/img_0_7598.jpg;train/notinfected/img_0_7598.jpg
Kaggle,1b1d438fdce29b2b32107b8999cb2836,2,0,test/notinfected/img_0_8826.jpg;train/notinfected/img_0_8826.jpg
Kaggle,1b1f3c0871ebfa4090ef18490f422630,2,1,test/infected/img_0_9976.jpg;train/infected/img_0_9976.jpg
Kaggle,1b3de015ef0f047eb7ba3b5cbc2589d1,2,1,test/infected/img_0_2742.jpg;train/infected/img_0_2742.jpg
Kaggle,1b8fc4bb147294fcdec917f96bd35c37,2,0,test/notinfected/img_0_3149.jpg;train/notinfected/img_0_3149.jpg
Kaggle,1b9908351773b0164725d30c93e40e0d,2,1,test/infected/img_0_5772.jpg;train/infected/img_0_5772.jpg
Kaggle,1bbec4a22a66a067b46a92d127cf1ef4,2,0,test/notinfected/img_0_1994.jpg;train/notinfected/img_0_1994.jpg
Kaggle,1bf56e9a111c551c579770cf20922956,2,1,test/infected/img_0_5785.jpg;train/infected/img_0_5785.jpg
Kaggle,1c60d12743b26791f60b1bdde57bdbb7,2,1,test/infected/img_0_5985.jpg;train/infected/img_0_5985.jpg
Kaggle,1c70c2aafc8fb7379fafa8843ea239ef,2,0,test/notinfected/img_0_1925.jpg;train/notinfected/img_0_1925.jpg
Kaggle,1c83df75bd314c956e61a176458c7050,2,0,test/notinfected/img_0_1012.jpg;train/notinfected/img_0_1012.jpg
Kaggle,1cd10cd7e87dcf859edcbfbd20659d0a,2,1,test/infected/img_0_3648.jpg;train/infected/img_0_3648.jpg
Kaggle,1ce3b08bfc316cef38e8d00b9212e761,2,1,test/infected/img_0_8946.jpg;train/infected/img_0_8946.jpg
Kaggle,1cf6d3f5b7fa963a8a535718869201bf,2,0,test/notinfected/img_0_6486.jpg;train/notinfected/img_0_6486.jpg
Kaggle,1d0e40e452ddcd7ddacbb3f7230204df,2,0,test/notinfected/img_0_9594.jpg;train/notinfected/img_0_9594.jpg
Kaggle,1d2a1ab30d1a6d027f020d7a3230ac4d,2,0,test/notinfected/img_0_6162.jpg;train/notinfected/img_0_6162.jpg
Kaggle,1d37d9333beed4f5d0a2dbce66403ab4,2,0,test/notinfected/img_0_7170.jpg;train/notinfected/img_0_7170.jpg
Kaggle,1d81726b45f5968afe8676f44339793c,2,1,test/infected/img_0_6118.jpg;train/infected/img_0_6118.jpg
Kaggle,1d99f4c7d9bff5280b245485b054fadf,2,0,test/notinfected/img_0_9866.jpg;train/notinfected/img_0_9866.jpg
Kaggle,1dcd0c68b7218383dee2823dd25f1ba6,2,1,test/infected/img_0_8957.jpg;train/infected/img_0_8957.jpg
Kaggle,1e0ff6d4a653b659ca002737b084afb6,2,0,test/notinfected/img_0_6878.jpg;train/notinfected/img_0_6878.jpg
Kaggle,1e4053ce46e970765d5959732db56072,2,0,test/notinfected/img_0_3737.jpg;train/notinfected/img_0_3737.jpg
Kaggle,1e5233a6b6e9a6a218756882231e8c98,2,0,test/notinfected/img_0_8749.jpg;train/notinfected/img_0_8749.jpg
Kaggle,1e528c0f522ae9bf9f4bbcecceee016a,2,0,test/notinfected/img_0_5920.jpg;train/notinfected/img_0_5920.jpg
Kaggle,1e6f415f15afb186b7c4bab99a1b354c,2,1,test/infected/img_0_8788.jpg;train/infected/img_0_8788.jpg
Kaggle,1e8a9476bda497122f529f0b188fabe5,2,1,test/infected/img_0_6069.jpg;train/infected/img_0_6069.jpg
Kaggle,1ec519e82713310fca4c86da00dce4d2,2,0,test/notinfected/img_0_5455.jpg;train/notinfected/img_0_5455.jpg
Kaggle,1f7f4a7bf9939a65c19037fd706a2246,2,1,test/infected/img_0_4204.jpg;train/infected/img_0_4204.jpg
Kaggle,1f81922ff3f14d6ffc5c3485a4e4c186,2,0,test/notinfected/img_0_7191.jpg;train/notinfected/img_0_7191.jpg
Kaggle,1fbdad67cc0ecd64575ab74ae346e79d,2,0,test/notinfected/img_0_9674.jpg;train/notinfected/img_0_9674.jpg
Kaggle,1fedd5c6300071b518dda1e2c60d2d93,2,0,test/notinfected/img_0_1423.jpg;train/notinfected/img_0_1423.jpg
Kaggle,1feefb7430d6e7e7f956067f64e2952f,2,0,test/notinfected/img_0_1015.jpg;train/notinfected/img_0_1015.jpg
Kaggle,201e8d9a480b2ae25f6a4936c372d802,2,1,test/infected/img_0_9849.jpg;train/infected/img_0_9849.jpg
Kaggle,20676989ab540cda817e4c8d873b6abd,2,0,test/notinfected/img_0_7178.jpg;train/notinfected/img_0_7178.jpg
Kaggle,20769f4571997c91510f4a994841aa22,2,0,test/notinfected/img_0_2879.jpg;train/notinfected/img_0_2879.jpg
Kaggle,209c13b30bd3f04bd15b55d86ef382f1,2,0,test/notinfected/img_0_1675.jpg;train/notinfected/img_0_1675.jpg
Kaggle,20a29aa969a822f645a1941f8e5852ab,2,0,test/notinfected/img_0_9808.jpg;train/notinfected/img_0_9808.jpg
Kaggle,20bd9affc392bfec9427047d8ae46f86,2,0,test/notinfected/img_0_56.jpg;train/notinfected/img_0_56.jpg
Kaggle,20e1d90a3bc8cc68ef40d45f153fd08c,2,1,test/infected/img_0_6891.jpg;train/infected/img_0_6891.jpg
Kaggle,20e309b736ee86386bd178c8eb904f46,2,1,test/infected/img_0_6125.jpg;train/infected/img_0_6125.jpg
Kaggle,214cc7c55ac8a8c2815e2820bf3d9d68,2,0,test/notinfected/img_0_9228.jpg;train/notinfected/img_0_9228.jpg
Kaggle,216bc19f7a36d5a0a4cd97f56c719073,2,0,test/notinfected/img_0_7941.jpg;train/notinfected/img_0_7941.jpg
Kaggle,2177deb7b1e93f6a07ebeae7b9cbe22d,2,1,test/infected/img_0_7635.jpg;train/infected/img_0_7635.jpg
Kaggle,217e15d1215034e74c103fa44cb2c8fc,2,1,test/infected/img_0_4007.jpg;train/infected/img_0_4007.jpg
Kaggle,218fc0fe9b67293a495a85c9248cc07f,2,1,test/infected/img_0_8634.jpg;train/infected/img_0_8634.jpg
Kaggle,21ac68836f78796a6208ea231dfcd48c,2,0,test/notinfected/img_0_9821.jpg;train/notinfected/img_0_9821.jpg
Kaggle,21bba496ed1dfa158265699eca0460a2,2,1,test/infected/img_0_6271.jpg;train/infected/img_0_6271.jpg
Kaggle,21c0847a4781b58ced5a68a41fd6d405,2,0,test/notinfected/img_0_4213.jpg;train/notinfected/img_0_4213.jpg
Kaggle,21c310c2a94a6dd2f8c4b66695240507,2,1,test/infected/img_0_6976.jpg;train/infected/img_0_6976.jpg
Kaggle,21ddcaaeef7e4a28554db1c0558a12e3,2,0,test/notinfected/img_0_6065.jpg;train/notinfected/img_0_6065.jpg
Kaggle,222026ca04f6df0e290bed0fe3bcda16,2,0,test/notinfected/img_0_851.jpg;train/notinfected/img_0_851.jpg
Kaggle,222c7bd9c695f063a3896143d0ce4d45,2,0,test/notinfected/img_0_4228.jpg;train/notinfected/img_0_4228.jpg
Kaggle,223c6e2d47c780aa9e07e5e4dd9c41e1,2,0,test/notinfected/img_0_7925.jpg;train/notinfected/img_0_7925.jpg
Kaggle,226d6da609299d7d4c9bd76073f32cc9,2,0,test/notinfected/img_0_3932.jpg;train/notinfected/img_0_3932.jpg
Kaggle,226f4dcb89ef3d5bb01082764d774581,2,0,test/notinfected/img_0_6554.jpg;train/notinfected/img_0_6554.jpg
Kaggle,2288342088bca1c16126be294593f60b,2,1,test/infected/img_0_9742.jpg;train/infected/img_0_9742.jpg
Kaggle,22938c38fd778f601d1b85148262406a,2,1,test/infected/img_0_492.jpg;train/infected/img_0_492.jpg
Kaggle,22aa33c87fee3f602c454b1ffe9c76fd,2,0,test/notinfected/img_0_3456.jpg;train/notinfected/img_0_3456.jpg
Kaggle,22b556524a42c6757225bfcec18d0780,2,0,test/notinfected/img_0_7649.jpg;train/notinfected/img_0_7649.jpg
Kaggle,230138b4fa8799eb12d0a20b0b04c44e,2,0,test/notinfected/img_0_1728.jpg;train/notinfected/img_0_1728.jpg
Kaggle,230bdf796f50634920a5bba1dfff8473,2,0,test/notinfected/img_0_8837.jpg;train/notinfected/img_0_8837.jpg
Kaggle,230f0b13d70806a9aa75af7316cfeb58,2,1,test/infected/img_0_6990.jpg;train/infected/img_0_6990.jpg
Kaggle,231cef1456a0eb65544d31f937f54e8c,2,1,test/infected/img_0_6159.jpg;train/infected/img_0_6159.jpg
Kaggle,23265678fa17dfc3b3278ac183c2d345,2,1,test/infected/img_0_8431.jpg;train/infected/img_0_8431.jpg
Kaggle,232856c64a4bae0862b87564a68cc58a,2,1,test/infected/img_0_233.jpg;train/infected/img_0_233.jpg
Kaggle,233831d759b4da7569afda4bee083332,2,1,test/infected/img_0_4808.jpg;train/infected/img_0_4808.jpg
Kaggle,23b68dd2271586ae39e628d00697f3b4,2,1,test/infected/img_0_3045.jpg;train/infected/img_0_3045.jpg
Kaggle,23d1114fd7affbea38c5a2ed7dd5892d,2,0,test/notinfected/img_0_7204.jpg;train/notinfected/img_0_7204.jpg
Kaggle,241c2c7b958e757d189e02704cf23be7,2,0,test/notinfected/img_0_1894.jpg;train/notinfected/img_0_1894.jpg
Kaggle,2435de037dd8f158bc300c5dc37f363b,2,0,test/notinfected/img_0_254.jpg;train/notinfected/img_0_254.jpg
Kaggle,2440c2b3cf985c96af937bd0deac0523,2,1,test/infected/img5.jpg;train/infected/img5.jpg
Kaggle,244266fc928b2b953b530c6b187ef61e,2,0,test/notinfected/img_0_9186.jpg;train/notinfected/img_0_9186.jpg
Kaggle,2541e8cc81c0d731c33df9e067c0b857,2,1,test/infected/img_0_1808.jpg;train/infected/img_0_1808.jpg
Kaggle,257f575eff0f4978bdee371c0063ad0c,2,1,test/infected/img_0_6903.jpg;train/infected/img_0_6903.jpg
Kaggle,25aa930240bd10951ee117a9db6b6d52,2,0,test/notinfected/img_0_4245.jpg;train/notinfected/img_0_4245.jpg
Kaggle,25b154b03164864ac1e04b43abdac6e0,2,1,test/infected/img_0_3171.jpg;train/infected/img_0_3171.jpg
Kaggle,25c2184e1a2b7bb22f25d6bc95561df4,2,1,test/infected/img_0_8304.jpg;train/infected/img_0_8304.jpg
Kaggle,25e0162923e9aa1dbdb1b6aabd3f2cee,2,0,test/notinfected/img_0_5971.jpg;train/notinfected/img_0_5971.jpg
Kaggle,260bc8b32405c80cd34b82aa22b9b3ab,2,0,test/notinfected/img_0_2368.jpg;train/notinfected/img_0_2368.jpg
Kaggle,260f1073509aff363ddf5dc501a44c62,2,0,test/notinfected/img_0_4311.jpg;train/notinfected/img_0_4311.jpg
Kaggle,262f8e1862236350b953c90ed2f83299,2,0,test/notinfected/img_0_7819.jpg;train/notinfected/img_0_7819.jpg
Kaggle,2654fba7c4d113dbc20edaeaba4ff390,2,0,test/notinfected/img_0_3265.jpg;train/notinfected/img_0_3265.jpg
Kaggle,2682973c0bbd2137425a3544a5bbb055,2,1,test/infected/img_0_7241.jpg;train/infected/img_0_7241.jpg
Kaggle,269363686771c97c9fc2385a62036c80,2,0,test/notinfected/img_0_4466.jpg;train/notinfected/img_0_4466.jpg
Kaggle,269fcbc6ef856c2ba40b934c89af0570,2,0,test/notinfected/img_0_3069.jpg;train/notinfected/img_0_3069.jpg
Kaggle,26bac9745efeaaf24a8bbc6dcfcc8ec7,2,1,test/infected/img_0_2172.jpg;train/infected/img_0_2172.jpg
Kaggle,26c1e6ab431a0795a70fdfe1ad181ddc,2,0,test/notinfected/img_0_9104.jpg;train/notinfected/img_0_9104.jpg
Kaggle,26cd1546513536978552d2043dc98a6d,4,1,test/infected/img2.jpg;test/infected/img8.jpg;train/infected/img2.jpg;train/infected/img8.jpg
Kaggle,2711fe1cdb087474e6c0c5aa16b0afc9,2,1,test/infected/img_0_7193.jpg;train/infected/img_0_7193.jpg
Kaggle,27335b0a1bb4845d97c4896821eb2dee,2,1,test/infected/img_0_4470.jpg;train/infected/img_0_4470.jpg
Kaggle,2736df38849c94cf464e9babe82a3ccc,2,1,test/infected/img_0_9478.jpg;train/infected/img_0_9478.jpg
Kaggle,2744c7d6d420bcc3bddebcdb595d1d88,2,0,test/notinfected/img_0_7049.jpg;train/notinfected/img_0_7049.jpg
Kaggle,2751caf561b83d39b07bc13a7dd221e3,2,0,test/notinfected/img_0_801.jpg;train/notinfected/img_0_801.jpg
Kaggle,279ac352f30addc1a912a8647b478c19,2,0,test/notinfected/img_0_7957.jpg;train/notinfected/img_0_7957.jpg
Kaggle,279dcf4a657e12db2063b2f06ec75e00,2,1,test/infected/img_0_3520.jpg;train/infected/img_0_3520.jpg
Kaggle,27a20b3c8702d7d1e6bfb8c9132e51df,2,1,test/infected/img_0_7880.jpg;train/infected/img_0_7880.jpg
Kaggle,27aff3ac0f0c091514afbf9799aac4cb,2,1,test/infected/img_0_8156.jpg;train/infected/img_0_8156.jpg
Kaggle,27c66b4d85f4ab9f85071a894d0fe5d0,2,0,test/notinfected/img_0_8905.jpg;train/notinfected/img_0_8905.jpg
Kaggle,27f10f6f07dc4248f48b14c5c9be06db,2,1,test/infected/img_0_3177.jpg;train/infected/img_0_3177.jpg
Kaggle,28140c59471f103083379f4ccc205dad,2,1,test/infected/img_0_7091.jpg;train/infected/img_0_7091.jpg
Kaggle,283a942ed3c35af06d07e22e6a9f680e,2,0,test/notinfected/img_0_2987.jpg;train/notinfected/img_0_2987.jpg
Kaggle,2870e31adf179204b61e9fea7a377ff4,2,0,test/notinfected/img_0_877.jpg;train/notinfected/img_0_877.jpg
Kaggle,289092406e28a44fc185455884d63540,2,1,test/infected/img_0_6671.jpg;train/infected/img_0_6671.jpg
Kaggle,289d4387421d80c168abcb743b070ce4,2,1,test/infected/img_0_2968.jpg;train/infected/img_0_2968.jpg
Kaggle,28ccffca3dd3099e5bfee822eadc99d6,2,0,test/notinfected/img_0_2489.jpg;train/notinfected/img_0_2489.jpg
Kaggle,28d49f08c78224bc8a5b668c6a70dca9,2,1,test/infected/img_0_5337.jpg;train/infected/img_0_5337.jpg
Kaggle,28edae22748c47e1cf9d5f73fb629408,2,0,test/notinfected/img_0_7964.jpg;train/notinfected/img_0_7964.jpg
Kaggle,28f77e072736089deed01707cf581de2,2,0,test/notinfected/img_0_4523.jpg;train/notinfected/img_0_4523.jpg
Kaggle,2934596c63c9fbdf6958747ef29f8821,2,0,test/notinfected/img_0_699.jpg;train/notinfected/img_0_699.jpg
Kaggle,29443534a44456ead9bd51d67aa5a0cb,2,0,test/notinfected/img_0_1723.jpg;train/notinfected/img_0_1723.jpg
Kaggle,299c2777996033a2210f53c43bf757ab,2,1,test/infected/img_0_3233.jpg;train/infected/img_0_3233.jpg
Kaggle,29e78be25ecebbfd0aa01939e3f34ece,2,0,test/notinfected/img_0_9002.jpg;train/notinfected/img_0_9002.jpg
Kaggle,29e9842b5ead0f66f7d733a54f166e85,2,1,test/infected/img_0_1088.jpg;train/infected/img_0_1088.jpg
Kaggle,29f459199151c7403d9ec4aa1b9f54b2,2,1,test/infected/img_0_5863.jpg;train/infected/img_0_5863.jpg
Kaggle,29f6e51641df24a16073f1ed21e02051,2,1,test/infected/img_0_7239.jpg;train/infected/img_0_7239.jpg
Kaggle,29fb2e4c2183dd82974152cef8cac1de,2,0,test/notinfected/img_0_6519.jpg;train/notinfected/img_0_6519.jpg
Kaggle,2a2f36f8a7acb07702082302effa9730,2,0,test/notinfected/img_0_9017.jpg;train/notinfected/img_0_9017.jpg
Kaggle,2a32793372dfd152c33bcd122447e5a1,2,1,test/infected/img_0_1877.jpg;train/infected/img_0_1877.jpg
Kaggle,2a446dad1527a6abb87cfc85656a8b3d,2,0,test/notinfected/img_0_7939.jpg;train/notinfected/img_0_7939.jpg
Kaggle,2ab60c0b8ce0fac271332c1b641daba0,2,1,test/infected/img_0_9158.jpg;train/infected/img_0_9158.jpg
Kaggle,2ac424db09cd084b848d93a404606eaf,2,0,test/notinfected/img_0_7130.jpg;train/notinfected/img_0_7130.jpg
Kaggle,2b262a6c94d9123d3429333641594fa4,2,0,test/notinfected/img_0_6803.jpg;train/notinfected/img_0_6803.jpg
Kaggle,2b40447dc6f18c345acadaae87bf7a54,2,0,test/notinfected/img_0_2439.jpg;train/notinfected/img_0_2439.jpg
Kaggle,2b5b4f6bfed961c50414efb47181f5cf,2,0,test/notinfected/img_0_3158.jpg;train/notinfected/img_0_3158.jpg
Kaggle,2bc1b3f5794e402956f974d3477fa617,2,0,test/notinfected/img_0_9809.jpg;train/notinfected/img_0_9809.jpg
Kaggle,2bd4ee9b2b82a40e27a5b08975b755bf,2,0,test/notinfected/img_0_7933.jpg;train/notinfected/img_0_7933.jpg
Kaggle,2c1823721164c071dfcf84833dd6fc84,2,0,test/notinfected/img_0_1843.jpg;train/notinfected/img_0_1843.jpg
Kaggle,2c18ece9a1152c63ffecb31d737f436b,2,0,test/notinfected/img_0_6056.jpg;train/notinfected/img_0_6056.jpg
Kaggle,2c6e8674b1744d5e1c8ab8b2e91f7720,2,1,test/infected/img_0_2982.jpg;train/infected/img_0_2982.jpg
Kaggle,2c77e2a39571fa5bef0c2a15456bcf63,2,0,test/notinfected/img_0_1305.jpg;train/notinfected/img_0_1305.jpg
Kaggle,2c8c549bd0d405c35726f8c2d1c2ba17,2,0,test/notinfected/img_0_8236.jpg;train/notinfected/img_0_8236.jpg
Kaggle,2cbd153d2f10236a4d3d5e3bd33de39b,2,0,test/notinfected/img_0_4369.jpg;train/notinfected/img_0_4369.jpg
Kaggle,2cce83a25abcf22ce07e249512d03b45,2,1,test/infected/img_0_6171.jpg;train/infected/img_0_6171.jpg
Kaggle,2cf0a33c59bef3c915c5a4a348c7e398,2,0,test/notinfected/img_0_5759.jpg;train/notinfected/img_0_5759.jpg
Kaggle,2d331496228267077ade447dc04a63be,2,0,test/notinfected/img_0_1856.jpg;train/notinfected/img_0_1856.jpg
Kaggle,2d96c1c98d3305a29ed53e26517c9163,2,0,test/notinfected/img_0_7460.jpg;train/notinfected/img_0_7460.jpg
Kaggle,2da4e2f6fe244e460b079b840dc31f43,2,0,test/notinfected/img_0_9650.jpg;train/notinfected/img_0_9650.jpg
Kaggle,2df75bbabef848f76af99a765400bb20,2,1,test/infected/img_0_1387.jpg;train/infected/img_0_1387.jpg
Kaggle,2e1509edc72902abf6042c8a95b4be24,2,1,test/infected/img_0_9647.jpg;train/infected/img_0_9647.jpg
Kaggle,2e61a69115a15201923485ae9b066957,2,1,test/infected/img_0_3647.jpg;train/infected/img_0_3647.jpg
Kaggle,2e644d4ec1163512e97ab696a786fcdb,2,1,test/infected/img_0_5440.jpg;train/infected/img_0_5440.jpg
Kaggle,2e7b44f8adfaa7b523dee7e9998e9eb4,2,0,test/notinfected/img_0_5003.jpg;train/notinfected/img_0_5003.jpg
Kaggle,2ea92b00562c7ea3e109869cc4cd591d,2,1,test/infected/img_0_5288.jpg;train/infected/img_0_5288.jpg
Kaggle,2ed4b7f5c020b7594a382bf9d8ca3dbd,2,1,test/infected/img_0_5874.jpg;train/infected/img_0_5874.jpg
Kaggle,2f07dbef78684417f21d2529c06d79bd,2,1,test/infected/img_0_9988.jpg;train/infected/img_0_9988.jpg
Kaggle,2f08011a62680ad0456d41aeec1042c0,2,1,test/infected/img_0_126.jpg;train/infected/img_0_126.jpg
Kaggle,2f11986f10acb49cf0d29be4f4e2253f,2,0,test/notinfected/img_0_4952.jpg;train/notinfected/img_0_4952.jpg
Kaggle,2f50eb88dd5ffae106e96e790a0c3bdf,2,0,test/notinfected/img_0_9840.jpg;train/notinfected/img_0_9840.jpg
Kaggle,2f64e032895e0eb3219cf23f3fef3b59,2,1,test/infected/img_0_7385.jpg;train/infected/img_0_7385.jpg
Kaggle,2f75b00f99b694c2bc62666740d1413e,2,1,test/infected/img_0_2546.jpg;train/infected/img_0_2546.jpg
Kaggle,2f9dec52d22cde4f2b9d9ffa3873f6d0,2,1,test/infected/img_0_9818.jpg;train/infected/img_0_9818.jpg
Kaggle,2f9f8112c8d5602b50f58ac5a57a81f4,2,0,test/notinfected/img_0_8329.jpg;train/notinfected/img_0_8329.jpg
Kaggle,2fb74cd1d0dcaf7fe1205e1558fd0e03,2,0,test/notinfected/img_0_3762.jpg;train/notinfected/img_0_3762.jpg
Kaggle,2fde4399bea05889b57f37971b03f8c5,2,0,test/notinfected/img_0_6549.jpg;train/notinfected/img_0_6549.jpg
Kaggle,2ffe2e4ce5dd42e5b9ebfed5958e47d3,2,0,test/notinfected/img_0_4904.jpg;train/notinfected/img_0_4904.jpg
Kaggle,3032dbf2d57b60c691bbc1b31099f9c1,2,0,test/notinfected/img_0_6520.jpg;train/notinfected/img_0_6520.jpg
Kaggle,304e40823e29e8ea07eff7a6f512d97a,2,0,test/notinfected/img_0_8775.jpg;train/notinfected/img_0_8775.jpg
Kaggle,30853b47abffd1c77fd16c54e20b4fea,2,0,test/notinfected/img_0_643.jpg;train/notinfected/img_0_643.jpg
Kaggle,308752c59bb7b49bbf87285e299b61cb,2,1,test/infected/img_0_3244.jpg;train/infected/img_0_3244.jpg
Kaggle,30a71c16306cf83ff720aa60083e77c5,2,0,test/notinfected/img_0_1139.jpg;train/notinfected/img_0_1139.jpg
Kaggle,30b7eeeef09de37e5e522cb2275427cf,2,0,test/notinfected/img_0_3230.jpg;train/notinfected/img_0_3230.jpg
Kaggle,30c113276fbcdec24d76853740a5f259,2,1,test/infected/img_0_664.jpg;train/infected/img_0_664.jpg
Kaggle,30c2c0148f23ae0d7baaff99ba54d78e,2,1,test/infected/img_0_820.jpg;train/infected/img_0_820.jpg
Kaggle,30e680a263da1cc60b835d6cca41a26d,2,1,test/infected/img_0_937.jpg;train/infected/img_0_937.jpg
Kaggle,3146ba92586ffb5f180060a70b400ce6,2,0,test/notinfected/img_0_9899.jpg;train/notinfected/img_0_9899.jpg
Kaggle,322f10bd4e830a835d976d8c8bfa84d6,2,1,test/infected/img_0_8153.jpg;train/infected/img_0_8153.jpg
Kaggle,323fafd36c72b2e04712b6651ce1b366,2,0,test/notinfected/img_0_7285.jpg;train/notinfected/img_0_7285.jpg
Kaggle,328731c6772460de46e2e2676f6a4bbe,2,0,test/notinfected/img_0_3526.jpg;train/notinfected/img_0_3526.jpg
Kaggle,32ff9c693685a1a785309b70ca76e5c8,2,0,test/notinfected/img_0_5636.jpg;train/notinfected/img_0_5636.jpg
Kaggle,33040accf761e9a4d723b090c43bde08,2,0,test/notinfected/img_0_2246.jpg;train/notinfected/img_0_2246.jpg
Kaggle,330ae8745b74e588c2957747d11dd37f,2,0,test/notinfected/img_0_529.jpg;train/notinfected/img_0_529.jpg
Kaggle,332513e5f5bfec5cdbd82b10481d71f8,2,1,test/infected/img_0_8860.jpg;train/infected/img_0_8860.jpg
Kaggle,332b991e1cfb52f9623ca0cec64f7159,2,1,test/infected/img_0_6155.jpg;train/infected/img_0_6155.jpg
Kaggle,3338cbf03a6f354b0a6a8b02cc5d0f1d,2,1,test/infected/img_0_6028.jpg;train/infected/img_0_6028.jpg
Kaggle,3362d1a0cdc9233a019fb7ae7dfae9cb,2,0,test/notinfected/img_0_991.jpg;train/notinfected/img_0_991.jpg
Kaggle,33805f8fb22c66e62848df29cbefef0a,2,0,test/notinfected/img_0_4654.jpg;train/notinfected/img_0_4654.jpg
Kaggle,339480cb04c204a703f090fb5ccfcd6f,2,1,test/infected/img_0_5888.jpg;train/infected/img_0_5888.jpg
Kaggle,33a732c391a958b5e61528e950b762e2,2,0,test/notinfected/img_0_4919.jpg;train/notinfected/img_0_4919.jpg
Kaggle,33b063b6ceaf931536fc8525297c0d63,2,0,test/notinfected/img_0_264.jpg;train/notinfected/img_0_264.jpg
Kaggle,33c5a50562aa24296f1b11805364b2fa,2,0,test/notinfected/img_0_8691.jpg;train/notinfected/img_0_8691.jpg
Kaggle,34653641f20684766e8a0324aedcc8f0,2,0,test/notinfected/img_0_7930.jpg;train/notinfected/img_0_7930.jpg
Kaggle,3478c133fde0a512a42d7a1fbf8d87ff,2,0,test/notinfected/img_0_2734.jpg;train/notinfected/img_0_2734.jpg
Kaggle,34a08d2c77933b80e706ea38f3391e44,2,0,test/notinfected/img_0_9000.jpg;train/notinfected/img_0_9000.jpg
Kaggle,34c15697a4a20b1a83a3d56ebaa018f5,2,0,test/notinfected/img_0_1050.jpg;train/notinfected/img_0_1050.jpg
Kaggle,34c9be078777bc03679440ffc6383bcb,2,1,test/infected/img_0_4468.jpg;train/infected/img_0_4468.jpg
Kaggle,3507c12c23244d6376382da39b98e30f,2,0,test/notinfected/img_0_4172.jpg;train/notinfected/img_0_4172.jpg
Kaggle,35332278cc85e029720dc643b4d1b184,2,0,test/notinfected/img_0_3602.jpg;train/notinfected/img_0_3602.jpg
Kaggle,3548b9d779a31cc50a43f79a1dbcd05e,2,0,test/notinfected/img_0_6816.jpg;train/notinfected/img_0_6816.jpg
Kaggle,35a99e79051f57afdb44604d22866086,2,0,test/notinfected/img_0_2163.jpg;train/notinfected/img_0_2163.jpg
Kaggle,35b018c4a99a302d394bd0b194e70dad,2,0,test/notinfected/img_0_8829.jpg;train/notinfected/img_0_8829.jpg
Kaggle,35b387e32e319f429335275e7cd5563c,2,0,test/notinfected/img_0_7383.jpg;train/notinfected/img_0_7383.jpg
Kaggle,35ca23b14342cea88eac1262279df279,2,0,test/notinfected/img_0_4390.jpg;train/notinfected/img_0_4390.jpg
Kaggle,35d69876ac66337b3c14108252bc701d,2,0,test/notinfected/img_0_9245.jpg;train/notinfected/img_0_9245.jpg
Kaggle,360ea42d917aa9ffd3f259874a095e2b,2,0,test/notinfected/img_0_3632.jpg;train/notinfected/img_0_3632.jpg
Kaggle,3621fa61957f38dc8bca12ae5807eecb,2,1,test/infected/img_0_5906.jpg;train/infected/img_0_5906.jpg
Kaggle,362815b9cb3554b2a648a120159aa4c5,2,0,test/notinfected/img_0_84.jpg;train/notinfected/img_0_84.jpg
Kaggle,362eb2f9e5b3856cbee70dd9576ee61f,2,0,test/notinfected/img_0_6765.jpg;train/notinfected/img_0_6765.jpg
Kaggle,3635d1dee38482a2bf3a696807e4bfee,2,0,test/notinfected/img_0_3575.jpg;train/notinfected/img_0_3575.jpg
Kaggle,36443132ce646a57cfffbbd7d9c402aa,2,1,test/infected/img_0_4104.jpg;train/infected/img_0_4104.jpg
Kaggle,364844c383fa47d00b6dcde497ac3e8e,2,0,test/notinfected/img_0_2701.jpg;train/notinfected/img_0_2701.jpg
Kaggle,365b35ab66bd2e5ed5b0d08b7d22e901,2,0,test/notinfected/img_0_5050.jpg;train/notinfected/img_0_5050.jpg
Kaggle,3664aff50ef36a5422b7883cad1551f5,2,1,test/infected/img_0_1820.jpg;train/infected/img_0_1820.jpg
Kaggle,3688d284b9067571993b0d4a5ed63ba4,2,0,test/notinfected/img_0_9663.jpg;train/notinfected/img_0_9663.jpg
Kaggle,369752fe1edd9437c145a51db90111a0,2,0,test/notinfected/img_0_1416.jpg;train/notinfected/img_0_1416.jpg
Kaggle,36b1a737946dfa9c251ddd5900c79a04,2,1,test/infected/img_0_1075.jpg;train/infected/img_0_1075.jpg
Kaggle,36ce0d87c6fd5a808298883cd8aea188,2,1,test/infected/img_0_793.jpg;train/infected/img_0_793.jpg
Kaggle,36d04ae43e9770c9d0f33e9c8d8076a8,2,0,test/notinfected/img_0_7234.jpg;train/notinfected/img_0_7234.jpg
Kaggle,36d196a29f022e6474d281a016f796a9,2,1,test/infected/img_0_9275.jpg;train/infected/img_0_9275.jpg
Kaggle,36dd44398912c5027f610defdda9ff48,2,0,test/notinfected/img_0_5157.jpg;train/notinfected/img_0_5157.jpg
Kaggle,36e76f5a51092126dde39db4e761eb4b,2,1,test/infected/img_0_2799.jpg;train/infected/img_0_2799.jpg
Kaggle,372515b43c837c7476c3da4bb17866a2,2,1,test/infected/img_0_5531.jpg;train/infected/img_0_5531.jpg
Kaggle,372971a0b752420ec8cd134b0c1a7503,2,0,test/notinfected/img_0_8443.jpg;train/notinfected/img_0_8443.jpg
Kaggle,37301d0a61dbcb6d13e32c74dff5f580,2,1,test/infected/img_0_9828.jpg;train/infected/img_0_9828.jpg
Kaggle,3787188034784e2c869c377ec8bd3a10,2,0,test/notinfected/img_0_5492.jpg;train/notinfected/img_0_5492.jpg
Kaggle,37957bb228369f102557badb49d9c4bb,2,0,test/notinfected/img_0_7864.jpg;train/notinfected/img_0_7864.jpg
Kaggle,37a7a0bc23255788b7fa9c892df5045c,2,1,test/infected/img_0_2440.jpg;train/infected/img_0_2440.jpg
Kaggle,37adb257c712d605179db0fc5e49c97c,2,0,test/notinfected/img_0_1956.jpg;train/notinfected/img_0_1956.jpg
Kaggle,37ba0930ff8c09c5a6b075cec33b9d05,2,0,test/notinfected/img_0_2233.jpg;train/notinfected/img_0_2233.jpg
Kaggle,37c673ac2ed806a5f76c57d1ea453492,2,0,test/notinfected/img_0_7994.jpg;train/notinfected/img_0_7994.jpg
Kaggle,37e5a89f3e5842d27121ff15e148b5d6,2,0,test/notinfected/img_0_469.jpg;train/notinfected/img_0_469.jpg
Kaggle,3802894b066fd61d6d0ca96514978cf5,2,0,test/notinfected/img_0_1693.jpg;train/notinfected/img_0_1693.jpg
Kaggle,3814a39d166f8550294ab5390bb79b1a,2,1,test/infected/img_0_1988.jpg;train/infected/img_0_1988.jpg
Kaggle,384d5c40ff534f6ab1aeed8f4efbfbda,2,0,test/notinfected/img_0_6323.jpg;train/notinfected/img_0_6323.jpg
Kaggle,3851f8dead027850271e8d53942e79f3,2,1,test/infected/img_0_336.jpg;train/infected/img_0_336.jpg
Kaggle,3874e70f93eeec1b4b2b5e81532bf2e4,2,0,test/notinfected/img_0_2347.jpg;train/notinfected/img_0_2347.jpg
Kaggle,38b21a939ae9a736e05e02787df57ec4,2,0,test/notinfected/img_0_2349.jpg;train/notinfected/img_0_2349.jpg
Kaggle,38e28dd65abf63161ac8cc0fb555b51f,2,0,test/notinfected/img_0_9691.jpg;train/notinfected/img_0_9691.jpg
Kaggle,38fe43a7b2e6ed196dc2d55313653a99,2,0,test/notinfected/img_0_2601.jpg;train/notinfected/img_0_2601.jpg
Kaggle,3904d67f5779a0beb51f6de2ac8d5473,2,1,test/infected/img_0_9011.jpg;train/infected/img_0_9011.jpg
Kaggle,39058174cd3419b1d6b5599e338c9735,2,0,test/notinfected/img_0_3533.jpg;train/notinfected/img_0_3533.jpg
Kaggle,390f90909157f7ffeb653cfd1ac06ae8,2,0,test/notinfected/img_0_5233.jpg;train/notinfected/img_0_5233.jpg
Kaggle,3936616c9bf026968a567fcd7e832f59,2,1,test/infected/img_0_1797.jpg;train/infected/img_0_1797.jpg
Kaggle,39381104acb8e4ea47c0021848dc9ee9,2,0,test/notinfected/img_0_2546.jpg;train/notinfected/img_0_2546.jpg
Kaggle,395c7d814681ba754f95a224fee8ec75,2,1,test/infected/img_0_6399.jpg;train/infected/img_0_6399.jpg
Kaggle,39a8371d140b817aa31e8e5eae10181a,2,1,test/infected/img_0_6571.jpg;train/infected/img_0_6571.jpg
Kaggle,39b0feeb72e44fde1680a4783153f048,2,0,test/notinfected/img_0_1241.jpg;train/notinfected/img_0_1241.jpg
Kaggle,39d1413b164aaea5ea2f8262b591c1da,2,1,test/infected/img_0_1757.jpg;train/infected/img_0_1757.jpg
Kaggle,39d7a9492201893e281f869d71a56394,2,1,test/infected/img_0_2179.jpg;train/infected/img_0_2179.jpg
Kaggle,39de649658c4ebe54d757f116ee9bb6b,2,0,test/notinfected/img_0_9528.jpg;train/notinfected/img_0_9528.jpg
Kaggle,39f18f7865a1b4c6173ae98c59ea98db,2,0,test/notinfected/img_0_4089.jpg;train/notinfected/img_0_4089.jpg
Kaggle,3a1706cdfeff983b8a13df6e76ed6d56,2,1,test/infected/img_0_1257.jpg;train/infected/img_0_1257.jpg
Kaggle,3a4eec368a84ffb7c1b03eec46ac83b9,2,1,test/infected/img_0_8429.jpg;train/infected/img_0_8429.jpg
Kaggle,3a6ceb5e7080eb9fc2147f7766ad738e,2,0,test/notinfected/img_0_4664.jpg;train/notinfected/img_0_4664.jpg
Kaggle,3a77361da4e1aa2c773983c45af9fb7e,2,1,test/infected/img_0_9499.jpg;train/infected/img_0_9499.jpg
Kaggle,3a88924eebd3b1ea34732c7fa5406c59,2,1,test/infected/img_0_2584.jpg;train/infected/img_0_2584.jpg
Kaggle,3a8b28103cd241eb4e922ad1fe26336a,2,1,test/infected/img_0_7601.jpg;train/infected/img_0_7601.jpg
Kaggle,3a913546f4096d3e03b4fb18eaf5a5ce,2,0,test/notinfected/img_0_8866.jpg;train/notinfected/img_0_8866.jpg
Kaggle,3abc0098b6056942f932baea22ffbdd7,2,0,test/notinfected/img_0_6402.jpg;train/notinfected/img_0_6402.jpg
Kaggle,3ad94ddd994eacc4642f88b8e6fc9239,2,1,test/infected/img_0_8160.jpg;train/infected/img_0_8160.jpg
Kaggle,3ada667e8a29765e2bde95caa3cd648a,2,0,test/notinfected/img_0_5538.jpg;train/notinfected/img_0_5538.jpg
Kaggle,3ada90ace139d22ec07c4b0cbe7e1606,2,1,test/infected/img_0_7566.jpg;train/infected/img_0_7566.jpg
Kaggle,3aeca48993160b9288879ad032fdf093,2,1,test/infected/img_0_8541.jpg;train/infected/img_0_8541.jpg
Kaggle,3b0e05cb7f87cacc516cfdcad0bff03e,2,1,test/infected/img_0_5451.jpg;train/infected/img_0_5451.jpg
Kaggle,3b3a28e3687410bfb2c0f0281561535a,2,1,test/infected/img_0_567.jpg;train/infected/img_0_567.jpg
Kaggle,3b40c5a35b563c5d94c4a9ca0e5f9eaa,2,1,test/infected/img_0_1944.jpg;train/infected/img_0_1944.jpg
Kaggle,3b85ab06397d9b5412f4d0a4999a79db,2,0,test/notinfected/img_0_9342.jpg;train/notinfected/img_0_9342.jpg
Kaggle,3b966abd6d75282d4ed4900e9ab9eb6d,2,0,test/notinfected/img_0_1838.jpg;train/notinfected/img_0_1838.jpg
Kaggle,3bca82666ed709e301b436a3352bd7ee,2,0,test/notinfected/img_0_1554.jpg;train/notinfected/img_0_1554.jpg
Kaggle,3bfdcdba104e46b841f7c18bf1f176e2,2,0,test/notinfected/img_0_6902.jpg;train/notinfected/img_0_6902.jpg
Kaggle,3c08c336ea0eb2c86b6c582516412a4a,2,0,test/notinfected/img_0_5523.jpg;train/notinfected/img_0_5523.jpg
Kaggle,3c2652c4a896e73b5dc2053cc26577fe,2,0,test/notinfected/img_0_4160.jpg;train/notinfected/img_0_4160.jpg
Kaggle,3c2fd2a9c8b0320dc1ce37f1c84a6478,2,0,test/notinfected/img_0_7928.jpg;train/notinfected/img_0_7928.jpg
Kaggle,3c3c402aee798a03bdceb7379519f465,2,1,test/infected/img_0_6480.jpg;train/infected/img_0_6480.jpg
Kaggle,3c7f3f483b68b5878f206d41e5d08c65,2,1,test/infected/img_0_7944.jpg;train/infected/img_0_7944.jpg
Kaggle,3c8c190704d772ca9e308e5c9e4188df,2,0,test/notinfected/img_0_9769.jpg;train/notinfected/img_0_9769.jpg
Kaggle,3c941aa8ff791ca351a90b67111b4d97,2,0,test/notinfected/img_0_4195.jpg;train/notinfected/img_0_4195.jpg
Kaggle,3c9a7efe5fe16e1e2f4b38c6f2f13d53,2,1,test/infected/img_0_5091.jpg;train/infected/img_0_5091.jpg
Kaggle,3ccbca545c44af8e66c2a0390c2603cd,2,0,test/notinfected/img_0_4564.jpg;train/notinfected/img_0_4564.jpg
Kaggle,3cdfe5cc098a49b563880e41a2b63464,2,1,test/infected/img_0_5957.jpg;train/infected/img_0_5957.jpg
Kaggle,3d41dbcc0831dd217631895074b98f6f,2,0,test/notinfected/img_0_858.jpg;train/notinfected/img_0_858.jpg
Kaggle,3d7f2fbc6249162aa17c9c80f74ff598,2,1,test/infected/img_0_7482.jpg;train/infected/img_0_7482.jpg
Kaggle,3d8c4086dafdaf132f8703e2cecf4330,2,0,test/notinfected/img_0_2485.jpg;train/notinfected/img_0_2485.jpg
Kaggle,3db492a214a02e4b19611b863de2dddb,2,0,test/notinfected/img_0_3318.jpg;train/notinfected/img_0_3318.jpg
Kaggle,3de4b32d41bd45d1b49452911def1002,2,0,test/notinfected/img_0_398.jpg;train/notinfected/img_0_398.jpg
Kaggle,3df814f4bea8fad40eb60de908cc1a2d,2,0,test/notinfected/img_0_4620.jpg;train/notinfected/img_0_4620.jpg
Kaggle,3dff8ad46bba392069e9cb07b65b422a,2,0,test/notinfected/img_0_6583.jpg;train/notinfected/img_0_6583.jpg
Kaggle,3e06ae48a60ab1678b2f18eba02dff69,2,1,test/infected/img_0_75.jpg;train/infected/img_0_75.jpg
Kaggle,3e17f68df6f5d7ce5f11469bf4139339,2,0,test/notinfected/img_0_6229.jpg;train/notinfected/img_0_6229.jpg
Kaggle,3e39723729cf0f104be92e1194bd1bd9,2,1,test/infected/img_0_3088.jpg;train/infected/img_0_3088.jpg
Kaggle,3ebdf6ee027a1c65261bb1df3699ea66,2,0,test/notinfected/img_0_9851.jpg;train/notinfected/img_0_9851.jpg
Kaggle,3edddbe950a0c0697ad162f2ee2aa719,2,1,test/infected/img_0_1290.jpg;train/infected/img_0_1290.jpg
Kaggle,3f11bb014e6b73195021059535117e46,2,0,test/notinfected/img_0_9128.jpg;train/notinfected/img_0_9128.jpg
Kaggle,3f1a85e2020ebedb56fff0eaad6477d4,2,0,test/notinfected/img_0_8339.jpg;train/notinfected/img_0_8339.jpg
Kaggle,3f1e4079d2c30e2a96c9019a2948d9ed,2,1,test/infected/img_0_3592.jpg;train/infected/img_0_3592.jpg
Kaggle,3f38ef568ce0731aab00a40e5d21023a,2,0,test/notinfected/img_0_672.jpg;train/notinfected/img_0_672.jpg
Kaggle,3f81671d3b038a27e00603005ca6ef4d,2,1,test/infected/img_0_5518.jpg;train/infected/img_0_5518.jpg
Kaggle,3f956dc44c4b55326921468bc370ffb6,2,0,test/notinfected/img_0_1909.jpg;train/notinfected/img_0_1909.jpg
Kaggle,3fd3bee7a227327d76bece94071516f6,2,1,test/infected/img_0_807.jpg;train/infected/img_0_807.jpg
Kaggle,3fda23b9f40ea1c87b38f0f575d0e4f9,2,0,test/notinfected/img_0_8358.jpg;train/notinfected/img_0_8358.jpg
Kaggle,3fedb935c8fa2aabdd36da891f286705,2,0,test/notinfected/img_0_5896.jpg;train/notinfected/img_0_5896.jpg
Kaggle,40188855efba9ba93f2ed5a963be4e1e,2,0,test/notinfected/img_0_1383.jpg;train/notinfected/img_0_1383.jpg
Kaggle,403d45143e33e8ddb966e2c6b05f990c,2,1,test/infected/img_0_2132.jpg;train/infected/img_0_2132.jpg
Kaggle,40560e67c55fa4b3486ace2f8d63278d,2,0,test/notinfected/img_0_8721.jpg;train/notinfected/img_0_8721.jpg
Kaggle,4057c45f0d9218ec89fff12e873b9624,2,1,test/infected/img_0_5794.jpg;train/infected/img_0_5794.jpg
Kaggle,4096ec162e276fd731c4a46d0ea019f8,2,0,test/notinfected/img_0_3282.jpg;train/notinfected/img_0_3282.jpg
Kaggle,40a50b64bb74bfc4e8f7a10bf6280a22,2,0,test/notinfected/img_0_4200.jpg;train/notinfected/img_0_4200.jpg
Kaggle,40fbf9fdaf567eb72c2e7f9ab8cf2b0a,2,0,test/notinfected/img_0_4704.jpg;train/notinfected/img_0_4704.jpg
Kaggle,411a4850d19fa9dac7f5ff706322d5c5,2,0,test/notinfected/img_0_2164.jpg;train/notinfected/img_0_2164.jpg
Kaggle,4121d533a3d01e663d62533d937e0cf5,2,0,test/notinfected/img_0_936.jpg;train/notinfected/img_0_936.jpg
Kaggle,413ad937320286ac6a9d880b79d1dfec,2,0,test/notinfected/img_0_399.jpg;train/notinfected/img_0_399.jpg
Kaggle,414001b431d86ee7fd9b04f2f2d1baa1,2,0,test/notinfected/img_0_9138.jpg;train/notinfected/img_0_9138.jpg
Kaggle,4191418ccf930e0b700a9e1df0553f49,2,0,test/notinfected/img_0_1163.jpg;train/notinfected/img_0_1163.jpg
Kaggle,41ad98c8973c140af1d2c52f6eb4c1bf,2,0,test/notinfected/img_0_9813.jpg;train/notinfected/img_0_9813.jpg
Kaggle,41c677d0ef019cb3d60d219b8044bb47,2,0,test/notinfected/img_0_1992.jpg;train/notinfected/img_0_1992.jpg
Kaggle,41c9f3bbab2db61f83a55ec3a3bccc85,2,0,test/notinfected/img_0_1388.jpg;train/notinfected/img_0_1388.jpg
Kaggle,420f7cdd44cadf86629fa5f4b5751f94,2,0,test/notinfected/img_0_2912.jpg;train/notinfected/img_0_2912.jpg
Kaggle,42b4ea7e1e8c42904bc4aebd118dc77a,2,1,test/infected/img_0_8270.jpg;train/infected/img_0_8270.jpg
Kaggle,42bd4f0e96e78a28fae653cefd465a37,2,1,test/infected/img_0_7194.jpg;train/infected/img_0_7194.jpg
Kaggle,42de462df0df40053e4f4065d4896285,2,1,test/infected/img_0_3754.jpg;train/infected/img_0_3754.jpg
Kaggle,43022d825925aba3a76949f38bb84cda,2,0,test/notinfected/img_0_1494.jpg;train/notinfected/img_0_1494.jpg
Kaggle,4314128568e7222bac71594be34ab09f,2,0,test/notinfected/img_0_2303.jpg;train/notinfected/img_0_2303.jpg
Kaggle,43320cf6de6f0403b0842e0af623a6b4,2,0,test/notinfected/img_0_7535.jpg;train/notinfected/img_0_7535.jpg
Kaggle,4348aeda9da9ee339f85f2ba591b24c8,2,0,test/notinfected/img_0_4807.jpg;train/notinfected/img_0_4807.jpg
Kaggle,434a6789e60843f09701f7a6295130b7,2,0,test/notinfected/img_0_7799.jpg;train/notinfected/img_0_7799.jpg
Kaggle,43599d0ff624d346ade5d27f9ccca4b5,2,1,test/infected/img_0_4296.jpg;train/infected/img_0_4296.jpg
Kaggle,436131b0ca501e9276f4aa97e4a0ff84,2,0,test/notinfected/img_0_2135.jpg;train/notinfected/img_0_2135.jpg
Kaggle,43ad05105e0883957511833a56710fe1,2,0,test/notinfected/img_0_9799.jpg;train/notinfected/img_0_9799.jpg
Kaggle,43b5c1c077c4cb7643abcd7b08ff3ace,2,0,test/notinfected/img_0_9766.jpg;train/notinfected/img_0_9766.jpg
Kaggle,442a4343096b24af7a0647f48dd801f4,2,0,test/notinfected/img_0_8413.jpg;train/notinfected/img_0_8413.jpg
Kaggle,4458ab3e8e3fec464777ca439088e0c2,2,1,test/infected/img_0_8689.jpg;train/infected/img_0_8689.jpg
Kaggle,446412138ca6d13269bc5b5b45e9e10a,2,1,test/infected/img_0_7174.jpg;train/infected/img_0_7174.jpg
Kaggle,4483863a0a5eb2c8d72a51a2df2abf74,2,1,test/infected/img_0_4743.jpg;train/infected/img_0_4743.jpg
Kaggle,44acd47279d9fd8715b8d5e5f8d9a4e7,2,0,test/notinfected/img_0_4381.jpg;train/notinfected/img_0_4381.jpg
Kaggle,44bf4c125c126fe4ec1bd141f6fa7672,2,0,test/notinfected/img_0_5777.jpg;train/notinfected/img_0_5777.jpg
Kaggle,44c345d8d986546b62a0826f126e942e,2,1,test/infected/img_0_9325.jpg;train/infected/img_0_9325.jpg
Kaggle,44c68b46f027336c59eb0928ded27da9,2,1,test/infected/img_0_3475.jpg;train/infected/img_0_3475.jpg
Kaggle,45041eac9d5a0d1e1d59f8fb0847d211,2,1,test/infected/img_0_6819.jpg;train/infected/img_0_6819.jpg
Kaggle,4511dec1c17ee418e2612f8d43f7a52e,2,0,test/notinfected/img_0_9952.jpg;train/notinfected/img_0_9952.jpg
Kaggle,4556f3dd7e10834a79e037da6c0fc7b8,2,0,test/notinfected/img_0_2577.jpg;train/notinfected/img_0_2577.jpg
Kaggle,45ab72857ae0050d6bed0c7ee4c94da1,2,0,test/notinfected/img_0_9788.jpg;train/notinfected/img_0_9788.jpg
Kaggle,45cee77b493a4fa1425ddff452f43753,2,1,test/infected/img_0_4795.jpg;train/infected/img_0_4795.jpg
Kaggle,460ed49c82765f2356971117fcc1722e,2,0,test/notinfected/img_0_6156.jpg;train/notinfected/img_0_6156.jpg
Kaggle,460f8204cc5446704b28664b1423af2a,2,1,test/infected/img_0_1472.jpg;train/infected/img_0_1472.jpg
Kaggle,4641f09fab0eca54c02f37e7f4b41777,2,1,test/infected/img_0_5250.jpg;train/infected/img_0_5250.jpg
Kaggle,4663d632034d6a358a0be7cb6754cfa2,2,0,test/notinfected/img_0_9750.jpg;train/notinfected/img_0_9750.jpg
Kaggle,46a6657ca60cbffd17ced9835b879dfd,2,0,test/notinfected/img_0_2192.jpg;train/notinfected/img_0_2192.jpg
Kaggle,46c90757efa13f9455a1881fcc093df1,2,1,test/infected/img_0_6303.jpg;train/infected/img_0_6303.jpg
Kaggle,46dc83887273866c17893545ee698479,2,0,test/notinfected/img_0_1609.jpg;train/notinfected/img_0_1609.jpg
Kaggle,46dd4e4b9e75d7a61e68e69e176431d2,2,0,test/notinfected/img_0_3049.jpg;train/notinfected/img_0_3049.jpg
Kaggle,46e61d501b575d40edeb00d5aa482583,2,0,test/notinfected/img_0_4036.jpg;train/notinfected/img_0_4036.jpg
Kaggle,46ef62d4a0f32e176dbc0a4691e0630c,2,0,test/notinfected/img_0_4401.jpg;train/notinfected/img_0_4401.jpg
Kaggle,4721604ff3bffe034cdae18066d89c02,2,0,test/notinfected/img_0_9948.jpg;train/notinfected/img_0_9948.jpg
Kaggle,4724de3b034e3eacbc5cfe65807e8b25,2,0,test/notinfected/img_0_4171.jpg;train/notinfected/img_0_4171.jpg
Kaggle,47d30499cbc5054c478f39bdeae3ff4d,2,0,test/notinfected/img_0_3674.jpg;train/notinfected/img_0_3674.jpg
Kaggle,47e67131db60876aee289f907c9ec58b,2,0,test/notinfected/img_0_8810.jpg;train/notinfected/img_0_8810.jpg
Kaggle,48171a7b5e5e7e66f1eb6dd8123d4d5a,2,0,test/notinfected/img_0_4579.jpg;train/notinfected/img_0_4579.jpg
Kaggle,48507d30af05ffeeb45c979fd677b7ca,2,0,test/notinfected/img_0_6343.jpg;train/notinfected/img_0_6343.jpg
Kaggle,48641e5604caadeb858172f20a3effe3,2,0,test/notinfected/img_0_2957.jpg;train/notinfected/img_0_2957.jpg
Kaggle,4894eb1425aea3967213ac32810001f1,2,0,test/notinfected/img_0_5745.jpg;train/notinfected/img_0_5745.jpg
Kaggle,4895041f58f93fdbdef7c04ae7031f33,2,1,test/infected/img_0_553.jpg;train/infected/img_0_553.jpg
Kaggle,48969195099f5d08fdf9434f6fc80c86,2,0,test/notinfected/img_0_5220.jpg;train/notinfected/img_0_5220.jpg
Kaggle,4897c49592988281c101e933c414381a,2,0,test/notinfected/img_0_2481.jpg;train/notinfected/img_0_2481.jpg
Kaggle,48a5a538d3a9de38dcc26bf7b9a4ebe5,2,0,test/notinfected/img_0_5678.jpg;train/notinfected/img_0_5678.jpg
Kaggle,48c5199fb56e1e80637635c2c1637013,2,0,test/notinfected/img_0_5736.jpg;train/notinfected/img_0_5736.jpg
Kaggle,490f336b709553bd34088f38a57679b7,2,0,test/notinfected/img_0_609.jpg;train/notinfected/img_0_609.jpg
Kaggle,4929396197f3dfb631422eeaf2b68aed,2,1,test/infected/img_0_1725.jpg;train/infected/img_0_1725.jpg
Kaggle,4954d03d52f166dba5e907eed716e6eb,2,1,test/infected/img_0_7387.jpg;train/infected/img_0_7387.jpg
Kaggle,49917a0048c39362cb41f4ee22dc038f,2,0,test/notinfected/img_0_8267.jpg;train/notinfected/img_0_8267.jpg
Kaggle,49f91f34cac9ee8914c80bff4582a662,2,0,test/notinfected/img_0_1569.jpg;train/notinfected/img_0_1569.jpg
Kaggle,4a29bc03d8c2f4519f2284633418de36,2,0,test/notinfected/img_0_6433.jpg;train/notinfected/img_0_6433.jpg
Kaggle,4a5d0b02fcb71de5fd52774a0297ef76,2,0,test/notinfected/img_0_2200.jpg;train/notinfected/img_0_2200.jpg
Kaggle,4a777ef46c84792f0f8178dce2c40093,2,0,test/notinfected/img_0_3474.jpg;train/notinfected/img_0_3474.jpg
Kaggle,4a78e7b98f0b61708a9d6c725ba37556,2,0,test/notinfected/img_0_1380.jpg;train/notinfected/img_0_1380.jpg
Kaggle,4a9debf713a88d934477c39a19169a10,2,1,test/infected/img_0_3796.jpg;train/infected/img_0_3796.jpg
Kaggle,4ad5d107d983eee05259c03485c3e1bb,2,1,test/infected/img_0_7407.jpg;train/infected/img_0_7407.jpg
Kaggle,4b0250902d1babcd8dbe8f684f954a7d,2,0,test/notinfected/img_0_2454.jpg;train/notinfected/img_0_2454.jpg
Kaggle,4b183b469fe414d91a4ebb8ee65f03c0,2,1,test/infected/img_0_8107.jpg;train/infected/img_0_8107.jpg
Kaggle,4b301d90b48af1bdc39fa76d3b44e46e,2,1,test/infected/img_0_3752.jpg;train/infected/img_0_3752.jpg
Kaggle,4b490d02df4bf524b8ad9a2beef37e5a,2,1,test/infected/img_0_3559.jpg;train/infected/img_0_3559.jpg
Kaggle,4b918afac4c111fd35ec2c2dcfb0781c,2,1,test/infected/img_0_8970.jpg;train/infected/img_0_8970.jpg
Kaggle,4b9d3abaf14105ef60cc53febdfbe750,2,0,test/notinfected/img_0_4957.jpg;train/notinfected/img_0_4957.jpg
Kaggle,4bd297efc7e5d8a935e18bf52a6c92d4,2,0,test/notinfected/img_0_7829.jpg;train/notinfected/img_0_7829.jpg
Kaggle,4c29b287a00232c3e772c805770afe10,2,1,test/infected/img_0_3515.jpg;train/infected/img_0_3515.jpg
Kaggle,4c591f2cfb61e9588c1b4b14820a8412,2,0,test/notinfected/img_0_7901.jpg;train/notinfected/img_0_7901.jpg
Kaggle,4c6e16f36d1b2c3aea38ed25f1112eb8,2,0,test/notinfected/img_0_8593.jpg;train/notinfected/img_0_8593.jpg
Kaggle,4c702376dcdb8a1779c7b9670fe55a22,2,1,test/infected/img_0_7452.jpg;train/infected/img_0_7452.jpg
Kaggle,4c940e5d980ec9ab269dc99e0b4e79ae,2,1,test/infected/img_0_1753.jpg;train/infected/img_0_1753.jpg
Kaggle,4c9919f996806886484aed7b64bd98f6,2,0,test/notinfected/img_0_6885.jpg;train/notinfected/img_0_6885.jpg
Kaggle,4ca971753cacf7dc0bbed4fe3410d18e,2,0,test/notinfected/img_0_4961.jpg;train/notinfected/img_0_4961.jpg
Kaggle,4cae8220545b0747cc51817235bd6409,2,0,test/notinfected/img_0_4480.jpg;train/notinfected/img_0_4480.jpg
Kaggle,4cb44cf7a530424c89b8c5b8f005a72c,2,0,test/notinfected/img_0_2258.jpg;train/notinfected/img_0_2258.jpg
Kaggle,4cc8a820f706d93749ca45ba3952820d,2,0,test/notinfected/img_0_4798.jpg;train/notinfected/img_0_4798.jpg
Kaggle,4cca80b4a9f3363d9f3b6d28a05ed956,2,0,test/notinfected/img_0_4791.jpg;train/notinfected/img_0_4791.jpg
Kaggle,4ce2e0abeb40e172ef989a6fa89c3f2b,2,1,test/infected/img_0_5078.jpg;train/infected/img_0_5078.jpg
Kaggle,4ce55c37ea0da0489ffddba486f98922,2,0,test/notinfected/img_0_3062.jpg;train/notinfected/img_0_3062.jpg
Kaggle,4d0c2f1e1d44ced330fad1a3cfe51f3d,2,1,test/infected/img_0_8792.jpg;train/infected/img_0_8792.jpg
Kaggle,4d3e502a0ead061a2444bc9430eb577a,2,0,test/notinfected/img_0_6678.jpg;train/notinfected/img_0_6678.jpg
Kaggle,4d74b0318d36094d4f756516d4e32fd0,2,1,test/infected/img_0_2341.jpg;train/infected/img_0_2341.jpg
Kaggle,4d89a7c48fd2addc77c1c81908746899,2,1,test/infected/img_0_6323.jpg;train/infected/img_0_6323.jpg
Kaggle,4da79d09295bdac20e692a9870a34fc7,2,0,test/notinfected/img_0_8938.jpg;train/notinfected/img_0_8938.jpg
Kaggle,4dd3a0accf259d1f010e4e13c9895df8,2,0,test/notinfected/img_0_4210.jpg;train/notinfected/img_0_4210.jpg
Kaggle,4dd5bbe19290697e20189fd6837f1533,2,0,test/notinfected/img_0_2451.jpg;train/notinfected/img_0_2451.jpg
Kaggle,4ddd59b7d4c04eaa0bf494dd34a09ee2,2,0,test/notinfected/img_0_7227.jpg;train/notinfected/img_0_7227.jpg
Kaggle,4e1cb0e68effc779acc2f370f975a70c,2,0,test/notinfected/img_0_2881.jpg;train/notinfected/img_0_2881.jpg
Kaggle,4e1e6421c49dd95595defccde8a6ff04,2,0,test/notinfected/img_0_5773.jpg;train/notinfected/img_0_5773.jpg
Kaggle,4e451001481cbd13a592702b6a9d8d02,2,0,test/notinfected/img_0_1408.jpg;train/notinfected/img_0_1408.jpg
Kaggle,4e4fe22b5d39fbe204353ab607c67484,2,0,test/notinfected/img_0_1772.jpg;train/notinfected/img_0_1772.jpg
Kaggle,4e60f9bf6b3dd2b13e125afea55bd503,2,0,test/notinfected/img_0_3484.jpg;train/notinfected/img_0_3484.jpg
Kaggle,4e7b99bdc0c227a52b01c0ce7f6e1332,2,1,test/infected/img_0_800.jpg;train/infected/img_0_800.jpg
Kaggle,4ea93d4fb8455487b52c0854abb694fd,2,1,test/infected/img_0_4431.jpg;train/infected/img_0_4431.jpg
Kaggle,4ec911707d826cddc6f174908c92dfa2,2,0,test/notinfected/img_0_2519.jpg;train/notinfected/img_0_2519.jpg
Kaggle,4edf4544e33d84e05da91e4551042080,2,0,test/notinfected/img_0_5857.jpg;train/notinfected/img_0_5857.jpg
Kaggle,4eea7f1e4eb3cd6a291f83c4da63e443,2,1,test/infected/img_0_4285.jpg;train/infected/img_0_4285.jpg
Kaggle,4f089bfdb75476da6c31e09535ea721c,2,0,test/notinfected/img_0_9683.jpg;train/notinfected/img_0_9683.jpg
Kaggle,4f2d3804437114968675f2912373d4ed,2,0,test/notinfected/img_0_1870.jpg;train/notinfected/img_0_1870.jpg
Kaggle,4f3200e039f21fecaa33c45b1d801671,2,0,test/notinfected/img_0_966.jpg;train/notinfected/img_0_966.jpg
Kaggle,4f34139ca71031c49a469344dead9cf8,2,1,test/infected/img_0_8865.jpg;train/infected/img_0_8865.jpg
Kaggle,4f3f8dfddcb51348c69ab1eec6b9bee5,2,1,test/infected/img_0_9762.jpg;train/infected/img_0_9762.jpg
Kaggle,4f5b4b7bc8fd608de5cdcfab5cd39b75,2,1,test/infected/img1.jpg;train/infected/img1.jpg
Kaggle,4f8125924860635ae49ed7020669669a,2,0,test/notinfected/img_0_1371.jpg;train/notinfected/img_0_1371.jpg
Kaggle,4f9d7518e422461c590fff6c1ba23ef0,2,0,test/notinfected/img_0_100.jpg;train/notinfected/img_0_100.jpg
Kaggle,4facb8b16496d4c5714b9718f4f6da20,2,0,test/notinfected/img_0_4462.jpg;train/notinfected/img_0_4462.jpg
Kaggle,4fd947a81e75a7b93df668a8ad1ab9a2,2,1,test/infected/img_0_1142.jpg;train/infected/img_0_1142.jpg
Kaggle,502a6fb420678f706d31d0e3e165d1f3,2,0,test/notinfected/img_0_7643.jpg;train/notinfected/img_0_7643.jpg
Kaggle,503196e64773230aa15d3a0fbb161e39,2,0,test/notinfected/img_0_4678.jpg;train/notinfected/img_0_4678.jpg
Kaggle,506a44198d6952252718c1d9e9dc1f0c,2,1,test/infected/img_0_3286.jpg;train/infected/img_0_3286.jpg
Kaggle,5074ce0a3f0daf56fa0be99b53bb701a,2,0,test/notinfected/img_0_4134.jpg;train/notinfected/img_0_4134.jpg
Kaggle,50ac30b33d28dece4833f86fb1c68856,2,0,test/notinfected/img_0_587.jpg;train/notinfected/img_0_587.jpg
Kaggle,50b52ebc0545915e422190806289af0d,2,1,test/infected/img_0_1226.jpg;train/infected/img_0_1226.jpg
Kaggle,50cbf0ac07327e66e40c3812d8dda543,2,0,test/notinfected/img_0_3291.jpg;train/notinfected/img_0_3291.jpg
Kaggle,50cdeaa78456f8bd0e68e2cdf703e6c3,2,1,test/infected/img_0_3982.jpg;train/infected/img_0_3982.jpg
Kaggle,50d318edc02729c5967a725e53990b20,2,1,test/infected/img_0_330.jpg;train/infected/img_0_330.jpg
Kaggle,50f20fee6f563f0f155bd46bd3b3f8d6,2,1,test/infected/img_0_2130.jpg;train/infected/img_0_2130.jpg
Kaggle,50f58e24733e4d21f32e42147a4cd16f,2,1,test/infected/img_0_6168.jpg;train/infected/img_0_6168.jpg
Kaggle,511f92bdeaf6350cf7a47a24f551f461,2,0,test/notinfected/img_0_1218.jpg;train/notinfected/img_0_1218.jpg
Kaggle,5135449cff8cf844d00df1a2c3275de0,2,0,test/notinfected/img_0_9592.jpg;train/notinfected/img_0_9592.jpg
Kaggle,516b1bcda4d25635c63b9ee202a2773c,2,1,test/infected/img_0_9591.jpg;train/infected/img_0_9591.jpg
Kaggle,51a87d650f8a20184b00c83b0b74d4f6,2,1,test/infected/img_0_7368.jpg;train/infected/img_0_7368.jpg
Kaggle,52187d86f89ac068e70111f0e2fed46f,2,1,test/infected/img_0_2578.jpg;train/infected/img_0_2578.jpg
Kaggle,522393818480d78f32a29aa45a3eb7c8,2,1,test/infected/img_0_2515.jpg;train/infected/img_0_2515.jpg
Kaggle,5227024b38640b46366393f2f21cc102,2,0,test/notinfected/img_0_11.jpg;train/notinfected/img_0_11.jpg
Kaggle,526ba4d8067f4e663528745407481157,2,1,test/infected/img_0_7485.jpg;train/infected/img_0_7485.jpg
Kaggle,5281c29ebb92fb375fbc406f5b680eca,2,0,test/notinfected/img_0_2242.jpg;train/notinfected/img_0_2242.jpg
Kaggle,52830a9d4a256ddab380c659176f81ef,2,0,test/notinfected/img_0_438.jpg;train/notinfected/img_0_438.jpg
Kaggle,5283939edad33011ad31e251ac41e447,2,0,test/notinfected/img_0_9391.jpg;train/notinfected/img_0_9391.jpg
Kaggle,528f8d4e97a71d3f498b5da120f68c1a,2,1,test/infected/img_0_74.jpg;train/infected/img_0_74.jpg
Kaggle,52c51009eb6ab980f0aeae925894d78f,2,1,test/infected/img_0_8381.jpg;train/infected/img_0_8381.jpg
Kaggle,52d746c97abaa1e86549e6be7e7f7aa4,2,1,test/infected/img_0_1656.jpg;train/infected/img_0_1656.jpg
Kaggle,52f79833e84cc48d45559c4d5a503c18,2,1,test/infected/img_0_3371.jpg;train/infected/img_0_3371.jpg
Kaggle,531bf29bda9ef7ad7b1e223dacaebba5,2,0,test/notinfected/img_0_8498.jpg;train/notinfected/img_0_8498.jpg
Kaggle,53202589bf36307e6eac88c4f81c6fd5,2,0,test/notinfected/img_0_7631.jpg;train/notinfected/img_0_7631.jpg
Kaggle,53454de372bdf2f5bdda2e6c5ea730ea,2,1,test/infected/img_0_1939.jpg;train/infected/img_0_1939.jpg
Kaggle,534acadce28c1184a057b257bff259b9,2,0,test/notinfected/img_0_6869.jpg;train/notinfected/img_0_6869.jpg
Kaggle,535c3c6fc9e724dfa7e7f0b74c11320d,2,0,test/notinfected/img_0_326.jpg;train/notinfected/img_0_326.jpg
Kaggle,5367fb1efafb32e3fc3b1b575ccbe0be,2,1,test/infected/img_0_3918.jpg;train/infected/img_0_3918.jpg
Kaggle,537486957dd005b0b8b1f6850c318656,2,0,test/notinfected/img_0_6193.jpg;train/notinfected/img_0_6193.jpg
Kaggle,5379968ee830e196af6a123e73db1c5a,2,1,test/infected/img_0_4375.jpg;train/infected/img_0_4375.jpg
Kaggle,539b4574169fc9dd9d003c37629f01ea,2,0,test/notinfected/img_0_2795.jpg;train/notinfected/img_0_2795.jpg
Kaggle,53d42adbe7646a8f2b6808adf3f64ebb,2,0,test/notinfected/img_0_9566.jpg;train/notinfected/img_0_9566.jpg
Kaggle,53d9edbc081ad910d1c7b70ef36e708e,2,0,test/notinfected/img_0_9253.jpg;train/notinfected/img_0_9253.jpg
Kaggle,53e10b5506d06479f28b11ae1402e6ff,2,0,test/notinfected/img_0_2108.jpg;train/notinfected/img_0_2108.jpg
Kaggle,54184853ad5d351db2bd13747afdc301,2,0,test/notinfected/img_0_8412.jpg;train/notinfected/img_0_8412.jpg
Kaggle,542d34c3e1e86c071f7a3825fdef44a3,2,0,test/notinfected/img_0_9832.jpg;train/notinfected/img_0_9832.jpg
Kaggle,54d18b542d385f314e6123aaa34a3e97,2,1,test/infected/img_0_3103.jpg;train/infected/img_0_3103.jpg
Kaggle,54df29acc49c51087ba9cc002e504595,2,0,test/notinfected/img_0_6540.jpg;train/notinfected/img_0_6540.jpg
Kaggle,550480a3fc44abdc83da8837ee909f7b,2,0,test/notinfected/img_0_5150.jpg;train/notinfected/img_0_5150.jpg
Kaggle,5546206303fb974f15d84162ae1ae8ac,2,1,test/infected/img_0_3378.jpg;train/infected/img_0_3378.jpg
Kaggle,555655ac6d0a3aadf1f23915757fe49a,2,0,test/notinfected/img_0_6401.jpg;train/notinfected/img_0_6401.jpg
Kaggle,557b7f87e6a717a64dda0e01799d8348,2,1,test/infected/img_0_360.jpg;train/infected/img_0_360.jpg
Kaggle,55831480c4e17f4c6405a4337693f31b,2,1,test/infected/img_0_3022.jpg;train/infected/img_0_3022.jpg
Kaggle,5595555ccbfc221441011cb15982816f,2,1,test/infected/img_0_8701.jpg;train/infected/img_0_8701.jpg
Kaggle,559d43851a2bbe0bf5f5264a5828a118,2,0,test/notinfected/img_0_9967.jpg;train/notinfected/img_0_9967.jpg
Kaggle,55ccd6af571a526c53f73f8fa94acec8,2,1,test/infected/img_0_6701.jpg;train/infected/img_0_6701.jpg
Kaggle,55e49669bbe6756ebc47bc65da53d082,2,0,test/notinfected/img_0_8044.jpg;train/notinfected/img_0_8044.jpg
Kaggle,5660dc7a54b33221af2490316fa67e63,2,1,test/infected/img_0_8934.jpg;train/infected/img_0_8934.jpg
Kaggle,566ab94eec64f144f030b5a87842c79c,2,0,test/notinfected/img_0_6854.jpg;train/notinfected/img_0_6854.jpg
Kaggle,5672b04bb4a6af0b49b1f221625e4ed2,2,1,test/infected/img_0_7831.jpg;train/infected/img_0_7831.jpg
Kaggle,567478dd462585934acae8334df799a6,2,1,test/infected/img_0_9094.jpg;train/infected/img_0_9094.jpg
Kaggle,568e467ac494255cbf529fe966e41dc9,2,0,test/notinfected/img_0_2261.jpg;train/notinfected/img_0_2261.jpg
Kaggle,56915fc3c4220aac92d699a1a25dfc02,2,0,test/notinfected/img_0_7045.jpg;train/notinfected/img_0_7045.jpg
Kaggle,56aa807bf705b199f845bfb8823c0a30,2,1,test/infected/img_0_3776.jpg;train/infected/img_0_3776.jpg
Kaggle,56b95da840652798a697f3e941396c04,2,1,test/infected/img_0_5883.jpg;train/infected/img_0_5883.jpg
Kaggle,56c93724b4f399933f33fa7acd8630a8,2,1,test/infected/img_0_5668.jpg;train/infected/img_0_5668.jpg
Kaggle,56fb61f2839fb87d1ecf1cda7648856d,2,0,test/notinfected/img_0_1261.jpg;train/notinfected/img_0_1261.jpg
Kaggle,56fd2b54e4c577e2dd32a3aa838026a4,2,0,test/notinfected/img_0_4146.jpg;train/notinfected/img_0_4146.jpg
Kaggle,570f1397ceb1995b8dd427eee288d4a2,2,0,test/notinfected/img_0_3839.jpg;train/notinfected/img_0_3839.jpg
Kaggle,57aa4a3fa98e7fb5f520f8435c1b8229,2,1,test/infected/img_0_2019.jpg;train/infected/img_0_2019.jpg
Kaggle,57cfcd8a3960611666a74bcd5ddc6ff2,2,1,test/infected/img_0_9658.jpg;train/infected/img_0_9658.jpg
Kaggle,57d64c2d810823c427d3fbb727c34987,2,0,test/notinfected/img_0_9473.jpg;train/notinfected/img_0_9473.jpg
Kaggle,57e36f1f404a7ea51b605797b68cc4f2,2,0,test/notinfected/img_0_9512.jpg;train/notinfected/img_0_9512.jpg
Kaggle,582399813301ecc778fd04aea319f1cc,2,0,test/notinfected/img_0_5916.jpg;train/notinfected/img_0_5916.jpg
Kaggle,58264eed625ca1b085447f64582d8ff4,2,0,test/notinfected/img_0_6993.jpg;train/notinfected/img_0_6993.jpg
Kaggle,5829b7682af19900315dfd67eda97e97,2,0,test/notinfected/img_0_4578.jpg;train/notinfected/img_0_4578.jpg
Kaggle,58477ef774c2888bffb901ea6e7f9d63,2,1,test/infected/img_0_5284.jpg;train/infected/img_0_5284.jpg
Kaggle,585ed094118744a51548be25fa878ac4,2,0,test/notinfected/img_0_4325.jpg;train/notinfected/img_0_4325.jpg
Kaggle,58650aaec24814a9ade490965fad1233,2,0,test/notinfected/img_0_8621.jpg;train/notinfected/img_0_8621.jpg
Kaggle,58d2ee7cdd7695ba6fb7b6a992111674,2,0,test/notinfected/img_0_5108.jpg;train/notinfected/img_0_5108.jpg
Kaggle,58d6c7e159ba2b807086d99f0f8e1869,2,0,test/notinfected/img_0_7102.jpg;train/notinfected/img_0_7102.jpg
Kaggle,58de230fb4e813fd564ee278b302cedd,2,1,test/infected/img_0_766.jpg;train/infected/img_0_766.jpg
Kaggle,58f33ee18c2cb32904151362b254971b,2,1,test/infected/img_0_8121.jpg;train/infected/img_0_8121.jpg
Kaggle,591273fe73974fba10302ac071dc3d1a,2,1,test/infected/img_0_3335.jpg;train/infected/img_0_3335.jpg
Kaggle,593d2dd676109e4e1f44f11739ea59ca,2,0,test/notinfected/img_0_2940.jpg;train/notinfected/img_0_2940.jpg
Kaggle,5978b641be57366fdffd1db87cdba342,2,0,test/notinfected/img_0_9027.jpg;train/notinfected/img_0_9027.jpg
Kaggle,59808b75fe06ad6bae6b0855f6abc922,2,0,test/notinfected/img_0_1083.jpg;train/notinfected/img_0_1083.jpg
Kaggle,5999449203140f030909cf9979d3a35a,2,1,test/infected/img_0_1949.jpg;train/infected/img_0_1949.jpg
Kaggle,59a2de091e95bcd5d9a8ab9cecd7cc77,2,1,test/infected/img_0_4529.jpg;train/infected/img_0_4529.jpg
Kaggle,59c60a81da2b1a470c097ffd10d4f829,2,1,test/infected/img_0_236.jpg;train/infected/img_0_236.jpg
Kaggle,59e531f7ba43acce293e1e7b0fd7cfac,2,1,test/infected/img_0_3965.jpg;train/infected/img_0_3965.jpg
Kaggle,59f889907915cb12910767855fd3b737,2,1,test/infected/img_0_5301.jpg;train/infected/img_0_5301.jpg
Kaggle,59fecd5d89c69da1737ab96f4e4a04a1,2,0,test/notinfected/img_0_4378.jpg;train/notinfected/img_0_4378.jpg
Kaggle,5a03dfa8db3e3a146ec438634b82b8e6,2,0,test/notinfected/img_0_6426.jpg;train/notinfected/img_0_6426.jpg
Kaggle,5a44237063682d9e794c61e8460125dd,2,1,test/infected/img_0_5911.jpg;train/infected/img_0_5911.jpg
Kaggle,5a62ccd808e14e118765a112d4cf4573,2,0,test/notinfected/img_0_586.jpg;train/notinfected/img_0_586.jpg
Kaggle,5aae1d355bbc1214c5dcc456e97ac48d,2,0,test/notinfected/img_0_4504.jpg;train/notinfected/img_0_4504.jpg
Kaggle,5abfbf816d7575fa0b7e6aaa46f23561,2,0,test/notinfected/img_0_8258.jpg;train/notinfected/img_0_8258.jpg
Kaggle,5aeab74dc760ea600cb2542eade42a09,2,1,test/infected/img_0_6167.jpg;train/infected/img_0_6167.jpg
Kaggle,5b25e1d2a3c304e7b5c54a31f4f02d67,2,0,test/notinfected/img_0_9088.jpg;train/notinfected/img_0_9088.jpg
Kaggle,5b405efb55205c246aa427b109fd3909,2,0,test/notinfected/img_0_8022.jpg;train/notinfected/img_0_8022.jpg
Kaggle,5b5db7d39080e3b0bc099eaca568b072,2,0,test/notinfected/img_0_7992.jpg;train/notinfected/img_0_7992.jpg
Kaggle,5c041909b47432c6dff8aa29336e7e6a,2,1,test/infected/img_0_1275.jpg;train/infected/img_0_1275.jpg
Kaggle,5c4858999f1cda2fdf137e81eef76f49,2,0,test/notinfected/img_0_7955.jpg;train/notinfected/img_0_7955.jpg
Kaggle,5c56737179977aacff7f79e325cf8cc5,2,1,test/infected/img_0_8866.jpg;train/infected/img_0_8866.jpg
Kaggle,5c69d9fd649ce4aa0ccc2f595a9ec224,2,1,test/infected/img_0_3526.jpg;train/infected/img_0_3526.jpg
Kaggle,5c8799e5df3363bb00e3fc2fcb4dc2b4,2,1,test/infected/img_0_7172.jpg;train/infected/img_0_7172.jpg
Kaggle,5cec5ecd2e71a181486b0dc32268fbeb,2,0,test/notinfected/img_0_8251.jpg;train/notinfected/img_0_8251.jpg
Kaggle,5d0cc571ac1699ed631cc7a0c41140a8,2,0,test/notinfected/img_0_2521.jpg;train/notinfected/img_0_2521.jpg
Kaggle,5d1068f4b5f329b2a9f3411a191d1c74,2,0,test/notinfected/img_0_7394.jpg;train/notinfected/img_0_7394.jpg
Kaggle,5d15e0919b2c3d53c026679ea34c5e47,2,0,test/notinfected/img_0_955.jpg;train/notinfected/img_0_955.jpg
Kaggle,5de46455c02cc0a541cafb21cec3655a,2,1,test/infected/img_0_7559.jpg;train/infected/img_0_7559.jpg
Kaggle,5e44b8d9b2b3ef2495a455734344b9e4,2,0,test/notinfected/img_0_808.jpg;train/notinfected/img_0_808.jpg
Kaggle,5e67896a54e745da79c0af915b9624c8,2,0,test/notinfected/img_0_8904.jpg;train/notinfected/img_0_8904.jpg
Kaggle,5e6ea9f776f21c4a7e4bb333599a7bd8,2,1,test/infected/img_0_8765.jpg;train/infected/img_0_8765.jpg
Kaggle,5e773dee93fb712b2a873d7c7d3606a5,2,0,test/notinfected/img_0_7307.jpg;train/notinfected/img_0_7307.jpg
Kaggle,5e9c8e1613a21b675fc17f9026ab9cd3,2,1,test/infected/img_0_1959.jpg;train/infected/img_0_1959.jpg
Kaggle,5e9cb69a3a0b5c98ec6ade5bf60ddc7e,2,1,test/infected/img_0_8933.jpg;train/infected/img_0_8933.jpg
Kaggle,5ea9491a55099ff77f02d9f3896b6a54,2,0,test/notinfected/img_0_9931.jpg;train/notinfected/img_0_9931.jpg
Kaggle,5eb76b4536d9af34b01243e2799f1a2b,2,0,test/notinfected/img_0_7969.jpg;train/notinfected/img_0_7969.jpg
Kaggle,5edea51006d09ac5fb720bebe707d261,2,1,test/infected/img_0_4978.jpg;train/infected/img_0_4978.jpg
Kaggle,5ef6c005247785a5e1e6d6bc0dd1b691,2,0,test/notinfected/img_0_8256.jpg;train/notinfected/img_0_8256.jpg
Kaggle,5f00d3568f52aa11436758873e5aed59,2,1,test/infected/img_0_7375.jpg;train/infected/img_0_7375.jpg
Kaggle,5f1c333feb19bf4bf2f11ea8913bd440,2,0,test/notinfected/img_0_8737.jpg;train/notinfected/img_0_8737.jpg
Kaggle,5f2183310d93d9e21c42526201ae679b,2,1,test/infected/img_0_9277.jpg;train/infected/img_0_9277.jpg
Kaggle,5f266676fbb5fb6e702cac639a87b6eb,2,1,test/infected/img_0_3363.jpg;train/infected/img_0_3363.jpg
Kaggle,5f3e34f7f6ec5e169eccb812bd47ff62,2,0,test/notinfected/img_0_8117.jpg;train/notinfected/img_0_8117.jpg
Kaggle,5ff52a50ec557c4d678b989a4bd67477,2,1,test/infected/img_0_4694.jpg;train/infected/img_0_4694.jpg
Kaggle,6002dd6ef162ec2f288d6f39a154ebda,2,0,test/notinfected/img_0_3545.jpg;train/notinfected/img_0_3545.jpg
Kaggle,60177d2f69342ebdd49859d72fe7d6e7,2,1,test/infected/img_0_6687.jpg;train/infected/img_0_6687.jpg
Kaggle,6038bf67e15c5121c96859fba6364b7b,2,0,test/notinfected/img_0_7366.jpg;train/notinfected/img_0_7366.jpg
Kaggle,605ce63887c275e9c085bcc4196c63ad,2,0,test/notinfected/img_0_8656.jpg;train/notinfected/img_0_8656.jpg
Kaggle,60762a13a6eb30b6c57bf72f6b6a7e09,2,0,test/notinfected/img_0_5271.jpg;train/notinfected/img_0_5271.jpg
Kaggle,608a3f7f607d4d60d736d3a96435814d,2,0,test/notinfected/img_0_5708.jpg;train/notinfected/img_0_5708.jpg
Kaggle,608fa6d612d681a220bca021e42167d3,2,1,test/infected/img_0_2388.jpg;train/infected/img_0_2388.jpg
Kaggle,60f60bcfb87b1cbe147622321257a2d3,2,0,test/notinfected/img_0_8477.jpg;train/notinfected/img_0_8477.jpg
Kaggle,6117719b51a255407a908745c1eac05e,2,1,test/infected/img_0_2508.jpg;train/infected/img_0_2508.jpg
Kaggle,61839c5156fb04a5c9001cf1e3ee1d6b,2,1,test/infected/img_0_6498.jpg;train/infected/img_0_6498.jpg
Kaggle,61c56c871ebc01c173e82f5df7940b34,2,1,test/infected/img_0_5320.jpg;train/infected/img_0_5320.jpg
Kaggle,61e36b5038418513dab5d1bbf73743fe,2,0,test/notinfected/img_0_2123.jpg;train/notinfected/img_0_2123.jpg
Kaggle,620a52816046728dbf1b7c067e240a8f,2,0,test/notinfected/img_0_581.jpg;train/notinfected/img_0_581.jpg
Kaggle,623a3ec58641826dd0a08b3e283fe364,2,0,test/notinfected/img_0_5614.jpg;train/notinfected/img_0_5614.jpg
Kaggle,633da7e27f61c58034f363d16b318e17,2,0,test/notinfected/img_0_5338.jpg;train/notinfected/img_0_5338.jpg
Kaggle,637ab4338621c5e9ad2e13894eebe7bb,2,0,test/notinfected/img_0_7918.jpg;train/notinfected/img_0_7918.jpg
Kaggle,63a505cb13de1c268cab4c6cd61eca11,2,1,test/infected/img_0_9949.jpg;train/infected/img_0_9949.jpg
Kaggle,63fc375b9cb497d2167a4bbea9c87e94,2,1,test/infected/img_0_4494.jpg;train/infected/img_0_4494.jpg
Kaggle,642ef79f4f3869e1bb19b96348f7bbdb,2,0,test/notinfected/img_0_248.jpg;train/notinfected/img_0_248.jpg
Kaggle,643c84648b3cc27dd7efce330b7f913a,2,1,test/infected/img_0_7050.jpg;train/infected/img_0_7050.jpg
Kaggle,645ab8b6abad8bc42e4cdb4bc9eb704e,2,0,test/notinfected/img_0_4966.jpg;train/notinfected/img_0_4966.jpg
Kaggle,647c11311cae6d3ee23118c1eb9756f3,2,0,test/notinfected/img_0_3786.jpg;train/notinfected/img_0_3786.jpg
Kaggle,64bdebdfa74a3467aaa507a65207451a,2,0,test/notinfected/img_0_6837.jpg;train/notinfected/img_0_6837.jpg
Kaggle,64e50567b4f317caa829ee8b6ad73884,2,0,test/notinfected/img_0_307.jpg;train/notinfected/img_0_307.jpg
Kaggle,64ec1a9dd99651659fb3111d9617f278,2,1,test/infected/img_0_2276.jpg;train/infected/img_0_2276.jpg
Kaggle,65068734ff0d6a8fef7f5059e3d37699,2,0,test/notinfected/img_0_1646.jpg;train/notinfected/img_0_1646.jpg
Kaggle,651b81a8bffc83e43dd1ac4eedb02138,2,0,test/notinfected/img_0_4700.jpg;train/notinfected/img_0_4700.jpg
Kaggle,6535896ea3cf3214ff2e63523b111d02,2,0,test/notinfected/img_0_9546.jpg;train/notinfected/img_0_9546.jpg
Kaggle,654923cdd736fa6e26ed3e16c93e10a1,2,1,test/infected/img_0_8808.jpg;train/infected/img_0_8808.jpg
Kaggle,6577b73f241fc1b438e24717d03bc737,2,0,test/notinfected/img_0_5391.jpg;train/notinfected/img_0_5391.jpg
Kaggle,65a5e606995d3856151302616f4f36b1,2,1,test/infected/img_0_5036.jpg;train/infected/img_0_5036.jpg
Kaggle,65d9c10d0184aae2f46f3f73dfd4dcb9,2,0,test/notinfected/img_0_1169.jpg;train/notinfected/img_0_1169.jpg
Kaggle,65ff1d52bb9fe148bf75d839140e2c38,2,1,test/infected/img_0_2357.jpg;train/infected/img_0_2357.jpg
Kaggle,6635a555e47f4bb5e0f81d42dd162fcc,2,0,test/notinfected/img_0_1459.jpg;train/notinfected/img_0_1459.jpg
Kaggle,666932321b13009da24e8f3e49ec8bd1,2,0,test/notinfected/img_0_8955.jpg;train/notinfected/img_0_8955.jpg
Kaggle,666ec01943a22752f4617050c198a957,2,0,test/notinfected/img_0_5347.jpg;train/notinfected/img_0_5347.jpg
Kaggle,6674d888d89c19bd7946575b93a1afe0,2,1,test/infected/img_0_3626.jpg;train/infected/img_0_3626.jpg
Kaggle,66869ac73c9bc624f08a92d540419bae,2,0,test/notinfected/img_0_3053.jpg;train/notinfected/img_0_3053.jpg
Kaggle,668c2f2c353dea8fc3787ef47f2a3e6c,2,0,test/notinfected/img_0_3410.jpg;train/notinfected/img_0_3410.jpg
Kaggle,6697bf05750082f15a9f15c2539f2032,2,0,test/notinfected/img_0_6893.jpg;train/notinfected/img_0_6893.jpg
Kaggle,66d870e7aaa0c0b780bbed91bdd07dd6,2,0,test/notinfected/img_0_8250.jpg;train/notinfected/img_0_8250.jpg
Kaggle,66fcee361fce1eff412e149bb3b08348,2,0,test/notinfected/img_0_2300.jpg;train/notinfected/img_0_2300.jpg
Kaggle,6700946f39c3899e39209a9a83e839ab,2,0,test/notinfected/img_0_944.jpg;train/notinfected/img_0_944.jpg
Kaggle,6704d337cedd56ced1cb0decfd1c28f0,2,1,test/infected/img_0_6531.jpg;train/infected/img_0_6531.jpg
Kaggle,670d4b5cf1400ad524bac25c6f780b07,2,0,test/notinfected/img_0_1336.jpg;train/notinfected/img_0_1336.jpg
Kaggle,679cfe4e60e1c08f628f2592eadfc39f,2,1,test/infected/img_0_1099.jpg;train/infected/img_0_1099.jpg
Kaggle,679e908da126273a27073e2fe5458766,2,0,test/notinfected/img_0_6637.jpg;train/notinfected/img_0_6637.jpg
Kaggle,67b01643d0c699f9cc89f41235ffcb53,2,1,test/infected/img_0_9172.jpg;train/infected/img_0_9172.jpg
Kaggle,67c57c80aced13f454f1dcb3c480bd69,2,1,test/infected/img_0_5356.jpg;train/infected/img_0_5356.jpg
Kaggle,67d050a5fd29a832874196fa34d38b42,2,1,test/infected/img_0_6703.jpg;train/infected/img_0_6703.jpg
Kaggle,67efd0e41e854bb63be26d558c5847ff,2,1,test/infected/img_0_7416.jpg;train/infected/img_0_7416.jpg
Kaggle,6801c02cfbe672c4599563e43dfe6f09,2,1,test/infected/img_0_9546.jpg;train/infected/img_0_9546.jpg
Kaggle,681396392790c4d3307cd3a08c6d9394,2,0,test/notinfected/img_0_3991.jpg;train/notinfected/img_0_3991.jpg
Kaggle,6825e024dd4e0f45943076d82ef6a937,2,0,test/notinfected/img_0_2549.jpg;train/notinfected/img_0_2549.jpg
Kaggle,682bfe5a554a943ef4b57d3c92329c9b,2,0,test/notinfected/img_0_2271.jpg;train/notinfected/img_0_2271.jpg
Kaggle,686367d04ffcc1b11878b966dcf83193,2,0,test/notinfected/img_0_6601.jpg;train/notinfected/img_0_6601.jpg
Kaggle,686d3290438c7c2b67ce3b4c4a7a046e,2,0,test/notinfected/img_0_1353.jpg;train/notinfected/img_0_1353.jpg
Kaggle,687adde8d2ce1bfd49eab2e31b9fda92,2,1,test/infected/img_0_9407.jpg;train/infected/img_0_9407.jpg
Kaggle,6881a622ba8a2f35e65e4d9d4855a73d,2,0,test/notinfected/img_0_7168.jpg;train/notinfected/img_0_7168.jpg
Kaggle,689e662bca0655ddef5d07a1bd227e96,2,0,test/notinfected/img_0_9706.jpg;train/notinfected/img_0_9706.jpg
Kaggle,68b5975bef25aa2f658c1d96f3ef0fce,2,1,test/infected/img_0_7805.jpg;train/infected/img_0_7805.jpg
Kaggle,68bc543c9b6d6dc432bc845dc042f236,2,1,test/infected/img_0_3799.jpg;train/infected/img_0_3799.jpg
Kaggle,68c8274eb24fa31a7967498fdd45f90b,2,0,test/notinfected/img_0_7416.jpg;train/notinfected/img_0_7416.jpg
Kaggle,68eb8503d98a5d273f923a94869a5f15,2,1,test/infected/img_0_3750.jpg;train/infected/img_0_3750.jpg
Kaggle,68ec8bf7083addfad4edee25d63ce363,2,0,test/notinfected/img_0_9791.jpg;train/notinfected/img_0_9791.jpg
Kaggle,691f175d7858ff298c60f27bd3f2d627,2,0,test/notinfected/img_0_2843.jpg;train/notinfected/img_0_2843.jpg
Kaggle,6932189b337e7651d957589b5113e236,2,0,test/notinfected/img_0_9392.jpg;train/notinfected/img_0_9392.jpg
Kaggle,69b042844cb30bf888d61f9b5dd6aab3,2,0,test/notinfected/img_0_5954.jpg;train/notinfected/img_0_5954.jpg
Kaggle,69d2fbd5caac4184f029f6a445c8bd0d,2,1,test/infected/img_0_3945.jpg;train/infected/img_0_3945.jpg
Kaggle,6a259fdb4bebb3b95da0f3a3b5f2f91b,2,0,test/notinfected/img_0_5432.jpg;train/notinfected/img_0_5432.jpg
Kaggle,6a3eef01218e3d1cdd0562bdfcc4641b,2,1,test/infected/img_0_9218.jpg;train/infected/img_0_9218.jpg
Kaggle,6aa55b0ae32d05972f63f732e240082e,2,0,test/notinfected/img_0_3124.jpg;train/notinfected/img_0_3124.jpg
Kaggle,6b00a3ca4c46b485c041907fe6aa08bc,2,0,test/notinfected/img_0_3217.jpg;train/notinfected/img_0_3217.jpg
Kaggle,6b00af052b10f90318a3135d4d12fee7,2,0,test/notinfected/img_0_2203.jpg;train/notinfected/img_0_2203.jpg
Kaggle,6b112dfb3c2d1ea9c67c082b1f361386,2,1,test/infected/img_0_9744.jpg;train/infected/img_0_9744.jpg
Kaggle,6b1a057c1672816cc1fb0cedb338271a,2,1,test/infected/img_0_7934.jpg;train/infected/img_0_7934.jpg
Kaggle,6b4d125ffdcca4ed31eee1aeb2bcba18,2,1,test/infected/img_0_670.jpg;train/infected/img_0_670.jpg
Kaggle,6bc974428926e0594d88cc93f4eb806c,2,0,test/notinfected/img_0_2412.jpg;train/notinfected/img_0_2412.jpg
Kaggle,6bdee7f82aa1f6847ffdbce095582335,2,0,test/notinfected/img_0_5495.jpg;train/notinfected/img_0_5495.jpg
Kaggle,6be679ccbd2b110726917a94e5bfb9cd,2,1,test/infected/img_0_6669.jpg;train/infected/img_0_6669.jpg
Kaggle,6bfdc19c712f6e3e97282e291f1853b9,2,0,test/notinfected/img_0_7019.jpg;train/notinfected/img_0_7019.jpg
Kaggle,6c2fce673fe029c0688b1201b4acba67,2,0,test/notinfected/img_0_1285.jpg;train/notinfected/img_0_1285.jpg
Kaggle,6c87f8b18dc9a0f40833c177fe1ffc16,2,1,test/infected/img_0_3358.jpg;train/infected/img_0_3358.jpg
Kaggle,6c895da7626c8a03fcc9d85754e54866,2,1,test/infected/img_0_5605.jpg;train/infected/img_0_5605.jpg
Kaggle,6cadd498b89d3b70490eef237612e1d5,2,1,test/infected/img_0_7552.jpg;train/infected/img_0_7552.jpg
Kaggle,6cbe005a122e77dc5948ef41de30ebc7,2,0,test/notinfected/img_0_5209.jpg;train/notinfected/img_0_5209.jpg
Kaggle,6cbf856c5f4cb0972c91fdb54779aa48,2,1,test/infected/img_0_8198.jpg;train/infected/img_0_8198.jpg
Kaggle,6ce8f8d61111be3498d99dfedc1f6bb6,2,0,test/notinfected/img_0_745.jpg;train/notinfected/img_0_745.jpg
Kaggle,6cf1ebd256c1d272f263dfa76308a234,2,0,test/notinfected/img_0_3565.jpg;train/notinfected/img_0_3565.jpg
Kaggle,6d0c109f048e2c346ca879d8432f9d01,2,0,test/notinfected/img_0_1950.jpg;train/notinfected/img_0_1950.jpg
Kaggle,6d48e3a1cd6a0e7fd61a856f02d8c448,2,1,test/infected/img_0_3340.jpg;train/infected/img_0_3340.jpg
Kaggle,6d4c161f12511931dfd2eef36f137c4f,2,1,test/infected/img_0_2412.jpg;train/infected/img_0_2412.jpg
Kaggle,6dd7736a9e12a40a52b16a96f9081b01,2,1,test/infected/img_0_8608.jpg;train/infected/img_0_8608.jpg
Kaggle,6dda76e68a92f3e10422b07e2f63e3ae,2,0,test/notinfected/img_0_9823.jpg;train/notinfected/img_0_9823.jpg
Kaggle,6df0e3e1322f97324f18024136be9494,2,0,test/notinfected/img_0_8435.jpg;train/notinfected/img_0_8435.jpg
Kaggle,6df93e3632a9a7638869626f4701e85c,2,1,test/infected/img_0_5964.jpg;train/infected/img_0_5964.jpg
Kaggle,6e0bfac07f12fd7193b3334f470c2ed6,2,0,test/notinfected/img_0_3020.jpg;train/notinfected/img_0_3020.jpg
Kaggle,6e116109da84d3e5a56ca527b6f3888f,2,0,test/notinfected/img_0_1020.jpg;train/notinfected/img_0_1020.jpg
Kaggle,6e7ed2e4987d35b453c2fe440379d256,2,0,test/notinfected/img_0_3908.jpg;train/notinfected/img_0_3908.jpg
Kaggle,6ea878286d46a0e94d382d85f62f609c,2,0,test/notinfected/img_0_3004.jpg;train/notinfected/img_0_3004.jpg
Kaggle,6ecfd36b815e4df818151fd2c2b27cc8,2,1,test/infected/img_0_3957.jpg;train/infected/img_0_3957.jpg
Kaggle,6ed1f89f2c1bec6b8d944aee35f9cf88,2,1,test/infected/img_0_5740.jpg;train/infected/img_0_5740.jpg
Kaggle,6edfaf63ae2ac6853b54a58bd73435ba,2,0,test/notinfected/img_0_3436.jpg;train/notinfected/img_0_3436.jpg
Kaggle,6ee9e5f040fc37cde956b7f9842e8ac5,2,0,test/notinfected/img_0_1236.jpg;train/notinfected/img_0_1236.jpg
Kaggle,6ee9ea4bc6ca09fc200edf3ae35732d6,2,0,test/notinfected/img_0_3624.jpg;train/notinfected/img_0_3624.jpg
Kaggle,6f03778b1225edcd6d014f65efb0d2cf,2,0,test/notinfected/img_0_855.jpg;train/notinfected/img_0_855.jpg
Kaggle,6f38f1e47d9e1f1ef82058ff88936a08,2,0,test/notinfected/img_0_5304.jpg;train/notinfected/img_0_5304.jpg
Kaggle,6f75069226f00a126f4597f173679d5a,2,0,test/notinfected/img2.png;train/notinfected/img2.png
Kaggle,6fac1736b18e04d3ded65690d31df1c1,2,0,test/notinfected/img_0_6170.jpg;train/notinfected/img_0_6170.jpg
Kaggle,6fb40f797bae7047c8b1ff0dd73d2ecb,2,1,test/infected/img_0_9207.jpg;train/infected/img_0_9207.jpg
Kaggle,6ff76ed80fca8f5ebde05141304ee0a3,2,0,test/notinfected/img_0_1623.jpg;train/notinfected/img_0_1623.jpg
Kaggle,701ad6515869e497ae8332d03f94bff7,2,1,test/infected/img_0_3254.jpg;train/infected/img_0_3254.jpg
Kaggle,701f3665bfc9cfac5cf198a1819fd18f,2,1,test/infected/img_0_6218.jpg;train/infected/img_0_6218.jpg
Kaggle,7031525e8c65e10486374c64788fa7dc,2,1,test/infected/img_0_3757.jpg;train/infected/img_0_3757.jpg
Kaggle,7041284dada8669e841764d744ff1c0f,2,0,test/notinfected/img_0_6883.jpg;train/notinfected/img_0_6883.jpg
Kaggle,705788821fa993f13d8153520fba3ac5,2,0,test/notinfected/img_0_4967.jpg;train/notinfected/img_0_4967.jpg
Kaggle,70579793add807e39397d40d6ee53e3b,2,1,test/infected/img_0_7240.jpg;train/infected/img_0_7240.jpg
Kaggle,7084eee2d0ea983f5b889b50e56da117,2,1,test/infected/img_0_8184.jpg;train/infected/img_0_8184.jpg
Kaggle,7097d54e6290a105ae069657cd75ed4a,2,0,test/notinfected/img_0_5813.jpg;train/notinfected/img_0_5813.jpg
Kaggle,70e368179dab82e751ee1e7bef0169eb,2,0,test/notinfected/img_0_171.jpg;train/notinfected/img_0_171.jpg
Kaggle,710ec2a509b074759b19981ba3d9b822,2,0,test/notinfected/img_0_2764.jpg;train/notinfected/img_0_2764.jpg
Kaggle,7121c6252b2a2df85508bdfc32c89793,2,0,test/notinfected/img_0_3540.jpg;train/notinfected/img_0_3540.jpg
Kaggle,7128e3174425a097db3117d4242ee0e9,2,1,test/infected/img_0_5464.jpg;train/infected/img_0_5464.jpg
Kaggle,713abbe1f349447479b9af187ef90701,2,0,test/notinfected/img_0_5928.jpg;train/notinfected/img_0_5928.jpg
Kaggle,717fbfb5a4e5107bdc639a64cb186629,2,0,test/notinfected/img_0_833.jpg;train/notinfected/img_0_833.jpg
Kaggle,71932c1d9e82eb5f389720f971075475,2,0,test/notinfected/img_0_213.jpg;train/notinfected/img_0_213.jpg
Kaggle,71a8bdbca154133be39905e7070eeec8,2,1,test/infected/img_0_3138.jpg;train/infected/img_0_3138.jpg
Kaggle,71c1d7122406526d4bf478c70bebc7e0,2,1,test/infected/img_0_516.jpg;train/infected/img_0_516.jpg
Kaggle,71d167ff203689893fdcd00d22dffc13,2,0,test/notinfected/img_0_4931.jpg;train/notinfected/img_0_4931.jpg
Kaggle,71e6f66bd7884636a65cf62f5dc5d1da,3,0,test/notinfected/img_0_9989.jpg;train/notinfected/Copy of img_0_9989.jpg;train/notinfected/img_0_9989.jpg
Kaggle,71e8ca3d9e07d46a587dbb18cbd4d53a,2,0,test/notinfected/img_0_9621.jpg;train/notinfected/img_0_9621.jpg
Kaggle,71f645432001b6139089f275ab95d342,2,0,test/notinfected/img_0_3826.jpg;train/notinfected/img_0_3826.jpg
Kaggle,7208ad8f15000b024383dc0817d9ed23,2,0,test/notinfected/img_0_6672.jpg;train/notinfected/img_0_6672.jpg
Kaggle,7212694d891e7424b260c5d815bf27c5,2,1,test/infected/img_0_9136.jpg;train/infected/img_0_9136.jpg
Kaggle,72138488e8fc8c9dd24867539bb1e6f1,2,0,test/notinfected/img_0_8946.jpg;train/notinfected/img_0_8946.jpg
Kaggle,72168443b981c5ee6a72efb7b0a7ad25,2,1,test/infected/img_0_1324.jpg;train/infected/img_0_1324.jpg
Kaggle,72222bed2c3debdaf7f97f8c5bd5e34c,2,0,test/notinfected/img_0_1611.jpg;train/notinfected/img_0_1611.jpg
Kaggle,72238350775b8a847a864103afe1fd82,2,1,test/infected/img_0_5125.jpg;train/infected/img_0_5125.jpg
Kaggle,723487c9bd291e3010c872a66736b603,2,1,test/infected/img_0_6536.jpg;train/infected/img_0_6536.jpg
Kaggle,728eef7219c4f59324f8c9bb86b5a575,2,0,test/notinfected/img_0_8427.jpg;train/notinfected/img_0_8427.jpg
Kaggle,72a5eb662046367a903c5b963e63fc8a,2,1,test/infected/img_0_4055.jpg;train/infected/img_0_4055.jpg
Kaggle,72bb28f4939bdff72b20710aa22b8be7,2,0,test/notinfected/img_0_9620.jpg;train/notinfected/img_0_9620.jpg
Kaggle,72d6e39ddc8940b537d6d3f84d25b86e,2,0,test/notinfected/img_0_3851.jpg;train/notinfected/img_0_3851.jpg
Kaggle,72ee12001eef9ab032cb7ecc4d47ae94,2,1,test/infected/img_0_6409.jpg;train/infected/img_0_6409.jpg
Kaggle,72eedfc91c4cb0e45e951d933b5ca6e5,2,1,test/infected/img_0_6504.jpg;train/infected/img_0_6504.jpg
Kaggle,72ef26f92f0f7b26e28bf87ce90c848b,2,0,test/notinfected/img_0_460.jpg;train/notinfected/img_0_460.jpg
Kaggle,734fa1dc92a247fcb08b3fc3c25739d0,2,0,test/notinfected/img_0_7977.jpg;train/notinfected/img_0_7977.jpg
Kaggle,73631e1bff92d720b585173e1810db27,2,0,test/notinfected/img_0_5255.jpg;train/notinfected/img_0_5255.jpg
Kaggle,736c46413c2ddf0f8fd9593eb907e6b2,2,0,test/notinfected/img_0_676.jpg;train/notinfected/img_0_676.jpg
Kaggle,736fad738105e884942d9225addaa79c,2,1,test/infected/img_0_9950.jpg;train/infected/img_0_9950.jpg
Kaggle,739c6c5e10122aabd7cc7032bfff40c5,2,0,test/notinfected/img_0_6658.jpg;train/notinfected/img_0_6658.jpg
Kaggle,73b19fec6a42b896c026f44893a2ab1f,2,0,test/notinfected/img_0_570.jpg;train/notinfected/img_0_570.jpg
Kaggle,73ba9ed9f07763536567e480d283c415,2,0,test/notinfected/img_0_3345.jpg;train/notinfected/img_0_3345.jpg
Kaggle,73d0c68f60bf8e6baa2f7644f3111b37,2,0,test/notinfected/img_0_4903.jpg;train/notinfected/img_0_4903.jpg
Kaggle,742ee551d67688d258e54791f7d98c7c,2,0,test/notinfected/img_0_6308.jpg;train/notinfected/img_0_6308.jpg
Kaggle,7444a00062b66b091b88df0964012b0f,2,0,test/notinfected/img_0_4626.jpg;train/notinfected/img_0_4626.jpg
Kaggle,744caa1198527419bcf19ed5f84136e0,2,0,test/notinfected/img_0_6783.jpg;train/notinfected/img_0_6783.jpg
Kaggle,747d75f1541ef98222db950a6173b695,2,1,test/infected/img_0_8781.jpg;train/infected/img_0_8781.jpg
Kaggle,749b001ebaa6865f9a42174d96a2b288,2,1,test/infected/img_0_188.jpg;train/infected/img_0_188.jpg
Kaggle,74a13766665ca83f3cb72fd5553404aa,2,1,test/infected/img_0_7693.jpg;train/infected/img_0_7693.jpg
Kaggle,74b155f672784687b1d6ec200d0a0450,2,1,test/infected/img_0_2444.jpg;train/infected/img_0_2444.jpg
Kaggle,74e317f500e020c9983aee4373c8c49e,2,0,test/notinfected/img_0_7083.jpg;train/notinfected/img_0_7083.jpg
Kaggle,74e7abb6bfd55fa8353448aa391cbcac,2,0,test/notinfected/img_0_8289.jpg;train/notinfected/img_0_8289.jpg
Kaggle,7509c014377f08306ac1e76dae8e8b7a,2,0,test/notinfected/img_0_2913.jpg;train/notinfected/img_0_2913.jpg
Kaggle,750f7875d1e445c1dc3a2a4828a01a8a,2,0,test/notinfected/img_0_205.jpg;train/notinfected/img_0_205.jpg
Kaggle,7519b19aff51db04836f10c707696a64,2,0,test/notinfected/img_0_1147.jpg;train/notinfected/img_0_1147.jpg
Kaggle,75334c2cc8ed2ff68389138bfc3579a7,2,1,test/infected/img3.jpg;train/infected/img3.jpg
Kaggle,75a0d383110ce357f02de09b2ed28c6a,2,1,test/infected/img_0_1589.jpg;train/infected/img_0_1589.jpg
Kaggle,75d5280da70e89088f79163d35f2b75e,2,0,test/notinfected/img_0_5055.jpg;train/notinfected/img_0_5055.jpg
Kaggle,75db029796c54ed278e743ae6a37a6c2,2,1,test/infected/img_0_6386.jpg;train/infected/img_0_6386.jpg
Kaggle,760d92d81cbf62e8694f2b8100591e56,2,0,test/notinfected/img_0_7606.jpg;train/notinfected/img_0_7606.jpg
Kaggle,7637cef8236f25ef85d4cb0c43d57dde,2,1,test/infected/img_0_6525.jpg;train/infected/img_0_6525.jpg
Kaggle,7665c1cbb528dda48e8709ffa57899c2,2,0,test/notinfected/img_0_920.jpg;train/notinfected/img_0_920.jpg
Kaggle,767e6e96843d99a54fb0b55e4c148d6d,2,0,test/notinfected/img_0_1022.jpg;train/notinfected/img_0_1022.jpg
Kaggle,76b9f0d486e608ef832526a520c28db7,2,1,test/infected/img_0_9004.jpg;train/infected/img_0_9004.jpg
Kaggle,76d875579ccf9d1758d87760bf7bc5f8,2,0,test/notinfected/img_0_5912.jpg;train/notinfected/img_0_5912.jpg
Kaggle,76fc18264907e77cd93f6eaac7cefcb7,2,0,test/notinfected/img_0_7336.jpg;train/notinfected/img_0_7336.jpg
Kaggle,7717a1fd388d5c5ec4b57f63d755238f,2,1,test/infected/img_0_3940.jpg;train/infected/img_0_3940.jpg
Kaggle,7723a186c898df53f65c2e3e9504fdd5,2,0,test/notinfected/img_0_2740.jpg;train/notinfected/img_0_2740.jpg
Kaggle,77562542f2e08301645af88197109c7b,2,0,test/notinfected/img_0_6487.jpg;train/notinfected/img_0_6487.jpg
Kaggle,7759d3928e06fb145aeb8824364d183b,2,0,test/notinfected/img_0_4665.jpg;train/notinfected/img_0_4665.jpg
Kaggle,77792e45b880f3ec3343602821b87aa0,2,0,test/notinfected/img_0_9235.jpg;train/notinfected/img_0_9235.jpg
Kaggle,77d08663f6a8463bac842d2f614cc42e,2,0,test/notinfected/img_0_5617.jpg;train/notinfected/img_0_5617.jpg
Kaggle,77d77246169f932d57bd71b1f8ae9ebf,2,0,test/notinfected/img_0_348.jpg;train/notinfected/img_0_348.jpg
Kaggle,77ddd83da4ccd3ff0811462e97c53074,2,1,test/infected/img_0_1377.jpg;train/infected/img_0_1377.jpg
Kaggle,77ec41fb11af53f5755682269e125244,2,0,test/notinfected/img_0_3633.jpg;train/notinfected/img_0_3633.jpg
Kaggle,787f0fb6f3f9069bf333da2ef5599b9c,2,0,test/notinfected/img_0_7633.jpg;train/notinfected/img_0_7633.jpg
Kaggle,7896ea31024a4337be460199d685cb87,2,0,test/notinfected/img_0_2505.jpg;train/notinfected/img_0_2505.jpg
Kaggle,78a451137f5b84a8672f0cad5a778de3,2,0,test/notinfected/img_0_2479.jpg;train/notinfected/img_0_2479.jpg
Kaggle,78b001b543ba6bd0487a9cd34f6fb574,2,1,test/infected/img_0_1836.jpg;train/infected/img_0_1836.jpg
Kaggle,78c3d40d40a3b6b45906006c21bb342e,2,0,test/notinfected/img_0_3105.jpg;train/notinfected/img_0_3105.jpg
Kaggle,78d77579ef9b2d1d2eea5b9e684d6b68,2,0,test/notinfected/img_0_9151.jpg;train/notinfected/img_0_9151.jpg
Kaggle,78e6e76ae7ba923bf48bc4060b886be7,2,0,test/notinfected/img_0_3179.jpg;train/notinfected/img_0_3179.jpg
Kaggle,78f274a00d9d314f6180a6dd7ef1d01a,2,0,test/notinfected/img_0_9906.jpg;train/notinfected/img_0_9906.jpg
Kaggle,78f7593e988263a72c63ecf3dbb0027a,2,0,test/notinfected/img_0_8105.jpg;train/notinfected/img_0_8105.jpg
Kaggle,78fcd44a22f9863c3a7094647a50cb8e,2,1,test/infected/img_0_8472.jpg;train/infected/img_0_8472.jpg
Kaggle,792579a80e5be5e7936275b4d05848b7,2,0,test/notinfected/img_0_6009.jpg;train/notinfected/img_0_6009.jpg
Kaggle,793f132d4e0777953328f4170c7681ad,2,1,test/infected/img_0_7430.jpg;train/infected/img_0_7430.jpg
Kaggle,795d9f3e5035f50f353180ce07b1d3b2,2,0,test/notinfected/img_0_9487.jpg;train/notinfected/img_0_9487.jpg
Kaggle,7960ef5c6fc1a9d87e3444c5ac3dc569,2,0,test/notinfected/img_0_6005.jpg;train/notinfected/img_0_6005.jpg
Kaggle,796debb7d369bcb7e94f4cf6b67a021a,2,1,test/infected/img_0_6082.jpg;train/infected/img_0_6082.jpg
Kaggle,7975a29e4bc6b1453d22d33b35e18fe5,2,0,test/notinfected/img_0_931.jpg;train/notinfected/img_0_931.jpg
Kaggle,7982c9c222e6d9b7adaa75d823057ba9,2,0,test/notinfected/img3.jpg;train/notinfected/img3.jpg
Kaggle,79a5dfdea5ca29ec0efa7b972d9f51b7,4,1,test/infected/img10.jpg;test/infected/img7.jpg;train/infected/img10.jpg;train/infected/img7.jpg
Kaggle,79c2cf01bbbb7eacb0ce2d25985fa447,2,1,test/infected/img_0_3925.jpg;train/infected/img_0_3925.jpg
Kaggle,79d6e8cf4024434cb5c03a1ae49e5d86,2,0,test/notinfected/img_0_1678.jpg;train/notinfected/img_0_1678.jpg
Kaggle,79e5206e81533bc8972426587af809c0,2,0,test/notinfected/img_0_6811.jpg;train/notinfected/img_0_6811.jpg
Kaggle,79fb60f2f2c079725aa2443db74f67e9,2,0,test/notinfected/img_0_7228.jpg;train/notinfected/img_0_7228.jpg
Kaggle,7a0e2e33582fac5ed8f7611a2951ed07,2,1,test/infected/img_0_1663.jpg;train/infected/img_0_1663.jpg
Kaggle,7a22b19f3306cafb68b63abd12653204,2,0,test/notinfected/img_0_384.jpg;train/notinfected/img_0_384.jpg
Kaggle,7a4e9fb2ae92418501dbe8d49b09b694,2,0,test/notinfected/img_0_8814.jpg;train/notinfected/img_0_8814.jpg
Kaggle,7a68bf06c6fa0da32f24a229c6d3ffb5,2,0,test/notinfected/img_0_7165.jpg;train/notinfected/img_0_7165.jpg
Kaggle,7a6e3e6b565e6a631daae8357dc860ab,2,1,test/infected/img_0_4208.jpg;train/infected/img_0_4208.jpg
Kaggle,7a74f8fc1050c4b9bf504a15aed03b88,2,0,test/notinfected/img_0_5851.jpg;train/notinfected/img_0_5851.jpg
Kaggle,7a8124394143c57c147dd5c34d1500e4,2,0,test/notinfected/img_0_8220.jpg;train/notinfected/img_0_8220.jpg
Kaggle,7acb8c89db3011d6ffb76554b28cd7ea,2,1,test/infected/img_0_5970.jpg;train/infected/img_0_5970.jpg
Kaggle,7b1e00d3b09d059b57c545064b5f1724,2,0,test/notinfected/img_0_7713.jpg;train/notinfected/img_0_7713.jpg
Kaggle,7b33d4b61fef696e4d737cf9f85d2e88,2,1,test/infected/img_0_3943.jpg;train/infected/img_0_3943.jpg
Kaggle,7b647611c782c2ae2386fd9398f23887,2,0,test/notinfected/img_0_5480.jpg;train/notinfected/img_0_5480.jpg
Kaggle,7b7398709ba6ac1ffca469ea77e08659,2,0,test/notinfected/img_0_3292.jpg;train/notinfected/img_0_3292.jpg
Kaggle,7bce62f2bd35667b7a3c95b424b6edc2,2,0,test/notinfected/img_0_7157.jpg;train/notinfected/img_0_7157.jpg
Kaggle,7be0490afa75c992bba4fcc74f454783,2,0,test/notinfected/img_0_4702.jpg;train/notinfected/img_0_4702.jpg
Kaggle,7be6e239d954c1dfbe2c3b00633cfac9,2,0,test/notinfected/img_0_7169.jpg;train/notinfected/img_0_7169.jpg
Kaggle,7bf244a2e64f04de4e0c6a18c35c7798,2,1,test/infected/img_0_9595.jpg;train/infected/img_0_9595.jpg
Kaggle,7c0984ed17478354b91f637f31b49ebc,2,0,test/notinfected/img_0_3810.jpg;train/notinfected/img_0_3810.jpg
Kaggle,7c39f5a8a589333e95f5dcfa93fb422b,2,0,test/notinfected/img_0_2512.jpg;train/notinfected/img_0_2512.jpg
Kaggle,7c4043ce1ecda38d30e543a03704ec01,2,0,test/notinfected/img_0_869.jpg;train/notinfected/img_0_869.jpg
Kaggle,7c646439ffe61be29c95e2fe2d4dc4ee,2,0,test/notinfected/img_0_4120.jpg;train/notinfected/img_0_4120.jpg
Kaggle,7c7e27d015f5ac34eb8ad62e678dfd91,2,0,test/notinfected/img_0_1194.jpg;train/notinfected/img_0_1194.jpg
Kaggle,7c9973e9dfc5614ed9fcb705dc19eb59,2,0,test/notinfected/img_0_7915.jpg;train/notinfected/img_0_7915.jpg
Kaggle,7cc84a3507b17134b4273733572b4d8e,2,1,test/infected/img_0_8807.jpg;train/infected/img_0_8807.jpg
Kaggle,7cf05cbcd5228f40ebfdd9d43a474dda,2,0,test/notinfected/img_0_5336.jpg;train/notinfected/img_0_5336.jpg
Kaggle,7d201dcc343e5d43b95927ac18b04243,2,0,test/notinfected/img_0_444.jpg;train/notinfected/img_0_444.jpg
Kaggle,7d2a974abcd2a0aed329bee2b7a59ab0,2,1,test/infected/img_0_7176.jpg;train/infected/img_0_7176.jpg
Kaggle,7d2e18d143b0bfe85fe37e0ec2cd013a,2,0,test/notinfected/img_0_9973.jpg;train/notinfected/img_0_9973.jpg
Kaggle,7d2e638982f8c7f4ffac6e93d7a5ce1e,2,1,test/infected/img4.jpg;train/infected/img4.jpg
Kaggle,7d475b9c5b104851d0ca0413189812f5,2,0,test/notinfected/img_0_2897.jpg;train/notinfected/img_0_2897.jpg
Kaggle,7d5123c33b501131a9f100d9c8d1894f,2,0,test/notinfected/img_0_4892.jpg;train/notinfected/img_0_4892.jpg
Kaggle,7d5ce27699cbf0f2496633d362c44f37,2,1,test/infected/img_0_3870.jpg;train/infected/img_0_3870.jpg
Kaggle,7d8a4c57ceba3a73fa48d2acdc3a0ad3,2,0,test/notinfected/img_0_635.jpg;train/notinfected/img_0_635.jpg
Kaggle,7dacae9a43fc5a651619d2e14bdfb100,2,0,test/notinfected/img_0_4443.jpg;train/notinfected/img_0_4443.jpg
Kaggle,7e07cd59e7c2cfed8e0691636a2e3b2c,2,0,test/notinfected/img_0_6635.jpg;train/notinfected/img_0_6635.jpg
Kaggle,7e0e4cada9c9fedb70f72d3b7274dfcc,2,0,test/notinfected/img_0_7451.jpg;train/notinfected/img_0_7451.jpg
Kaggle,7e7e7ae41cf528d2b045af87c85e663c,2,1,test/infected/img_0_698.jpg;train/infected/img_0_698.jpg
Kaggle,7eca092f31d5392143ade90d781a7b75,2,0,test/notinfected/img_0_5578.jpg;train/notinfected/img_0_5578.jpg
Kaggle,7ed79c7ca7947f6771ee7141a0aefd8c,2,0,test/notinfected/img_0_294.jpg;train/notinfected/img_0_294.jpg
Kaggle,7edb6e453321c28d125774644a5a78df,2,1,test/infected/img_0_7324.jpg;train/infected/img_0_7324.jpg
Kaggle,7ee9b02607c04ab7c918633549c9ab2d,2,0,test/notinfected/img_0_1502.jpg;train/notinfected/img_0_1502.jpg
Kaggle,7eeb6aa536a5fae1c752ccea825cb01d,2,1,test/infected/img_0_8575.jpg;train/infected/img_0_8575.jpg
Kaggle,7f044395b21572f12968095eea6c8c46,2,0,test/notinfected/img_0_117.jpg;train/notinfected/img_0_117.jpg
Kaggle,7f2da0624776a554e5e580eb1cb83728,2,1,test/infected/img_0_8332.jpg;train/infected/img_0_8332.jpg
Kaggle,7f3fb2a1cf2c3bf0e746e37f10d9ceae,2,0,test/notinfected/img_0_4681.jpg;train/notinfected/img_0_4681.jpg
Kaggle,7f491b132a76752465e1f747f4730cb9,2,1,test/infected/img_0_2993.jpg;train/infected/img_0_2993.jpg
Kaggle,7f8fecf29bdb7e8de4c460290d85749d,2,1,test/infected/img_0_5812.jpg;train/infected/img_0_5812.jpg
Kaggle,7f93d4b3bbb3b7548afb84b71509f18c,2,1,test/infected/img_0_5103.jpg;train/infected/img_0_5103.jpg
Kaggle,7fa8c64c56734c7a707c74a4aea975f7,2,0,test/notinfected/img_0_4275.jpg;train/notinfected/img_0_4275.jpg
Kaggle,80117947752076d963d869b86fa65dec,2,1,test/infected/img_0_5476.jpg;train/infected/img_0_5476.jpg
Kaggle,802b4cf05371079a01ce30b0f99a2cf3,2,0,test/notinfected/img_0_4021.jpg;train/notinfected/img_0_4021.jpg
Kaggle,80445e0fff2c2a75df644755f513b917,2,0,test/notinfected/img_0_6577.jpg;train/notinfected/img_0_6577.jpg
Kaggle,80671cef581e2e742a333b82f979b8c5,2,1,test/infected/img_0_4098.jpg;train/infected/img_0_4098.jpg
Kaggle,80680eedc85f1514f4b1eadb83c12cd9,2,1,test/infected/img_0_4497.jpg;train/infected/img_0_4497.jpg
Kaggle,8072fa10a2ead915a62f86efe0555f8e,2,0,test/notinfected/img_0_6015.jpg;train/notinfected/img_0_6015.jpg
Kaggle,80a7a21b27af0408f6b0a2f2f445a369,2,1,test/infected/img_0_6077.jpg;train/infected/img_0_6077.jpg
Kaggle,80a838bfbe89600c5380ecc0328078f6,2,0,test/notinfected/img_0_257.jpg;train/notinfected/img_0_257.jpg
Kaggle,80d961ecd761e4c5c0a5cdd97e681fd1,2,0,test/notinfected/img_0_9914.jpg;train/notinfected/img_0_9914.jpg
Kaggle,815ca776f4c33e30fb77045eb09be3df,2,1,test/infected/img_0_6447.jpg;train/infected/img_0_6447.jpg
Kaggle,816660461c77acfccacc1fff341de52a,2,0,test/notinfected/img_0_914.jpg;train/notinfected/img_0_914.jpg
Kaggle,818088a597dd0cda1cfb33c4bb64d2dd,2,0,test/notinfected/img_0_180.jpg;train/notinfected/img_0_180.jpg
Kaggle,818bc1d3cc2ac6c351610c9c32284229,2,0,test/notinfected/img_0_5988.jpg;train/notinfected/img_0_5988.jpg
Kaggle,81b4a3940bcf7e04bd0a4ee516249269,2,0,test/notinfected/img_0_8758.jpg;train/notinfected/img_0_8758.jpg
Kaggle,81c59c3da505765196843cd282eaefc5,2,0,test/notinfected/img_0_4772.jpg;train/notinfected/img_0_4772.jpg
Kaggle,81ca4463af25fe896c884e25c0cee373,2,0,test/notinfected/img_0_3154.jpg;train/notinfected/img_0_3154.jpg
Kaggle,81f38ac7be611d485185b6f67fb92702,2,0,test/notinfected/img_0_4055.jpg;train/notinfected/img_0_4055.jpg
Kaggle,81f9dc4064870c8b4f9fe1f95dc6f047,2,1,test/infected/img_0_6496.jpg;train/infected/img_0_6496.jpg
Kaggle,82226c1a7f84b843d7666f3b1ccfb8d3,2,0,test/notinfected/img_0_1679.jpg;train/notinfected/img_0_1679.jpg
Kaggle,822fca8c770335eb4f9b9c8822c7574c,2,0,test/notinfected/img_0_7135.jpg;train/notinfected/img_0_7135.jpg
Kaggle,823f674f130a9dbc28efd8b0303491d8,2,1,test/infected/img_0_712.jpg;train/infected/img_0_712.jpg
Kaggle,8242a32ec46f5226f1522fc99cc04d0e,2,1,test/infected/img_0_2490.jpg;train/infected/img_0_2490.jpg
Kaggle,8269884a9ee64ec5b9e12d6679382fbe,2,0,test/notinfected/img_0_3470.jpg;train/notinfected/img_0_3470.jpg
Kaggle,826f66082daf2b5ae0f667a52068eb98,2,1,test/infected/img_0_635.jpg;train/infected/img_0_635.jpg
Kaggle,82712649e1a26eb6c4402f2b926a8339,2,1,test/infected/img_0_245.jpg;train/infected/img_0_245.jpg
Kaggle,82bd89d32f4fa6522cb2b500e24487ec,2,0,test/notinfected/img_0_819.jpg;train/notinfected/img_0_819.jpg
Kaggle,82c114e1a53d146250e3353d9115f395,2,0,test/notinfected/img_0_935.jpg;train/notinfected/img_0_935.jpg
Kaggle,82c4244e35e764cd2313ad05222f7e5b,2,0,test/notinfected/img_0_4934.jpg;train/notinfected/img_0_4934.jpg
Kaggle,82e875812b6f831e19d04b0efa813243,2,0,test/notinfected/img_0_909.jpg;train/notinfected/img_0_909.jpg
Kaggle,832dc28a281cfe78483b6772350b76c5,2,0,test/notinfected/img_0_4584.jpg;train/notinfected/img_0_4584.jpg
Kaggle,83488774239135dae491479a9f65c0fe,2,0,test/notinfected/img_0_28.jpg;train/notinfected/img_0_28.jpg
Kaggle,83990f91af6a6aeb793b07a991022182,2,0,test/notinfected/img_0_4042.jpg;train/notinfected/img_0_4042.jpg
Kaggle,83a05dd361ca44051e47cb2cb648db57,2,0,test/notinfected/img_0_282.jpg;train/notinfected/img_0_282.jpg
Kaggle,83c58ac7a10b5d028d2e59a4254180dd,2,1,test/infected/img_0_7077.jpg;train/infected/img_0_7077.jpg
Kaggle,83d3d828841cba27132899b4cfe50506,2,0,test/notinfected/img_0_7063.jpg;train/notinfected/img_0_7063.jpg
Kaggle,83f1ef20328d716dd983e5d5e88686be,2,1,test/infected/img_0_2986.jpg;train/infected/img_0_2986.jpg
Kaggle,84070f894b399d3aabaa12cdd5a31310,2,1,test/infected/img_0_209.jpg;train/infected/img_0_209.jpg
Kaggle,840a67698d3b266e211c2fb4f4f63986,2,0,test/notinfected/img_0_2745.jpg;train/notinfected/img_0_2745.jpg
Kaggle,8416e51096520ffa0b4f3d276fd55baa,2,1,test/infected/img_0_2720.jpg;train/infected/img_0_2720.jpg
Kaggle,841f219bf2337808294c5ac82c0d0d87,2,0,test/notinfected/img_0_9613.jpg;train/notinfected/img_0_9613.jpg
Kaggle,847b10b1d9e0f55c5fd51d989e4b16ff,2,1,test/infected/img_0_8887.jpg;train/infected/img_0_8887.jpg
Kaggle,8497af978533a5c004bb0fe040624386,2,1,test/infected/img_0_4458.jpg;train/infected/img_0_4458.jpg
Kaggle,849b4c70a0060f0511f5125302bcbd49,2,1,test/infected/img_0_8386.jpg;train/infected/img_0_8386.jpg
Kaggle,84a4ee0c7d01747be4e79a8ca519d277,2,1,test/infected/img_0_6646.jpg;train/infected/img_0_6646.jpg
Kaggle,84c84cd8b91048619fbb24b0493592d3,2,0,test/notinfected/img_0_3630.jpg;train/notinfected/img_0_3630.jpg
Kaggle,84d80e72cca7989022f96b3f1f8994eb,2,0,test/notinfected/img_0_5762.jpg;train/notinfected/img_0_5762.jpg
Kaggle,84e5ba7af9e0d77f757d8ed088b83254,2,1,test/infected/img_0_8910.jpg;train/infected/img_0_8910.jpg
Kaggle,84ffaf3cd1ac9d253784d74c366d80ff,2,1,test/infected/img_0_4067.jpg;train/infected/img_0_4067.jpg
Kaggle,850d799d30ba8c3a05926a4da6d7b7a3,2,1,test/infected/img_0_4123.jpg;train/infected/img_0_4123.jpg
Kaggle,8551f431c8b07695e5c83906241e85fc,2,0,test/notinfected/img_0_38.jpg;train/notinfected/img_0_38.jpg
Kaggle,855990b318832f58e2bae402071adb59,2,1,test/infected/img_0_6974.jpg;train/infected/img_0_6974.jpg
Kaggle,85bb897769ba43d7fdfaacd12572818a,2,1,test/infected/img_0_6127.jpg;train/infected/img_0_6127.jpg
Kaggle,85de3d7b881c1470c549cabba232e6c9,2,1,test/infected/img_0_8718.jpg;train/infected/img_0_8718.jpg
Kaggle,861c7cda774ca582d44041a1b2a71ef7,2,0,test/notinfected/img_0_1242.jpg;train/notinfected/img_0_1242.jpg
Kaggle,8686e07b2e39098bbc025f8fb65205af,2,0,test/notinfected/img_0_9579.jpg;train/notinfected/img_0_9579.jpg
Kaggle,86ba082d3a2fb79538f31feca1786231,2,1,test/infected/img_0_6430.jpg;train/infected/img_0_6430.jpg
Kaggle,86eac727ffdcfaa4a4cd1249116de5ed,2,0,test/notinfected/img_0_3054.jpg;train/notinfected/img_0_3054.jpg
Kaggle,86f05c32e5290791680c181cd019a7a9,2,0,test/notinfected/img_0_4.jpg;train/notinfected/img_0_4.jpg
Kaggle,87024a74d37c17256d4b98ea155837d9,2,1,test/infected/img_0_2930.jpg;train/infected/img_0_2930.jpg
Kaggle,870e64a393f130fc19a99f2a1249b598,2,1,test/infected/img_0_4883.jpg;train/infected/img_0_4883.jpg
Kaggle,871a7906ea9a2846c2397832772373ee,2,1,test/infected/img_0_6744.jpg;train/infected/img_0_6744.jpg
Kaggle,872a644a3da9b6535b86913ee776715d,2,0,test/notinfected/img_0_5809.jpg;train/notinfected/img_0_5809.jpg
Kaggle,87f621c969184bbde2593985e68db16a,2,0,test/notinfected/img_0_2486.jpg;train/notinfected/img_0_2486.jpg
Kaggle,880bb11ec504938909e9e2f4f287abaf,2,0,test/notinfected/img_0_7188.jpg;train/notinfected/img_0_7188.jpg
Kaggle,88112a375effc7680126360fbaeaf1e0,2,1,test/infected/img_0_1814.jpg;train/infected/img_0_1814.jpg
Kaggle,88115961db0588ac1d0e8274acefef9f,2,0,test/notinfected/img_0_9644.jpg;train/notinfected/img_0_9644.jpg
Kaggle,8896c18a1962ff83188ce66ba7cf05e2,2,1,test/infected/img_0_2300.jpg;train/infected/img_0_2300.jpg
Kaggle,88b649a5b7398b35d53d28b3588f6cb0,2,0,test/notinfected/img_0_4593.jpg;train/notinfected/img_0_4593.jpg
Kaggle,88c13fd58b25c3c2a03d30c767567844,2,1,test/infected/img_0_1079.jpg;train/infected/img_0_1079.jpg
Kaggle,88d1b8463ae0aada65a3223f56f6c746,2,0,test/notinfected/img_0_3185.jpg;train/notinfected/img_0_3185.jpg
Kaggle,88eb4634c5f8913da77be1adc5995ce8,2,0,test/notinfected/img_0_3091.jpg;train/notinfected/img_0_3091.jpg
Kaggle,892591624695bc47fcd78bdda82e5b0b,2,0,test/notinfected/img_0_9255.jpg;train/notinfected/img_0_9255.jpg
Kaggle,892ddb7f1e035e5e46285476d6e07767,2,1,test/infected/img_0_4974.jpg;train/infected/img_0_4974.jpg
Kaggle,89560411842b70134914a32baf34e8b0,2,0,test/notinfected/img_0_7229.jpg;train/notinfected/img_0_7229.jpg
Kaggle,898b079c8c4d5fa63db429a6d922a578,2,1,test/infected/img_0_2457.jpg;train/infected/img_0_2457.jpg
Kaggle,8992d0e4108f8264c7bee3d7e764d437,2,0,test/notinfected/img_0_809.jpg;train/notinfected/img_0_809.jpg
Kaggle,89a089c936b421cee3df81365ebfbb35,2,1,test/infected/img_0_5205.jpg;train/infected/img_0_5205.jpg
Kaggle,89bf34c3db65e42669f50ae4802216b5,2,0,test/notinfected/img_0_6126.jpg;train/notinfected/img_0_6126.jpg
Kaggle,89cf47a653a720f13b084ca778c62088,2,1,test/infected/img_0_57.jpg;train/infected/img_0_57.jpg
Kaggle,89d189c9f9a51fc0999f13bbc9711e8f,2,0,test/notinfected/img_0_6022.jpg;train/notinfected/img_0_6022.jpg
Kaggle,89d9a453407feee01bf1ca2f978efb92,2,1,test/infected/img_0_781.jpg;train/infected/img_0_781.jpg
Kaggle,89dd4abe9561095276ce8d3b8a2275e7,2,1,test/infected/img_0_6872.jpg;train/infected/img_0_6872.jpg
Kaggle,8a12e113279b0c75efcb3860da21b40e,2,1,test/infected/img_0_7453.jpg;train/infected/img_0_7453.jpg
Kaggle,8a280fe3313dc8382f288cbdf93bb1ee,2,0,test/notinfected/img_0_7257.jpg;train/notinfected/img_0_7257.jpg
Kaggle,8a44fbc0ae32d553ac7df74f02496391,2,1,test/infected/img_0_7765.jpg;train/infected/img_0_7765.jpg
Kaggle,8a4cc88e949a67f441d3df8cd0c2d88c,2,0,test/notinfected/img_0_5058.jpg;train/notinfected/img_0_5058.jpg
Kaggle,8a4ec641718c743800f98df32b4149db,2,1,test/infected/img_0_8749.jpg;train/infected/img_0_8749.jpg
Kaggle,8a6fff922a6d918eef5be20d0ef4462e,2,1,test/infected/img_0_9998.jpg;train/infected/img_0_9998.jpg
Kaggle,8a77fc0a493dd14dd8394d6185367b58,2,1,test/infected/img_0_2743.jpg;train/infected/img_0_2743.jpg
Kaggle,8afa50abf59b072bf04c374d170b09a8,2,0,test/notinfected/img_0_3365.jpg;train/notinfected/img_0_3365.jpg
Kaggle,8b03791429caafe4ac2c1c60a8122105,2,0,test/notinfected/img_0_2326.jpg;train/notinfected/img_0_2326.jpg
Kaggle,8b1c3983a08b1cff7cf12564236f6157,2,1,test/infected/img_0_2502.jpg;train/infected/img_0_2502.jpg
Kaggle,8b1e7194380df98c484ecd829c765c8e,2,0,test/notinfected/img_0_7897.jpg;train/notinfected/img_0_7897.jpg
Kaggle,8b5381cad2d785b1a8b7e9f83ecd4172,2,0,test/notinfected/img_0_2819.jpg;train/notinfected/img_0_2819.jpg
Kaggle,8b6a5ca34cca4ec0b6713a2bb604ed32,2,0,test/notinfected/img_0_4990.jpg;train/notinfected/img_0_4990.jpg
Kaggle,8b832a8ac5dd52b17ab287c76d65a23c,2,0,test/notinfected/img_0_6796.jpg;train/notinfected/img_0_6796.jpg
Kaggle,8b8f09bd6d03d461ace2b193f07baa4f,2,1,test/infected/img_0_1141.jpg;train/infected/img_0_1141.jpg
Kaggle,8ba44a6571a62f1e974cc63b8d223080,2,0,test/notinfected/img_0_4368.jpg;train/notinfected/img_0_4368.jpg
Kaggle,8bd0a41bd0425794e1f697d46cdbb0bd,2,1,test/infected/img_0_4154.jpg;train/infected/img_0_4154.jpg
Kaggle,8bff936a17a91aa166e7a9c42e9c51c9,2,1,test/infected/img_0_7558.jpg;train/infected/img_0_7558.jpg
Kaggle,8c632329ae5316ce3f062a4e73342446,2,0,test/notinfected/img_0_8783.jpg;train/notinfected/img_0_8783.jpg
Kaggle,8c7f8829459bac06ea30e310e809009e,2,0,test/notinfected/img_0_923.jpg;train/notinfected/img_0_923.jpg
Kaggle,8c7fa85309da820c1b986de5cb2732af,2,0,test/notinfected/img_0_3867.jpg;train/notinfected/img_0_3867.jpg
Kaggle,8c97c1859b5330fd3eeaf911e910ec55,2,1,test/infected/img_0_7461.jpg;train/infected/img_0_7461.jpg
Kaggle,8d08fc9fc238e0b522fb3644c9ad7c29,2,1,test/infected/img_0_8449.jpg;train/infected/img_0_8449.jpg
Kaggle,8d39a020adc0a0802dd75df129d7fed9,2,0,test/notinfected/img_0_305.jpg;train/notinfected/img_0_305.jpg
Kaggle,8d4724985fe2417ebeeff7a00e9d43b1,2,1,test/infected/img_0_4214.jpg;train/infected/img_0_4214.jpg
Kaggle,8d58e64a70ee07900b1c386faf905136,2,0,test/notinfected/img_0_7624.jpg;train/notinfected/img_0_7624.jpg
Kaggle,8d7ba341ccd2152fd766435c58e09aef,2,0,test/notinfected/img_0_4159.jpg;train/notinfected/img_0_4159.jpg
Kaggle,8d89dbbd9384217a0f7428f98c619a91,2,1,test/infected/img_0_9984.jpg;train/infected/img_0_9984.jpg
Kaggle,8dc503596b619f38eb9398d6df5fa38f,2,1,test/infected/img_0_5300.jpg;train/infected/img_0_5300.jpg
Kaggle,8dc9acd28b3cd510b35d2aab3bab7873,2,1,test/infected/img_0_6756.jpg;train/infected/img_0_6756.jpg
Kaggle,8dccc628b734fa5a787e9cdc998152f1,2,0,test/notinfected/img_0_4392.jpg;train/notinfected/img_0_4392.jpg
Kaggle,8de00710842d7cfed3d4242dfd82bff5,2,1,test/infected/img_0_9720.jpg;train/infected/img_0_9720.jpg
Kaggle,8e1f71d07149d21278424b65d2432979,2,0,test/notinfected/img_0_845.jpg;train/notinfected/img_0_845.jpg
Kaggle,8e43447219bc6923d5f51b652bfbb999,2,0,test/notinfected/img_0_5024.jpg;train/notinfected/img_0_5024.jpg
Kaggle,8e992ae087584163dabb03bae416144e,2,0,test/notinfected/img_0_296.jpg;train/notinfected/img_0_296.jpg
Kaggle,8eb2496caeabcc72e4d37cfaac20fdae,2,0,test/notinfected/img_0_1081.jpg;train/notinfected/img_0_1081.jpg
Kaggle,8ed75be75c36a8cc2fc7b5e31d813e85,2,1,test/infected/img_0_8106.jpg;train/infected/img_0_8106.jpg
Kaggle,8ed76d834e972772ed070611ebcca8f0,2,1,test/infected/img_0_3926.jpg;train/infected/img_0_3926.jpg
Kaggle,8edd64ece5575427ff09480e4e6a65fe,2,0,test/notinfected/img_0_1662.jpg;train/notinfected/img_0_1662.jpg
Kaggle,8ee6b058c4e0cf6dc3b8bf858360b3b7,2,1,test/infected/img_0_705.jpg;train/infected/img_0_705.jpg
Kaggle,8f017f1e8597d25974a512b9f51023a1,2,1,test/infected/img_0_8789.jpg;train/infected/img_0_8789.jpg
Kaggle,8f2f023f99fd60394dfc9c895000ad30,2,1,test/infected/img_0_5223.jpg;train/infected/img_0_5223.jpg
Kaggle,8f4a98686db4ecc35dcc5e162874bbc7,2,1,test/infected/img_0_155.jpg;train/infected/img_0_155.jpg
Kaggle,8fa5e0523e70b59582f72e52f4aeb49b,2,0,test/notinfected/img_0_5724.jpg;train/notinfected/img_0_5724.jpg
Kaggle,8fc4e2cbfa2e8c4847172017a6efc195,2,1,test/infected/img_0_1845.jpg;train/infected/img_0_1845.jpg
Kaggle,8fceaff45add3075840c75ab8f8a9564,2,0,test/notinfected/img_0_3287.jpg;train/notinfected/img_0_3287.jpg
Kaggle,8ffcb8ca41a1a6906dfa1c2a01964ac2,2,1,test/infected/img_0_2284.jpg;train/infected/img_0_2284.jpg
Kaggle,9013346a01dd3e5be3a50ef5b561a764,2,0,test/notinfected/img_0_7678.jpg;train/notinfected/img_0_7678.jpg
Kaggle,90216b306f1b791080c0991c7b325a95,2,0,test/notinfected/img_0_2517.jpg;train/notinfected/img_0_2517.jpg
Kaggle,90414fe396b6aadcab872490e8261e61,2,0,test/notinfected/img_0_5049.jpg;train/notinfected/img_0_5049.jpg
Kaggle,90425c8aa4c7cb69ba2d07e64eb5c197,2,0,test/notinfected/img_0_4723.jpg;train/notinfected/img_0_4723.jpg
Kaggle,90608691c2c2d3d666b6db3bc2804f75,2,0,test/notinfected/img_0_8529.jpg;train/notinfected/img_0_8529.jpg
Kaggle,9064416365c10eb4585c251a447c5c7a,2,0,test/notinfected/img_0_9100.jpg;train/notinfected/img_0_9100.jpg
Kaggle,90a9b47b800d668f43dda35aca4b7dd8,2,1,test/infected/img_0_2436.jpg;train/infected/img_0_2436.jpg
Kaggle,90b3a50957737fd7dee02b7f58d921e8,2,1,test/infected/img_0_6064.jpg;train/infected/img_0_6064.jpg
Kaggle,910b9115a35d109e01b4bddd4169c1f5,2,0,test/notinfected/img_0_9083.jpg;train/notinfected/img_0_9083.jpg
Kaggle,910c29489a8945681f6613cc63b11f59,2,0,test/notinfected/img_0_6732.jpg;train/notinfected/img_0_6732.jpg
Kaggle,911ed2cd884aab62d53104f0803f4116,2,0,test/notinfected/img_0_4100.jpg;train/notinfected/img_0_4100.jpg
Kaggle,9159333c8fa3c8b3ba771321d55b5fee,2,0,test/notinfected/img_0_6998.jpg;train/notinfected/img_0_6998.jpg
Kaggle,91d73403499374fd61f2679efcb2d33a,2,0,test/notinfected/img_0_8190.jpg;train/notinfected/img_0_8190.jpg
Kaggle,91e82f7ef1ec4cd855ec493b4f08e886,2,0,test/notinfected/img_0_3984.jpg;train/notinfected/img_0_3984.jpg
Kaggle,91ff7c6e71f4be704085bec724293d2e,2,0,test/notinfected/img_0_3245.jpg;train/notinfected/img_0_3245.jpg
Kaggle,9211258eb45b8a35b0bd0b974321ddf8,2,1,test/infected/img_0_4344.jpg;train/infected/img_0_4344.jpg
Kaggle,921389b12c3d78121154b5f241582aaa,2,0,test/notinfected/img_0_7996.jpg;train/notinfected/img_0_7996.jpg
Kaggle,921fc20eb83f5a00f97a40c33efa780f,2,0,test/notinfected/img_0_99.jpg;train/notinfected/img_0_99.jpg
Kaggle,92599031fb65036f8758c36097778f45,2,0,test/notinfected/img_0_8081.jpg;train/notinfected/img_0_8081.jpg
Kaggle,928ae92dbf18ca433f12ff44e5d5426d,2,0,test/notinfected/img_0_1300.jpg;train/notinfected/img_0_1300.jpg
Kaggle,92a01baa70886356b0f7dd1bde53a7c5,2,0,test/notinfected/img_0_1181.jpg;train/notinfected/img_0_1181.jpg
Kaggle,931feb386c0232216812a7bc88d6ff39,2,0,test/notinfected/img_0_2760.jpg;train/notinfected/img_0_2760.jpg
Kaggle,935c2f5b44f3ce9cff63047727966da5,2,1,test/infected/img_0_6899.jpg;train/infected/img_0_6899.jpg
Kaggle,9360b1699806f8030ddc70b07cd17999,2,0,test/notinfected/img_0_9075.jpg;train/notinfected/img_0_9075.jpg
Kaggle,9383de93310ea2987ca152badb82ee3b,2,0,test/notinfected/img_0_2928.jpg;train/notinfected/img_0_2928.jpg
Kaggle,93b641692278b5fef647475688874a9a,2,0,test/notinfected/img_0_6661.jpg;train/notinfected/img_0_6661.jpg
Kaggle,93c922508c4e0a6831144904fbff75a2,2,0,test/notinfected/img_0_114.jpg;train/notinfected/img_0_114.jpg
Kaggle,93d75e939c9cf182c283d88634b99510,2,0,test/notinfected/img_0_6125.jpg;train/notinfected/img_0_6125.jpg
Kaggle,93e553a18cb0def1131cc3cb16e5cfd8,2,0,test/notinfected/img_0_5364.jpg;train/notinfected/img_0_5364.jpg
Kaggle,940a341c2bb3ba519184b2da1e6ce291,2,0,test/notinfected/img_0_1882.jpg;train/notinfected/img_0_1882.jpg
Kaggle,940b3191edaf0c797dba1faa9ff58679,2,1,test/infected/img_0_6121.jpg;train/infected/img_0_6121.jpg
Kaggle,949c76ddb4c2a49d7c2ec3981f735a4b,2,0,test/notinfected/img_0_3617.jpg;train/notinfected/img_0_3617.jpg
Kaggle,94e25cf6e2cb69f0005e3132e8b23dd3,2,0,test/notinfected/img_0_1387.jpg;train/notinfected/img_0_1387.jpg
Kaggle,94e4e57173e7fe983d5927fea07b53c0,2,0,test/notinfected/img_0_6464.jpg;train/notinfected/img_0_6464.jpg
Kaggle,94ff54c1e435c6269e9ee2ab5ba01fef,2,1,test/infected/img_0_3352.jpg;train/infected/img_0_3352.jpg
Kaggle,9524e3d52ba7e399be51a6e71e29d709,2,1,test/infected/img_0_2765.jpg;train/infected/img_0_2765.jpg
Kaggle,953b9609766bc4b5618797a800dcb749,2,0,test/notinfected/img_0_6165.jpg;train/notinfected/img_0_6165.jpg
Kaggle,95450970f4bbbbbaeb87fcfd616bdcb9,2,0,test/notinfected/img_0_6595.jpg;train/notinfected/img_0_6595.jpg
Kaggle,956bf1a14f7f6751389b755f63a20214,2,0,test/notinfected/img_0_2026.jpg;train/notinfected/img_0_2026.jpg
Kaggle,956d5a5a66c6e538d52a13edc8619ff7,2,0,test/notinfected/img_0_4950.jpg;train/notinfected/img_0_4950.jpg
Kaggle,958ec4a7c592e2499e162fa500d44868,2,0,test/notinfected/img_0_8825.jpg;train/notinfected/img_0_8825.jpg
Kaggle,9598ee96d649e2951fba39b41de979de,2,1,test/infected/img_0_60.jpg;train/infected/img_0_60.jpg
Kaggle,95a725dabd177f45a3123a91db981e4a,2,1,test/infected/img_0_9181.jpg;train/infected/img_0_9181.jpg
Kaggle,95a9629484c40ca52c28279f99b45dbb,2,0,test/notinfected/img_0_7219.jpg;train/notinfected/img_0_7219.jpg
Kaggle,9606270eb18fe2c8404b43fb82e6e201,2,1,test/infected/img_0_6936.jpg;train/infected/img_0_6936.jpg
Kaggle,964a0274a3530ec215b00fb81bb06918,2,1,test/infected/img_0_1743.jpg;train/infected/img_0_1743.jpg
Kaggle,9678d9166b21d7714b441d442364f3de,2,0,test/notinfected/img_0_9389.jpg;train/notinfected/img_0_9389.jpg
Kaggle,96b2b970f921a7b9a6f7042a47eb0799,2,1,test/infected/img_0_6676.jpg;train/infected/img_0_6676.jpg
Kaggle,96bb075e3017dcbcf4633a8a16f15815,2,1,test/infected/img_0_4283.jpg;train/infected/img_0_4283.jpg
Kaggle,97820c8ec489200df074a4be2bf588d7,2,0,test/notinfected/img_0_8189.jpg;train/notinfected/img_0_8189.jpg
Kaggle,97baab0890d1b9ee122a0d6eadc407da,2,1,test/infected/img_0_5696.jpg;train/infected/img_0_5696.jpg
Kaggle,97f3a6d914f3ae84a55706b348d8ab25,2,1,test/infected/img_0_9678.jpg;train/infected/img_0_9678.jpg
Kaggle,980d1f5e9a8d4f52221657f095d42124,2,0,test/notinfected/img_0_2452.jpg;train/notinfected/img_0_2452.jpg
Kaggle,98a2c3234fbfbc13dfad0d63c40b8257,2,1,test/infected/img_0_3391.jpg;train/infected/img_0_3391.jpg
Kaggle,98b03ada2f97278916b707e49eeec15c,2,0,test/notinfected/img_0_3229.jpg;train/notinfected/img_0_3229.jpg
Kaggle,9922c34fe73f447db286a2e28126cef8,2,0,test/notinfected/img_0_8740.jpg;train/notinfected/img_0_8740.jpg
Kaggle,99360198335002ca893e380d38845af8,2,1,test/infected/img_0_2500.jpg;train/infected/img_0_2500.jpg
Kaggle,9971da52b91b084c7fed7d087e2b6730,2,0,test/notinfected/img_0_130.jpg;train/notinfected/img_0_130.jpg
Kaggle,999d89a9724b7ccaaca379bc32feadfa,2,1,test/infected/img_0_4472.jpg;train/infected/img_0_4472.jpg
Kaggle,99d3c115de72b74a160d8192241a454c,2,1,test/infected/img_0_1706.jpg;train/infected/img_0_1706.jpg
Kaggle,99fe1fe3f918e2d06d59089ad7833203,2,1,test/infected/img_0_5841.jpg;train/infected/img_0_5841.jpg
Kaggle,9a0b1c42fa5a3dcd0a304d43b1b0c944,2,1,test/infected/img_0_3714.jpg;train/infected/img_0_3714.jpg
Kaggle,9a1189ef98ef26ea1ceb9ce285113f65,2,1,test/infected/img_0_367.jpg;train/infected/img_0_367.jpg
Kaggle,9a2c28c651a294d7f7eaf4626ee967bc,2,1,test/infected/img_0_2643.jpg;train/infected/img_0_2643.jpg
Kaggle,9a2ef3cf7b6d993e690e555d10d7d730,2,0,test/notinfected/img_0_8885.jpg;train/notinfected/img_0_8885.jpg
Kaggle,9a9eb707429febaaf2fed1612868268f,2,0,test/notinfected/img_0_3579.jpg;train/notinfected/img_0_3579.jpg
Kaggle,9b2663fffc9eac793832ae052289ded8,2,0,test/notinfected/img_0_7155.jpg;train/notinfected/img_0_7155.jpg
Kaggle,9b43dde055996f7ca81b1bda2ce46992,2,1,test/infected/img_0_9786.jpg;train/infected/img_0_9786.jpg
Kaggle,9b508c4fa919ede874655cfae8a9f2fe,2,1,test/infected/img_0_7688.jpg;train/infected/img_0_7688.jpg
Kaggle,9b7a5c3caaf9dd1fd08b49498c768023,2,1,test/infected/img_0_2543.jpg;train/infected/img_0_2543.jpg
Kaggle,9b7f9063184341ba6ac24996c887eba6,2,0,test/notinfected/img_0_1084.jpg;train/notinfected/img_0_1084.jpg
Kaggle,9b95238255ae59f5db1c24b5dc963bb2,2,0,test/notinfected/img_0_9904.jpg;train/notinfected/img_0_9904.jpg
Kaggle,9bb413813435d77737034477d828414b,2,0,test/notinfected/img_0_5353.jpg;train/notinfected/img_0_5353.jpg
Kaggle,9bfa01f0bf542d4ae525f50e7427909d,2,1,test/infected/img_0_4249.jpg;train/infected/img_0_4249.jpg
Kaggle,9c4e27ec8bb3fe040607117b9ea68e33,2,0,test/notinfected/img_0_1855.jpg;train/notinfected/img_0_1855.jpg
Kaggle,9c5b050068b6fbff55629f07cd649faa,2,1,test/infected/img_0_2839.jpg;train/infected/img_0_2839.jpg
Kaggle,9c6934c75b377506a477598561116e8d,2,0,test/notinfected/img_0_1656.jpg;train/notinfected/img_0_1656.jpg
Kaggle,9cb9ed4a8890418759ca8a06aca89400,2,1,test/infected/img_0_409.jpg;train/infected/img_0_409.jpg
Kaggle,9ccb898f5957294aa4b7a98321df17fa,2,0,test/notinfected/img_0_258.jpg;train/notinfected/img_0_258.jpg
Kaggle,9cd9106a34b01cae97cbfeeff3ce9198,2,1,test/infected/img_0_9708.jpg;train/infected/img_0_9708.jpg
Kaggle,9d1229d8c23f4a00b918b1965f24ec64,2,0,test/notinfected/img_0_6359.jpg;train/notinfected/img_0_6359.jpg
Kaggle,9d2c9dbf9771f434a0d4a9d0454a0ef8,2,1,test/infected/img_0_4611.jpg;train/infected/img_0_4611.jpg
Kaggle,9d4874253a4d219d97dbadcd2b2c7d70,2,0,test/notinfected/img_0_1402.jpg;train/notinfected/img_0_1402.jpg
Kaggle,9d521ff292d6a466b3e1d33d37969082,2,0,test/notinfected/img_0_601.jpg;train/notinfected/img_0_601.jpg
Kaggle,9dc278e41348ac5909157beefe820a1a,2,1,test/infected/img_0_9143.jpg;train/infected/img_0_9143.jpg
Kaggle,9de3c3956145c457057d1911b04940ff,2,0,test/notinfected/img_0_2871.jpg;train/notinfected/img_0_2871.jpg
Kaggle,9e01ab2b2eef148a375d322d6ee86a86,2,0,test/notinfected/img_0_1202.jpg;train/notinfected/img_0_1202.jpg
Kaggle,9e20a7923656fe58362fef1e4c042303,2,0,test/notinfected/img_0_4234.jpg;train/notinfected/img_0_4234.jpg
Kaggle,9e305d7a7bc927f8ff3c2e19f542c70a,2,0,test/notinfected/img_0_431.jpg;train/notinfected/img_0_431.jpg
Kaggle,9e530672f6383953ea6ec7483918aa42,2,1,test/infected/img_0_9184.jpg;train/infected/img_0_9184.jpg
Kaggle,9ea44d97f37636f4a0e7783442d6964d,2,1,test/infected/img_0_8488.jpg;train/infected/img_0_8488.jpg
Kaggle,9eb6ad341a8644624c0d693e9ae14132,2,1,test/infected/img_0_5879.jpg;train/infected/img_0_5879.jpg
Kaggle,9ebd558b103222e40e5de887365f59f5,2,1,test/infected/img_0_8655.jpg;train/infected/img_0_8655.jpg
Kaggle,9ec1807451803ea3ebcc361408ef1ef7,2,0,test/notinfected/img_0_1930.jpg;train/notinfected/img_0_1930.jpg
Kaggle,9ee56fec09ba8a747280fc238e311187,2,1,test/infected/img_0_3339.jpg;train/infected/img_0_3339.jpg
Kaggle,9eed5350ea70993653e8a420359d6838,2,1,test/infected/img_0_2098.jpg;train/infected/img_0_2098.jpg
Kaggle,9f165337acadf29890bef3d47dc97a03,2,1,test/infected/img_0_497.jpg;train/infected/img_0_497.jpg
Kaggle,9f438e71ef0d03e30ae9e893314e7022,2,0,test/notinfected/img_0_3611.jpg;train/notinfected/img_0_3611.jpg
Kaggle,9f49487defe6fd7141280288845fd87c,2,0,test/notinfected/img_0_8633.jpg;train/notinfected/img_0_8633.jpg
Kaggle,9f659f462d6970f258ac182bc99132a7,2,1,test/infected/img_0_1974.jpg;train/infected/img_0_1974.jpg
Kaggle,9fb010326b33ea93e39df89c025da464,2,0,test/notinfected/img_0_5712.jpg;train/notinfected/img_0_5712.jpg
Kaggle,9fb0a93af7e72784f776b85fffce64f1,2,0,test/notinfected/img_0_3205.jpg;train/notinfected/img_0_3205.jpg
Kaggle,9fb1cec8288ecdc3f4764cda9e99a6eb,2,0,test/notinfected/img_0_3706.jpg;train/notinfected/img_0_3706.jpg
Kaggle,9ff2b7fc653355b2a01c8823b81eaf13,2,1,test/infected/img_0_688.jpg;train/infected/img_0_688.jpg
Kaggle,a002ece01b82fe7cd537f6a332c6eb5c,2,1,test/infected/img_0_1886.jpg;train/infected/img_0_1886.jpg
Kaggle,a00e02618a3eab757e2106fe782a8930,2,0,test/notinfected/img_0_2318.jpg;train/notinfected/img_0_2318.jpg
Kaggle,a097d96a412cb0babfc4f78f86b3f242,2,0,test/notinfected/img_0_7038.jpg;train/notinfected/img_0_7038.jpg
Kaggle,a09ccc158a8c8e93757bf1f3633d3b67,2,1,test/infected/img_0_8040.jpg;train/infected/img_0_8040.jpg
Kaggle,a0aeb4917292eae0c81db423218df4e5,2,1,test/infected/img_0_5206.jpg;train/infected/img_0_5206.jpg
Kaggle,a0fdb31600e69bda22d32ae540fcf515,2,1,test/infected/img_0_1553.jpg;train/infected/img_0_1553.jpg
Kaggle,a10581f8a65479cee9716eb49eec97f7,2,0,test/notinfected/img_0_6261.jpg;train/notinfected/img_0_6261.jpg
Kaggle,a11c2c5420f4eaf931b98a48c3c565d0,2,0,test/notinfected/img_0_8059.jpg;train/notinfected/img_0_8059.jpg
Kaggle,a11e5fa60e095b007a5b5eb4b728cb7a,2,0,test/notinfected/img_0_5763.jpg;train/notinfected/img_0_5763.jpg
Kaggle,a122bc079d88b0610545f94dae7ffdfa,2,0,test/notinfected/img_0_7937.jpg;train/notinfected/img_0_7937.jpg
Kaggle,a190c2b7729d6ea694854c4fccdd23cc,2,0,test/notinfected/img_0_5368.jpg;train/notinfected/img_0_5368.jpg
Kaggle,a1d69290a7798d7c24cbbceca9e56e40,2,1,test/infected/img_0_9446.jpg;train/infected/img_0_9446.jpg
Kaggle,a1d8c45cda4dce10c20da16e57e3e22b,2,1,test/infected/img_0_1560.jpg;train/infected/img_0_1560.jpg
Kaggle,a1df6684cf7413eb129ace5d4bca9fd3,2,1,test/infected/img_0_5951.jpg;train/infected/img_0_5951.jpg
Kaggle,a268add00118a17b7e9aff4b1605fa65,2,0,test/notinfected/img_0_6121.jpg;train/notinfected/img_0_6121.jpg
Kaggle,a273486223fd88093f0706a2760a042b,2,1,test/infected/img_0_9948.jpg;train/infected/img_0_9948.jpg
Kaggle,a2b8c1b0efac0112b1cd4501d9276f20,2,1,test/infected/img_0_9343.jpg;train/infected/img_0_9343.jpg
Kaggle,a2d2b77d829dcfdc7ff8bf7269112b6b,2,1,test/infected/img_0_263.jpg;train/infected/img_0_263.jpg
Kaggle,a3068ecd12ef2407f1736b752780afa9,2,0,test/notinfected/img_0_9624.jpg;train/notinfected/img_0_9624.jpg
Kaggle,a31a5e0d278aeac1e65bf985e4a9d29f,2,1,test/infected/img_0_242.jpg;train/infected/img_0_242.jpg
Kaggle,a359fe025d369f4f25495a8b3b8d0527,2,1,test/infected/img_0_8668.jpg;train/infected/img_0_8668.jpg
Kaggle,a38e0df3811861bfbdb9bbe4c5db12fe,2,1,test/infected/img_0_8508.jpg;train/infected/img_0_8508.jpg
Kaggle,a39333705a6d22fcb2ce473d8e176a53,2,1,test/infected/img_0_2184.jpg;train/infected/img_0_2184.jpg
Kaggle,a399e4a99bce57e9527e2f1aa51ea675,2,0,test/notinfected/img_0_7221.jpg;train/notinfected/img_0_7221.jpg
Kaggle,a3bb5a510b7f5df26119bc623ada927c,2,0,test/notinfected/img_0_1563.jpg;train/notinfected/img_0_1563.jpg
Kaggle,a3bdc42543d94725b1bc5d0ef196e9b0,2,0,test/notinfected/img_0_5040.jpg;train/notinfected/img_0_5040.jpg
Kaggle,a4147c40bcb56acb892139800bf32d52,2,1,test/infected/img_0_7526.jpg;train/infected/img_0_7526.jpg
Kaggle,a42c924669b73b998663c2e7988046d9,2,1,test/infected/img_0_357.jpg;train/infected/img_0_357.jpg
Kaggle,a43b1e058458b5c6c69a652fe837931f,2,1,test/infected/img_0_7321.jpg;train/infected/img_0_7321.jpg
Kaggle,a43de2db9032c548d9a0fab6b508ad24,2,1,test/infected/img_0_3218.jpg;train/infected/img_0_3218.jpg
Kaggle,a43f80d50e2d2bfd3ec73e11617dd455,2,0,test/notinfected/img_0_5638.jpg;train/notinfected/img_0_5638.jpg
Kaggle,a4fd4265d522566e0df06c2ca9071674,2,1,test/infected/img_0_5299.jpg;train/infected/img_0_5299.jpg
Kaggle,a506fa4b93a6f3564758a3108f23b565,2,0,test/notinfected/img_0_8736.jpg;train/notinfected/img_0_8736.jpg
Kaggle,a51dfa0372176e4280fea5296a76a14e,2,0,test/notinfected/img_0_1550.jpg;train/notinfected/img_0_1550.jpg
Kaggle,a530af7d8db6428c014bb453a9038a30,2,0,test/notinfected/img_0_4428.jpg;train/notinfected/img_0_4428.jpg
Kaggle,a531b8826a89329933879dff2ffb1468,2,1,test/infected/img_0_8395.jpg;train/infected/img_0_8395.jpg
Kaggle,a59207f1492cc439c326405b2d909dfa,2,0,test/notinfected/img_0_3331.jpg;train/notinfected/img_0_3331.jpg
Kaggle,a5b676e24651da46c46da71e8daf30d6,2,0,test/notinfected/img_0_2327.jpg;train/notinfected/img_0_2327.jpg
Kaggle,a5d0826fff34354f57f22efe1effc13a,2,1,test/infected/img_0_3137.jpg;train/infected/img_0_3137.jpg
Kaggle,a5d233492bed9622cb0b11d94803ecf8,2,1,test/infected/img_0_1272.jpg;train/infected/img_0_1272.jpg
Kaggle,a6689d4454fb9dc2cc77ad81cc0ff591,2,1,test/infected/img_0_9961.jpg;train/infected/img_0_9961.jpg
Kaggle,a66b61d2eaedd704ac303bf401389fda,2,0,test/notinfected/img_0_1811.jpg;train/notinfected/img_0_1811.jpg
Kaggle,a679687dbca53d428226a1afb7031316,2,0,test/notinfected/img_0_7148.jpg;train/notinfected/img_0_7148.jpg
Kaggle,a6b582f8e8b2af335e32af021476f62c,2,0,test/notinfected/img_0_8590.jpg;train/notinfected/img_0_8590.jpg
Kaggle,a6cb2433a0f5641a767f2800f8fd171d,2,0,test/notinfected/img_0_6054.jpg;train/notinfected/img_0_6054.jpg
Kaggle,a6e88c2c21c78007397e386f8e7b373e,2,0,test/notinfected/img_0_2803.jpg;train/notinfected/img_0_2803.jpg
Kaggle,a747ad698fa96309d1d2ac7d5b1bc14b,2,0,test/notinfected/img_0_3433.jpg;train/notinfected/img_0_3433.jpg
Kaggle,a75490d7bd7d217c415ec4006b7e81fe,2,1,test/infected/img_0_1410.jpg;train/infected/img_0_1410.jpg
Kaggle,a77bc88409db079a0e677b4deb0f4dbb,2,1,test/infected/img_0_2460.jpg;train/infected/img_0_2460.jpg
Kaggle,a77c2d8ad58688ec64ad7356f3ac861e,2,1,test/infected/img_0_8139.jpg;train/infected/img_0_8139.jpg
Kaggle,a78a29a7d6fbc12de22fbb712d3a7a6d,2,1,test/infected/img_0_6049.jpg;train/infected/img_0_6049.jpg
Kaggle,a7cfb24407a260f70d349ab92b304175,2,1,test/infected/img_0_695.jpg;train/infected/img_0_695.jpg
Kaggle,a7ef9ffae24ebfc45cee9a22243f84a6,2,1,test/infected/img_0_6276.jpg;train/infected/img_0_6276.jpg
Kaggle,a814ea932ef0c6681a7159b352259cb9,2,1,test/infected/img_0_7929.jpg;train/infected/img_0_7929.jpg
Kaggle,a821d86f4807bf555b0ffd683f79db03,2,0,test/notinfected/img_0_2646.jpg;train/notinfected/img_0_2646.jpg
Kaggle,a8658387eb4e238cd252b3b20fabfcd6,2,1,test/infected/img_0_8884.jpg;train/infected/img_0_8884.jpg
Kaggle,a868629cd167799596c85f43ba1bdeba,2,0,test/notinfected/img_0_1507.jpg;train/notinfected/img_0_1507.jpg
Kaggle,a86cb92a9d5930b92fee1d76ce7f4e8e,2,0,test/notinfected/img_0_7611.jpg;train/notinfected/img_0_7611.jpg
Kaggle,a8769c709c4a07d9fd058e77150c02a2,2,0,test/notinfected/img_0_875.jpg;train/notinfected/img_0_875.jpg
Kaggle,a888e83146bf92dec10dc1c8db0a9d6c,2,1,test/infected/img_0_7175.jpg;train/infected/img_0_7175.jpg
Kaggle,a88ea03fc47d3d75fc03fe7f2148c15c,2,1,test/infected/img_0_6595.jpg;train/infected/img_0_6595.jpg
Kaggle,a8b802a76523b8d4c3f8ab1ef12c58e7,2,0,test/notinfected/img_0_1354.jpg;train/notinfected/img_0_1354.jpg
Kaggle,a8c1c7543e913240d496b39a75073ff0,2,0,test/notinfected/img_0_8806.jpg;train/notinfected/img_0_8806.jpg
Kaggle,a8fedf57d3dede71f4a421299c91e9a4,2,1,test/infected/img_0_6955.jpg;train/infected/img_0_6955.jpg
Kaggle,a92877137a096b05b6dccf7bd087c201,2,1,test/infected/img_0_3986.jpg;train/infected/img_0_3986.jpg
Kaggle,a9340e85f74b1302c76287be0cea9805,2,1,test/infected/img_0_9921.jpg;train/infected/img_0_9921.jpg
Kaggle,a95329d939de74ee61203bb6ce0145a7,2,1,test/infected/img_0_7630.jpg;train/infected/img_0_7630.jpg
Kaggle,a97a08651388dee47543a21b5bc6fedc,2,1,test/infected/img_0_5552.jpg;train/infected/img_0_5552.jpg
Kaggle,a9b243ef94b79bc779aa0093d512267a,2,0,test/notinfected/img_0_4147.jpg;train/notinfected/img_0_4147.jpg
Kaggle,a9d03648554b3e94818dcb9ac3ec7af0,2,1,test/infected/img_0_5915.jpg;train/infected/img_0_5915.jpg
Kaggle,a9db3d0fce56f8446ecc4a995d4029db,2,1,test/infected/img_0_4207.jpg;train/infected/img_0_4207.jpg
Kaggle,aa0a4344036e0f1e0d5c880be218df48,2,1,test/infected/img_0_3492.jpg;train/infected/img_0_3492.jpg
Kaggle,aa1434e67df4d7289ab49718b464c6b6,2,0,test/notinfected/img_0_5115.jpg;train/notinfected/img_0_5115.jpg
Kaggle,aa252007031d36461e1291efd4dab2b1,2,0,test/notinfected/img_0_2145.jpg;train/notinfected/img_0_2145.jpg
Kaggle,aa353771f595d1a2bfa657c7dcf89cf7,2,1,test/infected/img_0_4879.jpg;train/infected/img_0_4879.jpg
Kaggle,aa3b631c713384e563f13740d73f9fb8,2,0,test/notinfected/img_0_1504.jpg;train/notinfected/img_0_1504.jpg
Kaggle,aa3c81d8e285107c7620adcf17639e89,2,0,test/notinfected/img_0_5479.jpg;train/notinfected/img_0_5479.jpg
Kaggle,aa4b712332f1befc1a2b5f3d8ebbc395,2,0,test/notinfected/img_0_1506.jpg;train/notinfected/img_0_1506.jpg
Kaggle,aa4bc65a9087dd1bdb068d1dbeb2d1d6,2,0,test/notinfected/img_0_8245.jpg;train/notinfected/img_0_8245.jpg
Kaggle,aa58bce4f5440391e081f56c9826c9c5,2,0,test/notinfected/img_0_5622.jpg;train/notinfected/img_0_5622.jpg
Kaggle,aa5a8972b2ffebaa1c62fcaf124fb8f5,2,0,test/notinfected/img_0_7788.jpg;train/notinfected/img_0_7788.jpg
Kaggle,aa5c9157cdde82107cc667a8b107fbce,2,0,test/notinfected/img_0_1123.jpg;train/notinfected/img_0_1123.jpg
Kaggle,aa78d6d9ca0762b3c5f80d5b81c4b82e,2,0,test/notinfected/img_0_1968.jpg;train/notinfected/img_0_1968.jpg
Kaggle,aa99a8c9dee345e2c3c617360b3f701e,2,1,test/infected/img_0_3530.jpg;train/infected/img_0_3530.jpg
Kaggle,aaa425550c19186f158a58dbfa349b22,2,0,test/notinfected/img_0_7690.jpg;train/notinfected/img_0_7690.jpg
Kaggle,aae1796c1b8a334881d0a76e7802f10e,2,0,test/notinfected/img_0_2786.jpg;train/notinfected/img_0_2786.jpg
Kaggle,aaf85cf775962b6ba16639899f5c3c72,2,0,test/notinfected/img_0_1767.jpg;train/notinfected/img_0_1767.jpg
Kaggle,aafc31bceac5909270616b4337610fa9,2,0,test/notinfected/img_0_3442.jpg;train/notinfected/img_0_3442.jpg
Kaggle,ab3789c6a134010f5a39740fca550b8b,2,0,test/notinfected/img_0_5520.jpg;train/notinfected/img_0_5520.jpg
Kaggle,ab603c95762f1787062556bd2daa65ae,2,1,test/infected/img_0_5750.jpg;train/infected/img_0_5750.jpg
Kaggle,aba5c096cbd18c1b7442e17e956e5248,2,1,test/infected/img_0_7789.jpg;train/infected/img_0_7789.jpg
Kaggle,abc8ebcb6bcf38d9fee8d3b18133a76d,2,0,test/notinfected/img_0_110.jpg;train/notinfected/img_0_110.jpg
Kaggle,abfd79978abf16d7dcd0fce06b1bfcb8,2,0,test/notinfected/img_0_6833.jpg;train/notinfected/img_0_6833.jpg
Kaggle,ac2e56b6f7c74ae19b6ea9e8768ec644,2,1,test/infected/img_0_1916.jpg;train/infected/img_0_1916.jpg
Kaggle,ac2ee3f45d9e5d5c2675601549fa1c63,2,1,test/infected/img_0_3148.jpg;train/infected/img_0_3148.jpg
Kaggle,ac670a3ea81dab041b94a3613393bd76,2,1,test/infected/img_0_8459.jpg;train/infected/img_0_8459.jpg
Kaggle,ac85ebcbcf4ab8c32e9b0dff6210df31,2,1,test/infected/img_0_4394.jpg;train/infected/img_0_4394.jpg
Kaggle,accba41e1331f93aeb73004e3e85e833,2,0,test/notinfected/img_0_9311.jpg;train/notinfected/img_0_9311.jpg
Kaggle,ace7928203a03f660213b0f7edd130e7,2,1,test/infected/img_0_9935.jpg;train/infected/img_0_9935.jpg
Kaggle,ad15aa8960b276f7681f9513868692a3,2,1,test/infected/img_0_5900.jpg;train/infected/img_0_5900.jpg
Kaggle,ad3640a74335d1d853396a9d2a1fedc9,2,0,test/notinfected/img_0_3164.jpg;train/notinfected/img_0_3164.jpg
Kaggle,ad876cfae57a78c6f3eb783222cd6eeb,2,0,test/notinfected/img_0_6294.jpg;train/notinfected/img_0_6294.jpg
Kaggle,ad8ddc2d7fc8637fc8d1200bc22aafe5,2,1,test/infected/img_0_8240.jpg;train/infected/img_0_8240.jpg
Kaggle,ada1bd03375350ae3107b649db9d6ad4,2,1,test/infected/img_0_3792.jpg;train/infected/img_0_3792.jpg
Kaggle,add8f1ebcf4f0b7f09207a4c33ac11e1,2,1,test/infected/img_0_3295.jpg;train/infected/img_0_3295.jpg
Kaggle,ade0818b1a7867a96112870d18a2a4e6,2,0,test/notinfected/img_0_7441.jpg;train/notinfected/img_0_7441.jpg
Kaggle,adf4618ad88fdf741fae3f016859693a,2,1,test/infected/img_0_1083.jpg;train/infected/img_0_1083.jpg
Kaggle,ae1af03da8f9f73007c54c1f99b26385,2,1,test/infected/img_0_5171.jpg;train/infected/img_0_5171.jpg
Kaggle,ae51bb66dcca139725176d9da0612c50,2,1,test/infected/img_0_7002.jpg;train/infected/img_0_7002.jpg
Kaggle,ae587823f3c595f66813b45d309ac735,2,1,test/infected/img_0_5784.jpg;train/infected/img_0_5784.jpg
Kaggle,ae71bb733b650517159e0fc11415ed1e,2,0,test/notinfected/img_0_9439.jpg;train/notinfected/img_0_9439.jpg
Kaggle,ae790759f97a0f7a8e3ed584336ecc5d,2,0,test/notinfected/img_0_341.jpg;train/notinfected/img_0_341.jpg
Kaggle,ae9306e485635a8d140b9322278926ec,2,1,test/infected/img_0_693.jpg;train/infected/img_0_693.jpg
Kaggle,aec2f414b0ee648aee66d83a1a5da864,2,0,test/notinfected/img_0_309.jpg;train/notinfected/img_0_309.jpg
Kaggle,aeffcf6de6d984564343e0346b5e6a79,2,1,test/infected/img_0_3259.jpg;train/infected/img_0_3259.jpg
Kaggle,af02f191d84fb948efa3be51ae34b385,2,0,test/notinfected/img_0_5774.jpg;train/notinfected/img_0_5774.jpg
Kaggle,af036fc3127da00bae9a254c59b38180,2,0,test/notinfected/img_0_9812.jpg;train/notinfected/img_0_9812.jpg
Kaggle,af183aa75397e1c410bbfa7013e86c7b,2,0,test/notinfected/img_0_2780.jpg;train/notinfected/img_0_2780.jpg
Kaggle,af3b30ffff9edd8be6884562723d994c,2,0,test/notinfected/img_0_4676.jpg;train/notinfected/img_0_4676.jpg
Kaggle,af5f61f6763f99b02b16dbd9f695a81b,2,1,test/infected/img_0_2829.jpg;train/infected/img_0_2829.jpg
Kaggle,af65b50b0fa26247bb9dc9bd670c6155,2,1,test/infected/img_0_2860.jpg;train/infected/img_0_2860.jpg
Kaggle,af7ac5bf1ec0015c34cefb8d2435bdef,2,1,test/infected/img_0_1651.jpg;train/infected/img_0_1651.jpg
Kaggle,afa0c2aeec6ef58bda6d8f3b50558f10,2,0,test/notinfected/img_0_5899.jpg;train/notinfected/img_0_5899.jpg
Kaggle,afa2b6f439ddd7ef1820801c609d2657,2,0,test/notinfected/img_0_4777.jpg;train/notinfected/img_0_4777.jpg
Kaggle,afb60dcce2fccc40f5c758560bfdacfa,2,0,test/notinfected/img_0_9749.jpg;train/notinfected/img_0_9749.jpg
Kaggle,afb8548d939efbc33d51c374fe37422b,2,0,test/notinfected/img_0_6970.jpg;train/notinfected/img_0_6970.jpg
Kaggle,afc0d598c006fa0c9d6da041c25ec0df,2,0,test/notinfected/img_0_9582.jpg;train/notinfected/img_0_9582.jpg
Kaggle,afe2a344430832ce9c89f6d2df9d486c,2,1,test/infected/img_0_3509.jpg;train/infected/img_0_3509.jpg
Kaggle,affec3b75af6b64e3e237b4add0f00b9,2,1,test/infected/img_0_5690.jpg;train/infected/img_0_5690.jpg
Kaggle,b022cdd6246ad863d85696f135a3474c,2,0,test/notinfected/img_0_5405.jpg;train/notinfected/img_0_5405.jpg
Kaggle,b045f1f040f258e0dc8180286febfec7,2,1,test/infected/img_0_1130.jpg;train/infected/img_0_1130.jpg
Kaggle,b0565e8374dfdb7938f49191d9935b43,2,0,test/notinfected/img_0_7202.jpg;train/notinfected/img_0_7202.jpg
Kaggle,b09742d5cfaaa88e0292ac08882e4d20,2,1,test/infected/img_0_4927.jpg;train/infected/img_0_4927.jpg
Kaggle,b0cf75061e86209e4bf7b34994cc5688,2,0,test/notinfected/img_0_5803.jpg;train/notinfected/img_0_5803.jpg
Kaggle,b0e5477ec193b9e917d60d2f7ea8c152,2,1,test/infected/img_0_7379.jpg;train/infected/img_0_7379.jpg
Kaggle,b1ac6530823546e91698d2af91534b3e,2,0,test/notinfected/img_0_6103.jpg;train/notinfected/img_0_6103.jpg
Kaggle,b1b7f9fdf0bd61c774475bdb725a90ef,2,1,test/infected/img_0_5327.jpg;train/infected/img_0_5327.jpg
Kaggle,b1bf214b0dddefb3d701ffbc53d9a4d5,2,0,test/notinfected/img_0_1125.jpg;train/notinfected/img_0_1125.jpg
Kaggle,b1d0e4b7f00dc4c421cad8de4381d372,2,0,test/notinfected/img_0_5864.jpg;train/notinfected/img_0_5864.jpg
Kaggle,b1ed969547a64c32d979ee4072222776,2,0,test/notinfected/img_0_9242.jpg;train/notinfected/img_0_9242.jpg
Kaggle,b20043812c071e2a819619e9c2203cae,2,1,test/infected/img_0_9842.jpg;train/infected/img_0_9842.jpg
Kaggle,b207834ad45c1a4a4f735af8df221843,2,0,test/notinfected/img_0_6675.jpg;train/notinfected/img_0_6675.jpg
Kaggle,b220db7dd2b6f05feca3c8a7e305c959,2,1,test/infected/img_0_3794.jpg;train/infected/img_0_3794.jpg
Kaggle,b23d3636630dd7aa43ee5e9044018969,2,0,test/notinfected/img_0_5452.jpg;train/notinfected/img_0_5452.jpg
Kaggle,b242c0c3e72e1281aa2462a82a677526,2,0,test/notinfected/img_0_7393.jpg;train/notinfected/img_0_7393.jpg
Kaggle,b250c76b972c05bcc1aa68cd46f6d857,2,0,test/notinfected/img_0_4322.jpg;train/notinfected/img_0_4322.jpg
Kaggle,b25b0c8589f3124d0670a0efeffe7103,2,0,test/notinfected/img_0_2183.jpg;train/notinfected/img_0_2183.jpg
Kaggle,b281a46924f84b759f55daf93f4864eb,2,0,test/notinfected/img_0_5448.jpg;train/notinfected/img_0_5448.jpg
Kaggle,b2ab1cd371fcad2be6ed92bc999f2eac,2,1,test/infected/img_0_8280.jpg;train/infected/img_0_8280.jpg
Kaggle,b2b1ab42ef3cad643f71d6b8feb2e0ce,2,0,test/notinfected/img_0_1722.jpg;train/notinfected/img_0_1722.jpg
Kaggle,b2e3bfec803e6662c459e03a4c93bb9c,2,0,test/notinfected/img_0_2903.jpg;train/notinfected/img_0_2903.jpg
Kaggle,b35b4cb349a0d0376d6e622a6ab955e1,2,0,test/notinfected/img_0_5512.jpg;train/notinfected/img_0_5512.jpg
Kaggle,b3c74bde2c4ff0e0c3fc697923a10747,2,0,test/notinfected/img_0_3023.jpg;train/notinfected/img_0_3023.jpg
Kaggle,b3d6c3a22d7a385e9837d56632bd24e1,2,0,test/notinfected/img_0_1483.jpg;train/notinfected/img_0_1483.jpg
Kaggle,b3eacba7de4540c8eb0aba7a9d43f18d,2,0,test/notinfected/img_0_2979.jpg;train/notinfected/img_0_2979.jpg
Kaggle,b3ee9e439ec9ffed11cf759c18693af3,2,0,test/notinfected/img_0_2140.jpg;train/notinfected/img_0_2140.jpg
Kaggle,b41be9feceecc8e1ab7567cfc75d2d09,2,1,test/infected/img_0_2752.jpg;train/infected/img_0_2752.jpg
Kaggle,b427f328e2a0bb94894474e603cd7f72,2,1,test/infected/img_0_3327.jpg;train/infected/img_0_3327.jpg
Kaggle,b45fe5d4d4fbf39fbaec759f8baab9c7,2,0,test/notinfected/img_0_6700.jpg;train/notinfected/img_0_6700.jpg
Kaggle,b46f2546627dfd20c0b874f16e2d3a34,2,1,test/infected/img_0_7480.jpg;train/infected/img_0_7480.jpg
Kaggle,b484fcc7fa116608cd4459b98bd13f5a,2,1,test/infected/img_0_372.jpg;train/infected/img_0_372.jpg
Kaggle,b4e67fb2c56682e53e6b16d7e37d114d,2,0,test/notinfected/img_0_2772.jpg;train/notinfected/img_0_2772.jpg
Kaggle,b4ea160ae497efb8c9ecca093db03946,2,1,test/infected/img_0_6220.jpg;train/infected/img_0_6220.jpg
Kaggle,b5026efc8de79519cfb2ae2293988ac4,2,0,test/notinfected/img_0_7741.jpg;train/notinfected/img_0_7741.jpg
Kaggle,b51f0ad235b7942d1a7fc37c5b42ccc9,2,0,test/notinfected/img_0_8471.jpg;train/notinfected/img_0_8471.jpg
Kaggle,b52bafdd36f7797f6cd701097f06cf07,2,0,test/notinfected/img_0_3407.jpg;train/notinfected/img_0_3407.jpg
Kaggle,b554684bc0a1683632af845368271731,2,1,test/infected/img_0_6733.jpg;train/infected/img_0_6733.jpg
Kaggle,b58d3e85d39a40e578ec10faceacd0a4,2,1,test/infected/img_0_9362.jpg;train/infected/img_0_9362.jpg
Kaggle,b59ac87ee7f5239d79eb9dff05a89f8c,2,1,test/infected/img_0_2652.jpg;train/infected/img_0_2652.jpg
Kaggle,b5c6710296011f5cab6ae4684d68bcce,2,1,test/infected/img_0_5157.jpg;train/infected/img_0_5157.jpg
Kaggle,b5ca86c4d2aa956382606e795ca4f44e,2,1,test/infected/img_0_2380.jpg;train/infected/img_0_2380.jpg
Kaggle,b5feb53df6d55489d560a5b4df6be847,2,0,test/notinfected/img_0_5035.jpg;train/notinfected/img_0_5035.jpg
Kaggle,b692a93798e813cb1a3e19dea491a15b,2,0,test/notinfected/img_0_2571.jpg;train/notinfected/img_0_2571.jpg
Kaggle,b69a57dcc0aa3aa8fa8f4b399da3aef9,2,1,test/infected/img_0_4851.jpg;train/infected/img_0_4851.jpg
Kaggle,b6aa095af86de0db6eb0a07b8a1d6dd4,2,1,test/infected/img_0_571.jpg;train/infected/img_0_571.jpg
Kaggle,b6b05a32dd8cfd222588fed051d54e6d,2,0,test/notinfected/img_0_5718.jpg;train/notinfected/img_0_5718.jpg
Kaggle,b6cf3e0f4d59a1baf37bf48196bc65b5,2,1,test/infected/img_0_5829.jpg;train/infected/img_0_5829.jpg
Kaggle,b70107d673c2936e449f82b687fdd317,2,0,test/notinfected/img_0_3883.jpg;train/notinfected/img_0_3883.jpg
Kaggle,b704588b499c2930bdc556e5e692ee61,2,0,test/notinfected/img_0_5195.jpg;train/notinfected/img_0_5195.jpg
Kaggle,b70973fd36b8edf4dc45cb2e069d9fc8,2,0,test/notinfected/img_0_61.jpg;train/notinfected/img_0_61.jpg
Kaggle,b72a995700dbbd93a239439789913565,2,0,test/notinfected/img_0_7790.jpg;train/notinfected/img_0_7790.jpg
Kaggle,b72fed9c9c27f8ebceb619987f3409ba,2,0,test/notinfected/img_0_7670.jpg;train/notinfected/img_0_7670.jpg
Kaggle,b76892624a60a58c3b128050a6b9a064,2,1,test/infected/img_0_2245.jpg;train/infected/img_0_2245.jpg
Kaggle,b7b2c48b9c6612fed7efcf27b7e15e71,2,0,test/notinfected/img_0_4750.jpg;train/notinfected/img_0_4750.jpg
Kaggle,b7d26c6ccc781450d132b7511124fc1a,2,0,test/notinfected/img_0_424.jpg;train/notinfected/img_0_424.jpg
Kaggle,b7f2f5a7b763cf3aa517f21084d2ee3d,2,0,test/notinfected/img_0_1142.jpg;train/notinfected/img_0_1142.jpg
Kaggle,b820f7e4dc1a5399a210627d0367a29c,2,1,test/infected/img_0_2389.jpg;train/infected/img_0_2389.jpg
Kaggle,b82182340f53a3ea77948ad6b225acc6,2,0,test/notinfected/img_0_6586.jpg;train/notinfected/img_0_6586.jpg
Kaggle,b8258944ea97770d6e99d4a83ded41c4,2,1,test/infected/img_0_9077.jpg;train/infected/img_0_9077.jpg
Kaggle,b8371a847a1d4112bb8731a25908f3e4,2,0,test/notinfected/img_0_4254.jpg;train/notinfected/img_0_4254.jpg
Kaggle,b863cf8b698c7cde5d53bbe45142c9d6,2,1,test/infected/img_0_1556.jpg;train/infected/img_0_1556.jpg
Kaggle,b874bbb24f3ec9d0efd3cead28040e49,2,0,test/notinfected/img_0_4615.jpg;train/notinfected/img_0_4615.jpg
Kaggle,b8918b5ac272c2bf3133bef70f15859d,2,0,test/notinfected/img_0_4449.jpg;train/notinfected/img_0_4449.jpg
Kaggle,b8ccf50b7e924c7e2e2b0a0c19e51a4d,2,0,test/notinfected/img_0_1161.jpg;train/notinfected/img_0_1161.jpg
Kaggle,b8cd34c4b4cc962a43d46bf40ba66792,2,1,test/infected/img_0_9909.jpg;train/infected/img_0_9909.jpg
Kaggle,b8cdf914699772ea2e8d978c9efed510,2,1,test/infected/img_0_3867.jpg;train/infected/img_0_3867.jpg
Kaggle,b8f61d4fc3759b36cde75e2cd19966d3,2,0,test/notinfected/img_0_7239.jpg;train/notinfected/img_0_7239.jpg
Kaggle,b901bf670b9237c397efecc9634af870,2,0,test/notinfected/img_0_1180.jpg;train/notinfected/img_0_1180.jpg
Kaggle,b909db416eb8a714e9e198e1b7082a0f,2,1,test/infected/img_0_8428.jpg;train/infected/img_0_8428.jpg
Kaggle,b95ac7d0a38bba536e203171e2badaea,2,0,test/notinfected/img_0_5554.jpg;train/notinfected/img_0_5554.jpg
Kaggle,b9759cbf1f0ad9c7f84f4cd7b439abaf,2,0,test/notinfected/img_0_9333.jpg;train/notinfected/img_0_9333.jpg
Kaggle,b981107cfe2705947c7e45aa3787ec44,2,0,test/notinfected/img_0_5493.jpg;train/notinfected/img_0_5493.jpg
Kaggle,b99b33bd22dbc8a884c81bdb55418e1f,2,1,test/infected/img_0_3250.jpg;train/infected/img_0_3250.jpg
Kaggle,b9d7ab71827f0573c7b5282f8c8ab8fa,2,0,test/notinfected/img_0_2900.jpg;train/notinfected/img_0_2900.jpg
Kaggle,b9fb2b564f2060f330cdae4ec3959f44,2,1,test/infected/img_0_2762.jpg;train/infected/img_0_2762.jpg
Kaggle,ba0a7d1c2f890be35944607caa00bc9f,2,0,test/notinfected/img_0_3280.jpg;train/notinfected/img_0_3280.jpg
Kaggle,ba1762fbb651594bedf0740698210e3b,2,0,test/notinfected/img_0_7299.jpg;train/notinfected/img_0_7299.jpg
Kaggle,ba3359debb79d1afff3be78584591c1d,2,0,test/notinfected/img_0_5386.jpg;train/notinfected/img_0_5386.jpg
Kaggle,baa874fa0d24e72d3d738aeb1a345688,2,0,test/notinfected/img_0_1074.jpg;train/notinfected/img_0_1074.jpg
Kaggle,baaa119197ba63042c35482c673f5c64,2,0,test/notinfected/img_0_9420.jpg;train/notinfected/img_0_9420.jpg
Kaggle,bb0a34608500883d6fadb8de6d6477a6,2,0,test/notinfected/img_0_5694.jpg;train/notinfected/img_0_5694.jpg
Kaggle,bb2a33c8647eea97812aaf75d0bb0919,2,0,test/notinfected/img_0_3036.jpg;train/notinfected/img_0_3036.jpg
Kaggle,bb2b056d972d5e410ac14694ac91e288,2,0,test/notinfected/img_0_8398.jpg;train/notinfected/img_0_8398.jpg
Kaggle,bb510b959bd426af4a8db70feb5e9c68,2,1,test/infected/img_0_1223.jpg;train/infected/img_0_1223.jpg
Kaggle,bbca390225ccdda66216ae03a85b46d5,2,0,test/notinfected/img_0_2319.jpg;train/notinfected/img_0_2319.jpg
Kaggle,bbfaf5f329353a5ba4cd3158e62fc193,2,1,test/infected/img_0_8849.jpg;train/infected/img_0_8849.jpg
Kaggle,bc0a95be7095e72ceeac325400bb573d,2,1,test/infected/img_0_5564.jpg;train/infected/img_0_5564.jpg
Kaggle,bc8fb15ce7834f4b0497b43e09042907,2,0,test/notinfected/img_0_4749.jpg;train/notinfected/img_0_4749.jpg
Kaggle,bc981300789dfc60e269dba67254c6b7,2,0,test/notinfected/img_0_2713.jpg;train/notinfected/img_0_2713.jpg
Kaggle,bccdedcdb4b9f873c8e55d04af7907c9,2,0,test/notinfected/img_0_3852.jpg;train/notinfected/img_0_3852.jpg
Kaggle,bd07ec72ee529b236527aea945e7575f,2,0,test/notinfected/img_0_5182.jpg;train/notinfected/img_0_5182.jpg
Kaggle,bd0b3a61e7d2cefa85ee71e9f5a43840,2,1,test/infected/img_0_6451.jpg;train/infected/img_0_6451.jpg
Kaggle,bd669bf36a2727e0638099012872963d,2,0,test/notinfected/img_0_1877.jpg;train/notinfected/img_0_1877.jpg
Kaggle,bda30b7c3d069f670e6077e636bdd1e7,2,0,test/notinfected/img_0_3716.jpg;train/notinfected/img_0_3716.jpg
Kaggle,bdc3d9656fb0f90d3d2f902dc73c2555,2,0,test/notinfected/img_0_933.jpg;train/notinfected/img_0_933.jpg
Kaggle,bdf09c6c375a03590a585e707f40ddf7,2,1,test/infected/img_0_8620.jpg;train/infected/img_0_8620.jpg
Kaggle,be29a0114fcbd6055a961810554ae7e3,2,0,test/notinfected/img_0_8989.jpg;train/notinfected/img_0_8989.jpg
Kaggle,be2cbf33ee9c88d462b21e738c04640c,2,1,test/infected/img_0_6390.jpg;train/infected/img_0_6390.jpg
Kaggle,be2e2dff848584fcef179e2db2d4876b,2,0,test/notinfected/img_0_5428.jpg;train/notinfected/img_0_5428.jpg
Kaggle,be365e4acf490d75025555c3f4f27489,2,1,test/infected/img_0_5836.jpg;train/infected/img_0_5836.jpg
Kaggle,be9989530a2e89d48721f6431c3b69ff,2,1,test/infected/img_0_6403.jpg;train/infected/img_0_6403.jpg
Kaggle,bed51802d6d68c7511c736c2873bcc10,2,0,test/notinfected/img_0_7455.jpg;train/notinfected/img_0_7455.jpg
Kaggle,bedf72d3ed7431db0e49aca631428c87,2,0,test/notinfected/img_0_7736.jpg;train/notinfected/img_0_7736.jpg
Kaggle,bee8a11ed69fced3804c1fbad5cc0a89,2,0,test/notinfected/img_0_4796.jpg;train/notinfected/img_0_4796.jpg
Kaggle,befbbb4cd654e620b919c0d97fe15707,2,0,test/notinfected/img_0_8222.jpg;train/notinfected/img_0_8222.jpg
Kaggle,bf0cbceee72b874be289630f099af979,2,0,test/notinfected/img_0_5581.jpg;train/notinfected/img_0_5581.jpg
Kaggle,bf19685821389f089b01d1f0f09a6349,2,0,test/notinfected/img_0_1138.jpg;train/notinfected/img_0_1138.jpg
Kaggle,bf5a38f88ffdc1f53ee42216a3373b55,2,0,test/notinfected/img_0_8596.jpg;train/notinfected/img_0_8596.jpg
Kaggle,bf6c565402594a12255991c04853bb33,2,1,test/infected/img_0_4454.jpg;train/infected/img_0_4454.jpg
Kaggle,bf76200efe8b6eb7532ad030434f5663,2,1,test/infected/img_0_1539.jpg;train/infected/img_0_1539.jpg
Kaggle,bf9fb4b7c7510d89aa4cdbec5be8b6c4,2,0,test/notinfected/img_0_6194.jpg;train/notinfected/img_0_6194.jpg
Kaggle,bfa3a637bd3b0ecfa922dc487dc63310,2,1,test/infected/img_0_6777.jpg;train/infected/img_0_6777.jpg
Kaggle,bfcd037b9d271dd62e409c55c77a404b,2,0,test/notinfected/img_0_1826.jpg;train/notinfected/img_0_1826.jpg
Kaggle,bfd267907a9a60564997a164fc8d08aa,2,0,test/notinfected/img_0_8536.jpg;train/notinfected/img_0_8536.jpg
Kaggle,bfd8d196651fe35fcf733e0e2a73e7e0,2,0,test/notinfected/img_0_6338.jpg;train/notinfected/img_0_6338.jpg
Kaggle,bfebefae63e0194c77f71d30c38bc81d,2,0,test/notinfected/img_0_6044.jpg;train/notinfected/img_0_6044.jpg
Kaggle,bfed1c4009d5574327406dbd88b913f2,2,0,test/notinfected/img_0_4653.jpg;train/notinfected/img_0_4653.jpg
Kaggle,c00c6f51dacae16a03f37a7a617d713e,2,0,test/notinfected/img_0_5425.jpg;train/notinfected/img_0_5425.jpg
Kaggle,c069e86e23c53612d656fd094c733210,2,0,test/notinfected/img_0_3358.jpg;train/notinfected/img_0_3358.jpg
Kaggle,c0ec767d25870a473064c49b93443830,2,0,test/notinfected/img_0_9748.jpg;train/notinfected/img_0_9748.jpg
Kaggle,c1359df18b7cd59ff31d14f7569eb602,2,0,test/notinfected/img_0_1614.jpg;train/notinfected/img_0_1614.jpg
Kaggle,c14249613f2d4b56076094b05e57c07b,2,0,test/notinfected/img_0_3321.jpg;train/notinfected/img_0_3321.jpg
Kaggle,c15052124d410e4f6d79c06eb27f698f,2,1,test/infected/img_0_2739.jpg;train/infected/img_0_2739.jpg
Kaggle,c18c6bfc81e9ea3cb662d64850ccce26,2,0,test/notinfected/img_0_4880.jpg;train/notinfected/img_0_4880.jpg
Kaggle,c1c89751e6f716d6363f85a2b41bf5fd,2,0,test/notinfected/img_0_1633.jpg;train/notinfected/img_0_1633.jpg
Kaggle,c22802a28b9b27927e672ad62dc9419b,2,1,test/infected/img_0_9029.jpg;train/infected/img_0_9029.jpg
Kaggle,c2299ff72e5c3b0a5fe8af5931f3072e,2,0,test/notinfected/img_0_3463.jpg;train/notinfected/img_0_3463.jpg
Kaggle,c2553a8a68363147c5438594b0666cdd,2,0,test/notinfected/img_0_6630.jpg;train/notinfected/img_0_6630.jpg
Kaggle,c25ee8a01d81cbd95561cc19b8f4bcbd,2,0,test/notinfected/img_0_251.jpg;train/notinfected/img_0_251.jpg
Kaggle,c2a489cab0a3836f75536cada50435d1,2,1,test/infected/img_0_53.jpg;train/infected/img_0_53.jpg
Kaggle,c2ac0dce233c72b6c2d2845a19d90d89,2,0,test/notinfected/img_0_747.jpg;train/notinfected/img_0_747.jpg
Kaggle,c2ccdcbb5db931564d1c3af27d8702b2,2,0,test/notinfected/img_0_868.jpg;train/notinfected/img_0_868.jpg
Kaggle,c33c8ee976282e2feb499ec4cedff73d,2,0,test/notinfected/img_0_5794.jpg;train/notinfected/img_0_5794.jpg
Kaggle,c3ba18953fde36d928c2256655fce687,2,0,test/notinfected/img_0_5649.jpg;train/notinfected/img_0_5649.jpg
Kaggle,c3bcce466cf13a01b60ef908c97ae719,2,1,test/infected/img_0_7064.jpg;train/infected/img_0_7064.jpg
Kaggle,c46a8d09cba24418210059f9e2d3ccac,2,0,test/notinfected/img_0_795.jpg;train/notinfected/img_0_795.jpg
Kaggle,c47ee983ada2d7bef007a44267d73a66,2,1,test/infected/img_0_2507.jpg;train/infected/img_0_2507.jpg
Kaggle,c4c6c460dab498eef89c82327a84e112,2,0,test/notinfected/img_0_5949.jpg;train/notinfected/img_0_5949.jpg
Kaggle,c52a77d9fe3eb7d563c09b3236bfd748,2,1,test/infected/img_0_722.jpg;train/infected/img_0_722.jpg
Kaggle,c53f3151fada5e6da1ab6c7198bfa069,2,1,test/infected/img_0_9541.jpg;train/infected/img_0_9541.jpg
Kaggle,c56bdc8344343c5371fd07797206b527,2,1,test/infected/img_0_8809.jpg;train/infected/img_0_8809.jpg
Kaggle,c570fcdf24d0369bf41423207e761120,2,1,test/infected/img_0_5990.jpg;train/infected/img_0_5990.jpg
Kaggle,c581eb1306d8e6add3c6f02900b54541,2,1,test/infected/img_0_2557.jpg;train/infected/img_0_2557.jpg
Kaggle,c5982f10bfd1cb86c863d54ff17e8b64,2,0,test/notinfected/img_0_5291.jpg;train/notinfected/img_0_5291.jpg
Kaggle,c59a4770f8c522329b6aa2a2d9708474,2,0,test/notinfected/img_0_103.jpg;train/notinfected/img_0_103.jpg
Kaggle,c5c36d462bb0002fe48776ad67da063b,2,1,test/infected/img_0_113.jpg;train/infected/img_0_113.jpg
Kaggle,c63b426ab9ac08a66786fdea71f2bb83,2,1,test/infected/img_0_7378.jpg;train/infected/img_0_7378.jpg
Kaggle,c663465148bdf1444160044150a8a64b,2,1,test/infected/img_0_4752.jpg;train/infected/img_0_4752.jpg
Kaggle,c67e9f93e44662169cf71d9c16edec3b,2,1,test/infected/img_0_7623.jpg;train/infected/img_0_7623.jpg
Kaggle,c684ff3dd08efb794080edd708c0f9c5,2,0,test/notinfected/img_0_2284.jpg;train/notinfected/img_0_2284.jpg
Kaggle,c6b6037ca6e38e045a29b9bff12564c6,2,1,test/infected/img_0_366.jpg;train/infected/img_0_366.jpg
Kaggle,c6d7002bf32b3acf348f6c0d709ed655,2,1,test/infected/img_0_8205.jpg;train/infected/img_0_8205.jpg
Kaggle,c6d9564f2e23cb26f7526229a67a23ee,2,0,test/notinfected/img_0_8765.jpg;train/notinfected/img_0_8765.jpg
Kaggle,c7057bcac10993ed055565282ef8493e,2,1,test/infected/img_0_9640.jpg;train/infected/img_0_9640.jpg
Kaggle,c77762c89ebf29c83e370f5ade9a638d,2,1,test/infected/img_0_322.jpg;train/infected/img_0_322.jpg
Kaggle,c796566d0465ebb120aa6e3d177f79d3,2,0,test/notinfected/img_0_2047.jpg;train/notinfected/img_0_2047.jpg
Kaggle,c7b1bdb4a07a9766553c87f07644f55e,2,1,test/infected/img_0_3968.jpg;train/infected/img_0_3968.jpg
Kaggle,c7b5694143e9cd6e10eaa8fd950782ab,2,0,test/notinfected/img_0_2986.jpg;train/notinfected/img_0_2986.jpg
Kaggle,c80a402fc9c12a742fa68f0e68500f08,2,0,test/notinfected/img_0_8156.jpg;train/notinfected/img_0_8156.jpg
Kaggle,c83618dc9e0d42ab4b4d7d43ceff5a50,2,0,test/notinfected/img_0_6556.jpg;train/notinfected/img_0_6556.jpg
Kaggle,c8e5e69514dd06680b42d62817d4e7eb,2,0,test/notinfected/img_0_7121.jpg;train/notinfected/img_0_7121.jpg
Kaggle,c8e8cfdd4713bfa086b988c222a9c648,2,1,test/infected/img_0_7422.jpg;train/infected/img_0_7422.jpg
Kaggle,c8ecaf207dd20cf89890cd7fd9b0dfeb,2,0,test/notinfected/img_0_464.jpg;train/notinfected/img_0_464.jpg
Kaggle,c8f4c9fc49e67056dacc15ab742b7f15,2,0,test/notinfected/img_0_716.jpg;train/notinfected/img_0_716.jpg
Kaggle,c8fc8a1d61702c218866c846f8bfcf76,2,0,test/notinfected/img_0_7426.jpg;train/notinfected/img_0_7426.jpg
Kaggle,c92c27f0ccb15611f4abaea8850fd8ba,2,1,test/infected/img_0_3002.jpg;train/infected/img_0_3002.jpg
Kaggle,c95cb00f5beca9308b54ff8e00990dcd,2,0,test/notinfected/img_0_7290.jpg;train/notinfected/img_0_7290.jpg
Kaggle,c9fc77362e7afbbcc1e3aa018558fa0c,2,1,test/infected/img_0_9072.jpg;train/infected/img_0_9072.jpg
Kaggle,ca2ea22a6864a201c5212be1758418fa,2,1,test/infected/img_0_4981.jpg;train/infected/img_0_4981.jpg
Kaggle,ca42484aec0806b9f00a0c79a4f90994,2,1,test/infected/img_0_3486.jpg;train/infected/img_0_3486.jpg
Kaggle,ca42fb462ffad20217b54e383f1a14e7,2,0,test/notinfected/img_0_2136.jpg;train/notinfected/img_0_2136.jpg
Kaggle,ca64d3d35b95f724745c641f091293c1,2,1,test/infected/img_0_5625.jpg;train/infected/img_0_5625.jpg
Kaggle,ca8e079ae746a06f0ee734698336149e,2,0,test/notinfected/img_0_6176.jpg;train/notinfected/img_0_6176.jpg
Kaggle,cae0fd4e9b53c93d0e2e36e5024d4a8e,2,0,test/notinfected/img_0_1153.jpg;train/notinfected/img_0_1153.jpg
Kaggle,caee812c0aef45375e0ee3d599ff802e,2,1,test/infected/img_0_769.jpg;train/infected/img_0_769.jpg
Kaggle,cb4b190098ca6fe41e90a20370e949f0,2,0,test/notinfected/img_0_3777.jpg;train/notinfected/img_0_3777.jpg
Kaggle,cb74400e9be5b0ad79834a8f093afb3b,2,0,test/notinfected/img_0_9701.jpg;train/notinfected/img_0_9701.jpg
Kaggle,cc2074e34d671e31340bb64e00399180,2,0,test/notinfected/img_0_5346.jpg;train/notinfected/img_0_5346.jpg
Kaggle,cc31e2226dafbb0eb5ca733e44b58405,2,0,test/notinfected/img_0_3430.jpg;train/notinfected/img_0_3430.jpg
Kaggle,cc776613a42ba10aa99ae809e4ffe7a6,2,1,test/infected/img_0_7388.jpg;train/infected/img_0_7388.jpg
Kaggle,cc95eea81a7e47b47bb498ef1216ebbb,2,1,test/infected/img_0_1786.jpg;train/infected/img_0_1786.jpg
Kaggle,ccd626f4488fe97f2a354f209a136556,2,1,test/infected/img_0_4893.jpg;train/infected/img_0_4893.jpg
Kaggle,cd3079bef8c7eb2861c3f81a6d13f979,2,0,test/notinfected/img_0_5412.jpg;train/notinfected/img_0_5412.jpg
Kaggle,cd58bb950c0ea9b780990c742ab2e707,2,1,test/infected/img_0_7006.jpg;train/infected/img_0_7006.jpg
Kaggle,cd72e231deebaa735d608d228f0eee69,2,0,test/notinfected/img_0_7552.jpg;train/notinfected/img_0_7552.jpg
Kaggle,cd7c70af6ac116b340855458eedf0747,2,1,test/infected/img_0_1970.jpg;train/infected/img_0_1970.jpg
Kaggle,cd86c9aea854f4d8878596ecda48c7bb,2,1,test/infected/img_0_7162.jpg;train/infected/img_0_7162.jpg
Kaggle,cd8ffbfc2f244082ed8053d0cfd80382,2,0,test/notinfected/img_0_2707.jpg;train/notinfected/img_0_2707.jpg
Kaggle,cdb373493e1859e4895852cf8ffc9ae3,2,0,test/notinfected/img_0_7842.jpg;train/notinfected/img_0_7842.jpg
Kaggle,ce3f1de75a0aafcd3aea7eb4b47c0eaa,2,0,test/notinfected/img_0_4298.jpg;train/notinfected/img_0_4298.jpg
Kaggle,ce611a61bdfc5da66a86834c5f98747a,2,0,test/notinfected/img_0_706.jpg;train/notinfected/img_0_706.jpg
Kaggle,ce6c3f4fde085b7640d7c479aafcc878,2,0,test/notinfected/img_0_7533.jpg;train/notinfected/img_0_7533.jpg
Kaggle,cea5e729e037407fa250fa4e67014e1a,2,0,test/notinfected/img_0_7278.jpg;train/notinfected/img_0_7278.jpg
Kaggle,cec3970dfae6cd109db978956062ee4b,2,1,test/infected/img_0_4217.jpg;train/infected/img_0_4217.jpg
Kaggle,cef6c6eae3058be97b186154656ac355,2,0,test/notinfected/img_0_8931.jpg;train/notinfected/img_0_8931.jpg
Kaggle,cefe7335bfcd3035f2ad2ceb81e059df,2,1,test/infected/img_0_5811.jpg;train/infected/img_0_5811.jpg
Kaggle,cf1efadcee04139b3242050df9867f16,2,0,test/notinfected/img_0_2422.jpg;train/notinfected/img_0_2422.jpg
Kaggle,cf59b344abc5eb8882281621c8a2dded,2,0,test/notinfected/img_0_4838.jpg;train/notinfected/img_0_4838.jpg
Kaggle,cfa758930dcdfed4481f511820b1ee00,2,1,test/infected/img_0_3933.jpg;train/infected/img_0_3933.jpg
Kaggle,cfbfecdca2e3defa8fe9f25bc28fbba4,2,1,test/infected/img_0_7628.jpg;train/infected/img_0_7628.jpg
Kaggle,cfd9e6f00be57d784789d76633501e2e,2,1,test/infected/img_0_9208.jpg;train/infected/img_0_9208.jpg
Kaggle,cffaae0e0df2bef2d9afb798f5c70272,2,0,test/notinfected/img_0_5290.jpg;train/notinfected/img_0_5290.jpg
Kaggle,d0110fab8e1f971657248ac71cc486ec,2,1,test/infected/img_0_9501.jpg;train/infected/img_0_9501.jpg
Kaggle,d0647f4724ec5ae288cf352be8413cc9,2,1,test/infected/img_0_7663.jpg;train/infected/img_0_7663.jpg
Kaggle,d0cf28987d3ce8e578e7f7efe802071e,2,0,test/notinfected/img_0_1348.jpg;train/notinfected/img_0_1348.jpg
Kaggle,d0d20bf3c40ac5d0d8d08c1efd00e529,2,0,test/notinfected/img_0_8561.jpg;train/notinfected/img_0_8561.jpg
Kaggle,d0db28ce459a01ed8807da101521aba1,2,0,test/notinfected/img_0_5651.jpg;train/notinfected/img_0_5651.jpg
Kaggle,d0efa0055c2317a5bb5f509871229806,2,0,test/notinfected/img_0_2384.jpg;train/notinfected/img_0_2384.jpg
Kaggle,d0fd316d8d01fde687e672699b47cfbf,2,0,test/notinfected/img_0_8678.jpg;train/notinfected/img_0_8678.jpg
Kaggle,d12f8e9b36c07039b46e103e0a20689f,2,1,test/infected/img_0_8394.jpg;train/infected/img_0_8394.jpg
Kaggle,d139cc6dee3f5f01ce0caee3432f27d3,2,1,test/infected/img_0_9050.jpg;train/infected/img_0_9050.jpg
Kaggle,d13d28705561bbde7d45d6c303d5d71b,2,1,test/infected/img_0_657.jpg;train/infected/img_0_657.jpg
Kaggle,d16764efe1a80ce9e8610306566e63ad,2,0,test/notinfected/img_0_3683.jpg;train/notinfected/img_0_3683.jpg
Kaggle,d17536a3ab4bf40a1642e9eabbf87e3c,2,1,test/infected/img_0_8469.jpg;train/infected/img_0_8469.jpg
Kaggle,d1770687ad264f7258e9a3ec6ee9d159,2,1,test/infected/img_0_1590.jpg;train/infected/img_0_1590.jpg
Kaggle,d18556e16ab925b01bfd9767158bd175,2,1,test/infected/img_0_4969.jpg;train/infected/img_0_4969.jpg
Kaggle,d1bd3622ea6d17ba65d782c2ea7ed63b,2,1,test/infected/img_0_7795.jpg;train/infected/img_0_7795.jpg
Kaggle,d1e8aaf22f405fac97d98bafea32ad20,2,1,test/infected/img_0_3614.jpg;train/infected/img_0_3614.jpg
Kaggle,d1f00048429121aa320392bf3de33420,2,0,test/notinfected/img_0_840.jpg;train/notinfected/img_0_840.jpg
Kaggle,d1fcfe9b39c62b17880513e4bd18667b,2,0,test/notinfected/img_0_5830.jpg;train/notinfected/img_0_5830.jpg
Kaggle,d2297f47868000ec41d37bfba0513f6f,2,0,test/notinfected/img_0_3847.jpg;train/notinfected/img_0_3847.jpg
Kaggle,d22fe322c839a413b36c2fa1b5c19294,2,1,test/infected/img_0_3544.jpg;train/infected/img_0_3544.jpg
Kaggle,d240ab74b9bbbb946ce13ab86e6eca96,2,0,test/notinfected/img_0_7039.jpg;train/notinfected/img_0_7039.jpg
Kaggle,d26ad8712b905930e0d74906037bf812,2,0,test/notinfected/img_0_47.jpg;train/notinfected/img_0_47.jpg
Kaggle,d2836237ad454d1ee59f72778e954a99,2,0,test/notinfected/img_0_7722.jpg;train/notinfected/img_0_7722.jpg
Kaggle,d2d03245995a7ad6a9427e286f676dd9,2,1,test/infected/img_0_3997.jpg;train/infected/img_0_3997.jpg
Kaggle,d3376f78bd75038aaf2c43fa3f76255c,2,1,test/infected/img_0_7678.jpg;train/infected/img_0_7678.jpg
Kaggle,d337c8b1b9491f9e18cb8ddacbfaf869,2,1,test/infected/img_0_8761.jpg;train/infected/img_0_8761.jpg
Kaggle,d34e84e7b7f7bf2935c6f435a05ecb57,2,0,test/notinfected/img_0_5594.jpg;train/notinfected/img_0_5594.jpg
Kaggle,d36fdfed8262413ee1958a7b866e579a,2,0,test/notinfected/img_0_1288.jpg;train/notinfected/img_0_1288.jpg
Kaggle,d37896a7b4869822b0f88b93b5049020,2,1,test/infected/img_0_8239.jpg;train/infected/img_0_8239.jpg
Kaggle,d3f739af5de2993126bb8fadfc3c4af8,2,1,test/infected/img_0_2158.jpg;train/infected/img_0_2158.jpg
Kaggle,d3f7933d93e22c01e0a85b76d4d2d45b,2,1,test/infected/img_0_5475.jpg;train/infected/img_0_5475.jpg
Kaggle,d402a449e670b00215646a240ec7bffc,2,0,test/notinfected/img_0_3412.jpg;train/notinfected/img_0_3412.jpg
Kaggle,d41d8cd98f00b204e9800998ecf8427e,10,0/1,test/infected/OIP.jpg;test/infected/R.jpg;test/infected/WhatsApp Image 2022-04-01 at 3.49.22 PM.jpeg;test/infected/WhatsApp Image 2022-04-01 at 3.49.45 PM.jpeg;test/infected/WhatsApp Image 2022-04-01 at 3.50.05 PM.jpeg;test/infected/WhatsApp Image 2022-04-01 at 3.50.20 PM.jpeg;test/notinfected/OIP (1).jpg;test/notinfected/WhatsApp Image 2022-04-01 at 3.35.25 PM.jpeg;test/notinfected/WhatsApp Image 2022-04-01 at 3.39.07 PM.jpeg;test/notinfected/img_0_7.jpg
Kaggle,d428d9e7181f86e577bae0abdb2dfcb6,2,1,test/infected/img_0_6114.jpg;train/infected/img_0_6114.jpg
Kaggle,d49a57fbbc8b11320f08e7c36133309d,2,1,test/infected/img_0_2900.jpg;train/infected/img_0_2900.jpg
Kaggle,d4a026b013d12073d52cef29937e6b6f,2,1,test/infected/img_0_3192.jpg;train/infected/img_0_3192.jpg
Kaggle,d4a413445df1856d0e0d04beab561fa6,2,0,test/notinfected/img_0_5379.jpg;train/notinfected/img_0_5379.jpg
Kaggle,d4a45fc96f4fdb4b30f05bf7eb9892ef,2,0,test/notinfected/img_0_2024.jpg;train/notinfected/img_0_2024.jpg
Kaggle,d4a75f802576cead1aef2317067df532,2,0,test/notinfected/img_0_5764.jpg;train/notinfected/img_0_5764.jpg
Kaggle,d4a93ad942444c55a23d81263926656d,2,1,test/infected/img_0_7169.jpg;train/infected/img_0_7169.jpg
Kaggle,d5199373c511bcf75be0a90863901827,2,0,test/notinfected/img_0_4143.jpg;train/notinfected/img_0_4143.jpg
Kaggle,d51adace630eb5833f4360cd3a974e0c,2,0,test/notinfected/img_0_6184.jpg;train/notinfected/img_0_6184.jpg
Kaggle,d520562300f3f40139bacca9fa85cc9b,2,1,test/infected/img_0_2794.jpg;train/infected/img_0_2794.jpg
Kaggle,d5292b25c1ec3944548ab652f371c158,2,1,test/infected/img_0_3471.jpg;train/infected/img_0_3471.jpg
Kaggle,d52f1a42638ae43600df532dd696b290,2,0,test/notinfected/img_0_8030.jpg;train/notinfected/img_0_8030.jpg
Kaggle,d5352db258eacc4e3877168c72eeedc9,2,0,test/notinfected/img_0_6301.jpg;train/notinfected/img_0_6301.jpg
Kaggle,d557334b726fd2cdd913484063f54cd0,2,0,test/notinfected/img_0_7607.jpg;train/notinfected/img_0_7607.jpg
Kaggle,d55868ad01fd4c870303d3f22450b959,2,0,test/notinfected/img_0_5684.jpg;train/notinfected/img_0_5684.jpg
Kaggle,d561c59aee5c4900aee434daeed43bfe,2,0,test/notinfected/img_0_4938.jpg;train/notinfected/img_0_4938.jpg
Kaggle,d5868a754015d8c6e283ab4faec68581,2,0,test/notinfected/img_0_2168.jpg;train/notinfected/img_0_2168.jpg
Kaggle,d5a6b21236bb402f546d9911f500775f,2,1,test/infected/img_0_278.jpg;train/infected/img_0_278.jpg
Kaggle,d63a5b861f513627825f3b7cc0fa5e8c,2,1,test/infected/img6.jpg;train/infected/img6.jpg
Kaggle,d63b8cf68045e55bc89f2a21909ed3b2,2,1,test/infected/img_0_4634.jpg;train/infected/img_0_4634.jpg
Kaggle,d650c8021fdee556d08fe044b313bc38,2,0,test/notinfected/img4.jpg;train/notinfected/img4.jpg
Kaggle,d65313e7cec3b8116a0faa8a979df0b4,2,0,test/notinfected/img_0_3418.jpg;train/notinfected/img_0_3418.jpg
Kaggle,d6563ea9de8793e70e2f29e04f82a765,2,0,test/notinfected/img_0_7338.jpg;train/notinfected/img_0_7338.jpg
Kaggle,d6aabe8d645df6ad82e037c233fb66db,2,1,test/infected/img_0_1287.jpg;train/infected/img_0_1287.jpg
Kaggle,d7284a2f4e58f22b36eb08958b19a1fd,2,0,test/notinfected/img_0_6067.jpg;train/notinfected/img_0_6067.jpg
Kaggle,d74709d8035c6195dd521c0a2fa62261,2,0,test/notinfected/img_0_3404.jpg;train/notinfected/img_0_3404.jpg
Kaggle,d838562fc5a9bbabe4c0c5c7b06c4d1a,2,0,test/notinfected/img_0_1552.jpg;train/notinfected/img_0_1552.jpg
Kaggle,d8523f2ef72d72f0495843afdb98eb92,2,0,test/notinfected/img_0_3845.jpg;train/notinfected/img_0_3845.jpg
Kaggle,d86b50cb2ce324b188e2850501568e4a,2,1,test/infected/img_0_5246.jpg;train/infected/img_0_5246.jpg
Kaggle,d86e3b7dd94a8accaf0641c1733d8872,2,0,test/notinfected/img_0_5203.jpg;train/notinfected/img_0_5203.jpg
Kaggle,d87215d1ceae1e447d5e6231ab4217af,2,1,test/infected/img_0_1313.jpg;train/infected/img_0_1313.jpg
Kaggle,d88461ce07c5bf78cebf81495c29c8bc,2,0,test/notinfected/img_0_9422.jpg;train/notinfected/img_0_9422.jpg
Kaggle,d8d592091982dabd4aade6523fcff8aa,2,0,test/notinfected/img_0_2820.jpg;train/notinfected/img_0_2820.jpg
Kaggle,d8ef812fc2366c86e28fa9216aca3f38,2,1,test/infected/img_0_5492.jpg;train/infected/img_0_5492.jpg
Kaggle,d90ab028384f8b88bde61f84b3fa9c9c,2,1,test/infected/img_0_54.jpg;train/infected/img_0_54.jpg
Kaggle,d9b5cdd1cc66a77fcc01d4c4a4a56d8b,2,1,test/infected/img_0_6414.jpg;train/infected/img_0_6414.jpg
Kaggle,d9b9809ecb5e07146322a481b0855582,2,0,test/notinfected/img_0_6013.jpg;train/notinfected/img_0_6013.jpg
Kaggle,d9e2ca74b76cc0155debef413991fba3,2,0,test/notinfected/img_0_6262.jpg;train/notinfected/img_0_6262.jpg
Kaggle,d9f27de423cbedd2d823476a42aca403,2,0,test/notinfected/img_0_337.jpg;train/notinfected/img_0_337.jpg
Kaggle,da0e2d26f7829f32d839bcdf0a7f7aca,2,0,test/notinfected/img_0_7119.jpg;train/notinfected/img_0_7119.jpg
Kaggle,da4178e72675d6861c32c257b5975d53,2,0,test/notinfected/img_0_5272.jpg;train/notinfected/img_0_5272.jpg
Kaggle,da5796d9c7f0ae23db9b36b1efee9547,2,0,test/notinfected/img_0_1465.jpg;train/notinfected/img_0_1465.jpg
Kaggle,da6e2f55073f2ec40911452926db4693,2,0,test/notinfected/img_0_4740.jpg;train/notinfected/img_0_4740.jpg
Kaggle,da89a1503d5401606847c9366a06964e,2,1,test/infected/img_0_7599.jpg;train/infected/img_0_7599.jpg
Kaggle,dadae289600f7f0ee42a25a9cdb1c68b,2,0,test/notinfected/img_0_7747.jpg;train/notinfected/img_0_7747.jpg
Kaggle,db66228bcf00345ebc27336b6ac44b69,2,0,test/notinfected/img_0_5398.jpg;train/notinfected/img_0_5398.jpg
Kaggle,db682286e096ca7abfa04fe151681b07,2,0,test/notinfected/img_0_280.jpg;train/notinfected/img_0_280.jpg
Kaggle,db685cc8917ae7d99d8ac38126ec6926,2,0,test/notinfected/img_0_930.jpg;train/notinfected/img_0_930.jpg
Kaggle,db690892c1d300ac444658302e538c93,2,0,test/notinfected/img_0_702.jpg;train/notinfected/img_0_702.jpg
Kaggle,db8c1096befc67114de0dd6a21d23c7a,2,1,test/infected/img_0_2439.jpg;train/infected/img_0_2439.jpg
Kaggle,db91568c08baa6e11f4872f4895d74a0,2,0,test/notinfected/img_0_5491.jpg;train/notinfected/img_0_5491.jpg
Kaggle,db936db43e1f6cbd98295f39e6bea8e1,2,0,test/notinfected/img_0_145.jpg;train/notinfected/img_0_145.jpg
Kaggle,db9633d568f031f664f1ef9e3bf3aec8,2,1,test/infected/img_0_9599.jpg;train/infected/img_0_9599.jpg
Kaggle,db9d0b6951c3481246869e51d13194dd,2,1,test/infected/img_0_7333.jpg;train/infected/img_0_7333.jpg
Kaggle,dba520ed70037668ee79748a8d5bea12,2,1,test/infected/img_0_625.jpg;train/infected/img_0_625.jpg
Kaggle,dba6acc245ecb9da4ccd84fa3c99ed23,2,1,test/infected/img_0_5783.jpg;train/infected/img_0_5783.jpg
Kaggle,dbafcfa47284a8d502ceed301838bcb8,2,0,test/notinfected/img_0_1458.jpg;train/notinfected/img_0_1458.jpg
Kaggle,dbc96b9ba14e2fcf1b2b9f4c9aa998f1,2,1,test/infected/img_0_1071.jpg;train/infected/img_0_1071.jpg
Kaggle,dbf39ef17fe52b1fb6d9c6a4f98a38c6,2,0,test/notinfected/img_0_8468.jpg;train/notinfected/img_0_8468.jpg
Kaggle,dc00cb8f0a439eb70478462f5b9b843d,2,1,test/infected/img_0_7123.jpg;train/infected/img_0_7123.jpg
Kaggle,dc0e03c46297153ec197d0b8a145edf1,2,1,test/infected/img_0_1234.jpg;train/infected/img_0_1234.jpg
Kaggle,dc79e04cebc895598cc2e9d36980c83e,2,1,test/infected/img_0_2886.jpg;train/infected/img_0_2886.jpg
Kaggle,dc7cab5fab57c9466acfc9b1f815d1aa,2,0,test/notinfected/img_0_4695.jpg;train/notinfected/img_0_4695.jpg
Kaggle,dc9a7382a74cf81662fe808e838d2261,2,0,test/notinfected/img_0_7841.jpg;train/notinfected/img_0_7841.jpg
Kaggle,dcb41a4cfbd77ebf66400ba2e005c252,2,0,test/notinfected/img_0_2041.jpg;train/notinfected/img_0_2041.jpg
Kaggle,dcc8456478dbe3449fa42159643d3b88,2,0,test/notinfected/img_0_9632.jpg;train/notinfected/img_0_9632.jpg
Kaggle,dcf9b45aa5f8db37a994a4238ae2a86a,2,0,test/notinfected/img_0_5427.jpg;train/notinfected/img_0_5427.jpg
Kaggle,dd2473631d4cbd1eef1f3111d2d85ce1,2,0,test/notinfected/img_0_9164.jpg;train/notinfected/img_0_9164.jpg
Kaggle,dd550f27d864158af61b2e73e69a2c4c,2,0,test/notinfected/img_0_2309.jpg;train/notinfected/img_0_2309.jpg
Kaggle,dd5f1418a21eb8710117e3dd9ad91c70,2,1,test/infected/img_0_1305.jpg;train/infected/img_0_1305.jpg
Kaggle,dd6965636d0e55697ac905f2cdabe276,2,1,test/infected/img_0_1023.jpg;train/infected/img_0_1023.jpg
Kaggle,dd8b03e5c1964dcf54d0039c3d3ebce5,2,1,test/infected/img_0_5536.jpg;train/infected/img_0_5536.jpg
Kaggle,ddcdf11e0f5571a2db8127c6966b9493,2,1,test/infected/img_0_2935.jpg;train/infected/img_0_2935.jpg
Kaggle,dddb0f286e8446dfc82e3a7001ef74a2,2,0,test/notinfected/img_0_5090.jpg;train/notinfected/img_0_5090.jpg
Kaggle,ddf374f92189c0ccbf631bb9cdf645e6,2,0,test/notinfected/img_0_5172.jpg;train/notinfected/img_0_5172.jpg
Kaggle,ddf9a140dbe78f567ead602d7e8b58c7,2,1,test/infected/img_0_9089.jpg;train/infected/img_0_9089.jpg
Kaggle,de03a6e02a5e4aad14c645af8137569d,2,1,test/infected/img_0_3900.jpg;train/infected/img_0_3900.jpg
Kaggle,de8edf3f3c3b2094f896abd6ee4e26cf,2,0,test/notinfected/img_0_720.jpg;train/notinfected/img_0_720.jpg
Kaggle,de8ff0b86a84757defacc7b32c1bfe27,2,0,test/notinfected/img_0_3708.jpg;train/notinfected/img_0_3708.jpg
Kaggle,de99eac9cfbcbd26ae5989ef60e3c5fc,2,0,test/notinfected/img_0_5856.jpg;train/notinfected/img_0_5856.jpg
Kaggle,deaab2085fb756bd5a3716a8675aeb5b,2,1,test/infected/img_0_8943.jpg;train/infected/img_0_8943.jpg
Kaggle,dec452f228f1879244bf01d8cb7ba47b,2,0,test/notinfected/img_0_2964.jpg;train/notinfected/img_0_2964.jpg
Kaggle,def42476749ec2c815f8b32ca027f2c0,2,0,test/notinfected/img_0_7060.jpg;train/notinfected/img_0_7060.jpg
Kaggle,df3530a92b28a46011cfc7fd2dc835b9,2,1,test/infected/img_0_182.jpg;train/infected/img_0_182.jpg
Kaggle,df75bedc30a4c69ce5841d06d3b4693d,2,0,test/notinfected/img_0_821.jpg;train/notinfected/img_0_821.jpg
Kaggle,dfc7a3a3e2157045563eec674f5cbef7,2,0,test/notinfected/img_0_3440.jpg;train/notinfected/img_0_3440.jpg
Kaggle,dfe879ac2bf78dfbec9937a1bf73268c,2,0,test/notinfected/img_0_7316.jpg;train/notinfected/img_0_7316.jpg
Kaggle,dfecde48a2c4c430d71ae3ff4940ba17,2,1,test/infected/img_0_7041.jpg;train/infected/img_0_7041.jpg
Kaggle,dff0804eaeb535badef2e1aafb1cfdc8,2,0,test/notinfected/img_0_4679.jpg;train/notinfected/img_0_4679.jpg
Kaggle,dff73e2e988aec5ad5a0077a6eb14f0a,2,1,test/infected/img_0_3078.jpg;train/infected/img_0_3078.jpg
Kaggle,e01220bffb03db1b6a82d98cb3a1ea5e,2,1,test/infected/img_0_9805.jpg;train/infected/img_0_9805.jpg
Kaggle,e01805a508e5436e8a5fe336d9f22f86,2,0,test/notinfected/img_0_3859.jpg;train/notinfected/img_0_3859.jpg
Kaggle,e01eb739acee09937fdc30308be38104,2,1,test/infected/img_0_2913.jpg;train/infected/img_0_2913.jpg
Kaggle,e026c5c37f2b153eda36566b156a7c05,2,1,test/infected/img_0_5986.jpg;train/infected/img_0_5986.jpg
Kaggle,e0357630aee888f0b3c47edc49013031,2,1,test/infected/img_0_8403.jpg;train/infected/img_0_8403.jpg
Kaggle,e045cfb86c9f11065c2009dac83c48cf,2,0,test/notinfected/img_0_4809.jpg;train/notinfected/img_0_4809.jpg
Kaggle,e05c868dd89f24393f97b161f5490652,2,0,test/notinfected/img_0_7050.jpg;train/notinfected/img_0_7050.jpg
Kaggle,e06a590974710b1e162405b0c8617328,2,0,test/notinfected/img_0_1929.jpg;train/notinfected/img_0_1929.jpg
Kaggle,e0b07c2bc07fd587f7bda9f9628caba7,2,1,test/infected/img_0_9114.jpg;train/infected/img_0_9114.jpg
Kaggle,e0cb216eda20fe817e95f90f33dcdf12,2,0,test/notinfected/img_0_5135.jpg;train/notinfected/img_0_5135.jpg
Kaggle,e0e243067412b796b68f2362d0e7fe63,2,0,test/notinfected/img_0_5925.jpg;train/notinfected/img_0_5925.jpg
Kaggle,e14aa2ef956d226a7f91ea00e753f2d6,2,0,test/notinfected/img_0_6060.jpg;train/notinfected/img_0_6060.jpg
Kaggle,e1f179f1b4b9da5f576f5b0e6b8ab705,2,0,test/notinfected/img_0_861.jpg;train/notinfected/img_0_861.jpg
Kaggle,e1fdfc20b1887e77ea67b5444d294df5,2,0,test/notinfected/img_0_9854.jpg;train/notinfected/img_0_9854.jpg
Kaggle,e208632e16c9cbb77a2b510ba891a2f4,2,1,test/infected/img_0_2724.jpg;train/infected/img_0_2724.jpg
Kaggle,e246ff7bff6bd35b24e48edcc8f88d60,2,1,test/infected/img_0_9357.jpg;train/infected/img_0_9357.jpg
Kaggle,e26a68efb1191f423c83f719b7af715a,2,0,test/notinfected/img_0_958.jpg;train/notinfected/img_0_958.jpg
Kaggle,e28a0d18bcb11c85f8e12eff911786f8,2,0,test/notinfected/img_0_8259.jpg;train/notinfected/img_0_8259.jpg
Kaggle,e2a54ddcb79bbb7964490cfc555ac30a,2,0,test/notinfected/img_0_3504.jpg;train/notinfected/img_0_3504.jpg
Kaggle,e2d11b65e3d6331297d135163cecb8fd,2,0,test/notinfected/img_0_3600.jpg;train/notinfected/img_0_3600.jpg
Kaggle,e2d340589f36fa22af67bdfa26c3cad9,2,1,test/infected/img_0_5679.jpg;train/infected/img_0_5679.jpg
Kaggle,e2dc1ee6a21084ded25591ff6254679c,2,0,test/notinfected/img_0_0.jpg;train/notinfected/img_0_0.jpg
Kaggle,e2df2200de619bd232975ebca6504daf,2,0,test/notinfected/img_0_6790.jpg;train/notinfected/img_0_6790.jpg
Kaggle,e2efc9b7095ad73e0871039f0f83c282,2,0,test/notinfected/img_0_5328.jpg;train/notinfected/img_0_5328.jpg
Kaggle,e321069205e236f5161dd5927b26fe22,2,0,test/notinfected/img_0_6935.jpg;train/notinfected/img_0_6935.jpg
Kaggle,e336c1b0b92bd37b8c362a40edcd3bb2,2,1,test/infected/img_0_5011.jpg;train/infected/img_0_5011.jpg
Kaggle,e33fe4ef03164e8a2844cdda2bdad197,2,0,test/notinfected/img_0_1769.jpg;train/notinfected/img_0_1769.jpg
Kaggle,e37efd20fca8aa926eac7e8a4e8a03f4,2,1,test/infected/img_0_6223.jpg;train/infected/img_0_6223.jpg
Kaggle,e393f1339b2dd92a0c080dfeba5dc73a,2,1,test/infected/img_0_7409.jpg;train/infected/img_0_7409.jpg
Kaggle,e39fd8bdf3e7080cb20ce3047ea6b637,2,0,test/notinfected/img_0_846.jpg;train/notinfected/img_0_846.jpg
Kaggle,e3bec69160c1296900e70d486eb4835a,2,1,test/infected/img_0_7079.jpg;train/infected/img_0_7079.jpg
Kaggle,e3de7a2bc539f7e09b4461096d19191d,2,0,test/notinfected/img_0_7626.jpg;train/notinfected/img_0_7626.jpg
Kaggle,e428991454f25fba59d56360f57a44e2,2,0,test/notinfected/img_0_1041.jpg;train/notinfected/img_0_1041.jpg
Kaggle,e45d4c43270cc6c5790c33aea3a82aca,2,0,test/notinfected/img_0_6333.jpg;train/notinfected/img_0_6333.jpg
Kaggle,e46cf3973874de241f577609ba67575d,2,0,test/notinfected/img_0_7107.jpg;train/notinfected/img_0_7107.jpg
Kaggle,e47fe14870107afe39553e539bbeb100,2,1,test/infected/img_0_275.jpg;train/infected/img_0_275.jpg
Kaggle,e4b41febf310426305382aecb60f26b7,2,0,test/notinfected/img_0_2804.jpg;train/notinfected/img_0_2804.jpg
Kaggle,e5099852e1ddb760e82b55a94d29c561,2,0,test/notinfected/img_0_8424.jpg;train/notinfected/img_0_8424.jpg
Kaggle,e511ab0b5213cb6553c4989e3a636121,2,1,test/infected/img_0_2748.jpg;train/infected/img_0_2748.jpg
Kaggle,e51558667db4fd2dbb6433b60fd421ce,2,1,test/infected/img_0_1869.jpg;train/infected/img_0_1869.jpg
Kaggle,e54c246bff078aa1253a19c892b94624,2,0,test/notinfected/img_0_6651.jpg;train/notinfected/img_0_6651.jpg
Kaggle,e5ab1cd5ebfc6c55e5a485de04a22ced,2,1,test/infected/img_0_993.jpg;train/infected/img_0_993.jpg
Kaggle,e5c01527f54faa2c5893fbc46cdd5f84,2,1,test/infected/img_0_1531.jpg;train/infected/img_0_1531.jpg
Kaggle,e60aaa846076df534e29a0d71391a403,2,0,test/notinfected/img_0_6879.jpg;train/notinfected/img_0_6879.jpg
Kaggle,e60ffeb1949f4492027fa8c34d0f593a,2,1,test/infected/img_0_4528.jpg;train/infected/img_0_4528.jpg
Kaggle,e6149ee941e5b353aa684c10e84755d5,2,0,test/notinfected/img_0_6453.jpg;train/notinfected/img_0_6453.jpg
Kaggle,e61782bc505d731f059f6b0fd79db5c4,2,0,test/notinfected/img_0_5091.jpg;train/notinfected/img_0_5091.jpg
Kaggle,e61f8431a7b38491e6bfffea006b7136,2,0,test/notinfected/img_0_126.jpg;train/notinfected/img_0_126.jpg
Kaggle,e63c9f4bc93694b0f39bec908692ce7d,2,0,test/notinfected/img_0_9599.jpg;train/notinfected/img_0_9599.jpg
Kaggle,e63cea611181fde1ca85fd42b32612ca,2,0,test/notinfected/img_0_6124.jpg;train/notinfected/img_0_6124.jpg
Kaggle,e64fbb9607754d8d2fa16a18a60441b7,2,0,test/notinfected/img_0_7656.jpg;train/notinfected/img_0_7656.jpg
Kaggle,e693c8e757b6799f33880cb87bb2466d,2,0,test/notinfected/img_0_4481.jpg;train/notinfected/img_0_4481.jpg
Kaggle,e69c36bc2d371f93295a68c5bad2c7a2,2,0,test/notinfected/img_0_323.jpg;train/notinfected/img_0_323.jpg
Kaggle,e707b2ba2a7ea50c4f98312a34cf2011,2,0,test/notinfected/img_0_9031.jpg;train/notinfected/img_0_9031.jpg
Kaggle,e71ec80d2e30490c922b8d5d8ff800b0,2,0,test/notinfected/img_0_3522.jpg;train/notinfected/img_0_3522.jpg
Kaggle,e7413a997bb087439ecdc33b85870348,2,0,test/notinfected/img_0_445.jpg;train/notinfected/img_0_445.jpg
Kaggle,e75bf157a1929290dffada556b35b024,2,0,test/notinfected/img_0_608.jpg;train/notinfected/img_0_608.jpg
Kaggle,e7625371491d840b7d2712e161b01b2e,2,0,test/notinfected/img_0_7273.jpg;train/notinfected/img_0_7273.jpg
Kaggle,e7dbc189392dc362f7ed5ce804d0099b,2,0,test/notinfected/img_0_2114.jpg;train/notinfected/img_0_2114.jpg
Kaggle,e7f9541f92b5161ae21c7123502777cd,2,1,test/infected/img_0_7999.jpg;train/infected/img_0_7999.jpg
Kaggle,e8412622c0b3147d39557b651c42e644,2,0,test/notinfected/img_0_4054.jpg;train/notinfected/img_0_4054.jpg
Kaggle,e84275fc4af8d1c629d6f322a53a0b80,2,0,test/notinfected/img_0_9570.jpg;train/notinfected/img_0_9570.jpg
Kaggle,e89beb7c2241de6c1c04c180eb1bb363,2,1,test/infected/img_0_2956.jpg;train/infected/img_0_2956.jpg
Kaggle,e8cafffb963e34192bc710951cd5e440,2,1,test/infected/img_0_7783.jpg;train/infected/img_0_7783.jpg
Kaggle,e8dcdc69f196c27087a5021f67ab92a4,2,0,test/notinfected/img_0_3409.jpg;train/notinfected/img_0_3409.jpg
Kaggle,e8e282847d6eccec8e0cf6a2001d44e2,2,1,test/infected/img_0_7230.jpg;train/infected/img_0_7230.jpg
Kaggle,e9384fce5c747d8e60456b4743286334,2,0,test/notinfected/img_0_3995.jpg;train/notinfected/img_0_3995.jpg
Kaggle,e9532cb02d66d9d71b952c842a3cd40b,2,1,test/infected/img_0_9474.jpg;train/infected/img_0_9474.jpg
Kaggle,e96e816f7600ed1bf8933c3ff1bdd9d3,2,0,test/notinfected/img_0_4122.jpg;train/notinfected/img_0_4122.jpg
Kaggle,e9b1da01b432348bf026e951627080c0,2,0,test/notinfected/img_0_4613.jpg;train/notinfected/img_0_4613.jpg
Kaggle,e9b8d47c48649ee236f9c10de4362251,2,0,test/notinfected/img_0_79.jpg;train/notinfected/img_0_79.jpg
Kaggle,e9ec0edf0e136f84586b12fa0a32b6b7,2,1,test/infected/img_0_2196.jpg;train/infected/img_0_2196.jpg
Kaggle,e9f927b047cfb1c758dff822ecc14540,2,0,test/notinfected/img_0_7887.jpg;train/notinfected/img_0_7887.jpg
Kaggle,ea353a6fb762445aef5b9913296f0351,2,0,test/notinfected/img_0_3325.jpg;train/notinfected/img_0_3325.jpg
Kaggle,ea7659a0169e66ef71021f5b65f68f12,2,1,test/infected/img_0_333.jpg;train/infected/img_0_333.jpg
Kaggle,ea7e4c5f91b822b376c20f0ccd1c801d,2,1,test/infected/img_0_533.jpg;train/infected/img_0_533.jpg
Kaggle,ea87301db53fb44cf5b5cead35b9ef4e,2,1,test/infected/img_0_87.jpg;train/infected/img_0_87.jpg
Kaggle,ea8adea9ac030304ce55324ae8945d3f,2,0,test/notinfected/img_0_8518.jpg;train/notinfected/img_0_8518.jpg
Kaggle,ea8ceedd72b31fa00f13790108a6de1e,2,0,test/notinfected/img_0_9042.jpg;train/notinfected/img_0_9042.jpg
Kaggle,ea987d96fac6bd7f14e88bdba216ccfe,2,0,test/notinfected/img_0_2382.jpg;train/notinfected/img_0_2382.jpg
Kaggle,ea989f563c9e5865358c4f5806021f6f,2,1,test/infected/img_0_7356.jpg;train/infected/img_0_7356.jpg
Kaggle,eaa4acc257c60b990928a57614bc8b2f,2,1,test/infected/img_0_5817.jpg;train/infected/img_0_5817.jpg
Kaggle,eaa8a77fb5eb75856898f862d6ae308e,2,0,test/notinfected/img_0_9058.jpg;train/notinfected/img_0_9058.jpg
Kaggle,eab1b4c97e486b72f0bc57f237e47ff3,2,0,test/notinfected/img_0_6349.jpg;train/notinfected/img_0_6349.jpg
Kaggle,ead63af4aef741867a62e1c4f1c0b13a,2,0,test/notinfected/img_0_1488.jpg;train/notinfected/img_0_1488.jpg
Kaggle,eb0e4f8e22f4360fb2f7c54580cf7cf9,2,0,test/notinfected/img_0_4813.jpg;train/notinfected/img_0_4813.jpg
Kaggle,eb1cd15ba432da16e2d4fa97379323fa,2,1,test/infected/img_0_3451.jpg;train/infected/img_0_3451.jpg
Kaggle,eb2d00fa21a7286988af5baa46d1b3b8,2,0,test/notinfected/img_0_7043.jpg;train/notinfected/img_0_7043.jpg
Kaggle,eb3ac2b2bbc83e46a6efad393ee2d9b6,2,1,test/infected/img_0_8892.jpg;train/infected/img_0_8892.jpg
Kaggle,eb72599b5d242dae12b38b0af012617a,2,1,test/infected/img_0_92.jpg;train/infected/img_0_92.jpg
Kaggle,ebb9bd7dd952d0baf6f0347ff791d6f8,2,0,test/notinfected/img_0_4249.jpg;train/notinfected/img_0_4249.jpg
Kaggle,ebf7fa2816b226255b368dd4be7b1fa2,2,0,test/notinfected/img_0_5572.jpg;train/notinfected/img_0_5572.jpg
Kaggle,ec0c2bb4532c1054b38a034b41aa4471,2,1,test/infected/img_0_9819.jpg;train/infected/img_0_9819.jpg
Kaggle,ec0f867b0113458604980889352427d7,2,0,test/notinfected/img_0_3309.jpg;train/notinfected/img_0_3309.jpg
Kaggle,ec20c908baba199c1fd0b973001218cb,2,1,test/infected/img_0_4667.jpg;train/infected/img_0_4667.jpg
Kaggle,ec99a9edcbe47b3f98ea043e82a8b716,2,0,test/notinfected/img_0_4922.jpg;train/notinfected/img_0_4922.jpg
Kaggle,ecebc2199aaf8ab659e48940e6bc9bf0,2,0,test/notinfected/img_0_3614.jpg;train/notinfected/img_0_3614.jpg
Kaggle,ed039bf0256059b2d8a2dd23ac1d55fb,2,1,test/infected/img_0_3288.jpg;train/infected/img_0_3288.jpg
Kaggle,ed105bbc5b5056f4fcbfec2868533870,2,0,test/notinfected/img_0_6115.jpg;train/notinfected/img_0_6115.jpg
Kaggle,ed30e03c8590420eb96f36045a85f680,2,0,test/notinfected/img_0_4735.jpg;train/notinfected/img_0_4735.jpg
Kaggle,ed4b6448e7d62b6c8f4e1c2e54eb6c92,2,1,test/infected/img_0_2559.jpg;train/infected/img_0_2559.jpg
Kaggle,ed5b0b6032b91481dcbd99203d7e0cfd,2,1,test/infected/img_0_1669.jpg;train/infected/img_0_1669.jpg
Kaggle,ed7e7c8f3d233c32cedfc4a58a2428a6,2,0,test/notinfected/img_0_7507.jpg;train/notinfected/img_0_7507.jpg
Kaggle,edc745f2267511f2c9007ab88f136faf,2,1,test/infected/img_0_1736.jpg;train/infected/img_0_1736.jpg
Kaggle,edfeee5efcbaafc943c16b590e4e1682,2,0,test/notinfected/img_0_4226.jpg;train/notinfected/img_0_4226.jpg
Kaggle,ee2699e555394bdf3f2581532edfab17,2,0,test/notinfected/img_0_8908.jpg;train/notinfected/img_0_8908.jpg
Kaggle,ee3dd52a5c3ef1bb12e5300074bd3b9b,2,0,test/notinfected/img_0_9712.jpg;train/notinfected/img_0_9712.jpg
Kaggle,ee3e94a3af9f7c03f7e6c6b523beddfe,2,0,test/notinfected/img_0_7324.jpg;train/notinfected/img_0_7324.jpg
Kaggle,ee582e2a724132fd60f594831306b6de,2,0,test/notinfected/img_0_8861.jpg;train/notinfected/img_0_8861.jpg
Kaggle,ee61defa3da85b136d81fa2f8eaa2b2c,2,0,test/notinfected/img_0_874.jpg;train/notinfected/img_0_874.jpg
Kaggle,ee92b12d08e0e6064b6d4d6ef89ce2d3,2,0,test/notinfected/img_0_5288.jpg;train/notinfected/img_0_5288.jpg
Kaggle,eed8954dc304af09a48c69a6bdc9010f,2,0,test/notinfected/img_0_5384.jpg;train/notinfected/img_0_5384.jpg
Kaggle,eedfd20d78468f3e3ba8508080fccebf,2,1,test/infected/img_0_1195.jpg;train/infected/img_0_1195.jpg
Kaggle,eeee9fd7977f3ccacda894286b571fa7,2,0,test/notinfected/img_0_8714.jpg;train/notinfected/img_0_8714.jpg
Kaggle,ef1ac99f3bfccda752471c34467eb3f6,2,0,test/notinfected/img_0_425.jpg;train/notinfected/img_0_425.jpg
Kaggle,ef2a997f2c19462fb6131722ee2ae737,2,1,test/infected/img_0_8299.jpg;train/infected/img_0_8299.jpg
Kaggle,ef473f6a01fe3f82a5f421aa5d1a98bc,2,0,test/notinfected/img_0_330.jpg;train/notinfected/img_0_330.jpg
Kaggle,ef728e761eb27ec9f77b4ca3a4320d90,2,1,test/infected/img_0_8093.jpg;train/infected/img_0_8093.jpg
Kaggle,ef786b17a040313a603c2d5de6ae5519,2,0,test/notinfected/img_0_3328.jpg;train/notinfected/img_0_3328.jpg
Kaggle,efaa3305a761a5fe868d659b10480d81,2,0,test/notinfected/img_0_1709.jpg;train/notinfected/img_0_1709.jpg
Kaggle,efe17432967e926a0fccf342e52d6842,2,0,test/notinfected/img_0_9617.jpg;train/notinfected/img_0_9617.jpg
Kaggle,f00f57b176c35e55b05aee01f93f0017,2,0,test/notinfected/img_0_8850.jpg;train/notinfected/img_0_8850.jpg
Kaggle,f01488d12db0096985d812e94f46dbcb,2,0,test/notinfected/img_0_2137.jpg;train/notinfected/img_0_2137.jpg
Kaggle,f03297f43620599998109d6a05c24274,2,0,test/notinfected/img_0_6108.jpg;train/notinfected/img_0_6108.jpg
Kaggle,f0382b93d5a44b53d95d7eb34313cbc8,2,1,test/infected/img_0_6298.jpg;train/infected/img_0_6298.jpg
Kaggle,f04207a09db962969550fd61afabc476,2,0,test/notinfected/img_0_5124.jpg;train/notinfected/img_0_5124.jpg
Kaggle,f050fb959b8e99661bc6148c9e2baaf8,2,0,test/notinfected/img_0_8985.jpg;train/notinfected/img_0_8985.jpg
Kaggle,f069ec4d42fb4fbdd0fb7024cb7da977,2,0,test/notinfected/img_0_1903.jpg;train/notinfected/img_0_1903.jpg
Kaggle,f06a9642b3ac31c0ddd182ca69338d15,2,0,test/notinfected/img_0_1082.jpg;train/notinfected/img_0_1082.jpg
Kaggle,f0834e0af10071d7e3c3d82e817f176a,2,0,test/notinfected/img_0_2700.jpg;train/notinfected/img_0_2700.jpg
Kaggle,f08c8c38c47599d3ae4098702f2718ae,2,0,test/notinfected/img_0_1248.jpg;train/notinfected/img_0_1248.jpg
Kaggle,f0b5ef7ac711f59a5edc6b371a32ffb4,2,0,test/notinfected/img_0_8496.jpg;train/notinfected/img_0_8496.jpg
Kaggle,f0df395bc0be6e21f8d2087929b33e12,2,1,test/infected/img_0_8032.jpg;train/infected/img_0_8032.jpg
Kaggle,f0dfe4d33b250fbe5c4425efe68f7a1d,2,0,test/notinfected/img_0_6087.jpg;train/notinfected/img_0_6087.jpg
Kaggle,f0ea962bdc6460589172fedee5887c45,2,1,test/infected/img_0_737.jpg;train/infected/img_0_737.jpg
Kaggle,f0f46f0165a67f3fadcd678c30db8fb4,2,1,test/infected/img_0_1903.jpg;train/infected/img_0_1903.jpg
Kaggle,f11ca8029fff2cb5da241e7ed5cd1820,2,0,test/notinfected/img_0_5240.jpg;train/notinfected/img_0_5240.jpg
Kaggle,f1245e706a2f27e85676f91e05fec0d1,2,1,test/infected/img_0_795.jpg;train/infected/img_0_795.jpg
Kaggle,f12d7a0cfbb63f3b569aad2cb7d646af,2,0,test/notinfected/img_0_2996.jpg;train/notinfected/img_0_2996.jpg
Kaggle,f14f903586813df5b2774f1886d7dedf,2,1,test/infected/img_0_2749.jpg;train/infected/img_0_2749.jpg
Kaggle,f154b333524d93a45aa7d26d729e2cda,2,0,test/notinfected/img_0_6582.jpg;train/notinfected/img_0_6582.jpg
Kaggle,f159d6b752fa1e6201837672ca854997,2,0,test/notinfected/img_0_7020.jpg;train/notinfected/img_0_7020.jpg
Kaggle,f1ce57c07dd89c49b05ba218abce4f05,2,1,test/infected/img_0_3424.jpg;train/infected/img_0_3424.jpg
Kaggle,f1d4b7acceeada39720cd2055df6ccbb,2,1,test/infected/img_0_4264.jpg;train/infected/img_0_4264.jpg
Kaggle,f1db98f8b099c056a1fa938571be9bbd,2,1,test/infected/img_0_5544.jpg;train/infected/img_0_5544.jpg
Kaggle,f1eeb768fdf080b814f66e7a697b2440,2,1,test/infected/img_0_1854.jpg;train/infected/img_0_1854.jpg
Kaggle,f1efbf1530cb343cfd6b69c0c636cf5a,2,1,test/infected/img_0_8382.jpg;train/infected/img_0_8382.jpg
Kaggle,f2061ec14ef1441de277a84d63f5d722,2,1,test/infected/img_0_9997.jpg;train/infected/img_0_9997.jpg
Kaggle,f24619c8c075b841f046a2e614297002,2,1,test/infected/img_0_3024.jpg;train/infected/img_0_3024.jpg
Kaggle,f271292755d0fe4c8e2edaa24d8b51cd,2,0,test/notinfected/img_0_7777.jpg;train/notinfected/img_0_7777.jpg
Kaggle,f2b586f892458469145dfbf516e09e5a,2,1,test/infected/img_0_7530.jpg;train/infected/img_0_7530.jpg
Kaggle,f2c56c3229b38b640583010df19f859e,2,1,test/infected/img_0_4909.jpg;train/infected/img_0_4909.jpg
Kaggle,f2cff67ee75b29691edc7b9ae70f1a85,2,0,test/notinfected/img_0_8004.jpg;train/notinfected/img_0_8004.jpg
Kaggle,f2fe4496e74ffe11ca4b358332b95e98,2,0,test/notinfected/img_0_995.jpg;train/notinfected/img_0_995.jpg
Kaggle,f313829f5224f9c1e7513af0a75fb865,2,1,test/infected/img_0_7483.jpg;train/infected/img_0_7483.jpg
Kaggle,f31466fcc6a414297e3cd356dc558958,2,1,test/infected/img_0_8290.jpg;train/infected/img_0_8290.jpg
Kaggle,f3522674ce478ddeedba621eed4bbc63,2,0,test/notinfected/img_0_952.jpg;train/notinfected/img_0_952.jpg
Kaggle,f35d1a0f0cc3bee5a00be066ff303df7,2,1,test/infected/img_0_3696.jpg;train/infected/img_0_3696.jpg
Kaggle,f367105bab0d0458a5cf1ca9dcd51695,2,1,test/infected/img_0_9255.jpg;train/infected/img_0_9255.jpg
Kaggle,f386af9446c81eb8197b6ff7b8026445,2,0,test/notinfected/img_0_6744.jpg;train/notinfected/img_0_6744.jpg
Kaggle,f39975d2a238c07ccc86b1d4e0f446f6,2,0,test/notinfected/img_0_9393.jpg;train/notinfected/img_0_9393.jpg
Kaggle,f3dc5127fe0c851d561f82bbef3d73e6,2,0,test/notinfected/img_0_3207.jpg;train/notinfected/img_0_3207.jpg
Kaggle,f41383a1e5c4c9edab1f96e56c4d88c3,2,1,test/infected/img_0_5673.jpg;train/infected/img_0_5673.jpg
Kaggle,f43d92bf2319b677dce8d4ccf764dee1,2,0,test/notinfected/img_0_7769.jpg;train/notinfected/img_0_7769.jpg
Kaggle,f46b722ff03d40aad03154e777be4b74,2,0,test/notinfected/img_0_4652.jpg;train/notinfected/img_0_4652.jpg
Kaggle,f4964ca7aa9f80c6ce89439832f7709f,2,0,test/notinfected/img_0_4374.jpg;train/notinfected/img_0_4374.jpg
Kaggle,f505416aecb2306d0bfebdcdf0af08fd,2,0,test/notinfected/img_0_7372.jpg;train/notinfected/img_0_7372.jpg
Kaggle,f51d3aca4bc63747504defada46d7613,2,1,test/infected/img_0_4908.jpg;train/infected/img_0_4908.jpg
Kaggle,f554339830d468035578d4682866f156,2,0,test/notinfected/img_0_4323.jpg;train/notinfected/img_0_4323.jpg
Kaggle,f568fe513b3f66a332f5e12be7e85946,2,0,test/notinfected/img_0_9507.jpg;train/notinfected/img_0_9507.jpg
Kaggle,f5836a2462b3d44e6bf36332296fa589,2,0,test/notinfected/img_0_5500.jpg;train/notinfected/img_0_5500.jpg
Kaggle,f590169fbab456069cdb644fe4301072,2,0,test/notinfected/img_0_6724.jpg;train/notinfected/img_0_6724.jpg
Kaggle,f5ce4aca653844e7276173d893909c93,2,1,test/infected/img_0_4402.jpg;train/infected/img_0_4402.jpg
Kaggle,f5ec9c84b86f53933685fd019522c9b3,2,0,test/notinfected/img_0_6751.jpg;train/notinfected/img_0_6751.jpg
Kaggle,f5f823db1d955261392582d2c347308a,2,1,test/infected/img_0_9054.jpg;train/infected/img_0_9054.jpg
Kaggle,f633e101eeba650bf1ef4df846cd736e,2,1,test/infected/img_0_8045.jpg;train/infected/img_0_8045.jpg
Kaggle,f638fb5ac05f23a5242faa2882bd7730,2,0,test/notinfected/img_0_3117.jpg;train/notinfected/img_0_3117.jpg
Kaggle,f65a5172b8fe8508a5ec3ec2d0545a0d,2,1,test/infected/img_0_8217.jpg;train/infected/img_0_8217.jpg
Kaggle,f6652523e6ecf4fd951b12ae18cfd6a3,2,0,test/notinfected/img_0_3102.jpg;train/notinfected/img_0_3102.jpg
Kaggle,f69381e9d0410635e6910349e56214c9,2,0,test/notinfected/img_0_8703.jpg;train/notinfected/img_0_8703.jpg
Kaggle,f6ec1fb889508f3d558d86a98ea1cdc9,2,0,test/notinfected/img_0_7845.jpg;train/notinfected/img_0_7845.jpg
Kaggle,f6ed3b0ff6ec0e7381f7ee674f5ca0c9,2,0,test/notinfected/img_0_7820.jpg;train/notinfected/img_0_7820.jpg
Kaggle,f731fd0c33500b81b15bc0a45152a5aa,2,0,test/notinfected/img_0_9275.jpg;train/notinfected/img_0_9275.jpg
Kaggle,f73f169f3b47a804f297a06e29ac8353,2,0,test/notinfected/img_0_5365.jpg;train/notinfected/img_0_5365.jpg
Kaggle,f745b1e9fd9d45b593e6998ab3aa1634,2,1,test/infected/img_0_1033.jpg;train/infected/img_0_1033.jpg
Kaggle,f76aa0b554ae812d66b7525b9b70a282,2,0,test/notinfected/img_0_2167.jpg;train/notinfected/img_0_2167.jpg
Kaggle,f780d436016372aab257f93c3e0f9090,2,1,test/infected/img_0_2298.jpg;train/infected/img_0_2298.jpg
Kaggle,f7b6cdc52915036f11dd0eef91582340,2,1,test/infected/img_0_9706.jpg;train/infected/img_0_9706.jpg
Kaggle,f7d7152572f525fc189a4e8e620d3ea4,2,0,test/notinfected/img_0_3297.jpg;train/notinfected/img_0_3297.jpg
Kaggle,f83d60cc162068e591c4141e09137f0b,2,0,test/notinfected/img_0_8198.jpg;train/notinfected/img_0_8198.jpg
Kaggle,f85f49e5a3d43adf217aa9b5ed6338d7,2,1,test/infected/img_0_5854.jpg;train/infected/img_0_5854.jpg
Kaggle,f867b795d603edf4e707543dfffdd921,2,0,test/notinfected/img_0_2518.jpg;train/notinfected/img_0_2518.jpg
Kaggle,f890282c61a391a67d438c7e6445a439,2,0,test/notinfected/img_0_618.jpg;train/notinfected/img_0_618.jpg
Kaggle,f8af5e31e1092971555b66fd2468dfc2,2,1,test/infected/img_0_6941.jpg;train/infected/img_0_6941.jpg
Kaggle,f8b5fbf36e3a972f0cb283dfca36cf70,2,1,test/infected/img_0_5927.jpg;train/infected/img_0_5927.jpg
Kaggle,f941c833ee725fd00297ff5b31348129,2,0,test/notinfected/img_0_4606.jpg;train/notinfected/img_0_4606.jpg
Kaggle,f9697b05890a2f20cb56b3e170068a90,2,1,test/infected/img_0_8100.jpg;train/infected/img_0_8100.jpg
Kaggle,f987f318b89f8076867e66c278107d8f,2,1,test/infected/img_0_4200.jpg;train/infected/img_0_4200.jpg
Kaggle,f9ba312c4eaaa8169458fd74039e78e5,2,0,test/notinfected/img_0_8086.jpg;train/notinfected/img_0_8086.jpg
Kaggle,f9ffa84bbf8a694e94414b531acfef58,2,0,test/notinfected/img_0_397.jpg;train/notinfected/img_0_397.jpg
Kaggle,fa1f92a8709d408c08504a61556861da,2,1,test/infected/img_0_8558.jpg;train/infected/img_0_8558.jpg
Kaggle,fa317c0fd138f02fbd51b03b336cc9dd,2,1,test/infected/img_0_6200.jpg;train/infected/img_0_6200.jpg
Kaggle,fa4d553ab7578dbe727491829643f64a,2,0,test/notinfected/img_0_2027.jpg;train/notinfected/img_0_2027.jpg
Kaggle,fa5edb89cf7ad59d428a74acde49e3f8,2,1,test/infected/img_0_9166.jpg;train/infected/img_0_9166.jpg
Kaggle,fae07ada2b815ab9a6c36f959b1e9bcb,2,1,test/infected/img_0_5412.jpg;train/infected/img_0_5412.jpg
Kaggle,fb0ad7db05ff0528bc0dd4071affd731,2,1,test/infected/img_0_5224.jpg;train/infected/img_0_5224.jpg
Kaggle,fb540108ccf937ca9eab138e76b4f507,2,0,test/notinfected/img_0_1337.jpg;train/notinfected/img_0_1337.jpg
Kaggle,fbb64c40419fc59b750de7b82769b230,2,0,test/notinfected/img_0_393.jpg;train/notinfected/img_0_393.jpg
Kaggle,fbf74abf91d2910d7c498a0e6100bd79,2,1,test/infected/img_0_8837.jpg;train/infected/img_0_8837.jpg
Kaggle,fbfd8ee072b17090cbf3437b9aa1f468,2,1,test/infected/img_0_4761.jpg;train/infected/img_0_4761.jpg
Kaggle,fbfef0c090f2e68e9f46c8cc4e78aa92,2,0,test/notinfected/img_0_261.jpg;train/notinfected/img_0_261.jpg
Kaggle,fc2614bbab92877cada2f67cb70d6321,2,1,test/infected/img_0_6680.jpg;train/infected/img_0_6680.jpg
Kaggle,fc34da75336b4d2141133c874c7cb6be,2,1,test/infected/img_0_9105.jpg;train/infected/img_0_9105.jpg
Kaggle,fc3ea681dd07e531eed692448d8d98bf,2,0,test/notinfected/img_0_6047.jpg;train/notinfected/img_0_6047.jpg
Kaggle,fc4918352b179c112930f7221fc990df,2,1,test/infected/img_0_2723.jpg;train/infected/img_0_2723.jpg
Kaggle,fc493a73fca515e274a4626af828ac93,2,0,test/notinfected/img_0_5547.jpg;train/notinfected/img_0_5547.jpg
Kaggle,fc65dfe7f4c24051f16e05b8f920668c,2,1,test/infected/img_0_8080.jpg;train/infected/img_0_8080.jpg
Kaggle,fc85a10d87dc1b21fa62ee27b8b7a9e6,2,0,test/notinfected/img_0_9116.jpg;train/notinfected/img_0_9116.jpg
Kaggle,fca2ed28179d8dc5e7481087810dce71,2,0,test/notinfected/img_0_451.jpg;train/notinfected/img_0_451.jpg
Kaggle,fcb683c7294ec7ec352dc60de5f13c69,2,0,test/notinfected/img_0_8260.jpg;train/notinfected/img_0_8260.jpg
Kaggle,fce15920c6532d79fe600a14c1fe7637,2,0,test/notinfected/img_0_90.jpg;train/notinfected/img_0_90.jpg
Kaggle,fcfe478229a8c13951cdef0e1e4ca487,2,1,test/infected/img_0_5932.jpg;train/infected/img_0_5932.jpg
Kaggle,fd17449f045446781645990275a20c03,2,0,test/notinfected/img_0_8368.jpg;train/notinfected/img_0_8368.jpg
Kaggle,fd31fb7422af0ced8526a9261580b466,2,0,test/notinfected/img_0_6305.jpg;train/notinfected/img_0_6305.jpg
Kaggle,fd8b58c044f06cc20edcbd5770a223de,2,0,test/notinfected/img_0_6596.jpg;train/notinfected/img_0_6596.jpg
Kaggle,fd8d94cfdd14afe5d370604c8089f959,2,1,test/infected/img_0_7207.jpg;train/infected/img_0_7207.jpg
Kaggle,fd9dff0df6ee45db569b18a266ca24f7,2,0,test/notinfected/img_0_8841.jpg;train/notinfected/img_0_8841.jpg
Kaggle,fd9e6a5b8d58af67e2389de52e0bbb43,2,0,test/notinfected/img_0_5190.jpg;train/notinfected/img_0_5190.jpg
Kaggle,fdb01fdeb11425ab61230119d749fbd8,2,0,test/notinfected/img_0_1962.jpg;train/notinfected/img_0_1962.jpg
Kaggle,fdf559190511aa28c33dbd69b9b4634c,2,0,test/notinfected/img_0_6858.jpg;train/notinfected/img_0_6858.jpg
Kaggle,fe4e3056713b5ed73c60647dff405427,2,0,test/notinfected/img_0_5826.jpg;train/notinfected/img_0_5826.jpg
Kaggle,fe5d91446403e994e1a81e197519a3a5,2,1,test/infected/img_0_4257.jpg;train/infected/img_0_4257.jpg
Kaggle,fe61d8c4003500f6549d52619849ff12,2,1,test/infected/img_0_5671.jpg;train/infected/img_0_5671.jpg
Kaggle,fe80a5b3f9c72b94f805bad8ea567c94,2,0,test/notinfected/img_0_6057.jpg;train/notinfected/img_0_6057.jpg
Kaggle,fe9cad65c8ba63a15812fc91678df8fc,2,0,test/notinfected/img_0_6076.jpg;train/notinfected/img_0_6076.jpg
Kaggle,fed2699fde085ab51f0431bdf61c634d,2,1,test/infected/img_0_7138.jpg;train/infected/img_0_7138.jpg
Kaggle,ff0c07b48ca1fee647d3d82dc21ffba8,2,0,test/notinfected/img_0_9576.jpg;train/notinfected/img_0_9576.jpg
Kaggle,ff0c7e1823fcf256a2b035348d7ecc41,2,1,test/infected/img_0_7861.jpg;train/infected/img_0_7861.jpg
Kaggle,ffd823482d184644dc99d609f057056e,2,0,test/notinfected/img_0_6157.jpg;train/notinfected/img_0_6157.jpg
Kaggle,ffead1bdbf815037e5f682078213acf5,2,1,test/infected/img_0_2175.jpg;train/infected/img_0_2175.jpg
Kaggle,fff72170892c1b00a326e391887a95c5,2,1,test/infected/img_0_3746.jpg;train/infected/img_0_3746.jpg
Kaggle,ffff425158a1e46e3d924bddb664fb12,2,0,test/notinfected/img_0_239.jpg;train/notinfected/img_0_239.jpg
Figshare,001d5843f4b1e9621a8328475a7fa7e8,8,0,PCOS/noninfected/Image_765.jpg;PCOS/noninfected/Image_766.jpg;PCOS/noninfected/Image_SetA765.jpg;PCOS/noninfected/Image_SetA766.jpg;PCOS/noninfected/Image_SetB765.jpg;PCOS/noninfected/Image_SetB766.jpg;PCOS/noninfected/Image_resize_671  (789).jpg;PCOS/noninfected/Image_resize_671  (790).jpg
Figshare,001ea5407619c059cba2b93bf44ae2b9,2,1,PCOS/infected/Image_Rotate_Rotate_Right_279.jpg;PCOS/infected/Image_Rotate_Rotate_Right_280.jpg
Figshare,0021b0c4bb2aae8b7b3b461d3764320c,4,1,PCOS/infected/Image_Rotate_085.jpg;PCOS/infected/Image_Rotate_086.jpg;PCOS/infected/Image_Rotate_285.jpg;PCOS/infected/Image_Rotate_286.jpg
Figshare,006a9044740c442987caad5db27044b3,8,0,PCOS/noninfected/Image_635.jpg;PCOS/noninfected/Image_636.jpg;PCOS/noninfected/Image_SetA635.jpg;PCOS/noninfected/Image_SetA636.jpg;PCOS/noninfected/Image_SetB635.jpg;PCOS/noninfected/Image_SetB636.jpg;PCOS/noninfected/Image_resize_671  (920).jpg;PCOS/noninfected/Image_resize_671  (921).jpg
Figshare,00a56444715c5601a0daf7cf3dbf7cf7,2,0,PCOS/noninfected/Image_resize_729.jpg;PCOS/noninfected/Image_resize_733.jpg
Figshare,00c512566d210a729622e287d356aa27,8,0,PCOS/noninfected/Image_497.jpg;PCOS/noninfected/Image_498.jpg;PCOS/noninfected/Image_SetA497.jpg;PCOS/noninfected/Image_SetA498.jpg;PCOS/noninfected/Image_SetB497.jpg;PCOS/noninfected/Image_SetB498.jpg;PCOS/noninfected/Image_resize_671  (1081).jpg;PCOS/noninfected/Image_resize_671  (1082).jpg
Figshare,00c54550e4932797812bff12be094196,2,1,PCOS/infected/Image_Rotate_Rotate_Right_311.jpg;PCOS/infected/Image_Rotate_Rotate_Right_312.jpg
Figshare,00db3f23468805cd2c1ebd4ae17f9422,4,0,PCOS/noninfected/Image_resize_545.jpg;PCOS/noninfected/Image_resize_549.jpg;PCOS/noninfected/Image_resize_671  (118).jpg;PCOS/noninfected/Image_resize_671  (122).jpg
Figshare,012934d8302e084c1b068aefce163873,6,1,PCOS/infected/Image_145.jpg;PCOS/infected/Image_146.jpg;PCOS/infected/Image_SETA_145.jpg;PCOS/infected/Image_SETA_146.jpg;PCOS/infected/Image_SETB_145.jpg;PCOS/infected/Image_SETB_146.jpg
Figshare,01397ca441a14ce149ccaf47969dddd0,4,1,PCOS/infected/Image_resize_043.jpg;PCOS/infected/Image_resize_044.jpg;PCOS/infected/Image_resize_243.jpg;PCOS/infected/Image_resize_244.jpg
Figshare,015063068ffccddcb6995ec0339ac0ed,4,1,PCOS/infected/Image_resize_131.jpg;PCOS/infected/Image_resize_132.jpg;PCOS/infected/Image_resize_331.jpg;PCOS/infected/Image_resize_332.jpg
Figshare,0151b43f8f0656af89c17fd2bba9b218,2,1,PCOS/infected/image10785.jpg;PCOS/infected/image10982.jpg
Figshare,0166009d9e64ad8cf19ff0fe00c0f583,4,1,PCOS/infected/Image_Rotate_127.jpg;PCOS/infected/Image_Rotate_128.jpg;PCOS/infected/Image_Rotate_327.jpg;PCOS/infected/Image_Rotate_328.jpg
Figshare,016bdd30188b2afabb0c2ce78b812702,6,1,PCOS/infected/Image_805.jpg;PCOS/infected/Image_806.jpg;PCOS/infected/Image_SETA_805.jpg;PCOS/infected/Image_SETA_806.jpg;PCOS/infected/Image_SETB_805.jpg;PCOS/infected/Image_SETB_806.jpg
Figshare,017326ace2da447cb0c59abdedbf8801,2,1,PCOS/infected/image10803.jpg;PCOS/infected/image11000.jpg
Figshare,01770655d48291efd474318af3e3310c,2,1,PCOS/infected/image10916.jpg;PCOS/infected/image11117.jpg
Figshare,01d7dcc610bf992faad23beb6e4f82e8,6,1,PCOS/infected/Image_217.jpg;PCOS/infected/Image_218.jpg;PCOS/infected/Image_SETA_217.jpg;PCOS/infected/Image_SETA_218.jpg;PCOS/infected/Image_SETB_217.jpg;PCOS/infected/Image_SETB_218.jpg
Figshare,01d8645dc88a0ad9ca7509f060274446,8,0,PCOS/noninfected/Image_649.jpg;PCOS/noninfected/Image_650.jpg;PCOS/noninfected/Image_SetA649.jpg;PCOS/noninfected/Image_SetA650.jpg;PCOS/noninfected/Image_SetB649.jpg;PCOS/noninfected/Image_SetB650.jpg;PCOS/noninfected/Image_resize_671  (911).jpg;PCOS/noninfected/Image_resize_671  (912).jpg
Figshare,020666f7b5ca1cfff7000f16d2227db8,2,1,PCOS/infected/image10927.jpg;PCOS/infected/image11128.jpg
Figshare,0288d0fc8f034d074c45b854d267ad81,2,1,PCOS/infected/image10919.jpg;PCOS/infected/image11120.jpg
Figshare,02c566ea9941931d1b0c0980ae940b50,6,1,PCOS/infected/Image_817.jpg;PCOS/infected/Image_818.jpg;PCOS/infected/Image_SETA_817.jpg;PCOS/infected/Image_SETA_818.jpg;PCOS/infected/Image_SETB_817.jpg;PCOS/infected/Image_SETB_818.jpg
Figshare,02d904f239b84584ddced148b2aca86d,6,1,PCOS/infected/Image_061.jpg;PCOS/infected/Image_062.jpg;PCOS/infected/Image_SETA_061.jpg;PCOS/infected/Image_SETA_062.jpg;PCOS/infected/Image_SETB_061.jpg;PCOS/infected/Image_SETB_062.jpg
Figshare,02ead03c840258340efeababaa3798c0,4,1,PCOS/infected/Image_resize_063.jpg;PCOS/infected/Image_resize_064.jpg;PCOS/infected/Image_resize_263.jpg;PCOS/infected/Image_resize_264.jpg
Figshare,03054fe3194593bdd058fbfbfd386ce7,6,0,PCOS/noninfected/Image_171.jpg;PCOS/noninfected/Image_172.jpg;PCOS/noninfected/Image_SetA171.jpg;PCOS/noninfected/Image_SetA172.jpg;PCOS/noninfected/Image_SetB171.jpg;PCOS/noninfected/Image_SetB172.jpg
Figshare,0328918821376f1cb9660c38c6eba7ad,2,1,PCOS/infected/image10817.jpg;PCOS/infected/image11014.jpg
Figshare,033467796f1a4fbd968f33ee34a104cc,6,1,PCOS/infected/Image_733.jpg;PCOS/infected/Image_734.jpg;PCOS/infected/Image_SETA_733.jpg;PCOS/infected/Image_SETA_734.jpg;PCOS/infected/Image_SETB_733.jpg;PCOS/infected/Image_SETB_734.jpg
Figshare,03417ef83e5b44eda3cb4a9a4e17b36a,4,0,PCOS/noninfected/Image_resize_092.jpg;PCOS/noninfected/Image_resize_096.jpg;PCOS/noninfected/Image_resize_671  (461).jpg;PCOS/noninfected/Image_resize_671  (481).jpg
Figshare,03458fadfde6f389046926b75f521ea2,8,0,PCOS/noninfected/Image_543.jpg;PCOS/noninfected/Image_544.jpg;PCOS/noninfected/Image_SetA543.jpg;PCOS/noninfected/Image_SetA544.jpg;PCOS/noninfected/Image_SetB543.jpg;PCOS/noninfected/Image_SetB544.jpg;PCOS/noninfected/Image_resize_671  (1021).jpg;PCOS/noninfected/Image_resize_671  (1022).jpg
Figshare,03477c112f6ecc75cea845f578062a7b,2,1,PCOS/infected/image10791.jpg;PCOS/infected/image10988.jpg
Figshare,0394310b529909874cae90f4452a40b1,8,0,PCOS/noninfected/Image_499.jpg;PCOS/noninfected/Image_500.jpg;PCOS/noninfected/Image_SetA499.jpg;PCOS/noninfected/Image_SetA500.jpg;PCOS/noninfected/Image_SetB499.jpg;PCOS/noninfected/Image_SetB500.jpg;PCOS/noninfected/Image_resize_671  (1083).jpg;PCOS/noninfected/Image_resize_671  (1084).jpg
Figshare,03dd7dcca184aa3297eab47b7a1ae1f8,4,0,PCOS/noninfected/Image_resize_593.jpg;PCOS/noninfected/Image_resize_597.jpg;PCOS/noninfected/Image_resize_671  (72).jpg;PCOS/noninfected/Image_resize_671  (76).jpg
Figshare,03fe7c1577165848948150ed54f6fd96,6,1,PCOS/infected/Image_489.jpg;PCOS/infected/Image_490.jpg;PCOS/infected/Image_SETA_489.jpg;PCOS/infected/Image_SETA_490.jpg;PCOS/infected/Image_SETB_489.jpg;PCOS/infected/Image_SETB_490.jpg
Figshare,0472f205cb8062ce7a4dde0c977b9944,6,1,PCOS/infected/Image_403.jpg;PCOS/infected/Image_404.jpg;PCOS/infected/Image_SETA_403.jpg;PCOS/infected/Image_SETA_404.jpg;PCOS/infected/Image_SETB_403.jpg;PCOS/infected/Image_SETB_404.jpg
Figshare,0475f46443c6b7a6064506ec4465b31c,2,1,PCOS/infected/image10865.jpg;PCOS/infected/image11062.jpg
Figshare,04858b3eba33bc2a3abaf405d06228e5,6,1,PCOS/infected/Image_765.jpg;PCOS/infected/Image_766.jpg;PCOS/infected/Image_SETA_765.jpg;PCOS/infected/Image_SETA_766.jpg;PCOS/infected/Image_SETB_765.jpg;PCOS/infected/Image_SETB_766.jpg
Figshare,048bda7d090e054ff4430a9c56088f8d,4,0,PCOS/noninfected/Image_resize_012.jpg;PCOS/noninfected/Image_resize_016.jpg;PCOS/noninfected/Image_resize_671  (542).jpg;PCOS/noninfected/Image_resize_671  (546).jpg
Figshare,04a942746eed08e2c9f1528573e77948,2,1,PCOS/infected/image11433.jpg;PCOS/infected/image13065.jpg
Figshare,04b07d10e0094a137e640c3284256347,6,1,PCOS/infected/Image_291.jpg;PCOS/infected/Image_292.jpg;PCOS/infected/Image_SETA_291.jpg;PCOS/infected/Image_SETA_292.jpg;PCOS/infected/Image_SETB_291.jpg;PCOS/infected/Image_SETB_292.jpg
Figshare,04c8a064ac2291a87a9397c8acc7a806,2,0,PCOS/noninfected/Image_resize_708.jpg;PCOS/noninfected/Image_resize_712.jpg
Figshare,04d80845a4a42794ae667cb7ac18ee9c,6,1,PCOS/infected/Image_199.jpg;PCOS/infected/Image_200.jpg;PCOS/infected/Image_SETA_199.jpg;PCOS/infected/Image_SETA_200.jpg;PCOS/infected/Image_SETB_199.jpg;PCOS/infected/Image_SETB_200.jpg
Figshare,04eeba980d99f7152ce783369c344a5b,6,1,PCOS/infected/Image_803.jpg;PCOS/infected/Image_804.jpg;PCOS/infected/Image_SETA_803.jpg;PCOS/infected/Image_SETA_804.jpg;PCOS/infected/Image_SETB_803.jpg;PCOS/infected/Image_SETB_804.jpg
Figshare,04f296c382aef3f35fff805bdf2aafec,6,0,PCOS/noninfected/Image_1023.jpg;PCOS/noninfected/Image_1024.jpg;PCOS/noninfected/Image_SetA1023.jpg;PCOS/noninfected/Image_SetA1024.jpg;PCOS/noninfected/Image_SetB1023.jpg;PCOS/noninfected/Image_SetB1024.jpg
Figshare,051f072f38b24723d82e08a0d483c349,4,1,PCOS/infected/Image_Rotate_145.jpg;PCOS/infected/Image_Rotate_146.jpg;PCOS/infected/Image_Rotate_345.jpg;PCOS/infected/Image_Rotate_346.jpg
Figshare,052be6be491eb9732ce8fae720f384dd,6,0,PCOS/noninfected/Image_365.jpg;PCOS/noninfected/Image_366.jpg;PCOS/noninfected/Image_SetA365.jpg;PCOS/noninfected/Image_SetA366.jpg;PCOS/noninfected/Image_SetB365.jpg;PCOS/noninfected/Image_SetB366.jpg
Figshare,054282eb5061b3a779dcb4160021c8a6,8,0,PCOS/noninfected/Image_resize_418.jpg;PCOS/noninfected/Image_resize_419.jpg;PCOS/noninfected/Image_resize_422.jpg;PCOS/noninfected/Image_resize_423.jpg;PCOS/noninfected/Image_resize_671  (233).jpg;PCOS/noninfected/Image_resize_671  (234).jpg;PCOS/noninfected/Image_resize_671  (237).jpg;PCOS/noninfected/Image_resize_671  (238).jpg
Figshare,0563168b94386ff9ce12bdcc7e96a090,8,0,PCOS/noninfected/Image_693.jpg;PCOS/noninfected/Image_694.jpg;PCOS/noninfected/Image_SetA693.jpg;PCOS/noninfected/Image_SetA694.jpg;PCOS/noninfected/Image_SetB693.jpg;PCOS/noninfected/Image_SetB694.jpg;PCOS/noninfected/Image_resize_671  (860).jpg;PCOS/noninfected/Image_resize_671  (861).jpg
Figshare,05838066a9e41f084a2d04d93dda439d,4,0,PCOS/noninfected/Image_resize_065.jpg;PCOS/noninfected/Image_resize_069.jpg;PCOS/noninfected/Image_resize_671  (501).jpg;PCOS/noninfected/Image_resize_671  (505).jpg
Figshare,05c1de8dbaf9a23fcc9eeedb38506e57,2,0,PCOS/noninfected/Image_resize_764.jpg;PCOS/noninfected/Image_resize_768.jpg
Figshare,05e09a758aa406023f9df882897a834c,2,0,PCOS/noninfected/Image_resize_273.jpg;PCOS/noninfected/Image_resize_277.jpg
Figshare,05f261f02bacc8999b2dc6c47cb53705,8,0,PCOS/noninfected/Image_837.jpg;PCOS/noninfected/Image_838.jpg;PCOS/noninfected/Image_SetA837.jpg;PCOS/noninfected/Image_SetA838.jpg;PCOS/noninfected/Image_SetB837.jpg;PCOS/noninfected/Image_SetB838.jpg;PCOS/noninfected/Image_resize_671  (719).jpg;PCOS/noninfected/Image_resize_671  (720).jpg
Figshare,05f63ffed03cc16e23c0590e91f16578,2,1,PCOS/infected/image10871.jpg;PCOS/infected/image11068.jpg
Figshare,064c35cd897f162f8cc08a7d4d27b76e,8,0,PCOS/noninfected/Image_535.jpg;PCOS/noninfected/Image_536.jpg;PCOS/noninfected/Image_SetA535.jpg;PCOS/noninfected/Image_SetA536.jpg;PCOS/noninfected/Image_SetB535.jpg;PCOS/noninfected/Image_SetB536.jpg;PCOS/noninfected/Image_resize_671  (1014).jpg;PCOS/noninfected/Image_resize_671  (1037).jpg
Figshare,0663dd165fc4c6f8970f084dab25eca8,6,1,PCOS/infected/Image_195.jpg;PCOS/infected/Image_196.jpg;PCOS/infected/Image_SETA_195.jpg;PCOS/infected/Image_SETA_196.jpg;PCOS/infected/Image_SETB_195.jpg;PCOS/infected/Image_SETB_196.jpg
Figshare,066d5906b2f93879ea612031b04c00b6,6,1,PCOS/infected/Image_913.jpg;PCOS/infected/Image_914.jpg;PCOS/infected/Image_SETA_913.jpg;PCOS/infected/Image_SETA_914.jpg;PCOS/infected/Image_SETB_913.jpg;PCOS/infected/Image_SETB_914.jpg
Figshare,06723a3408cefd3ef375ade955b0f9dc,8,0,PCOS/noninfected/Image_465.jpg;PCOS/noninfected/Image_466.jpg;PCOS/noninfected/Image_SetA465.jpg;PCOS/noninfected/Image_SetA466.jpg;PCOS/noninfected/Image_SetB465.jpg;PCOS/noninfected/Image_SetB466.jpg;PCOS/noninfected/Image_resize_671  (1096).jpg;PCOS/noninfected/Image_resize_671  (1097).jpg
Figshare,067be677505f5c38e418185b176c9f97,4,1,PCOS/infected/Image_resize_189.jpg;PCOS/infected/Image_resize_190.jpg;PCOS/infected/Image_resize_389.jpg;PCOS/infected/Image_resize_390.jpg
Figshare,067f5ebb561ae1aa3daf77443fad639d,6,1,PCOS/infected/Image_891.jpg;PCOS/infected/Image_892.jpg;PCOS/infected/Image_SETA_891.jpg;PCOS/infected/Image_SETA_892.jpg;PCOS/infected/Image_SETB_891.jpg;PCOS/infected/Image_SETB_892.jpg
Figshare,0714d1da60a2ee5d4431271021f8d6cb,8,0,PCOS/noninfected/Image_resize_378.jpg;PCOS/noninfected/Image_resize_379.jpg;PCOS/noninfected/Image_resize_382.jpg;PCOS/noninfected/Image_resize_383.jpg;PCOS/noninfected/Image_resize_671  (287).jpg;PCOS/noninfected/Image_resize_671  (288).jpg;PCOS/noninfected/Image_resize_671  (291).jpg;PCOS/noninfected/Image_resize_671  (292).jpg
Figshare,0723fe0768dca877eeb4d055025e1bb6,4,0,PCOS/noninfected/Image_resize_097.jpg;PCOS/noninfected/Image_resize_101.jpg;PCOS/noninfected/Image_resize_671  (462).jpg;PCOS/noninfected/Image_resize_671  (466).jpg
Figshare,0728e6d68edcfde1c0c71fccf1f21b29,6,0,PCOS/noninfected/Image_307.jpg;PCOS/noninfected/Image_308.jpg;PCOS/noninfected/Image_SetA307.jpg;PCOS/noninfected/Image_SetA308.jpg;PCOS/noninfected/Image_SetB307.jpg;PCOS/noninfected/Image_SetB308.jpg
Figshare,075922a210d5b13297e812fa8473dc84,8,0,PCOS/noninfected/Image_697.jpg;PCOS/noninfected/Image_698.jpg;PCOS/noninfected/Image_SetA697.jpg;PCOS/noninfected/Image_SetA698.jpg;PCOS/noninfected/Image_SetB697.jpg;PCOS/noninfected/Image_SetB698.jpg;PCOS/noninfected/Image_resize_671  (864).jpg;PCOS/noninfected/Image_resize_671  (865).jpg
Figshare,07761fd3769a136c8194526c8ee85e4c,2,1,PCOS/infected/Image_Rotate_Rotate_Right_173.jpg;PCOS/infected/Image_Rotate_Rotate_Right_174.jpg
Figshare,07b4220b1d37718476e5fdc595fec455,8,0,PCOS/noninfected/Image_677.jpg;PCOS/noninfected/Image_678.jpg;PCOS/noninfected/Image_SetA677.jpg;PCOS/noninfected/Image_SetA678.jpg;PCOS/noninfected/Image_SetB677.jpg;PCOS/noninfected/Image_SetB678.jpg;PCOS/noninfected/Image_resize_671  (890).jpg;PCOS/noninfected/Image_resize_671  (891).jpg
Figshare,0802fe6ab19e3773f79064573fe824e5,2,1,PCOS/infected/image11212.jpg;PCOS/infected/image12846.jpg
Figshare,0811ea6cc7a5184235432a059b8fdee7,6,0,PCOS/noninfected/Image_129.jpg;PCOS/noninfected/Image_130.jpg;PCOS/noninfected/Image_SetA129.jpg;PCOS/noninfected/Image_SetA130.jpg;PCOS/noninfected/Image_SetB129.jpg;PCOS/noninfected/Image_SetB130.jpg
Figshare,086bbfce13b08f251589caf11a9863bc,8,0,PCOS/noninfected/Image_965.jpg;PCOS/noninfected/Image_966.jpg;PCOS/noninfected/Image_SetA965.jpg;PCOS/noninfected/Image_SetA966.jpg;PCOS/noninfected/Image_SetB965.jpg;PCOS/noninfected/Image_SetB966.jpg;PCOS/noninfected/Image_resize_671  (589).jpg;PCOS/noninfected/Image_resize_671  (590).jpg
Figshare,08793962bc582e78b17cb9f9f900cdd1,8,0,PCOS/noninfected/Image_709.jpg;PCOS/noninfected/Image_710.jpg;PCOS/noninfected/Image_SetA709.jpg;PCOS/noninfected/Image_SetA710.jpg;PCOS/noninfected/Image_SetB709.jpg;PCOS/noninfected/Image_SetB710.jpg;PCOS/noninfected/Image_resize_671  (853).jpg;PCOS/noninfected/Image_resize_671  (854).jpg
Figshare,08b5e4da307c1f530daeb784784c0a37,6,1,PCOS/infected/Image_581.jpg;PCOS/infected/Image_582.jpg;PCOS/infected/Image_SETA_581.jpg;PCOS/infected/Image_SETA_582.jpg;PCOS/infected/Image_SETB_581.jpg;PCOS/infected/Image_SETB_582.jpg
Figshare,090a1ee30e06df08bd531abc9ac304ba,8,0,PCOS/noninfected/Image_737.jpg;PCOS/noninfected/Image_738.jpg;PCOS/noninfected/Image_SetA737.jpg;PCOS/noninfected/Image_SetA738.jpg;PCOS/noninfected/Image_SetB737.jpg;PCOS/noninfected/Image_SetB738.jpg;PCOS/noninfected/Image_resize_671  (834).jpg;PCOS/noninfected/Image_resize_671  (835).jpg
Figshare,0911b11dbecdd0f080f54d5b781863c4,6,1,PCOS/infected/Image_289.jpg;PCOS/infected/Image_290.jpg;PCOS/infected/Image_SETA_289.jpg;PCOS/infected/Image_SETA_290.jpg;PCOS/infected/Image_SETB_289.jpg;PCOS/infected/Image_SETB_290.jpg
Figshare,09232bc3bc8145ca65e8d29137253d1a,2,1,PCOS/infected/image11496.jpg;PCOS/infected/image13127.jpg
Figshare,093d93cc0b0dd5ace3a919ea3d18255c,8,0,PCOS/noninfected/Image_485.jpg;PCOS/noninfected/Image_486.jpg;PCOS/noninfected/Image_SetA485.jpg;PCOS/noninfected/Image_SetA486.jpg;PCOS/noninfected/Image_SetB485.jpg;PCOS/noninfected/Image_SetB486.jpg;PCOS/noninfected/Image_resize_671  (1069).jpg;PCOS/noninfected/Image_resize_671  (1070).jpg
Figshare,099d4d87c7a9b19c5eb83c6ee352ad66,8,0,PCOS/noninfected/Image_613.jpg;PCOS/noninfected/Image_614.jpg;PCOS/noninfected/Image_SetA613.jpg;PCOS/noninfected/Image_SetA614.jpg;PCOS/noninfected/Image_SetB613.jpg;PCOS/noninfected/Image_SetB614.jpg;PCOS/noninfected/Image_resize_671  (945).jpg;PCOS/noninfected/Image_resize_671  (946).jpg
Figshare,09a0704ce5797b250df2b98b18248735,8,0,PCOS/noninfected/Image_479.jpg;PCOS/noninfected/Image_480.jpg;PCOS/noninfected/Image_SetA479.jpg;PCOS/noninfected/Image_SetA480.jpg;PCOS/noninfected/Image_SetB479.jpg;PCOS/noninfected/Image_SetB480.jpg;PCOS/noninfected/Image_resize_671  (1063).jpg;PCOS/noninfected/Image_resize_671  (1064).jpg
Figshare,09b9bb1bde94cc5c77a69c4d692ecd35,8,0,PCOS/noninfected/Image_591.jpg;PCOS/noninfected/Image_592.jpg;PCOS/noninfected/Image_SetA591.jpg;PCOS/noninfected/Image_SetA592.jpg;PCOS/noninfected/Image_SetB591.jpg;PCOS/noninfected/Image_SetB592.jpg;PCOS/noninfected/Image_resize_671  (971).jpg;PCOS/noninfected/Image_resize_671  (972).jpg
Figshare,0a0f1ae99c4f32441b902868d4b63286,4,0,PCOS/noninfected/Image_resize_481.jpg;PCOS/noninfected/Image_resize_485.jpg;PCOS/noninfected/Image_resize_671  (176).jpg;PCOS/noninfected/Image_resize_671  (180).jpg
Figshare,0a1c303b00e406f814168bada44d4495,8,0,PCOS/noninfected/Image_533.jpg;PCOS/noninfected/Image_534.jpg;PCOS/noninfected/Image_SetA533.jpg;PCOS/noninfected/Image_SetA534.jpg;PCOS/noninfected/Image_SetB533.jpg;PCOS/noninfected/Image_SetB534.jpg;PCOS/noninfected/Image_resize_671  (1035).jpg;PCOS/noninfected/Image_resize_671  (1036).jpg
Figshare,0a1ff0cbefa4e62a414035e5c388c428,6,1,PCOS/infected/Image_129.jpg;PCOS/infected/Image_130.jpg;PCOS/infected/Image_SETA_129.jpg;PCOS/infected/Image_SETA_130.jpg;PCOS/infected/Image_SETB_129.jpg;PCOS/infected/Image_SETB_130.jpg
Figshare,0a81954c852c39cc585ee8f5816a2197,2,1,PCOS/infected/image10844.jpg;PCOS/infected/image11041.jpg
Figshare,0a9353b5431aa7110611bb2c07d93ee8,8,0,PCOS/noninfected/Image_453.jpg;PCOS/noninfected/Image_454.jpg;PCOS/noninfected/Image_SetA453.jpg;PCOS/noninfected/Image_SetA454.jpg;PCOS/noninfected/Image_SetB453.jpg;PCOS/noninfected/Image_SetB454.jpg;PCOS/noninfected/Image_resize_671  (1085).jpg;PCOS/noninfected/Image_resize_671  (1127).jpg
Figshare,0aba17856eccf62e6b61e4c3d07d9c07,6,1,PCOS/infected/Image_865.jpg;PCOS/infected/Image_866.jpg;PCOS/infected/Image_SETA_865.jpg;PCOS/infected/Image_SETA_866.jpg;PCOS/infected/Image_SETB_865.jpg;PCOS/infected/Image_SETB_866.jpg
Figshare,0b68f3bcc4ec6394971448b313d640f4,2,1,PCOS/infected/Image_Rotate_Rotate_Right_119.jpg;PCOS/infected/Image_Rotate_Rotate_Right_120.jpg
Figshare,0b8d873a8c3a3eafe9701fb5d0b9c9ea,6,1,PCOS/infected/Image_211.jpg;PCOS/infected/Image_212.jpg;PCOS/infected/Image_SETA_211.jpg;PCOS/infected/Image_SETA_212.jpg;PCOS/infected/Image_SETB_211.jpg;PCOS/infected/Image_SETB_212.jpg
Figshare,0bb7e51989b85a6660d8ceb5a63d7933,6,1,PCOS/infected/Image_187.jpg;PCOS/infected/Image_188.jpg;PCOS/infected/Image_SETA_187.jpg;PCOS/infected/Image_SETA_188.jpg;PCOS/infected/Image_SETB_187.jpg;PCOS/infected/Image_SETB_188.jpg
Figshare,0be2e6be149b381a823d58c1ec20b672,2,0,PCOS/noninfected/Image_resize_705.jpg;PCOS/noninfected/Image_resize_709.jpg
Figshare,0c0a0e4bef62f9ed255637dc5364be42,2,1,PCOS/infected/image10787.jpg;PCOS/infected/image10984.jpg
Figshare,0c56c4b7f639528b068c43b6b7d8887c,4,0,PCOS/noninfected/Image_resize_698.jpg;PCOS/noninfected/Image_resize_699.jpg;PCOS/noninfected/Image_resize_702.jpg;PCOS/noninfected/Image_resize_703.jpg
Figshare,0c6fa26e52d7a53abc245c3c316eb03a,2,1,PCOS/infected/image10745.jpg;PCOS/infected/image10942.jpg
Figshare,0c80f6d1047d16e2bb9c4eff6c54038f,2,1,PCOS/infected/image10750.jpg;PCOS/infected/image10947.jpg
Figshare,0cce76d1aef31dccefc0f5f7e443a83d,2,1,PCOS/infected/image10780.jpg;PCOS/infected/image10977.jpg
Figshare,0cd0a14d3e7d81d448b6d760e75ec188,4,0,PCOS/noninfected/Image_resize_369.jpg;PCOS/noninfected/Image_resize_373.jpg;PCOS/noninfected/Image_resize_671  (278).jpg;PCOS/noninfected/Image_resize_671  (282).jpg
Figshare,0cd68796d92e2bee1d6d8bd6afb80d26,6,1,PCOS/infected/Image_169.jpg;PCOS/infected/Image_170.jpg;PCOS/infected/Image_SETA_169.jpg;PCOS/infected/Image_SETA_170.jpg;PCOS/infected/Image_SETB_169.jpg;PCOS/infected/Image_SETB_170.jpg
Figshare,0cfc52c00757f5831e0b49df200c428f,8,0,PCOS/noninfected/Image_771.jpg;PCOS/noninfected/Image_772.jpg;PCOS/noninfected/Image_SetA771.jpg;PCOS/noninfected/Image_SetA772.jpg;PCOS/noninfected/Image_SetB771.jpg;PCOS/noninfected/Image_SetB772.jpg;PCOS/noninfected/Image_resize_671  (795).jpg;PCOS/noninfected/Image_resize_671  (796).jpg
Figshare,0d0368561dc5c98e6ae20946ad2ef9fa,6,0,PCOS/noninfected/Image_resize_298.jpg;PCOS/noninfected/Image_resize_299.jpg;PCOS/noninfected/Image_resize_302.jpg;PCOS/noninfected/Image_resize_303.jpg;PCOS/noninfected/Image_resize_671  (349).jpg;PCOS/noninfected/Image_resize_671  (362).jpg
Figshare,0d26bd78414202a2abb892fed92c5b6a,2,1,PCOS/infected/image10804.jpg;PCOS/infected/image11001.jpg
Figshare,0d27cbacc15afe5c29057273d3edd0ab,2,1,PCOS/infected/image10738.jpg;PCOS/infected/image12588.jpg
Figshare,0d3f706d438973c117e27bf87ce89aa8,8,0,PCOS/noninfected/Image_939.jpg;PCOS/noninfected/Image_940.jpg;PCOS/noninfected/Image_SetA939.jpg;PCOS/noninfected/Image_SetA940.jpg;PCOS/noninfected/Image_SetB939.jpg;PCOS/noninfected/Image_SetB940.jpg;PCOS/noninfected/Image_resize_671  (611).jpg;PCOS/noninfected/Image_resize_671  (633).jpg
Figshare,0d45c844affebe4589c53804799b5ea8,4,1,PCOS/infected/Image_resize_089.jpg;PCOS/infected/Image_resize_090.jpg;PCOS/infected/Image_resize_289.jpg;PCOS/infected/Image_resize_290.jpg
Figshare,0d6d590c0d7199b00bc812d76371cfe0,2,1,PCOS/infected/image10773.jpg;PCOS/infected/image10970.jpg
Figshare,0df76b123cac833accdce6df33a5062b,6,1,PCOS/infected/Image_265.jpg;PCOS/infected/Image_266.jpg;PCOS/infected/Image_SETA_265.jpg;PCOS/infected/Image_SETA_266.jpg;PCOS/infected/Image_SETB_265.jpg;PCOS/infected/Image_SETB_266.jpg
Figshare,0df813a1b1625944638a0d825a21fd3a,6,0,PCOS/noninfected/Image_215.jpg;PCOS/noninfected/Image_216.jpg;PCOS/noninfected/Image_SetA215.jpg;PCOS/noninfected/Image_SetA216.jpg;PCOS/noninfected/Image_SetB215.jpg;PCOS/noninfected/Image_SetB216.jpg
Figshare,0df9733f50aca785b958bd529c4a706a,8,0,PCOS/noninfected/Image_451.jpg;PCOS/noninfected/Image_452.jpg;PCOS/noninfected/Image_SetA451.jpg;PCOS/noninfected/Image_SetA452.jpg;PCOS/noninfected/Image_SetB451.jpg;PCOS/noninfected/Image_SetB452.jpg;PCOS/noninfected/Image_resize_671  (1125).jpg;PCOS/noninfected/Image_resize_671  (1126).jpg
Figshare,0dffffcdba1ece3866c19e22ae41a034,2,1,PCOS/infected/Image_Rotate_Rotate_Right_013.jpg;PCOS/infected/Image_Rotate_Rotate_Right_014.jpg
Figshare,0e0ec82673a344243aad72c13e105d47,4,1,PCOS/infected/Image_Rotate_019.jpg;PCOS/infected/Image_Rotate_020.jpg;PCOS/infected/Image_Rotate_219.jpg;PCOS/infected/Image_Rotate_220.jpg
Figshare,0e2013df7d14380d1b270972f333533e,2,1,PCOS/infected/image10932.jpg;PCOS/infected/image11134.jpg
Figshare,0e47517b71eaa1e460611bdd238f0755,6,0,PCOS/noninfected/Image_173.jpg;PCOS/noninfected/Image_174.jpg;PCOS/noninfected/Image_SetA173.jpg;PCOS/noninfected/Image_SetA174.jpg;PCOS/noninfected/Image_SetB173.jpg;PCOS/noninfected/Image_SetB174.jpg
Figshare,0ec204e0c416c075f0afac2c53f20291,6,0,PCOS/noninfected/Image_259.jpg;PCOS/noninfected/Image_260.jpg;PCOS/noninfected/Image_SetA259.jpg;PCOS/noninfected/Image_SetA260.jpg;PCOS/noninfected/Image_SetB259.jpg;PCOS/noninfected/Image_SetB260.jpg
Figshare,0ef547037d324a42df2da9d36dd5daa3,6,1,PCOS/infected/Image_619.jpg;PCOS/infected/Image_620.jpg;PCOS/infected/Image_SETA_619.jpg;PCOS/infected/Image_SETA_620.jpg;PCOS/infected/Image_SETB_619.jpg;PCOS/infected/Image_SETB_620.jpg
Figshare,0f055be769970dae7ddb37be363d1aea,8,0,PCOS/noninfected/Image_resize_306.jpg;PCOS/noninfected/Image_resize_307.jpg;PCOS/noninfected/Image_resize_310.jpg;PCOS/noninfected/Image_resize_311.jpg;PCOS/noninfected/Image_resize_671  (352).jpg;PCOS/noninfected/Image_resize_671  (353).jpg;PCOS/noninfected/Image_resize_671  (356).jpg;PCOS/noninfected/Image_resize_671  (357).jpg
Figshare,0f17156d75ed9e5f3230f551621e9f6b,6,0,PCOS/noninfected/Image_217.jpg;PCOS/noninfected/Image_218.jpg;PCOS/noninfected/Image_SetA217.jpg;PCOS/noninfected/Image_SetA218.jpg;PCOS/noninfected/Image_SetB217.jpg;PCOS/noninfected/Image_SetB218.jpg
Figshare,0f25ead07ecac33d6064eb5f69dba94b,6,1,PCOS/infected/Image_837.jpg;PCOS/infected/Image_838.jpg;PCOS/infected/Image_SETA_837.jpg;PCOS/infected/Image_SETA_838.jpg;PCOS/infected/Image_SETB_837.jpg;PCOS/infected/Image_SETB_838.jpg
Figshare,0f6fc992a28deb6110f12a50b122010b,6,1,PCOS/infected/Image_785.jpg;PCOS/infected/Image_786.jpg;PCOS/infected/Image_SETA_785.jpg;PCOS/infected/Image_SETA_786.jpg;PCOS/infected/Image_SETB_785.jpg;PCOS/infected/Image_SETB_786.jpg
Figshare,0f7f9bea66af9bdef8a34df507636900,8,0,PCOS/noninfected/Image_865.jpg;PCOS/noninfected/Image_866.jpg;PCOS/noninfected/Image_SetA865.jpg;PCOS/noninfected/Image_SetA866.jpg;PCOS/noninfected/Image_SetB865.jpg;PCOS/noninfected/Image_SetB866.jpg;PCOS/noninfected/Image_resize_671  (701).jpg;PCOS/noninfected/Image_resize_671  (702).jpg
Figshare,0f83e113ba539ace6023945613dabcba,6,1,PCOS/infected/Image_569.jpg;PCOS/infected/Image_570.jpg;PCOS/infected/Image_SETA_569.jpg;PCOS/infected/Image_SETA_570.jpg;PCOS/infected/Image_SETB_569.jpg;PCOS/infected/Image_SETB_570.jpg
Figshare,0f86f798e53e8d0886875b98421ae66b,2,1,PCOS/infected/Image_Rotate_Rotate_Right_301.jpg;PCOS/infected/Image_Rotate_Rotate_Right_302.jpg
Figshare,0fa5209d74798da90cc40b10f05a468a,6,1,PCOS/infected/Image_553.jpg;PCOS/infected/Image_554.jpg;PCOS/infected/Image_SETA_553.jpg;PCOS/infected/Image_SETA_554.jpg;PCOS/infected/Image_SETB_553.jpg;PCOS/infected/Image_SETB_554.jpg
Figshare,0fbe182c1e8c00b39e08614b97a4165f,2,1,PCOS/infected/image10805.jpg;PCOS/infected/image11002.jpg
Figshare,0fdabfe313c079e85e87fd33348ce9e0,6,1,PCOS/infected/Image_317.jpg;PCOS/infected/Image_318.jpg;PCOS/infected/Image_SETA_317.jpg;PCOS/infected/Image_SETA_318.jpg;PCOS/infected/Image_SETB_317.jpg;PCOS/infected/Image_SETB_318.jpg
Figshare,1015a324f8b0c2e849f055d99cc48be4,6,1,PCOS/infected/Image_421.jpg;PCOS/infected/Image_422.jpg;PCOS/infected/Image_SETA_421.jpg;PCOS/infected/Image_SETA_422.jpg;PCOS/infected/Image_SETB_421.jpg;PCOS/infected/Image_SETB_422.jpg
Figshare,101605d3f3ba9248bda9a4e515141902,6,0,PCOS/noninfected/Image_183.jpg;PCOS/noninfected/Image_184.jpg;PCOS/noninfected/Image_SetA183.jpg;PCOS/noninfected/Image_SetA184.jpg;PCOS/noninfected/Image_SetB183.jpg;PCOS/noninfected/Image_SetB184.jpg
Figshare,101778754369cda64bd58cf89eeb566b,4,0,PCOS/noninfected/Image_resize_089.jpg;PCOS/noninfected/Image_resize_093.jpg;PCOS/noninfected/Image_resize_671  (458).jpg;PCOS/noninfected/Image_resize_671  (478).jpg
Figshare,101e6fe1f7090d1c5e1a02b084312833,2,1,PCOS/infected/image10793.jpg;PCOS/infected/image10990.jpg
Figshare,105840ad66b9e07bf64c28ae1b1db45d,4,1,PCOS/infected/Image_Rotate_141.jpg;PCOS/infected/Image_Rotate_142.jpg;PCOS/infected/Image_Rotate_341.jpg;PCOS/infected/Image_Rotate_342.jpg
Figshare,1058691c52b5c7c1c4cd6c0c5f67f0ee,6,1,PCOS/infected/Image_745.jpg;PCOS/infected/Image_746.jpg;PCOS/infected/Image_SETA_745.jpg;PCOS/infected/Image_SETA_746.jpg;PCOS/infected/Image_SETB_745.jpg;PCOS/infected/Image_SETB_746.jpg
Figshare,108064e422f355538d56e2cc24d4b708,2,1,PCOS/infected/image10874.jpg;PCOS/infected/image11071.jpg
Figshare,10843044c48046fad484fe0a23a6a283,6,1,PCOS/infected/Image_263.jpg;PCOS/infected/Image_264.jpg;PCOS/infected/Image_SETA_263.jpg;PCOS/infected/Image_SETA_264.jpg;PCOS/infected/Image_SETB_263.jpg;PCOS/infected/Image_SETB_264.jpg
Figshare,1085322b1e331efb59c159de53e81671,6,1,PCOS/infected/Image_409.jpg;PCOS/infected/Image_410.jpg;PCOS/infected/Image_SETA_409.jpg;PCOS/infected/Image_SETA_410.jpg;PCOS/infected/Image_SETB_409.jpg;PCOS/infected/Image_SETB_410.jpg
Figshare,10c9333162b29c6f3fea9d917d8e859b,4,1,PCOS/infected/Image_resize_047.jpg;PCOS/infected/Image_resize_048.jpg;PCOS/infected/Image_resize_247.jpg;PCOS/infected/Image_resize_248.jpg
Figshare,111494e39f470afdd1e582bc76c6a670,6,1,PCOS/infected/Image_287.jpg;PCOS/infected/Image_288.jpg;PCOS/infected/Image_SETA_287.jpg;PCOS/infected/Image_SETA_288.jpg;PCOS/infected/Image_SETB_287.jpg;PCOS/infected/Image_SETB_288.jpg
Figshare,111d0e73a9089adde64d3e8674221f45,6,1,PCOS/infected/Image_381.jpg;PCOS/infected/Image_382.jpg;PCOS/infected/Image_SETA_381.jpg;PCOS/infected/Image_SETA_382.jpg;PCOS/infected/Image_SETB_381.jpg;PCOS/infected/Image_SETB_382.jpg
Figshare,111f834cd6fe77a6a3288c69b819619f,2,1,PCOS/infected/image11288.jpg;PCOS/infected/image12918.jpg
Figshare,113f8e113c3e01973373bf8c04e3b7a2,2,1,PCOS/infected/Image_Rotate_Rotate_Right_369.jpg;PCOS/infected/Image_Rotate_Rotate_Right_370.jpg
Figshare,11406e465cd826a410c1d5edc8e08c78,8,0,PCOS/noninfected/Image_757.jpg;PCOS/noninfected/Image_758.jpg;PCOS/noninfected/Image_SetA757.jpg;PCOS/noninfected/Image_SetA758.jpg;PCOS/noninfected/Image_SetB757.jpg;PCOS/noninfected/Image_SetB758.jpg;PCOS/noninfected/Image_resize_671  (805).jpg;PCOS/noninfected/Image_resize_671  (806).jpg
Figshare,114c97c16268750780566562cef609e5,4,0,PCOS/noninfected/Image_resize_017.jpg;PCOS/noninfected/Image_resize_021.jpg;PCOS/noninfected/Image_resize_671  (547).jpg;PCOS/noninfected/Image_resize_671  (551).jpg
Figshare,1154dd12defab9c96ad95219b560a9d2,6,0,PCOS/noninfected/Image_1017.jpg;PCOS/noninfected/Image_1018.jpg;PCOS/noninfected/Image_SetA1017.jpg;PCOS/noninfected/Image_SetA1018.jpg;PCOS/noninfected/Image_SetB1017.jpg;PCOS/noninfected/Image_SetB1018.jpg
Figshare,11571c56e98bef9922fc55f93703a838,4,1,PCOS/infected/Image_Rotate_157.jpg;PCOS/infected/Image_Rotate_158.jpg;PCOS/infected/Image_Rotate_357.jpg;PCOS/infected/Image_Rotate_358.jpg
Figshare,116be688dbd1bd9ce567e6cec9aab5d8,2,1,PCOS/infected/image10880.jpg;PCOS/infected/image11077.jpg
Figshare,117bb4d3457134d2ee8593f73246d0c9,2,1,PCOS/infected/image10883.jpg;PCOS/infected/image11080.jpg
Figshare,117e95434d42ee87821016bf6bcfc7b0,6,1,PCOS/infected/Image_589.jpg;PCOS/infected/Image_590.jpg;PCOS/infected/Image_SETA_589.jpg;PCOS/infected/Image_SETA_590.jpg;PCOS/infected/Image_SETB_589.jpg;PCOS/infected/Image_SETB_590.jpg
Figshare,117f1e676c0192be4d86da790b7cb63c,4,1,PCOS/infected/Image_resize_087.jpg;PCOS/infected/Image_resize_088.jpg;PCOS/infected/Image_resize_287.jpg;PCOS/infected/Image_resize_288.jpg
Figshare,11f31eeb15888c039902d1e3c1899516,6,1,PCOS/infected/Image_157.jpg;PCOS/infected/Image_158.jpg;PCOS/infected/Image_SETA_157.jpg;PCOS/infected/Image_SETA_158.jpg;PCOS/infected/Image_SETB_157.jpg;PCOS/infected/Image_SETB_158.jpg
Figshare,1200bfd2db5ad18e4d704db25e3b68c2,6,0,PCOS/noninfected/Image_1007.jpg;PCOS/noninfected/Image_1008.jpg;PCOS/noninfected/Image_SetA1007.jpg;PCOS/noninfected/Image_SetA1008.jpg;PCOS/noninfected/Image_SetB1007.jpg;PCOS/noninfected/Image_SetB1008.jpg
Figshare,1205d8285b20fa920467227b0ba3e860,6,1,PCOS/infected/Image_699.jpg;PCOS/infected/Image_700.jpg;PCOS/infected/Image_SETA_699.jpg;PCOS/infected/Image_SETA_700.jpg;PCOS/infected/Image_SETB_699.jpg;PCOS/infected/Image_SETB_700.jpg
Figshare,1213930cb03c7bc9693f06efec4512de,6,1,PCOS/infected/Image_679.jpg;PCOS/infected/Image_680.jpg;PCOS/infected/Image_SETA_679.jpg;PCOS/infected/Image_SETA_680.jpg;PCOS/infected/Image_SETB_679.jpg;PCOS/infected/Image_SETB_680.jpg
Figshare,122409e282edb41fc31804d31e6a1e9f,8,0,PCOS/noninfected/Image_resize_066.jpg;PCOS/noninfected/Image_resize_067.jpg;PCOS/noninfected/Image_resize_070.jpg;PCOS/noninfected/Image_resize_071.jpg;PCOS/noninfected/Image_resize_671  (482).jpg;PCOS/noninfected/Image_resize_671  (483).jpg;PCOS/noninfected/Image_resize_671  (502).jpg;PCOS/noninfected/Image_resize_671  (503).jpg
Figshare,123ca219f7e9ce85a1815dede5ee7805,2,1,PCOS/infected/image10756.jpg;PCOS/infected/image10953.jpg
Figshare,12532c6b1c60c06b6380d75aef53f1a6,2,1,PCOS/infected/image10888.jpg;PCOS/infected/image11085.jpg
Figshare,125e11302b10568f3468cc8e6764b75c,6,1,PCOS/infected/Image_299.jpg;PCOS/infected/Image_300.jpg;PCOS/infected/Image_SETA_299.jpg;PCOS/infected/Image_SETA_300.jpg;PCOS/infected/Image_SETB_299.jpg;PCOS/infected/Image_SETB_300.jpg
Figshare,129cbdd6f8f152d62d9dbb7cec16b11f,3,0,PCOS/noninfected/Image_resize_657.jpg;PCOS/noninfected/Image_resize_661.jpg;PCOS/noninfected/Image_resize_671  (13).jpg
Figshare,12cc6290d03fcc393e9e2204222ee637,4,1,PCOS/infected/Image_resize_141.jpg;PCOS/infected/Image_resize_142.jpg;PCOS/infected/Image_resize_341.jpg;PCOS/infected/Image_resize_342.jpg
Figshare,12dbb5daf8f7eda6dfe368f1244ce125,2,0,PCOS/noninfected/Image_resize_233.jpg;PCOS/noninfected/Image_resize_237.jpg
Figshare,132ce77eebd5fa2ff6ec8b6e8758c9fc,6,1,PCOS/infected/Image_307.jpg;PCOS/infected/Image_308.jpg;PCOS/infected/Image_SETA_307.jpg;PCOS/infected/Image_SETA_308.jpg;PCOS/infected/Image_SETB_307.jpg;PCOS/infected/Image_SETB_308.jpg
Figshare,1331351cb131612020e191494fbb5b20,6,1,PCOS/infected/Image_065.jpg;PCOS/infected/Image_066.jpg;PCOS/infected/Image_SETA_065.jpg;PCOS/infected/Image_SETA_066.jpg;PCOS/infected/Image_SETB_065.jpg;PCOS/infected/Image_SETB_066.jpg
Figshare,13387473b177295fbd6f7de1728e6e93,4,0,PCOS/noninfected/Image_resize_706.jpg;PCOS/noninfected/Image_resize_707.jpg;PCOS/noninfected/Image_resize_710.jpg;PCOS/noninfected/Image_resize_711.jpg
Figshare,13390910b4294eacaa020c72cb2c9d59,6,1,PCOS/infected/Image_107.jpg;PCOS/infected/Image_108.jpg;PCOS/infected/Image_SETA_107.jpg;PCOS/infected/Image_SETA_108.jpg;PCOS/infected/Image_SETB_107.jpg;PCOS/infected/Image_SETB_108.jpg
Figshare,133cd0616a60e8e999d962603e049b76,4,1,PCOS/infected/Image_Rotate_105.jpg;PCOS/infected/Image_Rotate_106.jpg;PCOS/infected/Image_Rotate_305.jpg;PCOS/infected/Image_Rotate_306.jpg
Figshare,13717933a809a8456f7af9abcf60cbe8,6,0,PCOS/noninfected/Image_391.jpg;PCOS/noninfected/Image_392.jpg;PCOS/noninfected/Image_SetA391.jpg;PCOS/noninfected/Image_SetA392.jpg;PCOS/noninfected/Image_SetB391.jpg;PCOS/noninfected/Image_SetB392.jpg
Figshare,138438857791a1f7bbf51009e4407471,6,1,PCOS/infected/Image_427.jpg;PCOS/infected/Image_428.jpg;PCOS/infected/Image_SETA_427.jpg;PCOS/infected/Image_SETA_428.jpg;PCOS/infected/Image_SETB_427.jpg;PCOS/infected/Image_SETB_428.jpg
Figshare,13a60955f91b4d71338d5f8985676dbc,6,1,PCOS/infected/Image_899.jpg;PCOS/infected/Image_900.jpg;PCOS/infected/Image_SETA_899.jpg;PCOS/infected/Image_SETA_900.jpg;PCOS/infected/Image_SETB_899.jpg;PCOS/infected/Image_SETB_900.jpg
Figshare,13b5b358474900f00982f4092fb2ef42,8,0,PCOS/noninfected/Image_655.jpg;PCOS/noninfected/Image_656.jpg;PCOS/noninfected/Image_SetA655.jpg;PCOS/noninfected/Image_SetA656.jpg;PCOS/noninfected/Image_SetB655.jpg;PCOS/noninfected/Image_SetB656.jpg;PCOS/noninfected/Image_resize_671  (893).jpg;PCOS/noninfected/Image_resize_671  (917).jpg
Figshare,1421be6bbf6c742fefc804a5bd18b964,6,1,PCOS/infected/Image_485.jpg;PCOS/infected/Image_486.jpg;PCOS/infected/Image_SETA_485.jpg;PCOS/infected/Image_SETA_486.jpg;PCOS/infected/Image_SETB_485.jpg;PCOS/infected/Image_SETB_486.jpg
Figshare,1425c87ee12aa3b758035bd7f2a68784,8,0,PCOS/noninfected/Image_979.jpg;PCOS/noninfected/Image_980.jpg;PCOS/noninfected/Image_SetA979.jpg;PCOS/noninfected/Image_SetA980.jpg;PCOS/noninfected/Image_SetB979.jpg;PCOS/noninfected/Image_SetB980.jpg;PCOS/noninfected/Image_resize_671  (579).jpg;PCOS/noninfected/Image_resize_671  (580).jpg
Figshare,1438d50cf8d54d02ea35c747de9d3566,6,1,PCOS/infected/Image_749.jpg;PCOS/infected/Image_750.jpg;PCOS/infected/Image_SETA_749.jpg;PCOS/infected/Image_SETA_750.jpg;PCOS/infected/Image_SETB_749.jpg;PCOS/infected/Image_SETB_750.jpg
Figshare,144f3587908a2439f0d63b1510b52370,6,1,PCOS/infected/Image_459.jpg;PCOS/infected/Image_460.jpg;PCOS/infected/Image_SETA_459.jpg;PCOS/infected/Image_SETA_460.jpg;PCOS/infected/Image_SETB_459.jpg;PCOS/infected/Image_SETB_460.jpg
Figshare,1488ad0734592317cd2af306a91aa79e,8,0,PCOS/noninfected/Image_resize_042.jpg;PCOS/noninfected/Image_resize_043.jpg;PCOS/noninfected/Image_resize_046.jpg;PCOS/noninfected/Image_resize_047.jpg;PCOS/noninfected/Image_resize_671  (506).jpg;PCOS/noninfected/Image_resize_671  (507).jpg;PCOS/noninfected/Image_resize_671  (525).jpg;PCOS/noninfected/Image_resize_671  (526).jpg
Figshare,14b0767991162a70c74665b9e989556c,6,1,PCOS/infected/Image_799.jpg;PCOS/infected/Image_800.jpg;PCOS/infected/Image_SETA_799.jpg;PCOS/infected/Image_SETA_800.jpg;PCOS/infected/Image_SETB_799.jpg;PCOS/infected/Image_SETB_800.jpg
Figshare,14ec9e9d7b4b71e7115594595b275874,6,0,PCOS/noninfected/Image_275.jpg;PCOS/noninfected/Image_276.jpg;PCOS/noninfected/Image_SetA275.jpg;PCOS/noninfected/Image_SetA276.jpg;PCOS/noninfected/Image_SetB275.jpg;PCOS/noninfected/Image_SetB276.jpg
Figshare,150fe3db09053cb548b1716e0e996ed3,6,0,PCOS/noninfected/Image_349.jpg;PCOS/noninfected/Image_350.jpg;PCOS/noninfected/Image_SetA349.jpg;PCOS/noninfected/Image_SetA350.jpg;PCOS/noninfected/Image_SetB349.jpg;PCOS/noninfected/Image_SetB350.jpg
Figshare,1511598daff5294a4c7243b4602b25cd,6,1,PCOS/infected/Image_383.jpg;PCOS/infected/Image_384.jpg;PCOS/infected/Image_SETA_383.jpg;PCOS/infected/Image_SETA_384.jpg;PCOS/infected/Image_SETB_383.jpg;PCOS/infected/Image_SETB_384.jpg
Figshare,15a90a445da33028548e7d257bb37138,6,1,PCOS/infected/Image_185.jpg;PCOS/infected/Image_186.jpg;PCOS/infected/Image_SETA_185.jpg;PCOS/infected/Image_SETA_186.jpg;PCOS/infected/Image_SETB_185.jpg;PCOS/infected/Image_SETB_186.jpg
Figshare,15dac4d97d40f92005a0bfa5086a6a0e,4,1,PCOS/infected/Image_resize_073.jpg;PCOS/infected/Image_resize_074.jpg;PCOS/infected/Image_resize_273.jpg;PCOS/infected/Image_resize_274.jpg
Figshare,15deb46968884c89449fc26cf34ee0ac,2,1,PCOS/infected/Image_Rotate_Rotate_Right_389.jpg;PCOS/infected/Image_Rotate_Rotate_Right_390.jpg
Figshare,15ee7429146fd66f4e2c7718a7d57c44,8,0,PCOS/noninfected/Image_875.jpg;PCOS/noninfected/Image_876.jpg;PCOS/noninfected/Image_SetA875.jpg;PCOS/noninfected/Image_SetA876.jpg;PCOS/noninfected/Image_SetB875.jpg;PCOS/noninfected/Image_SetB876.jpg;PCOS/noninfected/Image_resize_671  (687).jpg;PCOS/noninfected/Image_resize_671  (688).jpg
Figshare,1634cf9a31c24a87efa39fdcada3f6fc,6,0,PCOS/noninfected/Image_051.jpg;PCOS/noninfected/Image_052.jpg;PCOS/noninfected/Image_SetA051.jpg;PCOS/noninfected/Image_SetA052.jpg;PCOS/noninfected/Image_SetB051.jpg;PCOS/noninfected/Image_SetB052.jpg
Figshare,16358005a88fa5cc3d2dce747068fa7c,2,1,PCOS/infected/Image_Rotate_Rotate_Right_289.jpg;PCOS/infected/Image_Rotate_Rotate_Right_290.jpg
Figshare,16436c3c24879a8000ef8ed1c6a33d94,4,0,PCOS/noninfected/Image_resize_609.jpg;PCOS/noninfected/Image_resize_613.jpg;PCOS/noninfected/Image_resize_671  (42).jpg;PCOS/noninfected/Image_resize_671  (63).jpg
Figshare,164e0e03c4803c1667518deb86593908,6,1,PCOS/infected/Image_995.jpg;PCOS/infected/Image_996.jpg;PCOS/infected/Image_SETA_995.jpg;PCOS/infected/Image_SETA_996.jpg;PCOS/infected/Image_SETB_995.jpg;PCOS/infected/Image_SETB_996.jpg
Figshare,168533b56ce05256e500814a16f70929,2,1,PCOS/infected/Image_Rotate_Rotate_Right_231.jpg;PCOS/infected/Image_Rotate_Rotate_Right_232.jpg
Figshare,169bc08a3da005c1015d6b4452d0af24,2,1,PCOS/infected/image10770.jpg;PCOS/infected/image10967.jpg
Figshare,16aeef176aaba5959ad9dd55f4f52276,8,0,PCOS/noninfected/Image_463.jpg;PCOS/noninfected/Image_464.jpg;PCOS/noninfected/Image_SetA463.jpg;PCOS/noninfected/Image_SetA464.jpg;PCOS/noninfected/Image_SetB463.jpg;PCOS/noninfected/Image_SetB464.jpg;PCOS/noninfected/Image_resize_671  (1094).jpg;PCOS/noninfected/Image_resize_671  (1095).jpg
Figshare,16d48710fe6f5ee2bf9c32a45122c417,6,1,PCOS/infected/Image_987.jpg;PCOS/infected/Image_988.jpg;PCOS/infected/Image_SETA_987.jpg;PCOS/infected/Image_SETA_988.jpg;PCOS/infected/Image_SETB_987.jpg;PCOS/infected/Image_SETB_988.jpg
Figshare,16dbb323e017ed2aa487313345c7a175,4,0,PCOS/noninfected/Image_resize_020.jpg;PCOS/noninfected/Image_resize_024.jpg;PCOS/noninfected/Image_resize_671  (531).jpg;PCOS/noninfected/Image_resize_671  (550).jpg
Figshare,16ddf4a1c1797cd12205857f05e8cbc5,2,1,PCOS/infected/Image_Rotate_Rotate_Right_261.jpg;PCOS/infected/Image_Rotate_Rotate_Right_262.jpg
Figshare,16f62d433b9fe6965e924eb2e4fcac89,4,1,PCOS/infected/Image_resize_173.jpg;PCOS/infected/Image_resize_174.jpg;PCOS/infected/Image_resize_373.jpg;PCOS/infected/Image_resize_374.jpg
Figshare,1764ba7f834f94db3abf09485dd30b39,6,1,PCOS/infected/Image_997.jpg;PCOS/infected/Image_998.jpg;PCOS/infected/Image_SETA_997.jpg;PCOS/infected/Image_SETA_998.jpg;PCOS/infected/Image_SETB_997.jpg;PCOS/infected/Image_SETB_998.jpg
Figshare,17b940be04698997d1299805bf584f2b,4,1,PCOS/infected/Image_Rotate_153.jpg;PCOS/infected/Image_Rotate_154.jpg;PCOS/infected/Image_Rotate_353.jpg;PCOS/infected/Image_Rotate_354.jpg
Figshare,17e397b586c0f4d470202fa54d2c220d,6,1,PCOS/infected/Image_377.jpg;PCOS/infected/Image_378.jpg;PCOS/infected/Image_SETA_377.jpg;PCOS/infected/Image_SETA_378.jpg;PCOS/infected/Image_SETB_377.jpg;PCOS/infected/Image_SETB_378.jpg
Figshare,17ea9e10aa946cbcaa9f0ea1432ddb59,2,0,PCOS/noninfected/Image_resize_212.jpg;PCOS/noninfected/Image_resize_216.jpg
Figshare,18091651f7e339000343980a4a3d5de2,8,0,PCOS/noninfected/Image_651.jpg;PCOS/noninfected/Image_652.jpg;PCOS/noninfected/Image_SetA651.jpg;PCOS/noninfected/Image_SetA652.jpg;PCOS/noninfected/Image_SetB651.jpg;PCOS/noninfected/Image_SetB652.jpg;PCOS/noninfected/Image_resize_671  (913).jpg;PCOS/noninfected/Image_resize_671  (914).jpg
Figshare,181b062922fc4d6e45a2bd07bb91ebb8,3,1,PCOS/infected/image10935.jpg;PCOS/infected/image11137.jpg;PCOS/infected/image12771.jpg
Figshare,1834ba6ab6cde4eb5e888df41fdac071,8,0,PCOS/noninfected/Image_resize_170.jpg;PCOS/noninfected/Image_resize_171.jpg;PCOS/noninfected/Image_resize_174.jpg;PCOS/noninfected/Image_resize_175.jpg;PCOS/noninfected/Image_resize_671  (377).jpg;PCOS/noninfected/Image_resize_671  (395).jpg;PCOS/noninfected/Image_resize_671  (396).jpg;PCOS/noninfected/Image_resize_671  (399).jpg
Figshare,183d124c498a060d7d7fff19d84f9bcb,2,1,PCOS/infected/image10762.jpg;PCOS/infected/image10959.jpg
Figshare,186b652cc8da88e0704e06b9626277b2,8,0,PCOS/noninfected/Image_435.jpg;PCOS/noninfected/Image_436.jpg;PCOS/noninfected/Image_SetA435.jpg;PCOS/noninfected/Image_SetA436.jpg;PCOS/noninfected/Image_SetB435.jpg;PCOS/noninfected/Image_SetB436.jpg;PCOS/noninfected/Image_resize_671  (1109).jpg;PCOS/noninfected/Image_resize_671  (1110).jpg
Figshare,1892f06fd2f418e2fe10580db2a992db,6,0,PCOS/noninfected/Image_319.jpg;PCOS/noninfected/Image_320.jpg;PCOS/noninfected/Image_SetA319.jpg;PCOS/noninfected/Image_SetA320.jpg;PCOS/noninfected/Image_SetB319.jpg;PCOS/noninfected/Image_SetB320.jpg
Figshare,18b48b865e7ef0608453864553005d95,4,1,PCOS/infected/Image_Rotate_077.jpg;PCOS/infected/Image_Rotate_078.jpg;PCOS/infected/Image_Rotate_277.jpg;PCOS/infected/Image_Rotate_278.jpg
Figshare,18f9e06b2a1afbe78f2ea90a7a1214ac,8,0,PCOS/noninfected/Image_resize_058.jpg;PCOS/noninfected/Image_resize_059.jpg;PCOS/noninfected/Image_resize_062.jpg;PCOS/noninfected/Image_resize_063.jpg;PCOS/noninfected/Image_resize_671  (494).jpg;PCOS/noninfected/Image_resize_671  (495).jpg;PCOS/noninfected/Image_resize_671  (498).jpg;PCOS/noninfected/Image_resize_671  (499).jpg
Figshare,19192f2844e3874cdcd025f7c2a617c3,6,1,PCOS/infected/Image_477.jpg;PCOS/infected/Image_478.jpg;PCOS/infected/Image_SETA_477.jpg;PCOS/infected/Image_SETA_478.jpg;PCOS/infected/Image_SETB_477.jpg;PCOS/infected/Image_SETB_478.jpg
Figshare,19b322bf35e7701e3cf100d0d096b878,6,1,PCOS/infected/Image_245.jpg;PCOS/infected/Image_246.jpg;PCOS/infected/Image_SETA_245.jpg;PCOS/infected/Image_SETA_246.jpg;PCOS/infected/Image_SETB_245.jpg;PCOS/infected/Image_SETB_246.jpg
Figshare,1a390842e2900d0d43779fb2cc6499a5,2,1,PCOS/infected/Image_Rotate_Rotate_Right_395.jpg;PCOS/infected/Image_Rotate_Rotate_Right_396.jpg
Figshare,1a95da0df57c2edd71d83316ea752eac,2,1,PCOS/infected/Image_Rotate_Rotate_Right_269.jpg;PCOS/infected/Image_Rotate_Rotate_Right_270.jpg
Figshare,1ac396a894b3ceafdf2c5e340cee2bec,6,0,PCOS/noninfected/Image_097.jpg;PCOS/noninfected/Image_098.jpg;PCOS/noninfected/Image_SetA097.jpg;PCOS/noninfected/Image_SetA098.jpg;PCOS/noninfected/Image_SetB097.jpg;PCOS/noninfected/Image_SetB098.jpg
Figshare,1ad06c4f75cb8508fe2973545aadff37,2,1,PCOS/infected/Image_Rotate_Rotate_Right_367.jpg;PCOS/infected/Image_Rotate_Rotate_Right_368.jpg
Figshare,1ad4534a0304fd0c78d06dcdafebd5de,6,1,PCOS/infected/Image_125.jpg;PCOS/infected/Image_126.jpg;PCOS/infected/Image_SETA_125.jpg;PCOS/infected/Image_SETA_126.jpg;PCOS/infected/Image_SETB_125.jpg;PCOS/infected/Image_SETB_126.jpg
Figshare,1ad9abfa872c443ae3de6cba7439c018,8,0,PCOS/noninfected/Image_887.jpg;PCOS/noninfected/Image_888.jpg;PCOS/noninfected/Image_SetA887.jpg;PCOS/noninfected/Image_SetA888.jpg;PCOS/noninfected/Image_SetB887.jpg;PCOS/noninfected/Image_SetB888.jpg;PCOS/noninfected/Image_resize_671  (675).jpg;PCOS/noninfected/Image_resize_671  (676).jpg
Figshare,1ae64d617f7eda7f8d2c8442634fde54,6,1,PCOS/infected/Image_655.jpg;PCOS/infected/Image_656.jpg;PCOS/infected/Image_SETA_655.jpg;PCOS/infected/Image_SETA_656.jpg;PCOS/infected/Image_SETB_655.jpg;PCOS/infected/Image_SETB_656.jpg
Figshare,1b3708a579a938528ef2df99c6d6f0a9,4,0,PCOS/noninfected/Image_resize_321.jpg;PCOS/noninfected/Image_resize_325.jpg;PCOS/noninfected/Image_resize_671  (344).jpg;PCOS/noninfected/Image_resize_671  (348).jpg
Figshare,1b3de015ef0f047eb7ba3b5cbc2589d1,6,1,PCOS/infected/Image_393.jpg;PCOS/infected/Image_394.jpg;PCOS/infected/Image_SETA_393.jpg;PCOS/infected/Image_SETA_394.jpg;PCOS/infected/Image_SETB_393.jpg;PCOS/infected/Image_SETB_394.jpg
Figshare,1b540f64ee789e006e823c70154e0fa5,8,0,PCOS/noninfected/Image_resize_474.jpg;PCOS/noninfected/Image_resize_475.jpg;PCOS/noninfected/Image_resize_478.jpg;PCOS/noninfected/Image_resize_479.jpg;PCOS/noninfected/Image_resize_671  (173).jpg;PCOS/noninfected/Image_resize_671  (174).jpg;PCOS/noninfected/Image_resize_671  (193).jpg;PCOS/noninfected/Image_resize_671  (194).jpg
Figshare,1b5e1e01c8f62b24b8caaabb6191a549,2,1,PCOS/infected/image10900.jpg;PCOS/infected/image11101.jpg
Figshare,1b8acf9b1008fa96b192230f0f2ff223,2,1,PCOS/infected/Image_Rotate_Rotate_Right_001.jpg;PCOS/infected/Image_Rotate_Rotate_Right_002.jpg
Figshare,1b8fc4bb147294fcdec917f96bd35c37,8,0,PCOS/noninfected/Image_741.jpg;PCOS/noninfected/Image_742.jpg;PCOS/noninfected/Image_SetA741.jpg;PCOS/noninfected/Image_SetA742.jpg;PCOS/noninfected/Image_SetB741.jpg;PCOS/noninfected/Image_SetB742.jpg;PCOS/noninfected/Image_resize_671  (813).jpg;PCOS/noninfected/Image_resize_671  (814).jpg
Figshare,1b9908351773b0164725d30c93e40e0d,6,1,PCOS/infected/Image_843.jpg;PCOS/infected/Image_844.jpg;PCOS/infected/Image_SETA_843.jpg;PCOS/infected/Image_SETA_844.jpg;PCOS/infected/Image_SETB_843.jpg;PCOS/infected/Image_SETB_844.jpg
Figshare,1b9cd371a1daa8a8f6311a04f7cf7159,3,1,PCOS/infected/image10910.jpg;PCOS/infected/image11111.jpg;PCOS/infected/image12748.jpg
Figshare,1bbec4a22a66a067b46a92d127cf1ef4,8,0,PCOS/noninfected/Image_483.jpg;PCOS/noninfected/Image_484.jpg;PCOS/noninfected/Image_SetA483.jpg;PCOS/noninfected/Image_SetA484.jpg;PCOS/noninfected/Image_SetB483.jpg;PCOS/noninfected/Image_SetB484.jpg;PCOS/noninfected/Image_resize_671  (1067).jpg;PCOS/noninfected/Image_resize_671  (1068).jpg
Figshare,1bf56e9a111c551c579770cf20922956,6,1,PCOS/infected/Image_849.jpg;PCOS/infected/Image_850.jpg;PCOS/infected/Image_SETA_849.jpg;PCOS/infected/Image_SETA_850.jpg;PCOS/infected/Image_SETB_849.jpg;PCOS/infected/Image_SETB_850.jpg
Figshare,1c182f8e8d11fe438e1a46e237816cf5,4,1,PCOS/infected/Image_Rotate_051.jpg;PCOS/infected/Image_Rotate_052.jpg;PCOS/infected/Image_Rotate_251.jpg;PCOS/infected/Image_Rotate_252.jpg
Figshare,1c60d12743b26791f60b1bdde57bdbb7,6,1,PCOS/infected/Image_903.jpg;PCOS/infected/Image_904.jpg;PCOS/infected/Image_SETA_903.jpg;PCOS/infected/Image_SETA_904.jpg;PCOS/infected/Image_SETB_903.jpg;PCOS/infected/Image_SETB_904.jpg
Figshare,1c6af207d1220a6b228aa06f11630592,2,1,PCOS/infected/Image_Rotate_Rotate_Right_281.jpg;PCOS/infected/Image_Rotate_Rotate_Right_282.jpg
Figshare,1c70c2aafc8fb7379fafa8843ea239ef,8,0,PCOS/noninfected/Image_461.jpg;PCOS/noninfected/Image_462.jpg;PCOS/noninfected/Image_SetA461.jpg;PCOS/noninfected/Image_SetA462.jpg;PCOS/noninfected/Image_SetB461.jpg;PCOS/noninfected/Image_SetB462.jpg;PCOS/noninfected/Image_resize_671  (1092).jpg;PCOS/noninfected/Image_resize_671  (1093).jpg
Figshare,1c83df75bd314c956e61a176458c7050,6,0,PCOS/noninfected/Image_251.jpg;PCOS/noninfected/Image_252.jpg;PCOS/noninfected/Image_SetA251.jpg;PCOS/noninfected/Image_SetA252.jpg;PCOS/noninfected/Image_SetB251.jpg;PCOS/noninfected/Image_SetB252.jpg
Figshare,1cceb1cf74d1ca8ae3d52fe1c48f4a46,4,1,PCOS/infected/Image_resize_065.jpg;PCOS/infected/Image_resize_066.jpg;PCOS/infected/Image_resize_265.jpg;PCOS/infected/Image_resize_266.jpg
Figshare,1cd10cd7e87dcf859edcbfbd20659d0a,6,1,PCOS/infected/Image_551.jpg;PCOS/infected/Image_552.jpg;PCOS/infected/Image_SETA_551.jpg;PCOS/infected/Image_SETA_552.jpg;PCOS/infected/Image_SETB_551.jpg;PCOS/infected/Image_SETB_552.jpg
Figshare,1d36762a00d46b2a1376dbcba636f352,4,0,PCOS/noninfected/Image_resize_420.jpg;PCOS/noninfected/Image_resize_424.jpg;PCOS/noninfected/Image_resize_671  (235).jpg;PCOS/noninfected/Image_resize_671  (239).jpg
Figshare,1d42b7f1ffd62040a1020acf85611af5,2,1,PCOS/infected/image10808.jpg;PCOS/infected/image11005.jpg
Figshare,1d72fdf0f985923ce8e2b6fc41802874,2,1,PCOS/infected/image10814.jpg;PCOS/infected/image11011.jpg
Figshare,1d81726b45f5968afe8676f44339793c,6,1,PCOS/infected/Image_925.jpg;PCOS/infected/Image_926.jpg;PCOS/infected/Image_SETA_925.jpg;PCOS/infected/Image_SETA_926.jpg;PCOS/infected/Image_SETB_925.jpg;PCOS/infected/Image_SETB_926.jpg
Figshare,1dbbbf86b372a7660c0f8178bc90b784,4,1,PCOS/infected/Image_Rotate_163.jpg;PCOS/infected/Image_Rotate_164.jpg;PCOS/infected/Image_Rotate_363.jpg;PCOS/infected/Image_Rotate_364.jpg
Figshare,1e14903c826ee3373678bc26a3f7a522,2,1,PCOS/infected/Image_Rotate_Rotate_Right_229.jpg;PCOS/infected/Image_Rotate_Rotate_Right_230.jpg
Figshare,1e4053ce46e970765d5959732db56072,8,0,PCOS/noninfected/Image_889.jpg;PCOS/noninfected/Image_890.jpg;PCOS/noninfected/Image_SetA889.jpg;PCOS/noninfected/Image_SetA890.jpg;PCOS/noninfected/Image_SetB889.jpg;PCOS/noninfected/Image_SetB890.jpg;PCOS/noninfected/Image_resize_671  (677).jpg;PCOS/noninfected/Image_resize_671  (678).jpg
Figshare,1e8a9476bda497122f529f0b188fabe5,6,1,PCOS/infected/Image_917.jpg;PCOS/infected/Image_918.jpg;PCOS/infected/Image_SETA_917.jpg;PCOS/infected/Image_SETA_918.jpg;PCOS/infected/Image_SETB_917.jpg;PCOS/infected/Image_SETB_918.jpg
Figshare,1eca58f958a0bcff1de2b29bb2fa9bd0,2,1,PCOS/infected/image10802.jpg;PCOS/infected/image10999.jpg
Figshare,1edb7066f9185ef82c82592776ee04df,4,1,PCOS/infected/Image_Rotate_037.jpg;PCOS/infected/Image_Rotate_038.jpg;PCOS/infected/Image_Rotate_237.jpg;PCOS/infected/Image_Rotate_238.jpg
Figshare,1f1d007913dcaf0ca889695807dfb9a2,2,0,PCOS/noninfected/Image_resize_732.jpg;PCOS/noninfected/Image_resize_736.jpg
Figshare,1f37a19fe7ac17eafe03a29093d7b4c2,4,0,PCOS/noninfected/Image_resize_468.jpg;PCOS/noninfected/Image_resize_472.jpg;PCOS/noninfected/Image_resize_671  (187).jpg;PCOS/noninfected/Image_resize_671  (191).jpg
Figshare,1f4da6cc006baa28ef123f6146c28b0c,2,1,PCOS/infected/image10848.jpg;PCOS/infected/image11045.jpg
Figshare,1f7f4a7bf9939a65c19037fd706a2246,6,1,PCOS/infected/Image_635.jpg;PCOS/infected/Image_636.jpg;PCOS/infected/Image_SETA_635.jpg;PCOS/infected/Image_SETA_636.jpg;PCOS/infected/Image_SETB_635.jpg;PCOS/infected/Image_SETB_636.jpg
Figshare,1fe0684719793e4fabb2b4722e2d1917,4,1,PCOS/infected/Image_Rotate_033.jpg;PCOS/infected/Image_Rotate_034.jpg;PCOS/infected/Image_Rotate_233.jpg;PCOS/infected/Image_Rotate_234.jpg
Figshare,1fedd5c6300071b518dda1e2c60d2d93,6,0,PCOS/noninfected/Image_357.jpg;PCOS/noninfected/Image_358.jpg;PCOS/noninfected/Image_SetA357.jpg;PCOS/noninfected/Image_SetA358.jpg;PCOS/noninfected/Image_SetB357.jpg;PCOS/noninfected/Image_SetB358.jpg
Figshare,1feefb7430d6e7e7f956067f64e2952f,6,0,PCOS/noninfected/Image_253.jpg;PCOS/noninfected/Image_254.jpg;PCOS/noninfected/Image_SetA253.jpg;PCOS/noninfected/Image_SetA254.jpg;PCOS/noninfected/Image_SetB253.jpg;PCOS/noninfected/Image_SetB254.jpg
Figshare,2007d1d6861ea05e3523bc028f4401a0,2,1,PCOS/infected/Image_Rotate_Rotate_Right_099.jpg;PCOS/infected/Image_Rotate_Rotate_Right_100.jpg
Figshare,20769f4571997c91510f4a994841aa22,8,0,PCOS/noninfected/Image_673.jpg;PCOS/noninfected/Image_674.jpg;PCOS/noninfected/Image_SetA673.jpg;PCOS/noninfected/Image_SetA674.jpg;PCOS/noninfected/Image_SetB673.jpg;PCOS/noninfected/Image_SetB674.jpg;PCOS/noninfected/Image_resize_671  (886).jpg;PCOS/noninfected/Image_resize_671  (887).jpg
Figshare,20873596dfde51b23673b51506f7808f,3,1,PCOS/infected/image10904.jpg;PCOS/infected/image11105.jpg;PCOS/infected/image12741.jpg
Figshare,209c13b30bd3f04bd15b55d86ef382f1,6,0,PCOS/noninfected/Image_409.jpg;PCOS/noninfected/Image_410.jpg;PCOS/noninfected/Image_SetA409.jpg;PCOS/noninfected/Image_SetA410.jpg;PCOS/noninfected/Image_SetB409.jpg;PCOS/noninfected/Image_SetB410.jpg
Figshare,20bd9affc392bfec9427047d8ae46f86,6,0,PCOS/noninfected/Image_017.jpg;PCOS/noninfected/Image_018.jpg;PCOS/noninfected/Image_SetA017.jpg;PCOS/noninfected/Image_SetA018.jpg;PCOS/noninfected/Image_SetB017.jpg;PCOS/noninfected/Image_SetB018.jpg
Figshare,20e309b736ee86386bd178c8eb904f46,6,1,PCOS/infected/Image_929.jpg;PCOS/infected/Image_930.jpg;PCOS/infected/Image_SETA_929.jpg;PCOS/infected/Image_SETA_930.jpg;PCOS/infected/Image_SETB_929.jpg;PCOS/infected/Image_SETB_930.jpg
Figshare,20ee2b0e9244a17340fda5b6bfef57b1,4,0,PCOS/noninfected/Image_resize_324.jpg;PCOS/noninfected/Image_resize_328.jpg;PCOS/noninfected/Image_resize_671  (328).jpg;PCOS/noninfected/Image_resize_671  (347).jpg
Figshare,214e1bd96941911c5cdd8a39433b4379,4,0,PCOS/noninfected/Image_resize_001.jpg;PCOS/noninfected/Image_resize_005.jpg;PCOS/noninfected/Image_resize_671  (553).jpg;PCOS/noninfected/Image_resize_671  (557).jpg
Figshare,2171e2536be53e84c65dbbc4a28086b9,2,1,PCOS/infected/image10824.jpg;PCOS/infected/image11021.jpg
Figshare,217e15d1215034e74c103fa44cb2c8fc,6,1,PCOS/infected/Image_617.jpg;PCOS/infected/Image_618.jpg;PCOS/infected/Image_SETA_617.jpg;PCOS/infected/Image_SETA_618.jpg;PCOS/infected/Image_SETB_617.jpg;PCOS/infected/Image_SETB_618.jpg
Figshare,21bba496ed1dfa158265699eca0460a2,6,1,PCOS/infected/Image_951.jpg;PCOS/infected/Image_952.jpg;PCOS/infected/Image_SETA_951.jpg;PCOS/infected/Image_SETA_952.jpg;PCOS/infected/Image_SETB_951.jpg;PCOS/infected/Image_SETB_952.jpg
Figshare,21c0847a4781b58ced5a68a41fd6d405,8,0,PCOS/noninfected/Image_971.jpg;PCOS/noninfected/Image_972.jpg;PCOS/noninfected/Image_SetA971.jpg;PCOS/noninfected/Image_SetA972.jpg;PCOS/noninfected/Image_SetB971.jpg;PCOS/noninfected/Image_SetB972.jpg;PCOS/noninfected/Image_resize_671  (595).jpg;PCOS/noninfected/Image_resize_671  (596).jpg
Figshare,21c82345195cadc33f38cb97dab217a5,2,0,PCOS/noninfected/Image_resize_724.jpg;PCOS/noninfected/Image_resize_728.jpg
Figshare,221a5ba601b99dc3b262c92548e7d092,4,0,PCOS/noninfected/Image_resize_508.jpg;PCOS/noninfected/Image_resize_512.jpg;PCOS/noninfected/Image_resize_671  (155).jpg;PCOS/noninfected/Image_resize_671  (159).jpg
Figshare,222026ca04f6df0e290bed0fe3bcda16,6,0,PCOS/noninfected/Image_197.jpg;PCOS/noninfected/Image_198.jpg;PCOS/noninfected/Image_SetA197.jpg;PCOS/noninfected/Image_SetA198.jpg;PCOS/noninfected/Image_SetB197.jpg;PCOS/noninfected/Image_SetB198.jpg
Figshare,222c7bd9c695f063a3896143d0ce4d45,8,0,PCOS/noninfected/Image_975.jpg;PCOS/noninfected/Image_976.jpg;PCOS/noninfected/Image_SetA975.jpg;PCOS/noninfected/Image_SetA976.jpg;PCOS/noninfected/Image_SetB975.jpg;PCOS/noninfected/Image_SetB976.jpg;PCOS/noninfected/Image_resize_671  (575).jpg;PCOS/noninfected/Image_resize_671  (576).jpg
Figshare,224fbaa61cc0b11016174996708245b7,2,1,PCOS/infected/image10830.jpg;PCOS/infected/image11027.jpg
Figshare,226d6da609299d7d4c9bd76073f32cc9,8,0,PCOS/noninfected/Image_919.jpg;PCOS/noninfected/Image_920.jpg;PCOS/noninfected/Image_SetA919.jpg;PCOS/noninfected/Image_SetA920.jpg;PCOS/noninfected/Image_SetB919.jpg;PCOS/noninfected/Image_SetB920.jpg;PCOS/noninfected/Image_resize_671  (636).jpg;PCOS/noninfected/Image_resize_671  (637).jpg
Figshare,22765aa597d897493c921317fd9cff6b,2,1,PCOS/infected/image10800.jpg;PCOS/infected/image10997.jpg
Figshare,22938c38fd778f601d1b85148262406a,6,1,PCOS/infected/Image_067.jpg;PCOS/infected/Image_068.jpg;PCOS/infected/Image_SETA_067.jpg;PCOS/infected/Image_SETA_068.jpg;PCOS/infected/Image_SETB_067.jpg;PCOS/infected/Image_SETB_068.jpg
Figshare,22aa33c87fee3f602c454b1ffe9c76fd,8,0,PCOS/noninfected/Image_825.jpg;PCOS/noninfected/Image_826.jpg;PCOS/noninfected/Image_SetA825.jpg;PCOS/noninfected/Image_SetA826.jpg;PCOS/noninfected/Image_SetB825.jpg;PCOS/noninfected/Image_SetB826.jpg;PCOS/noninfected/Image_resize_671  (731).jpg;PCOS/noninfected/Image_resize_671  (732).jpg
Figshare,22be98022db513a1266b34ba8cb0ecbf,2,1,PCOS/infected/image10879.jpg;PCOS/infected/image11076.jpg
Figshare,230138b4fa8799eb12d0a20b0b04c44e,6,0,PCOS/noninfected/Image_423.jpg;PCOS/noninfected/Image_424.jpg;PCOS/noninfected/Image_SetA423.jpg;PCOS/noninfected/Image_SetA424.jpg;PCOS/noninfected/Image_SetB423.jpg;PCOS/noninfected/Image_SetB424.jpg
Figshare,231cef1456a0eb65544d31f937f54e8c,6,1,PCOS/infected/Image_935.jpg;PCOS/infected/Image_936.jpg;PCOS/infected/Image_SETA_935.jpg;PCOS/infected/Image_SETA_936.jpg;PCOS/infected/Image_SETB_935.jpg;PCOS/infected/Image_SETB_936.jpg
Figshare,232856c64a4bae0862b87564a68cc58a,6,1,PCOS/infected/Image_029.jpg;PCOS/infected/Image_030.jpg;PCOS/infected/Image_SETA_029.jpg;PCOS/infected/Image_SETA_030.jpg;PCOS/infected/Image_SETB_029.jpg;PCOS/infected/Image_SETB_030.jpg
Figshare,233831d759b4da7569afda4bee083332,6,1,PCOS/infected/Image_707.jpg;PCOS/infected/Image_708.jpg;PCOS/infected/Image_SETA_707.jpg;PCOS/infected/Image_SETA_708.jpg;PCOS/infected/Image_SETB_707.jpg;PCOS/infected/Image_SETB_708.jpg
Figshare,234f6b73ee908104c11a87914b4de80e,2,1,PCOS/infected/Image_Rotate_Rotate_Right_175.jpg;PCOS/infected/Image_Rotate_Rotate_Right_176.jpg
Figshare,2383f9210ed195ca2bc4e18bb21e25e1,4,1,PCOS/infected/Image_Rotate_121.jpg;PCOS/infected/Image_Rotate_122.jpg;PCOS/infected/Image_Rotate_321.jpg;PCOS/infected/Image_Rotate_322.jpg
Figshare,23b68dd2271586ae39e628d00697f3b4,6,1,PCOS/infected/Image_451.jpg;PCOS/infected/Image_452.jpg;PCOS/infected/Image_SETA_451.jpg;PCOS/infected/Image_SETA_452.jpg;PCOS/infected/Image_SETB_451.jpg;PCOS/infected/Image_SETB_452.jpg
Figshare,23cbc9e56bfc5dc460464743633f3393,4,0,PCOS/noninfected/Image_resize_274.jpg;PCOS/noninfected/Image_resize_275.jpg;PCOS/noninfected/Image_resize_278.jpg;PCOS/noninfected/Image_resize_279.jpg
Figshare,241c2c7b958e757d189e02704cf23be7,8,0,PCOS/noninfected/Image_455.jpg;PCOS/noninfected/Image_456.jpg;PCOS/noninfected/Image_SetA455.jpg;PCOS/noninfected/Image_SetA456.jpg;PCOS/noninfected/Image_SetB455.jpg;PCOS/noninfected/Image_SetB456.jpg;PCOS/noninfected/Image_resize_671  (1086).jpg;PCOS/noninfected/Image_resize_671  (1087).jpg
Figshare,2435de037dd8f158bc300c5dc37f363b,6,0,PCOS/noninfected/Image_061.jpg;PCOS/noninfected/Image_062.jpg;PCOS/noninfected/Image_SetA061.jpg;PCOS/noninfected/Image_SetA062.jpg;PCOS/noninfected/Image_SetB061.jpg;PCOS/noninfected/Image_SetB062.jpg
Figshare,24bd42674f50433219f3aca2e9b272c5,2,1,PCOS/infected/Image_Rotate_Rotate_Right_035.jpg;PCOS/infected/Image_Rotate_Rotate_Right_036.jpg
Figshare,2541e8cc81c0d731c33df9e067c0b857,6,1,PCOS/infected/Image_243.jpg;PCOS/infected/Image_244.jpg;PCOS/infected/Image_SETA_243.jpg;PCOS/infected/Image_SETA_244.jpg;PCOS/infected/Image_SETB_243.jpg;PCOS/infected/Image_SETB_244.jpg
Figshare,256278461e0e78c9667ac8c8743f8829,4,1,PCOS/infected/Image_resize_125.jpg;PCOS/infected/Image_resize_126.jpg;PCOS/infected/Image_resize_325.jpg;PCOS/infected/Image_resize_326.jpg
Figshare,2585835f65d814425b7057dde5926b3e,2,1,PCOS/infected/Image_Rotate_Rotate_Right_275.jpg;PCOS/infected/Image_Rotate_Rotate_Right_276.jpg
Figshare,25aa930240bd10951ee117a9db6b6d52,8,0,PCOS/noninfected/Image_981.jpg;PCOS/noninfected/Image_982.jpg;PCOS/noninfected/Image_SetA981.jpg;PCOS/noninfected/Image_SetA982.jpg;PCOS/noninfected/Image_SetB981.jpg;PCOS/noninfected/Image_SetB982.jpg;PCOS/noninfected/Image_resize_671  (581).jpg;PCOS/noninfected/Image_resize_671  (582).jpg
Figshare,25b154b03164864ac1e04b43abdac6e0,6,1,PCOS/infected/Image_467.jpg;PCOS/infected/Image_468.jpg;PCOS/infected/Image_SETA_467.jpg;PCOS/infected/Image_SETA_468.jpg;PCOS/infected/Image_SETB_467.jpg;PCOS/infected/Image_SETB_468.jpg
Figshare,25fad9b0477cd3d32b139901f47ecf0c,4,1,PCOS/infected/Image_resize_147.jpg;PCOS/infected/Image_resize_148.jpg;PCOS/infected/Image_resize_347.jpg;PCOS/infected/Image_resize_348.jpg
Figshare,260bc8b32405c80cd34b82aa22b9b3ab,8,0,PCOS/noninfected/Image_571.jpg;PCOS/noninfected/Image_572.jpg;PCOS/noninfected/Image_SetA571.jpg;PCOS/noninfected/Image_SetA572.jpg;PCOS/noninfected/Image_SetB571.jpg;PCOS/noninfected/Image_SetB572.jpg;PCOS/noninfected/Image_resize_671  (1001).jpg;PCOS/noninfected/Image_resize_671  (977).jpg
Figshare,260f1073509aff363ddf5dc501a44c62,8,0,PCOS/noninfected/Image_991.jpg;PCOS/noninfected/Image_992.jpg;PCOS/noninfected/Image_SetA991.jpg;PCOS/noninfected/Image_SetA992.jpg;PCOS/noninfected/Image_SetB991.jpg;PCOS/noninfected/Image_SetB992.jpg;PCOS/noninfected/Image_resize_671  (567).jpg;PCOS/noninfected/Image_resize_671  (568).jpg
Figshare,2654fba7c4d113dbc20edaeaba4ff390,8,0,PCOS/noninfected/Image_769.jpg;PCOS/noninfected/Image_770.jpg;PCOS/noninfected/Image_SetA769.jpg;PCOS/noninfected/Image_SetA770.jpg;PCOS/noninfected/Image_SetB769.jpg;PCOS/noninfected/Image_SetB770.jpg;PCOS/noninfected/Image_resize_671  (793).jpg;PCOS/noninfected/Image_resize_671  (794).jpg
Figshare,2655d63b20a41d25272aaad986803c2b,2,1,PCOS/infected/Image_Rotate_Rotate_Right_125.jpg;PCOS/infected/Image_Rotate_Rotate_Right_126.jpg
Figshare,268cdf237ef37ed38b6b94d52ce7de2b,4,1,PCOS/infected/Image_resize_197.jpg;PCOS/infected/Image_resize_198.jpg;PCOS/infected/Image_resize_397.jpg;PCOS/infected/Image_resize_398.jpg
Figshare,269fcbc6ef856c2ba40b934c89af0570,8,0,PCOS/noninfected/Image_727.jpg;PCOS/noninfected/Image_728.jpg;PCOS/noninfected/Image_SetA727.jpg;PCOS/noninfected/Image_SetA728.jpg;PCOS/noninfected/Image_SetB727.jpg;PCOS/noninfected/Image_SetB728.jpg;PCOS/noninfected/Image_resize_671  (824).jpg;PCOS/noninfected/Image_resize_671  (825).jpg
Figshare,26bac9745efeaaf24a8bbc6dcfcc8ec7,6,1,PCOS/infected/Image_303.jpg;PCOS/infected/Image_304.jpg;PCOS/infected/Image_SETA_303.jpg;PCOS/infected/Image_SETA_304.jpg;PCOS/infected/Image_SETB_303.jpg;PCOS/infected/Image_SETB_304.jpg
Figshare,26cd377475d05053073a8a541588c152,2,1,PCOS/infected/Image_Rotate_Rotate_Right_097.jpg;PCOS/infected/Image_Rotate_Rotate_Right_098.jpg
Figshare,26de59c71903b96a91874c96198c08ae,2,1,PCOS/infected/image10826.jpg;PCOS/infected/image11023.jpg
Figshare,2710887a8cc99e2bca4aee929e6b646d,4,1,PCOS/infected/Image_Rotate_137.jpg;PCOS/infected/Image_Rotate_138.jpg;PCOS/infected/Image_Rotate_337.jpg;PCOS/infected/Image_Rotate_338.jpg
Figshare,2712571c91834c605481cc73f6da510e,8,0,PCOS/noninfected/Image_resize_130.jpg;PCOS/noninfected/Image_resize_131.jpg;PCOS/noninfected/Image_resize_134.jpg;PCOS/noninfected/Image_resize_135.jpg;PCOS/noninfected/Image_resize_671  (426).jpg;PCOS/noninfected/Image_resize_671  (427).jpg;PCOS/noninfected/Image_resize_671  (430).jpg;PCOS/noninfected/Image_resize_671  (431).jpg
Figshare,2721ea535e6bbc79056e82208a4e689e,2,1,PCOS/infected/image10909.jpg;PCOS/infected/image11110.jpg
Figshare,27335b0a1bb4845d97c4896821eb2dee,6,1,PCOS/infected/Image_675.jpg;PCOS/infected/Image_676.jpg;PCOS/infected/Image_SETA_675.jpg;PCOS/infected/Image_SETA_676.jpg;PCOS/infected/Image_SETB_675.jpg;PCOS/infected/Image_SETB_676.jpg
Figshare,2751caf561b83d39b07bc13a7dd221e3,6,0,PCOS/noninfected/Image_177.jpg;PCOS/noninfected/Image_178.jpg;PCOS/noninfected/Image_SetA177.jpg;PCOS/noninfected/Image_SetA178.jpg;PCOS/noninfected/Image_SetB177.jpg;PCOS/noninfected/Image_SetB178.jpg
Figshare,275af6ce22a033a379cd9ecd4e5369f3,4,1,PCOS/infected/Image_resize_107.jpg;PCOS/infected/Image_resize_108.jpg;PCOS/infected/Image_resize_307.jpg;PCOS/infected/Image_resize_308.jpg
Figshare,2774f706c0e999d01d990b18869665ac,2,1,PCOS/infected/image10884.jpg;PCOS/infected/image11081.jpg
Figshare,279dcf4a657e12db2063b2f06ec75e00,6,1,PCOS/infected/Image_533.jpg;PCOS/infected/Image_534.jpg;PCOS/infected/Image_SETA_533.jpg;PCOS/infected/Image_SETA_534.jpg;PCOS/infected/Image_SETB_533.jpg;PCOS/infected/Image_SETB_534.jpg
Figshare,27c8f10e181c59b1e17e277036cfabd0,2,1,PCOS/infected/image10937.jpg;PCOS/infected/image11139.jpg
Figshare,27ce450f2b48fe3132c4f9d6d744cf25,2,1,PCOS/infected/Image_Rotate_Rotate_Right_353.jpg;PCOS/infected/Image_Rotate_Rotate_Right_354.jpg
Figshare,27d5ead4c1c2d852ad8167a6eef52ba6,8,0,PCOS/noninfected/Image_resize_506.jpg;PCOS/noninfected/Image_resize_507.jpg;PCOS/noninfected/Image_resize_510.jpg;PCOS/noninfected/Image_resize_511.jpg;PCOS/noninfected/Image_resize_671  (153).jpg;PCOS/noninfected/Image_resize_671  (154).jpg;PCOS/noninfected/Image_resize_671  (157).jpg;PCOS/noninfected/Image_resize_671  (158).jpg
Figshare,27f10f6f07dc4248f48b14c5c9be06db,6,1,PCOS/infected/Image_469.jpg;PCOS/infected/Image_470.jpg;PCOS/infected/Image_SETA_469.jpg;PCOS/infected/Image_SETA_470.jpg;PCOS/infected/Image_SETB_469.jpg;PCOS/infected/Image_SETB_470.jpg
Figshare,27f946b855618d6d4af7717ec7512192,4,1,PCOS/infected/Image_Rotate_115.jpg;PCOS/infected/Image_Rotate_116.jpg;PCOS/infected/Image_Rotate_315.jpg;PCOS/infected/Image_Rotate_316.jpg
Figshare,282b275d8a9eed3b24dfc40f04982208,4,0,PCOS/noninfected/Image_resize_505.jpg;PCOS/noninfected/Image_resize_509.jpg;PCOS/noninfected/Image_resize_671  (152).jpg;PCOS/noninfected/Image_resize_671  (156).jpg
Figshare,283a942ed3c35af06d07e22e6a9f680e,8,0,PCOS/noninfected/Image_705.jpg;PCOS/noninfected/Image_706.jpg;PCOS/noninfected/Image_SetA705.jpg;PCOS/noninfected/Image_SetA706.jpg;PCOS/noninfected/Image_SetB705.jpg;PCOS/noninfected/Image_SetB706.jpg;PCOS/noninfected/Image_resize_671  (849).jpg;PCOS/noninfected/Image_resize_671  (850).jpg
Figshare,28505d127ae5e10dd6d0a137848e45a7,2,1,PCOS/infected/image10898.jpg;PCOS/infected/image11099.jpg
Figshare,2870e31adf179204b61e9fea7a377ff4,6,0,PCOS/noninfected/Image_213.jpg;PCOS/noninfected/Image_214.jpg;PCOS/noninfected/Image_SetA213.jpg;PCOS/noninfected/Image_SetA214.jpg;PCOS/noninfected/Image_SetB213.jpg;PCOS/noninfected/Image_SetB214.jpg
Figshare,2872951a22f835893cc13e988dfaeb70,4,1,PCOS/infected/Image_resize_167.jpg;PCOS/infected/Image_resize_168.jpg;PCOS/infected/Image_resize_367.jpg;PCOS/infected/Image_resize_368.jpg
Figshare,289092406e28a44fc185455884d63540,6,1,PCOS/infected/Image_1007.jpg;PCOS/infected/Image_1008.jpg;PCOS/infected/Image_SETA_1007.jpg;PCOS/infected/Image_SETA_1008.jpg;PCOS/infected/Image_SETB_1007.jpg;PCOS/infected/Image_SETB_1008.jpg
Figshare,289d4387421d80c168abcb743b070ce4,6,1,PCOS/infected/Image_437.jpg;PCOS/infected/Image_438.jpg;PCOS/infected/Image_SETA_437.jpg;PCOS/infected/Image_SETA_438.jpg;PCOS/infected/Image_SETB_437.jpg;PCOS/infected/Image_SETB_438.jpg
Figshare,28a0196dd5a76aa6eb2d06dfcc376040,4,1,PCOS/infected/Image_resize_093.jpg;PCOS/infected/Image_resize_094.jpg;PCOS/infected/Image_resize_293.jpg;PCOS/infected/Image_resize_294.jpg
Figshare,28ccffca3dd3099e5bfee822eadc99d6,8,0,PCOS/noninfected/Image_599.jpg;PCOS/noninfected/Image_600.jpg;PCOS/noninfected/Image_SetA599.jpg;PCOS/noninfected/Image_SetA600.jpg;PCOS/noninfected/Image_SetB599.jpg;PCOS/noninfected/Image_SetB600.jpg;PCOS/noninfected/Image_resize_671  (955).jpg;PCOS/noninfected/Image_resize_671  (956).jpg
Figshare,28d49f08c78224bc8a5b668c6a70dca9,6,1,PCOS/infected/Image_781.jpg;PCOS/infected/Image_782.jpg;PCOS/infected/Image_SETA_781.jpg;PCOS/infected/Image_SETA_782.jpg;PCOS/infected/Image_SETB_781.jpg;PCOS/infected/Image_SETB_782.jpg
Figshare,28f3a83994a12cfa59f732eb5497aab3,2,1,PCOS/infected/Image_Rotate_Rotate_Right_233.jpg;PCOS/infected/Image_Rotate_Rotate_Right_234.jpg
Figshare,2934596c63c9fbdf6958747ef29f8821,6,0,PCOS/noninfected/Image_157.jpg;PCOS/noninfected/Image_158.jpg;PCOS/noninfected/Image_SetA157.jpg;PCOS/noninfected/Image_SetA158.jpg;PCOS/noninfected/Image_SetB157.jpg;PCOS/noninfected/Image_SetB158.jpg
Figshare,29443534a44456ead9bd51d67aa5a0cb,6,0,PCOS/noninfected/Image_421.jpg;PCOS/noninfected/Image_422.jpg;PCOS/noninfected/Image_SetA421.jpg;PCOS/noninfected/Image_SetA422.jpg;PCOS/noninfected/Image_SetB421.jpg;PCOS/noninfected/Image_SetB422.jpg
Figshare,299c2777996033a2210f53c43bf757ab,6,1,PCOS/infected/Image_475.jpg;PCOS/infected/Image_476.jpg;PCOS/infected/Image_SETA_475.jpg;PCOS/infected/Image_SETA_476.jpg;PCOS/infected/Image_SETB_475.jpg;PCOS/infected/Image_SETB_476.jpg
Figshare,29bc1f709555c6bd71ea61014223bb70,2,1,PCOS/infected/image10934.jpg;PCOS/infected/image11136.jpg
Figshare,29e9842b5ead0f66f7d733a54f166e85,6,1,PCOS/infected/Image_147.jpg;PCOS/infected/Image_148.jpg;PCOS/infected/Image_SETA_147.jpg;PCOS/infected/Image_SETA_148.jpg;PCOS/infected/Image_SETB_147.jpg;PCOS/infected/Image_SETB_148.jpg
Figshare,29f459199151c7403d9ec4aa1b9f54b2,6,1,PCOS/infected/Image_869.jpg;PCOS/infected/Image_870.jpg;PCOS/infected/Image_SETA_869.jpg;PCOS/infected/Image_SETA_870.jpg;PCOS/infected/Image_SETB_869.jpg;PCOS/infected/Image_SETB_870.jpg
Figshare,29fa5d20b885e88be608bd8e60648f88,2,1,PCOS/infected/Image_Rotate_Rotate_Right_347.jpg;PCOS/infected/Image_Rotate_Rotate_Right_348.jpg
Figshare,2a20147f55957f699d61315758ec2947,4,1,PCOS/infected/Image_Rotate_073.jpg;PCOS/infected/Image_Rotate_074.jpg;PCOS/infected/Image_Rotate_273.jpg;PCOS/infected/Image_Rotate_274.jpg
Figshare,2a32793372dfd152c33bcd122447e5a1,6,1,PCOS/infected/Image_259.jpg;PCOS/infected/Image_260.jpg;PCOS/infected/Image_SETA_259.jpg;PCOS/infected/Image_SETA_260.jpg;PCOS/infected/Image_SETB_259.jpg;PCOS/infected/Image_SETB_260.jpg
Figshare,2a4b0096d358210b5ec2af836fd773b8,2,1,PCOS/infected/image10812.jpg;PCOS/infected/image11009.jpg
Figshare,2a8efe21db1f13fcb68d67be42c1c760,2,1,PCOS/infected/image10912.jpg;PCOS/infected/image11113.jpg
Figshare,2ad3f4d59dfbe63932ce427c66ee7352,2,1,PCOS/infected/image10837.jpg;PCOS/infected/image11034.jpg
Figshare,2b24410a3f8c98bac630f750792f43e2,2,1,PCOS/infected/image10784.jpg;PCOS/infected/image10981.jpg
Figshare,2b40447dc6f18c345acadaae87bf7a54,8,0,PCOS/noninfected/Image_581.jpg;PCOS/noninfected/Image_582.jpg;PCOS/noninfected/Image_SetA581.jpg;PCOS/noninfected/Image_SetA582.jpg;PCOS/noninfected/Image_SetB581.jpg;PCOS/noninfected/Image_SetB582.jpg;PCOS/noninfected/Image_resize_671  (986).jpg;PCOS/noninfected/Image_resize_671  (987).jpg
Figshare,2b5b4f6bfed961c50414efb47181f5cf,8,0,PCOS/noninfected/Image_745.jpg;PCOS/noninfected/Image_746.jpg;PCOS/noninfected/Image_SetA745.jpg;PCOS/noninfected/Image_SetA746.jpg;PCOS/noninfected/Image_SetB745.jpg;PCOS/noninfected/Image_SetB746.jpg;PCOS/noninfected/Image_resize_671  (817).jpg;PCOS/noninfected/Image_resize_671  (818).jpg
Figshare,2ba30b0af103741da20504de63c2d795,2,1,PCOS/infected/image10832.jpg;PCOS/infected/image11029.jpg
Figshare,2c1823721164c071dfcf84833dd6fc84,8,0,PCOS/noninfected/Image_439.jpg;PCOS/noninfected/Image_440.jpg;PCOS/noninfected/Image_SetA439.jpg;PCOS/noninfected/Image_SetA440.jpg;PCOS/noninfected/Image_SetB439.jpg;PCOS/noninfected/Image_SetB440.jpg;PCOS/noninfected/Image_resize_671  (1113).jpg;PCOS/noninfected/Image_resize_671  (1114).jpg
Figshare,2c2bad1c24d796d05aef93a7d86c9e8f,4,1,PCOS/infected/Image_resize_193.jpg;PCOS/infected/Image_resize_194.jpg;PCOS/infected/Image_resize_393.jpg;PCOS/infected/Image_resize_394.jpg
Figshare,2c49d55b4b57929df957162314707524,2,1,PCOS/infected/image10761.jpg;PCOS/infected/image10958.jpg
Figshare,2c640b00d04f6c3ccb8cd553441f74e6,2,0,PCOS/noninfected/Image_resize_748.jpg;PCOS/noninfected/Image_resize_752.jpg
Figshare,2c6e8674b1744d5e1c8ab8b2e91f7720,6,1,PCOS/infected/Image_439.jpg;PCOS/infected/Image_440.jpg;PCOS/infected/Image_SETA_439.jpg;PCOS/infected/Image_SETA_440.jpg;PCOS/infected/Image_SETB_439.jpg;PCOS/infected/Image_SETB_440.jpg
Figshare,2c77e2a39571fa5bef0c2a15456bcf63,6,0,PCOS/noninfected/Image_327.jpg;PCOS/noninfected/Image_328.jpg;PCOS/noninfected/Image_SetA327.jpg;PCOS/noninfected/Image_SetA328.jpg;PCOS/noninfected/Image_SetB327.jpg;PCOS/noninfected/Image_SetB328.jpg
Figshare,2cbd153d2f10236a4d3d5e3bd33de39b,6,0,PCOS/noninfected/Image_1001.jpg;PCOS/noninfected/Image_1002.jpg;PCOS/noninfected/Image_SetA1001.jpg;PCOS/noninfected/Image_SetA1002.jpg;PCOS/noninfected/Image_SetB1001.jpg;PCOS/noninfected/Image_SetB1002.jpg
Figshare,2cc98ce504ca8070e62e34b1fb571ad4,4,1,PCOS/infected/Image_resize_023.jpg;PCOS/infected/Image_resize_024.jpg;PCOS/infected/Image_resize_223.jpg;PCOS/infected/Image_resize_224.jpg
Figshare,2cce83a25abcf22ce07e249512d03b45,6,1,PCOS/infected/Image_941.jpg;PCOS/infected/Image_942.jpg;PCOS/infected/Image_SETA_941.jpg;PCOS/infected/Image_SETA_942.jpg;PCOS/infected/Image_SETB_941.jpg;PCOS/infected/Image_SETB_942.jpg
Figshare,2ce4b9a0cb0ebef55ca37e85bf2bbb10,2,1,PCOS/infected/image11543.jpg;PCOS/infected/image11829.jpg
Figshare,2d331496228267077ade447dc04a63be,8,0,PCOS/noninfected/Image_443.jpg;PCOS/noninfected/Image_444.jpg;PCOS/noninfected/Image_SetA443.jpg;PCOS/noninfected/Image_SetA444.jpg;PCOS/noninfected/Image_SetB443.jpg;PCOS/noninfected/Image_SetB444.jpg;PCOS/noninfected/Image_resize_671  (1117).jpg;PCOS/noninfected/Image_resize_671  (1118).jpg
Figshare,2d54812c325b1c6419e73e2f1dde4bb0,2,0,PCOS/noninfected/Image_resize_772.jpg;PCOS/noninfected/Image_resize_776.jpg
Figshare,2d7d9d6501f83f6d2be22b8173e063bf,2,1,PCOS/infected/Image_Rotate_Rotate_Right_031.jpg;PCOS/infected/Image_Rotate_Rotate_Right_032.jpg
Figshare,2d84d4d636f2cf9d5462e0f9bc29aa22,2,1,PCOS/infected/Image_Rotate_Rotate_Right_047.jpg;PCOS/infected/Image_Rotate_Rotate_Right_048.jpg
Figshare,2d891013620561a716533c7d981898a4,2,1,PCOS/infected/image10747.jpg;PCOS/infected/image10944.jpg
Figshare,2d90f2e8339fc01c3cc8e761dadfb85a,4,0,PCOS/noninfected/Image_resize_625.jpg;PCOS/noninfected/Image_resize_629.jpg;PCOS/noninfected/Image_resize_671  (30).jpg;PCOS/noninfected/Image_resize_671  (34).jpg
Figshare,2dc95550b470dacbac7d660359711b89,4,1,PCOS/infected/Image_resize_101.jpg;PCOS/infected/Image_resize_102.jpg;PCOS/infected/Image_resize_301.jpg;PCOS/infected/Image_resize_302.jpg
Figshare,2df75bbabef848f76af99a765400bb20,6,1,PCOS/infected/Image_191.jpg;PCOS/infected/Image_192.jpg;PCOS/infected/Image_SETA_191.jpg;PCOS/infected/Image_SETA_192.jpg;PCOS/infected/Image_SETB_191.jpg;PCOS/infected/Image_SETB_192.jpg
Figshare,2e61a69115a15201923485ae9b066957,6,1,PCOS/infected/Image_549.jpg;PCOS/infected/Image_550.jpg;PCOS/infected/Image_SETA_549.jpg;PCOS/infected/Image_SETA_550.jpg;PCOS/infected/Image_SETB_549.jpg;PCOS/infected/Image_SETB_550.jpg
Figshare,2e644d4ec1163512e97ab696a786fcdb,6,1,PCOS/infected/Image_789.jpg;PCOS/infected/Image_790.jpg;PCOS/infected/Image_SETA_789.jpg;PCOS/infected/Image_SETA_790.jpg;PCOS/infected/Image_SETB_789.jpg;PCOS/infected/Image_SETB_790.jpg
Figshare,2e69ee45d2743d911dab6ec19e9001ec,2,1,PCOS/infected/Image_Rotate_Rotate_Right_029.jpg;PCOS/infected/Image_Rotate_Rotate_Right_030.jpg
Figshare,2ea92b00562c7ea3e109869cc4cd591d,6,1,PCOS/infected/Image_769.jpg;PCOS/infected/Image_770.jpg;PCOS/infected/Image_SETA_769.jpg;PCOS/infected/Image_SETA_770.jpg;PCOS/infected/Image_SETB_769.jpg;PCOS/infected/Image_SETB_770.jpg
Figshare,2ec1bc9cda3d323d7f1aa062b4d2cc63,4,0,PCOS/noninfected/Image_resize_009.jpg;PCOS/noninfected/Image_resize_013.jpg;PCOS/noninfected/Image_resize_671  (543).jpg;PCOS/noninfected/Image_resize_671  (561).jpg
Figshare,2ed4b7f5c020b7594a382bf9d8ca3dbd,6,1,PCOS/infected/Image_871.jpg;PCOS/infected/Image_872.jpg;PCOS/infected/Image_SETA_871.jpg;PCOS/infected/Image_SETA_872.jpg;PCOS/infected/Image_SETB_871.jpg;PCOS/infected/Image_SETB_872.jpg
Figshare,2f08011a62680ad0456d41aeec1042c0,6,1,PCOS/infected/Image_019.jpg;PCOS/infected/Image_020.jpg;PCOS/infected/Image_SETA_019.jpg;PCOS/infected/Image_SETA_020.jpg;PCOS/infected/Image_SETB_019.jpg;PCOS/infected/Image_SETB_020.jpg
Figshare,2f11f197dd2d94463d1df1c7fcafe777,2,1,PCOS/infected/image10918.jpg;PCOS/infected/image11119.jpg
Figshare,2f4c54ee54329ac0ef741a621cfcf552,3,1,PCOS/infected/image10751.jpg;PCOS/infected/image10948.jpg;PCOS/infected/image12599.jpg
Figshare,2f75b00f99b694c2bc62666740d1413e,6,1,PCOS/infected/Image_365.jpg;PCOS/infected/Image_366.jpg;PCOS/infected/Image_SETA_365.jpg;PCOS/infected/Image_SETA_366.jpg;PCOS/infected/Image_SETB_365.jpg;PCOS/infected/Image_SETB_366.jpg
Figshare,2f9ec8683ab5d2d5de6ce1fffb98b1fc,8,0,PCOS/noninfected/Image_resize_194.jpg;PCOS/noninfected/Image_resize_195.jpg;PCOS/noninfected/Image_resize_198.jpg;PCOS/noninfected/Image_resize_199.jpg;PCOS/noninfected/Image_resize_671  (363).jpg;PCOS/noninfected/Image_resize_671  (364).jpg;PCOS/noninfected/Image_resize_671  (373).jpg;PCOS/noninfected/Image_resize_671  (374).jpg
Figshare,2fb74cd1d0dcaf7fe1205e1558fd0e03,8,0,PCOS/noninfected/Image_891.jpg;PCOS/noninfected/Image_892.jpg;PCOS/noninfected/Image_SetA891.jpg;PCOS/noninfected/Image_SetA892.jpg;PCOS/noninfected/Image_SetB891.jpg;PCOS/noninfected/Image_SetB892.jpg;PCOS/noninfected/Image_resize_671  (679).jpg;PCOS/noninfected/Image_resize_671  (680).jpg
Figshare,30214c3f433853f7d6a1ca65aff20284,2,1,PCOS/infected/Image_Rotate_Rotate_Right_091.jpg;PCOS/infected/Image_Rotate_Rotate_Right_092.jpg
Figshare,303047d0f68bdef8bf7558d079555e31,2,1,PCOS/infected/Image_Rotate_Rotate_Right_247.jpg;PCOS/infected/Image_Rotate_Rotate_Right_248.jpg
Figshare,3055b1746921d04ca803f389faab8d33,2,1,PCOS/infected/image10894.jpg;PCOS/infected/image11095.jpg
Figshare,30801aefed515a84c954803a6c245125,4,0,PCOS/noninfected/Image_resize_460.jpg;PCOS/noninfected/Image_resize_464.jpg;PCOS/noninfected/Image_resize_671  (203).jpg;PCOS/noninfected/Image_resize_671  (207).jpg
Figshare,30853b47abffd1c77fd16c54e20b4fea,6,0,PCOS/noninfected/Image_151.jpg;PCOS/noninfected/Image_152.jpg;PCOS/noninfected/Image_SetA151.jpg;PCOS/noninfected/Image_SetA152.jpg;PCOS/noninfected/Image_SetB151.jpg;PCOS/noninfected/Image_SetB152.jpg
Figshare,308752c59bb7b49bbf87285e299b61cb,6,1,PCOS/infected/Image_479.jpg;PCOS/infected/Image_480.jpg;PCOS/infected/Image_SETA_479.jpg;PCOS/infected/Image_SETA_480.jpg;PCOS/infected/Image_SETB_479.jpg;PCOS/infected/Image_SETB_480.jpg
Figshare,308be3053248737bb4ff183a1a3ef9a8,4,0,PCOS/noninfected/Image_resize_234.jpg;PCOS/noninfected/Image_resize_235.jpg;PCOS/noninfected/Image_resize_238.jpg;PCOS/noninfected/Image_resize_239.jpg
Figshare,30a71c16306cf83ff720aa60083e77c5,6,0,PCOS/noninfected/Image_283.jpg;PCOS/noninfected/Image_284.jpg;PCOS/noninfected/Image_SetA283.jpg;PCOS/noninfected/Image_SetA284.jpg;PCOS/noninfected/Image_SetB283.jpg;PCOS/noninfected/Image_SetB284.jpg
Figshare,30b7eeeef09de37e5e522cb2275427cf,8,0,PCOS/noninfected/Image_763.jpg;PCOS/noninfected/Image_764.jpg;PCOS/noninfected/Image_SetA763.jpg;PCOS/noninfected/Image_SetA764.jpg;PCOS/noninfected/Image_SetB763.jpg;PCOS/noninfected/Image_SetB764.jpg;PCOS/noninfected/Image_resize_671  (787).jpg;PCOS/noninfected/Image_resize_671  (788).jpg
Figshare,30c113276fbcdec24d76853740a5f259,6,1,PCOS/infected/Image_087.jpg;PCOS/infected/Image_088.jpg;PCOS/infected/Image_SETA_087.jpg;PCOS/infected/Image_SETA_088.jpg;PCOS/infected/Image_SETB_087.jpg;PCOS/infected/Image_SETB_088.jpg
Figshare,30c2c0148f23ae0d7baaff99ba54d78e,6,1,PCOS/infected/Image_123.jpg;PCOS/infected/Image_124.jpg;PCOS/infected/Image_SETA_123.jpg;PCOS/infected/Image_SETA_124.jpg;PCOS/infected/Image_SETB_123.jpg;PCOS/infected/Image_SETB_124.jpg
Figshare,30e680a263da1cc60b835d6cca41a26d,6,1,PCOS/infected/Image_127.jpg;PCOS/infected/Image_128.jpg;PCOS/infected/Image_SETA_127.jpg;PCOS/infected/Image_SETA_128.jpg;PCOS/infected/Image_SETB_127.jpg;PCOS/infected/Image_SETB_128.jpg
Figshare,3100f3ff0f1f3ffe3e1ddd4cf639b5cb,4,1,PCOS/infected/Image_Rotate_113.jpg;PCOS/infected/Image_Rotate_114.jpg;PCOS/infected/Image_Rotate_313.jpg;PCOS/infected/Image_Rotate_314.jpg
Figshare,315a6e2a16c44060d8ed8b7ec3abd73b,8,0,PCOS/noninfected/Image_resize_610.jpg;PCOS/noninfected/Image_resize_611.jpg;PCOS/noninfected/Image_resize_614.jpg;PCOS/noninfected/Image_resize_615.jpg;PCOS/noninfected/Image_resize_671  (40).jpg;PCOS/noninfected/Image_resize_671  (43).jpg;PCOS/noninfected/Image_resize_671  (44).jpg;PCOS/noninfected/Image_resize_671  (64).jpg
Figshare,31694c8b5b087c3e8e9c9d3f41e3d1b4,4,0,PCOS/noninfected/Image_resize_081.jpg;PCOS/noninfected/Image_resize_085.jpg;PCOS/noninfected/Image_resize_671  (470).jpg;PCOS/noninfected/Image_resize_671  (474).jpg
Figshare,317184e35356fe1db27b6bcc4c342cd6,4,1,PCOS/infected/Image_resize_199.jpg;PCOS/infected/Image_resize_200.jpg;PCOS/infected/Image_resize_399.jpg;PCOS/infected/Image_resize_400.jpg
Figshare,3180ee3c36d6e0cc99fca34b78fb525b,2,1,PCOS/infected/image10790.jpg;PCOS/infected/image10987.jpg
Figshare,31c15d2dd25db0d03e93e62688379db0,2,1,PCOS/infected/image10755.jpg;PCOS/infected/image10952.jpg
Figshare,3255ebda7dc437e2a41a82ee6dcdbba8,2,1,PCOS/infected/Image_Rotate_Rotate_Right_223.jpg;PCOS/infected/Image_Rotate_Rotate_Right_224.jpg
Figshare,328731c6772460de46e2e2676f6a4bbe,8,0,PCOS/noninfected/Image_841.jpg;PCOS/noninfected/Image_842.jpg;PCOS/noninfected/Image_SetA841.jpg;PCOS/noninfected/Image_SetA842.jpg;PCOS/noninfected/Image_SetB841.jpg;PCOS/noninfected/Image_SetB842.jpg;PCOS/noninfected/Image_resize_671  (723).jpg;PCOS/noninfected/Image_resize_671  (724).jpg
Figshare,3294f93506a72903c99967635a1af1a0,2,1,PCOS/infected/image10889.jpg;PCOS/infected/image11087.jpg
Figshare,32af2b605022d8001289c6a311fb8f4c,2,1,PCOS/infected/image10873.jpg;PCOS/infected/image11070.jpg
Figshare,32b87d8809841a811bcf0556c476943c,2,1,PCOS/infected/Image_Rotate_Rotate_Right_101.jpg;PCOS/infected/Image_Rotate_Rotate_Right_102.jpg
Figshare,32be334e4e287047bd7aef8a24e104c7,2,1,PCOS/infected/image10878.jpg;PCOS/infected/image11075.jpg
Figshare,32cc93907d8cc39491deafb9dc20d0e4,2,0,PCOS/noninfected/Image_resize_289.jpg;PCOS/noninfected/Image_resize_293.jpg
Figshare,33040accf761e9a4d723b090c43bde08,8,0,PCOS/noninfected/Image_541.jpg;PCOS/noninfected/Image_542.jpg;PCOS/noninfected/Image_SetA541.jpg;PCOS/noninfected/Image_SetA542.jpg;PCOS/noninfected/Image_SetB541.jpg;PCOS/noninfected/Image_SetB542.jpg;PCOS/noninfected/Image_resize_671  (1019).jpg;PCOS/noninfected/Image_resize_671  (1020).jpg
Figshare,330ae8745b74e588c2957747d11dd37f,6,0,PCOS/noninfected/Image_131.jpg;PCOS/noninfected/Image_132.jpg;PCOS/noninfected/Image_SetA131.jpg;PCOS/noninfected/Image_SetA132.jpg;PCOS/noninfected/Image_SetB131.jpg;PCOS/noninfected/Image_SetB132.jpg
Figshare,33278ce7685716c65c39c3ee532caf28,2,1,PCOS/infected/Image_Rotate_Rotate_Right_045.jpg;PCOS/infected/Image_Rotate_Rotate_Right_046.jpg
Figshare,332b991e1cfb52f9623ca0cec64f7159,6,1,PCOS/infected/Image_933.jpg;PCOS/infected/Image_934.jpg;PCOS/infected/Image_SETA_933.jpg;PCOS/infected/Image_SETA_934.jpg;PCOS/infected/Image_SETB_933.jpg;PCOS/infected/Image_SETB_934.jpg
Figshare,3338cbf03a6f354b0a6a8b02cc5d0f1d,6,1,PCOS/infected/Image_909.jpg;PCOS/infected/Image_910.jpg;PCOS/infected/Image_SETA_909.jpg;PCOS/infected/Image_SETA_910.jpg;PCOS/infected/Image_SETB_909.jpg;PCOS/infected/Image_SETB_910.jpg
Figshare,3362d1a0cdc9233a019fb7ae7dfae9cb,6,0,PCOS/noninfected/Image_247.jpg;PCOS/noninfected/Image_248.jpg;PCOS/noninfected/Image_SetA247.jpg;PCOS/noninfected/Image_SetA248.jpg;PCOS/noninfected/Image_SetB247.jpg;PCOS/noninfected/Image_SetB248.jpg
Figshare,339480cb04c204a703f090fb5ccfcd6f,6,1,PCOS/infected/Image_877.jpg;PCOS/infected/Image_878.jpg;PCOS/infected/Image_SETA_877.jpg;PCOS/infected/Image_SETA_878.jpg;PCOS/infected/Image_SETB_877.jpg;PCOS/infected/Image_SETB_878.jpg
Figshare,33b063b6ceaf931536fc8525297c0d63,6,0,PCOS/noninfected/Image_069.jpg;PCOS/noninfected/Image_070.jpg;PCOS/noninfected/Image_SetA069.jpg;PCOS/noninfected/Image_SetA070.jpg;PCOS/noninfected/Image_SetB069.jpg;PCOS/noninfected/Image_SetB070.jpg
Figshare,33b6cf11db63fc15d972774ef88d41e0,4,1,PCOS/infected/Image_resize_025.jpg;PCOS/infected/Image_resize_026.jpg;PCOS/infected/Image_resize_225.jpg;PCOS/infected/Image_resize_226.jpg
Figshare,33e45a37225220675909519ee7f1f32f,2,1,PCOS/infected/image10759.jpg;PCOS/infected/image10956.jpg
Figshare,343a5e969ccb1a8e599e15bc54659b0d,2,1,PCOS/infected/image10795.jpg;PCOS/infected/image10992.jpg
Figshare,3478c133fde0a512a42d7a1fbf8d87ff,8,0,PCOS/noninfected/Image_637.jpg;PCOS/noninfected/Image_638.jpg;PCOS/noninfected/Image_SetA637.jpg;PCOS/noninfected/Image_SetA638.jpg;PCOS/noninfected/Image_SetB637.jpg;PCOS/noninfected/Image_SetB638.jpg;PCOS/noninfected/Image_resize_671  (922).jpg;PCOS/noninfected/Image_resize_671  (923).jpg
Figshare,34c15697a4a20b1a83a3d56ebaa018f5,6,0,PCOS/noninfected/Image_263.jpg;PCOS/noninfected/Image_264.jpg;PCOS/noninfected/Image_SetA263.jpg;PCOS/noninfected/Image_SetA264.jpg;PCOS/noninfected/Image_SetB263.jpg;PCOS/noninfected/Image_SetB264.jpg
Figshare,34c9be078777bc03679440ffc6383bcb,6,1,PCOS/infected/Image_673.jpg;PCOS/infected/Image_674.jpg;PCOS/infected/Image_SETA_673.jpg;PCOS/infected/Image_SETA_674.jpg;PCOS/infected/Image_SETB_673.jpg;PCOS/infected/Image_SETB_674.jpg
Figshare,34d8e0a57602be19028eb9b0b1d0b253,2,1,PCOS/infected/image10743.jpg;PCOS/infected/image10940.jpg
Figshare,34e558dd5c00f8c07fe13c02499e4f24,2,1,PCOS/infected/Image_Rotate_Rotate_Right_009.jpg;PCOS/infected/Image_Rotate_Rotate_Right_010.jpg
Figshare,3507c12c23244d6376382da39b98e30f,8,0,PCOS/noninfected/Image_961.jpg;PCOS/noninfected/Image_962.jpg;PCOS/noninfected/Image_SetA961.jpg;PCOS/noninfected/Image_SetA962.jpg;PCOS/noninfected/Image_SetB961.jpg;PCOS/noninfected/Image_SetB962.jpg;PCOS/noninfected/Image_resize_671  (609).jpg;PCOS/noninfected/Image_resize_671  (610).jpg
Figshare,35332278cc85e029720dc643b4d1b184,8,0,PCOS/noninfected/Image_857.jpg;PCOS/noninfected/Image_858.jpg;PCOS/noninfected/Image_SetA857.jpg;PCOS/noninfected/Image_SetA858.jpg;PCOS/noninfected/Image_SetB857.jpg;PCOS/noninfected/Image_SetB858.jpg;PCOS/noninfected/Image_resize_671  (693).jpg;PCOS/noninfected/Image_resize_671  (694).jpg
Figshare,359c50b535537e021278cb66e07cdb21,2,1,PCOS/infected/image10712.jpg;PCOS/infected/image12561.jpg
Figshare,35a99e79051f57afdb44604d22866086,8,0,PCOS/noninfected/Image_517.jpg;PCOS/noninfected/Image_518.jpg;PCOS/noninfected/Image_SetA517.jpg;PCOS/noninfected/Image_SetA518.jpg;PCOS/noninfected/Image_SetB517.jpg;PCOS/noninfected/Image_SetB518.jpg;PCOS/noninfected/Image_resize_671  (1042).jpg;PCOS/noninfected/Image_resize_671  (1043).jpg
Figshare,35ab4702c5f170a7706615ec70988e5a,2,1,PCOS/infected/Image_Rotate_Rotate_Right_063.jpg;PCOS/infected/Image_Rotate_Rotate_Right_064.jpg
Figshare,35ca23b14342cea88eac1262279df279,6,0,PCOS/noninfected/Image_1011.jpg;PCOS/noninfected/Image_1012.jpg;PCOS/noninfected/Image_SetA1011.jpg;PCOS/noninfected/Image_SetA1012.jpg;PCOS/noninfected/Image_SetB1011.jpg;PCOS/noninfected/Image_SetB1012.jpg
Figshare,3605cedbd6f57c37fb675f4665a749c0,2,1,PCOS/infected/image10778.jpg;PCOS/infected/image10975.jpg
Figshare,360ea42d917aa9ffd3f259874a095e2b,8,0,PCOS/noninfected/Image_871.jpg;PCOS/noninfected/Image_872.jpg;PCOS/noninfected/Image_SetA871.jpg;PCOS/noninfected/Image_SetA872.jpg;PCOS/noninfected/Image_SetB871.jpg;PCOS/noninfected/Image_SetB872.jpg;PCOS/noninfected/Image_resize_671  (683).jpg;PCOS/noninfected/Image_resize_671  (684).jpg
Figshare,3621fa61957f38dc8bca12ae5807eecb,6,1,PCOS/infected/Image_881.jpg;PCOS/infected/Image_882.jpg;PCOS/infected/Image_SETA_881.jpg;PCOS/infected/Image_SETA_882.jpg;PCOS/infected/Image_SETB_881.jpg;PCOS/infected/Image_SETB_882.jpg
Figshare,362815b9cb3554b2a648a120159aa4c5,6,0,PCOS/noninfected/Image_023.jpg;PCOS/noninfected/Image_024.jpg;PCOS/noninfected/Image_SetA023.jpg;PCOS/noninfected/Image_SetA024.jpg;PCOS/noninfected/Image_SetB023.jpg;PCOS/noninfected/Image_SetB024.jpg
Figshare,36316fa4957f4a425b0e9af1ff43a0a2,2,1,PCOS/infected/image10827.jpg;PCOS/infected/image11024.jpg
Figshare,3635d1dee38482a2bf3a696807e4bfee,8,0,PCOS/noninfected/Image_851.jpg;PCOS/noninfected/Image_852.jpg;PCOS/noninfected/Image_SetA851.jpg;PCOS/noninfected/Image_SetA852.jpg;PCOS/noninfected/Image_SetB851.jpg;PCOS/noninfected/Image_SetB852.jpg;PCOS/noninfected/Image_resize_671  (710).jpg;PCOS/noninfected/Image_resize_671  (711).jpg
Figshare,36443132ce646a57cfffbbd7d9c402aa,6,1,PCOS/infected/Image_627.jpg;PCOS/infected/Image_628.jpg;PCOS/infected/Image_SETA_627.jpg;PCOS/infected/Image_SETA_628.jpg;PCOS/infected/Image_SETB_627.jpg;PCOS/infected/Image_SETB_628.jpg
Figshare,364844c383fa47d00b6dcde497ac3e8e,8,0,PCOS/noninfected/Image_629.jpg;PCOS/noninfected/Image_630.jpg;PCOS/noninfected/Image_SetA629.jpg;PCOS/noninfected/Image_SetA630.jpg;PCOS/noninfected/Image_SetB629.jpg;PCOS/noninfected/Image_SetB630.jpg;PCOS/noninfected/Image_resize_671  (937).jpg;PCOS/noninfected/Image_resize_671  (938).jpg
Figshare,364a04e33ad71f2b928f5b8b993bb820,4,0,PCOS/noninfected/Image_resize_036.jpg;PCOS/noninfected/Image_resize_040.jpg;PCOS/noninfected/Image_resize_671  (519).jpg;PCOS/noninfected/Image_resize_671  (523).jpg
Figshare,3664aff50ef36a5422b7883cad1551f5,6,1,PCOS/infected/Image_249.jpg;PCOS/infected/Image_250.jpg;PCOS/infected/Image_SETA_249.jpg;PCOS/infected/Image_SETA_250.jpg;PCOS/infected/Image_SETB_249.jpg;PCOS/infected/Image_SETB_250.jpg
Figshare,3675e892e30586cd8caf05a5775a8f05,4,0,PCOS/noninfected/Image_resize_396.jpg;PCOS/noninfected/Image_resize_400.jpg;PCOS/noninfected/Image_resize_671  (273).jpg;PCOS/noninfected/Image_resize_671  (277).jpg
Figshare,369752fe1edd9437c145a51db90111a0,6,0,PCOS/noninfected/Image_355.jpg;PCOS/noninfected/Image_356.jpg;PCOS/noninfected/Image_SetA355.jpg;PCOS/noninfected/Image_SetA356.jpg;PCOS/noninfected/Image_SetB355.jpg;PCOS/noninfected/Image_SetB356.jpg
Figshare,36acabb8b55592b82d81ef8043f46f5e,2,1,PCOS/infected/Image_Rotate_Rotate_Right_225.jpg;PCOS/infected/Image_Rotate_Rotate_Right_226.jpg
Figshare,36b1a737946dfa9c251ddd5900c79a04,6,1,PCOS/infected/Image_139.jpg;PCOS/infected/Image_140.jpg;PCOS/infected/Image_SETA_139.jpg;PCOS/infected/Image_SETA_140.jpg;PCOS/infected/Image_SETB_139.jpg;PCOS/infected/Image_SETB_140.jpg
Figshare,36ce0d87c6fd5a808298883cd8aea188,6,1,PCOS/infected/Image_115.jpg;PCOS/infected/Image_116.jpg;PCOS/infected/Image_SETA_115.jpg;PCOS/infected/Image_SETA_116.jpg;PCOS/infected/Image_SETB_115.jpg;PCOS/infected/Image_SETB_116.jpg
Figshare,36e76f5a51092126dde39db4e761eb4b,6,1,PCOS/infected/Image_413.jpg;PCOS/infected/Image_414.jpg;PCOS/infected/Image_SETA_413.jpg;PCOS/infected/Image_SETA_414.jpg;PCOS/infected/Image_SETB_413.jpg;PCOS/infected/Image_SETB_414.jpg
Figshare,372515b43c837c7476c3da4bb17866a2,6,1,PCOS/infected/Image_809.jpg;PCOS/infected/Image_810.jpg;PCOS/infected/Image_SETA_809.jpg;PCOS/infected/Image_SETA_810.jpg;PCOS/infected/Image_SETB_809.jpg;PCOS/infected/Image_SETB_810.jpg
Figshare,3780464d5376b3a8002c56902cfabb91,2,1,PCOS/infected/Image_Rotate_Rotate_Right_227.jpg;PCOS/infected/Image_Rotate_Rotate_Right_228.jpg
Figshare,37a7a0bc23255788b7fa9c892df5045c,6,1,PCOS/infected/Image_343.jpg;PCOS/infected/Image_344.jpg;PCOS/infected/Image_SETA_343.jpg;PCOS/infected/Image_SETA_344.jpg;PCOS/infected/Image_SETB_343.jpg;PCOS/infected/Image_SETB_344.jpg
Figshare,37adb257c712d605179db0fc5e49c97c,8,0,PCOS/noninfected/Image_473.jpg;PCOS/noninfected/Image_474.jpg;PCOS/noninfected/Image_SetA473.jpg;PCOS/noninfected/Image_SetA474.jpg;PCOS/noninfected/Image_SetB473.jpg;PCOS/noninfected/Image_SetB474.jpg;PCOS/noninfected/Image_resize_671  (1104).jpg;PCOS/noninfected/Image_resize_671  (1105).jpg
Figshare,37ba0930ff8c09c5a6b075cec33b9d05,8,0,PCOS/noninfected/Image_537.jpg;PCOS/noninfected/Image_538.jpg;PCOS/noninfected/Image_SetA537.jpg;PCOS/noninfected/Image_SetA538.jpg;PCOS/noninfected/Image_SetB537.jpg;PCOS/noninfected/Image_SetB538.jpg;PCOS/noninfected/Image_resize_671  (1015).jpg;PCOS/noninfected/Image_resize_671  (1016).jpg
Figshare,37ce6f8eb5e5f93d39dcf0799bf14b44,2,1,PCOS/infected/Image_Rotate_Rotate_Right_327.jpg;PCOS/infected/Image_Rotate_Rotate_Right_328.jpg
Figshare,37da6d837f41dda939161fc584371e5d,2,1,PCOS/infected/Image_Rotate_Rotate_Right_291.jpg;PCOS/infected/Image_Rotate_Rotate_Right_292.jpg
Figshare,37e5a89f3e5842d27121ff15e148b5d6,6,0,PCOS/noninfected/Image_127.jpg;PCOS/noninfected/Image_128.jpg;PCOS/noninfected/Image_SetA127.jpg;PCOS/noninfected/Image_SetA128.jpg;PCOS/noninfected/Image_SetB127.jpg;PCOS/noninfected/Image_SetB128.jpg
Figshare,3802894b066fd61d6d0ca96514978cf5,6,0,PCOS/noninfected/Image_415.jpg;PCOS/noninfected/Image_416.jpg;PCOS/noninfected/Image_SetA415.jpg;PCOS/noninfected/Image_SetA416.jpg;PCOS/noninfected/Image_SetB415.jpg;PCOS/noninfected/Image_SetB416.jpg
Figshare,38100f33e04be6ce48425f96d8ad421e,8,0,PCOS/noninfected/Image_resize_626.jpg;PCOS/noninfected/Image_resize_627.jpg;PCOS/noninfected/Image_resize_630.jpg;PCOS/noninfected/Image_resize_631.jpg;PCOS/noninfected/Image_resize_671  (31).jpg;PCOS/noninfected/Image_resize_671  (32).jpg;PCOS/noninfected/Image_resize_671  (35).jpg;PCOS/noninfected/Image_resize_671  (36).jpg
Figshare,3814a39d166f8550294ab5390bb79b1a,6,1,PCOS/infected/Image_283.jpg;PCOS/infected/Image_284.jpg;PCOS/infected/Image_SETA_283.jpg;PCOS/infected/Image_SETA_284.jpg;PCOS/infected/Image_SETB_283.jpg;PCOS/infected/Image_SETB_284.jpg
Figshare,381746dc17205c6aedd83795fb033dc0,4,1,PCOS/infected/Image_resize_155.jpg;PCOS/infected/Image_resize_156.jpg;PCOS/infected/Image_resize_355.jpg;PCOS/infected/Image_resize_356.jpg
Figshare,3851f8dead027850271e8d53942e79f3,6,1,PCOS/infected/Image_049.jpg;PCOS/infected/Image_050.jpg;PCOS/infected/Image_SETA_049.jpg;PCOS/infected/Image_SETA_050.jpg;PCOS/infected/Image_SETB_049.jpg;PCOS/infected/Image_SETB_050.jpg
Figshare,38692a09a6455ebcf96832b6b097bfca,2,1,PCOS/infected/Image_Rotate_Rotate_Right_263.jpg;PCOS/infected/Image_Rotate_Rotate_Right_264.jpg
Figshare,3874e70f93eeec1b4b2b5e81532bf2e4,8,0,PCOS/noninfected/Image_567.jpg;PCOS/noninfected/Image_568.jpg;PCOS/noninfected/Image_SetA567.jpg;PCOS/noninfected/Image_SetA568.jpg;PCOS/noninfected/Image_SetB567.jpg;PCOS/noninfected/Image_SetB568.jpg;PCOS/noninfected/Image_resize_671  (997).jpg;PCOS/noninfected/Image_resize_671  (998).jpg
Figshare,38abaf5b35b26ffede1a98788cf3ca1f,4,1,PCOS/infected/Image_Rotate_159.jpg;PCOS/infected/Image_Rotate_160.jpg;PCOS/infected/Image_Rotate_359.jpg;PCOS/infected/Image_Rotate_360.jpg
Figshare,38b21a939ae9a736e05e02787df57ec4,8,0,PCOS/noninfected/Image_569.jpg;PCOS/noninfected/Image_570.jpg;PCOS/noninfected/Image_SetA569.jpg;PCOS/noninfected/Image_SetA570.jpg;PCOS/noninfected/Image_SetB569.jpg;PCOS/noninfected/Image_SetB570.jpg;PCOS/noninfected/Image_resize_671  (1000).jpg;PCOS/noninfected/Image_resize_671  (999).jpg
Figshare,38b7c2f9846ad6d9941b006fbea9779a,2,1,PCOS/infected/Image_Rotate_Rotate_Right_241.jpg;PCOS/infected/Image_Rotate_Rotate_Right_242.jpg
Figshare,38d6563680cc33ecd16790eeda64f799,4,1,PCOS/infected/Image_Rotate_079.jpg;PCOS/infected/Image_Rotate_080.jpg;PCOS/infected/Image_Rotate_279.jpg;PCOS/infected/Image_Rotate_280.jpg
Figshare,38fe43a7b2e6ed196dc2d55313653a99,8,0,PCOS/noninfected/Image_623.jpg;PCOS/noninfected/Image_624.jpg;PCOS/noninfected/Image_SetA623.jpg;PCOS/noninfected/Image_SetA624.jpg;PCOS/noninfected/Image_SetB623.jpg;PCOS/noninfected/Image_SetB624.jpg;PCOS/noninfected/Image_resize_671  (931).jpg;PCOS/noninfected/Image_resize_671  (932).jpg
Figshare,39058174cd3419b1d6b5599e338c9735,8,0,PCOS/noninfected/Image_843.jpg;PCOS/noninfected/Image_844.jpg;PCOS/noninfected/Image_SetA843.jpg;PCOS/noninfected/Image_SetA844.jpg;PCOS/noninfected/Image_SetB843.jpg;PCOS/noninfected/Image_SetB844.jpg;PCOS/noninfected/Image_resize_671  (725).jpg;PCOS/noninfected/Image_resize_671  (726).jpg
Figshare,39238793f7447eb0ee66ecd18b3eeb8f,8,0,PCOS/noninfected/Image_resize_410.jpg;PCOS/noninfected/Image_resize_411.jpg;PCOS/noninfected/Image_resize_414.jpg;PCOS/noninfected/Image_resize_415.jpg;PCOS/noninfected/Image_resize_671  (247).jpg;PCOS/noninfected/Image_resize_671  (248).jpg;PCOS/noninfected/Image_resize_671  (251).jpg;PCOS/noninfected/Image_resize_671  (252).jpg
Figshare,3936616c9bf026968a567fcd7e832f59,6,1,PCOS/infected/Image_241.jpg;PCOS/infected/Image_242.jpg;PCOS/infected/Image_SETA_241.jpg;PCOS/infected/Image_SETA_242.jpg;PCOS/infected/Image_SETB_241.jpg;PCOS/infected/Image_SETB_242.jpg
Figshare,39381104acb8e4ea47c0021848dc9ee9,8,0,PCOS/noninfected/Image_615.jpg;PCOS/noninfected/Image_616.jpg;PCOS/noninfected/Image_SetA615.jpg;PCOS/noninfected/Image_SetA616.jpg;PCOS/noninfected/Image_SetB615.jpg;PCOS/noninfected/Image_SetB616.jpg;PCOS/noninfected/Image_resize_671  (947).jpg;PCOS/noninfected/Image_resize_671  (948).jpg
Figshare,395c7d814681ba754f95a224fee8ec75,6,1,PCOS/infected/Image_965.jpg;PCOS/infected/Image_966.jpg;PCOS/infected/Image_SETA_965.jpg;PCOS/infected/Image_SETA_966.jpg;PCOS/infected/Image_SETB_965.jpg;PCOS/infected/Image_SETB_966.jpg
Figshare,39a8371d140b817aa31e8e5eae10181a,6,1,PCOS/infected/Image_1000.jpg;PCOS/infected/Image_999.jpg;PCOS/infected/Image_SETA_1000.jpg;PCOS/infected/Image_SETA_999.jpg;PCOS/infected/Image_SETB_1000.jpg;PCOS/infected/Image_SETB_999.jpg
Figshare,39b0feeb72e44fde1680a4783153f048,6,0,PCOS/noninfected/Image_311.jpg;PCOS/noninfected/Image_312.jpg;PCOS/noninfected/Image_SetA311.jpg;PCOS/noninfected/Image_SetA312.jpg;PCOS/noninfected/Image_SetB311.jpg;PCOS/noninfected/Image_SetB312.jpg
Figshare,39d1413b164aaea5ea2f8262b591c1da,6,1,PCOS/infected/Image_237.jpg;PCOS/infected/Image_238.jpg;PCOS/infected/Image_SETA_237.jpg;PCOS/infected/Image_SETA_238.jpg;PCOS/infected/Image_SETB_237.jpg;PCOS/infected/Image_SETB_238.jpg
Figshare,39d7a9492201893e281f869d71a56394,6,1,PCOS/infected/Image_309.jpg;PCOS/infected/Image_310.jpg;PCOS/infected/Image_SETA_309.jpg;PCOS/infected/Image_SETA_310.jpg;PCOS/infected/Image_SETB_309.jpg;PCOS/infected/Image_SETB_310.jpg
Figshare,39e79c6c4652a5fd7df5b80f4597c3b2,4,0,PCOS/noninfected/Image_resize_105.jpg;PCOS/noninfected/Image_resize_109.jpg;PCOS/noninfected/Image_resize_671  (447).jpg;PCOS/noninfected/Image_resize_671  (451).jpg
Figshare,39f18f7865a1b4c6173ae98c59ea98db,8,0,PCOS/noninfected/Image_937.jpg;PCOS/noninfected/Image_938.jpg;PCOS/noninfected/Image_SetA937.jpg;PCOS/noninfected/Image_SetA938.jpg;PCOS/noninfected/Image_SetB937.jpg;PCOS/noninfected/Image_SetB938.jpg;PCOS/noninfected/Image_resize_671  (631).jpg;PCOS/noninfected/Image_resize_671  (632).jpg
Figshare,39f3187f0b4174af84802b71ca132957,2,1,PCOS/infected/image10911.jpg;PCOS/infected/image11112.jpg
Figshare,3a1706cdfeff983b8a13df6e76ed6d56,6,1,PCOS/infected/Image_167.jpg;PCOS/infected/Image_168.jpg;PCOS/infected/Image_SETA_167.jpg;PCOS/infected/Image_SETA_168.jpg;PCOS/infected/Image_SETB_167.jpg;PCOS/infected/Image_SETB_168.jpg
Figshare,3a18c43a50a40bfd90a602a20a234679,2,1,PCOS/infected/image10810.jpg;PCOS/infected/image11007.jpg
Figshare,3a77436b9274dac8df01f1d3e953278b,4,1,PCOS/infected/Image_Rotate_147.jpg;PCOS/infected/Image_Rotate_148.jpg;PCOS/infected/Image_Rotate_347.jpg;PCOS/infected/Image_Rotate_348.jpg
Figshare,3a88924eebd3b1ea34732c7fa5406c59,6,1,PCOS/infected/Image_373.jpg;PCOS/infected/Image_374.jpg;PCOS/infected/Image_SETA_373.jpg;PCOS/infected/Image_SETA_374.jpg;PCOS/infected/Image_SETB_373.jpg;PCOS/infected/Image_SETB_374.jpg
Figshare,3a8fcb28860e55e20bc2789a93106fbe,2,1,PCOS/infected/image11766.jpg;PCOS/infected/image12098.jpg
Figshare,3b0e05cb7f87cacc516cfdcad0bff03e,6,1,PCOS/infected/Image_791.jpg;PCOS/infected/Image_792.jpg;PCOS/infected/Image_SETA_791.jpg;PCOS/infected/Image_SETA_792.jpg;PCOS/infected/Image_SETB_791.jpg;PCOS/infected/Image_SETB_792.jpg
Figshare,3b31c80cc9d09f273d4ea7a6ec387ab2,2,1,PCOS/infected/Image_Rotate_Rotate_Right_149.jpg;PCOS/infected/Image_Rotate_Rotate_Right_150.jpg
Figshare,3b3a28e3687410bfb2c0f0281561535a,6,1,PCOS/infected/Image_077.jpg;PCOS/infected/Image_078.jpg;PCOS/infected/Image_SETA_077.jpg;PCOS/infected/Image_SETA_078.jpg;PCOS/infected/Image_SETB_077.jpg;PCOS/infected/Image_SETB_078.jpg
Figshare,3b40c5a35b563c5d94c4a9ca0e5f9eaa,6,1,PCOS/infected/Image_273.jpg;PCOS/infected/Image_274.jpg;PCOS/infected/Image_SETA_273.jpg;PCOS/infected/Image_SETA_274.jpg;PCOS/infected/Image_SETB_273.jpg;PCOS/infected/Image_SETB_274.jpg
Figshare,3b966abd6d75282d4ed4900e9ab9eb6d,8,0,PCOS/noninfected/Image_437.jpg;PCOS/noninfected/Image_438.jpg;PCOS/noninfected/Image_SetA437.jpg;PCOS/noninfected/Image_SetA438.jpg;PCOS/noninfected/Image_SetB437.jpg;PCOS/noninfected/Image_SetB438.jpg;PCOS/noninfected/Image_resize_671  (1111).jpg;PCOS/noninfected/Image_resize_671  (1112).jpg
Figshare,3bbd48f6fe7f4d7befa89b0f2e23ceda,4,0,PCOS/noninfected/Image_resize_161.jpg;PCOS/noninfected/Image_resize_165.jpg;PCOS/noninfected/Image_resize_671  (390).jpg;PCOS/noninfected/Image_resize_671  (410).jpg
Figshare,3bca82666ed709e301b436a3352bd7ee,6,0,PCOS/noninfected/Image_385.jpg;PCOS/noninfected/Image_386.jpg;PCOS/noninfected/Image_SetA385.jpg;PCOS/noninfected/Image_SetA386.jpg;PCOS/noninfected/Image_SetB385.jpg;PCOS/noninfected/Image_SetB386.jpg
Figshare,3bf0dc18f7c617805e65d81ee97a8bdc,2,1,PCOS/infected/image10789.jpg;PCOS/infected/image10986.jpg
Figshare,3c2652c4a896e73b5dc2053cc26577fe,8,0,PCOS/noninfected/Image_957.jpg;PCOS/noninfected/Image_958.jpg;PCOS/noninfected/Image_SetA957.jpg;PCOS/noninfected/Image_SetA958.jpg;PCOS/noninfected/Image_SetB957.jpg;PCOS/noninfected/Image_SetB958.jpg;PCOS/noninfected/Image_resize_671  (605).jpg;PCOS/noninfected/Image_resize_671  (606).jpg
Figshare,3c3c402aee798a03bdceb7379519f465,6,1,PCOS/infected/Image_979.jpg;PCOS/infected/Image_980.jpg;PCOS/infected/Image_SETA_979.jpg;PCOS/infected/Image_SETA_980.jpg;PCOS/infected/Image_SETB_979.jpg;PCOS/infected/Image_SETB_980.jpg
Figshare,3c8963da097553fc1563558b40c786a1,2,1,PCOS/infected/image10841.jpg;PCOS/infected/image11038.jpg
Figshare,3c8996a8226bcb57a8384eb6e204b4a7,2,1,PCOS/infected/image10821.jpg;PCOS/infected/image11018.jpg
Figshare,3c941aa8ff791ca351a90b67111b4d97,8,0,PCOS/noninfected/Image_963.jpg;PCOS/noninfected/Image_964.jpg;PCOS/noninfected/Image_SetA963.jpg;PCOS/noninfected/Image_SetA964.jpg;PCOS/noninfected/Image_SetB963.jpg;PCOS/noninfected/Image_SetB964.jpg;PCOS/noninfected/Image_resize_671  (587).jpg;PCOS/noninfected/Image_resize_671  (588).jpg
Figshare,3c94564743200d51e7ed573af3230c6f,4,0,PCOS/noninfected/Image_resize_714.jpg;PCOS/noninfected/Image_resize_715.jpg;PCOS/noninfected/Image_resize_718.jpg;PCOS/noninfected/Image_resize_719.jpg
Figshare,3c9a7efe5fe16e1e2f4b38c6f2f13d53,6,1,PCOS/infected/Image_739.jpg;PCOS/infected/Image_740.jpg;PCOS/infected/Image_SETA_739.jpg;PCOS/infected/Image_SETA_740.jpg;PCOS/infected/Image_SETB_739.jpg;PCOS/infected/Image_SETB_740.jpg
Figshare,3cc6856085a4995b1071379b4656e6fe,2,1,PCOS/infected/Image_Rotate_Rotate_Right_127.jpg;PCOS/infected/Image_Rotate_Rotate_Right_128.jpg
Figshare,3cd898f42ffcd0ed684b8b09fa1cd103,2,1,PCOS/infected/Image_Rotate_Rotate_Right_103.jpg;PCOS/infected/Image_Rotate_Rotate_Right_104.jpg
Figshare,3cdfe5cc098a49b563880e41a2b63464,6,1,PCOS/infected/Image_895.jpg;PCOS/infected/Image_896.jpg;PCOS/infected/Image_SETA_895.jpg;PCOS/infected/Image_SETA_896.jpg;PCOS/infected/Image_SETB_895.jpg;PCOS/infected/Image_SETB_896.jpg
Figshare,3d04cb3df76f975758639d34873a8f7d,4,1,PCOS/infected/Image_Rotate_181.jpg;PCOS/infected/Image_Rotate_182.jpg;PCOS/infected/Image_Rotate_381.jpg;PCOS/infected/Image_Rotate_382.jpg
Figshare,3d41dbcc0831dd217631895074b98f6f,6,0,PCOS/noninfected/Image_201.jpg;PCOS/noninfected/Image_202.jpg;PCOS/noninfected/Image_SetA201.jpg;PCOS/noninfected/Image_SetA202.jpg;PCOS/noninfected/Image_SetB201.jpg;PCOS/noninfected/Image_SetB202.jpg
Figshare,3d8c4086dafdaf132f8703e2cecf4330,8,0,PCOS/noninfected/Image_595.jpg;PCOS/noninfected/Image_596.jpg;PCOS/noninfected/Image_SetA595.jpg;PCOS/noninfected/Image_SetA596.jpg;PCOS/noninfected/Image_SetB595.jpg;PCOS/noninfected/Image_SetB596.jpg;PCOS/noninfected/Image_resize_671  (975).jpg;PCOS/noninfected/Image_resize_671  (976).jpg
Figshare,3d8e7d28b8bd972d4535b11164ac4e55,4,0,PCOS/noninfected/Image_resize_353.jpg;PCOS/noninfected/Image_resize_357.jpg;PCOS/noninfected/Image_resize_671  (294).jpg;PCOS/noninfected/Image_resize_671  (298).jpg
Figshare,3db492a214a02e4b19611b863de2dddb,8,0,PCOS/noninfected/Image_787.jpg;PCOS/noninfected/Image_788.jpg;PCOS/noninfected/Image_SetA787.jpg;PCOS/noninfected/Image_SetA788.jpg;PCOS/noninfected/Image_SetB787.jpg;PCOS/noninfected/Image_SetB788.jpg;PCOS/noninfected/Image_resize_671  (767).jpg;PCOS/noninfected/Image_resize_671  (768).jpg
Figshare,3de4b32d41bd45d1b49452911def1002,6,0,PCOS/noninfected/Image_105.jpg;PCOS/noninfected/Image_106.jpg;PCOS/noninfected/Image_SetA105.jpg;PCOS/noninfected/Image_SetA106.jpg;PCOS/noninfected/Image_SetB105.jpg;PCOS/noninfected/Image_SetB106.jpg
Figshare,3df0183e4a07ccdf6e9dcbb593ad3652,2,1,PCOS/infected/Image_Rotate_Rotate_Right_155.jpg;PCOS/infected/Image_Rotate_Rotate_Right_156.jpg
Figshare,3e06ae48a60ab1678b2f18eba02dff69,6,1,PCOS/infected/Image_011.jpg;PCOS/infected/Image_012.jpg;PCOS/infected/Image_SETA_011.jpg;PCOS/infected/Image_SETA_012.jpg;PCOS/infected/Image_SETB_011.jpg;PCOS/infected/Image_SETB_012.jpg
Figshare,3e1758b572340bbae04f441b7acdef7a,2,1,PCOS/infected/Image_Rotate_Rotate_Right_161.jpg;PCOS/infected/Image_Rotate_Rotate_Right_162.jpg
Figshare,3e39723729cf0f104be92e1194bd1bd9,6,1,PCOS/infected/Image_455.jpg;PCOS/infected/Image_456.jpg;PCOS/infected/Image_SETA_455.jpg;PCOS/infected/Image_SETA_456.jpg;PCOS/infected/Image_SETB_455.jpg;PCOS/infected/Image_SETB_456.jpg
Figshare,3e7c1dd3d71c933f6177dbaaf67f3878,4,1,PCOS/infected/Image_resize_123.jpg;PCOS/infected/Image_resize_124.jpg;PCOS/infected/Image_resize_323.jpg;PCOS/infected/Image_resize_324.jpg
Figshare,3edddbe950a0c0697ad162f2ee2aa719,6,1,PCOS/infected/Image_177.jpg;PCOS/infected/Image_178.jpg;PCOS/infected/Image_SETA_177.jpg;PCOS/infected/Image_SETA_178.jpg;PCOS/infected/Image_SETB_177.jpg;PCOS/infected/Image_SETB_178.jpg
Figshare,3effb095a3e8f929536f8142e10cc192,4,1,PCOS/infected/Image_resize_121.jpg;PCOS/infected/Image_resize_122.jpg;PCOS/infected/Image_resize_321.jpg;PCOS/infected/Image_resize_322.jpg
Figshare,3f0b9e5ff2a62c65c6d3b997a3bc8ec7,2,1,PCOS/infected/image11280.jpg;PCOS/infected/image12908.jpg
Figshare,3f1e4079d2c30e2a96c9019a2948d9ed,6,1,PCOS/infected/Image_543.jpg;PCOS/infected/Image_544.jpg;PCOS/infected/Image_SETA_543.jpg;PCOS/infected/Image_SETA_544.jpg;PCOS/infected/Image_SETB_543.jpg;PCOS/infected/Image_SETB_544.jpg
Figshare,3f38ef568ce0731aab00a40e5d21023a,6,0,PCOS/noninfected/Image_153.jpg;PCOS/noninfected/Image_154.jpg;PCOS/noninfected/Image_SetA153.jpg;PCOS/noninfected/Image_SetA154.jpg;PCOS/noninfected/Image_SetB153.jpg;PCOS/noninfected/Image_SetB154.jpg
Figshare,3f51104aefc13f2029831df3d030368c,4,1,PCOS/infected/Image_Rotate_199.jpg;PCOS/infected/Image_Rotate_200.jpg;PCOS/infected/Image_Rotate_399.jpg;PCOS/infected/Image_Rotate_400.jpg
Figshare,3f81671d3b038a27e00603005ca6ef4d,6,1,PCOS/infected/Image_807.jpg;PCOS/infected/Image_808.jpg;PCOS/infected/Image_SETA_807.jpg;PCOS/infected/Image_SETA_808.jpg;PCOS/infected/Image_SETB_807.jpg;PCOS/infected/Image_SETB_808.jpg
Figshare,3f956dc44c4b55326921468bc370ffb6,8,0,PCOS/noninfected/Image_459.jpg;PCOS/noninfected/Image_460.jpg;PCOS/noninfected/Image_SetA459.jpg;PCOS/noninfected/Image_SetA460.jpg;PCOS/noninfected/Image_SetB459.jpg;PCOS/noninfected/Image_SetB460.jpg;PCOS/noninfected/Image_resize_671  (1090).jpg;PCOS/noninfected/Image_resize_671  (1091).jpg
Figshare,3f9baad9800748e25444cbe5fe20770c,2,0,PCOS/noninfected/Image_resize_721.jpg;PCOS/noninfected/Image_resize_725.jpg
Figshare,3fb9597817323b7a57920bd38e3c662a,8,0,PCOS/noninfected/Image_resize_098.jpg;PCOS/noninfected/Image_resize_099.jpg;PCOS/noninfected/Image_resize_102.jpg;PCOS/noninfected/Image_resize_103.jpg;PCOS/noninfected/Image_resize_671  (463).jpg;PCOS/noninfected/Image_resize_671  (464).jpg;PCOS/noninfected/Image_resize_671  (467).jpg;PCOS/noninfected/Image_resize_671  (468).jpg
Figshare,3fc2a15ac3f08c48261f54815a4db407,2,1,PCOS/infected/image10846.jpg;PCOS/infected/image11043.jpg
Figshare,3fcf8c25a65acd6edfe7a9b0be7ca91a,3,1,PCOS/infected/image10917.jpg;PCOS/infected/image11118.jpg;PCOS/infected/image12755.jpg
Figshare,3fd3bee7a227327d76bece94071516f6,6,1,PCOS/infected/Image_121.jpg;PCOS/infected/Image_122.jpg;PCOS/infected/Image_SETA_121.jpg;PCOS/infected/Image_SETA_122.jpg;PCOS/infected/Image_SETB_121.jpg;PCOS/infected/Image_SETB_122.jpg
Figshare,3ff204948db4ef53d38ca6c6e20ea2d8,2,1,PCOS/infected/image10811.jpg;PCOS/infected/image11008.jpg
Figshare,3fffdbd049dffd39b420af6d95de41d4,4,1,PCOS/infected/Image_Rotate_175.jpg;PCOS/infected/Image_Rotate_176.jpg;PCOS/infected/Image_Rotate_375.jpg;PCOS/infected/Image_Rotate_376.jpg
Figshare,40188855efba9ba93f2ed5a963be4e1e,6,0,PCOS/noninfected/Image_343.jpg;PCOS/noninfected/Image_344.jpg;PCOS/noninfected/Image_SetA343.jpg;PCOS/noninfected/Image_SetA344.jpg;PCOS/noninfected/Image_SetB343.jpg;PCOS/noninfected/Image_SetB344.jpg
Figshare,403d45143e33e8ddb966e2c6b05f990c,6,1,PCOS/infected/Image_297.jpg;PCOS/infected/Image_298.jpg;PCOS/infected/Image_SETA_297.jpg;PCOS/infected/Image_SETA_298.jpg;PCOS/infected/Image_SETB_297.jpg;PCOS/infected/Image_SETB_298.jpg
Figshare,4057c45f0d9218ec89fff12e873b9624,6,1,PCOS/infected/Image_851.jpg;PCOS/infected/Image_852.jpg;PCOS/infected/Image_SETA_851.jpg;PCOS/infected/Image_SETA_852.jpg;PCOS/infected/Image_SETB_851.jpg;PCOS/infected/Image_SETB_852.jpg
Figshare,4096ec162e276fd731c4a46d0ea019f8,8,0,PCOS/noninfected/Image_775.jpg;PCOS/noninfected/Image_776.jpg;PCOS/noninfected/Image_SetA775.jpg;PCOS/noninfected/Image_SetA776.jpg;PCOS/noninfected/Image_SetB775.jpg;PCOS/noninfected/Image_SetB776.jpg;PCOS/noninfected/Image_resize_671  (777).jpg;PCOS/noninfected/Image_resize_671  (778).jpg
Figshare,409907ab11dd050fb192178b16375eaa,4,0,PCOS/noninfected/Image_resize_193.jpg;PCOS/noninfected/Image_resize_197.jpg;PCOS/noninfected/Image_resize_671  (372).jpg;PCOS/noninfected/Image_resize_671  (376).jpg
Figshare,40a50b64bb74bfc4e8f7a10bf6280a22,8,0,PCOS/noninfected/Image_967.jpg;PCOS/noninfected/Image_968.jpg;PCOS/noninfected/Image_SetA967.jpg;PCOS/noninfected/Image_SetA968.jpg;PCOS/noninfected/Image_SetB967.jpg;PCOS/noninfected/Image_SetB968.jpg;PCOS/noninfected/Image_resize_671  (591).jpg;PCOS/noninfected/Image_resize_671  (592).jpg
Figshare,411a4850d19fa9dac7f5ff706322d5c5,8,0,PCOS/noninfected/Image_519.jpg;PCOS/noninfected/Image_520.jpg;PCOS/noninfected/Image_SetA519.jpg;PCOS/noninfected/Image_SetA520.jpg;PCOS/noninfected/Image_SetB519.jpg;PCOS/noninfected/Image_SetB520.jpg;PCOS/noninfected/Image_resize_671  (1044).jpg;PCOS/noninfected/Image_resize_671  (1045).jpg
Figshare,4121d533a3d01e663d62533d937e0cf5,6,0,PCOS/noninfected/Image_235.jpg;PCOS/noninfected/Image_236.jpg;PCOS/noninfected/Image_SetA235.jpg;PCOS/noninfected/Image_SetA236.jpg;PCOS/noninfected/Image_SetB235.jpg;PCOS/noninfected/Image_SetB236.jpg
Figshare,41356d892665c3efc836262a05682da9,4,1,PCOS/infected/Image_resize_045.jpg;PCOS/infected/Image_resize_046.jpg;PCOS/infected/Image_resize_245.jpg;PCOS/infected/Image_resize_246.jpg
Figshare,413ad937320286ac6a9d880b79d1dfec,6,0,PCOS/noninfected/Image_107.jpg;PCOS/noninfected/Image_108.jpg;PCOS/noninfected/Image_SetA107.jpg;PCOS/noninfected/Image_SetA108.jpg;PCOS/noninfected/Image_SetB107.jpg;PCOS/noninfected/Image_SetB108.jpg
Figshare,414eebe2a14facee850d4d11b7a8b75c,2,1,PCOS/infected/image11799.jpg;PCOS/infected/image12133.jpg
Figshare,4184ece593137a7f4711a9e2c7c72ffe,8,0,PCOS/noninfected/Image_resize_146.jpg;PCOS/noninfected/Image_resize_147.jpg;PCOS/noninfected/Image_resize_150.jpg;PCOS/noninfected/Image_resize_151.jpg;PCOS/noninfected/Image_resize_671  (400).jpg;PCOS/noninfected/Image_resize_671  (419).jpg;PCOS/noninfected/Image_resize_671  (420).jpg;PCOS/noninfected/Image_resize_671  (423).jpg
Figshare,4191418ccf930e0b700a9e1df0553f49,6,0,PCOS/noninfected/Image_293.jpg;PCOS/noninfected/Image_294.jpg;PCOS/noninfected/Image_SetA293.jpg;PCOS/noninfected/Image_SetA294.jpg;PCOS/noninfected/Image_SetB293.jpg;PCOS/noninfected/Image_SetB294.jpg
Figshare,419c9e75ba32eaf6d3a505ed32134348,4,1,PCOS/infected/Image_Rotate_041.jpg;PCOS/infected/Image_Rotate_042.jpg;PCOS/infected/Image_Rotate_241.jpg;PCOS/infected/Image_Rotate_242.jpg
Figshare,41c677d0ef019cb3d60d219b8044bb47,8,0,PCOS/noninfected/Image_481.jpg;PCOS/noninfected/Image_482.jpg;PCOS/noninfected/Image_SetA481.jpg;PCOS/noninfected/Image_SetA482.jpg;PCOS/noninfected/Image_SetB481.jpg;PCOS/noninfected/Image_SetB482.jpg;PCOS/noninfected/Image_resize_671  (1065).jpg;PCOS/noninfected/Image_resize_671  (1066).jpg
Figshare,41c9f3bbab2db61f83a55ec3a3bccc85,6,0,PCOS/noninfected/Image_347.jpg;PCOS/noninfected/Image_348.jpg;PCOS/noninfected/Image_SetA347.jpg;PCOS/noninfected/Image_SetA348.jpg;PCOS/noninfected/Image_SetB347.jpg;PCOS/noninfected/Image_SetB348.jpg
Figshare,420f7cdd44cadf86629fa5f4b5751f94,8,0,PCOS/noninfected/Image_685.jpg;PCOS/noninfected/Image_686.jpg;PCOS/noninfected/Image_SetA685.jpg;PCOS/noninfected/Image_SetA686.jpg;PCOS/noninfected/Image_SetB685.jpg;PCOS/noninfected/Image_SetB686.jpg;PCOS/noninfected/Image_resize_671  (875).jpg;PCOS/noninfected/Image_resize_671  (876).jpg
Figshare,42165a7ad8bf6d62926d0ca937cea153,4,0,PCOS/noninfected/Image_resize_084.jpg;PCOS/noninfected/Image_resize_088.jpg;PCOS/noninfected/Image_resize_671  (473).jpg;PCOS/noninfected/Image_resize_671  (477).jpg
Figshare,424af8f23bfa5bc751907da6646ddba9,4,0,PCOS/noninfected/Image_resize_049.jpg;PCOS/noninfected/Image_resize_053.jpg;PCOS/noninfected/Image_resize_671  (509).jpg;PCOS/noninfected/Image_resize_671  (513).jpg
Figshare,4275635b3bb1563d99a73baed6c66ff1,4,1,PCOS/infected/Image_Rotate_189.jpg;PCOS/infected/Image_Rotate_190.jpg;PCOS/infected/Image_Rotate_389.jpg;PCOS/infected/Image_Rotate_390.jpg
Figshare,4284cb08778e1adb5b50eb8f588f5ec7,2,1,PCOS/infected/Image_Rotate_Rotate_Right_123.jpg;PCOS/infected/Image_Rotate_Rotate_Right_124.jpg
Figshare,42de462df0df40053e4f4065d4896285,6,1,PCOS/infected/Image_565.jpg;PCOS/infected/Image_566.jpg;PCOS/infected/Image_SETA_565.jpg;PCOS/infected/Image_SETA_566.jpg;PCOS/infected/Image_SETB_565.jpg;PCOS/infected/Image_SETB_566.jpg
Figshare,43022d825925aba3a76949f38bb84cda,6,0,PCOS/noninfected/Image_371.jpg;PCOS/noninfected/Image_372.jpg;PCOS/noninfected/Image_SetA371.jpg;PCOS/noninfected/Image_SetA372.jpg;PCOS/noninfected/Image_SetB371.jpg;PCOS/noninfected/Image_SetB372.jpg
Figshare,4314128568e7222bac71594be34ab09f,8,0,PCOS/noninfected/Image_555.jpg;PCOS/noninfected/Image_556.jpg;PCOS/noninfected/Image_SetA555.jpg;PCOS/noninfected/Image_SetA556.jpg;PCOS/noninfected/Image_SetB555.jpg;PCOS/noninfected/Image_SetB556.jpg;PCOS/noninfected/Image_resize_671  (1009).jpg;PCOS/noninfected/Image_resize_671  (1010).jpg
Figshare,434752cee7bc24ffa636dfe28dedf113,2,1,PCOS/infected/Image_Rotate_Rotate_Right_299.jpg;PCOS/infected/Image_Rotate_Rotate_Right_300.jpg
Figshare,434c433536034b9a99345d03cfcc268e,2,1,PCOS/infected/Image_Rotate_Rotate_Right_061.jpg;PCOS/infected/Image_Rotate_Rotate_Right_062.jpg
Figshare,43599d0ff624d346ade5d27f9ccca4b5,6,1,PCOS/infected/Image_657.jpg;PCOS/infected/Image_658.jpg;PCOS/infected/Image_SETA_657.jpg;PCOS/infected/Image_SETA_658.jpg;PCOS/infected/Image_SETB_657.jpg;PCOS/infected/Image_SETB_658.jpg
Figshare,436131b0ca501e9276f4aa97e4a0ff84,8,0,PCOS/noninfected/Image_507.jpg;PCOS/noninfected/Image_508.jpg;PCOS/noninfected/Image_SetA507.jpg;PCOS/noninfected/Image_SetA508.jpg;PCOS/noninfected/Image_SetB507.jpg;PCOS/noninfected/Image_SetB508.jpg;PCOS/noninfected/Image_resize_671  (1055).jpg;PCOS/noninfected/Image_resize_671  (1056).jpg
Figshare,43927a4db7827220668e8f5b028a4e70,2,1,PCOS/infected/Image_Rotate_Rotate_Right_341.jpg;PCOS/infected/Image_Rotate_Rotate_Right_342.jpg
Figshare,43dca1edcc2ba29b57db230aadfbde6e,4,0,PCOS/noninfected/Image_resize_644.jpg;PCOS/noninfected/Image_resize_648.jpg;PCOS/noninfected/Image_resize_671  (25).jpg;PCOS/noninfected/Image_resize_671  (4).jpg
Figshare,43dd5b358dc27368d3977da01a607547,8,0,PCOS/noninfected/Image_resize_586.jpg;PCOS/noninfected/Image_resize_587.jpg;PCOS/noninfected/Image_resize_590.jpg;PCOS/noninfected/Image_resize_591.jpg;PCOS/noninfected/Image_resize_671  (65).jpg;PCOS/noninfected/Image_resize_671  (66).jpg;PCOS/noninfected/Image_resize_671  (69).jpg;PCOS/noninfected/Image_resize_671  (70).jpg
Figshare,442f78efc7f16b93e5c31f888d7bb903,2,1,PCOS/infected/image10834.jpg;PCOS/infected/image11031.jpg
Figshare,445838bcc06dbbcb9a03e239b40021ee,8,0,PCOS/noninfected/Image_resize_650.jpg;PCOS/noninfected/Image_resize_651.jpg;PCOS/noninfected/Image_resize_654.jpg;PCOS/noninfected/Image_resize_655.jpg;PCOS/noninfected/Image_resize_671  (10).jpg;PCOS/noninfected/Image_resize_671  (11).jpg;PCOS/noninfected/Image_resize_671  (6).jpg;PCOS/noninfected/Image_resize_671  (7).jpg
Figshare,44589a807a75aa20b2331f0054a44b2e,4,1,PCOS/infected/Image_Rotate_167.jpg;PCOS/infected/Image_Rotate_168.jpg;PCOS/infected/Image_Rotate_367.jpg;PCOS/infected/Image_Rotate_368.jpg
Figshare,4483863a0a5eb2c8d72a51a2df2abf74,6,1,PCOS/infected/Image_697.jpg;PCOS/infected/Image_698.jpg;PCOS/infected/Image_SETA_697.jpg;PCOS/infected/Image_SETA_698.jpg;PCOS/infected/Image_SETB_697.jpg;PCOS/infected/Image_SETB_698.jpg
Figshare,448507b2ef803a3eef3de2d332331f0a,8,0,PCOS/noninfected/Image_resize_330.jpg;PCOS/noninfected/Image_resize_331.jpg;PCOS/noninfected/Image_resize_334.jpg;PCOS/noninfected/Image_resize_335.jpg;PCOS/noninfected/Image_resize_671  (330).jpg;PCOS/noninfected/Image_resize_671  (331).jpg;PCOS/noninfected/Image_resize_671  (334).jpg;PCOS/noninfected/Image_resize_671  (335).jpg
Figshare,44a6f04dfa538e39b6be6a24ecb7b184,2,1,PCOS/infected/image10782.jpg;PCOS/infected/image10979.jpg
Figshare,44acd47279d9fd8715b8d5e5f8d9a4e7,7,0,PCOS/noninfected/Image_1009.jpg;PCOS/noninfected/Image_1010.jpg;PCOS/noninfected/Image_SetA1009.jpg;PCOS/noninfected/Image_SetA1010.jpg;PCOS/noninfected/Image_SetB1009.jpg;PCOS/noninfected/Image_SetB1010.jpg;PCOS/noninfected/Image_resize_671  (1128).jpg
Figshare,44c68b46f027336c59eb0928ded27da9,6,1,PCOS/infected/Image_523.jpg;PCOS/infected/Image_524.jpg;PCOS/infected/Image_SETA_523.jpg;PCOS/infected/Image_SETA_524.jpg;PCOS/infected/Image_SETB_523.jpg;PCOS/infected/Image_SETB_524.jpg
Figshare,4556f3dd7e10834a79e037da6c0fc7b8,8,0,PCOS/noninfected/Image_621.jpg;PCOS/noninfected/Image_622.jpg;PCOS/noninfected/Image_SetA621.jpg;PCOS/noninfected/Image_SetA622.jpg;PCOS/noninfected/Image_SetB621.jpg;PCOS/noninfected/Image_SetB622.jpg;PCOS/noninfected/Image_resize_671  (929).jpg;PCOS/noninfected/Image_resize_671  (930).jpg
Figshare,45739262438df187379977aaa98f3bb7,2,1,PCOS/infected/image10746.jpg;PCOS/infected/image10943.jpg
Figshare,45ab544dd207cdd64a7d7c95b9f7f659,4,1,PCOS/infected/Image_Rotate_013.jpg;PCOS/infected/Image_Rotate_014.jpg;PCOS/infected/Image_Rotate_213.jpg;PCOS/infected/Image_Rotate_214.jpg
Figshare,45cee77b493a4fa1425ddff452f43753,6,1,PCOS/infected/Image_705.jpg;PCOS/infected/Image_706.jpg;PCOS/infected/Image_SETA_705.jpg;PCOS/infected/Image_SETA_706.jpg;PCOS/infected/Image_SETB_705.jpg;PCOS/infected/Image_SETB_706.jpg
Figshare,460f8204cc5446704b28664b1423af2a,6,1,PCOS/infected/Image_197.jpg;PCOS/infected/Image_198.jpg;PCOS/infected/Image_SETA_197.jpg;PCOS/infected/Image_SETA_198.jpg;PCOS/infected/Image_SETB_197.jpg;PCOS/infected/Image_SETB_198.jpg
Figshare,461a0b3f7c3334b22d62846619cad25f,4,1,PCOS/infected/Image_Rotate_097.jpg;PCOS/infected/Image_Rotate_098.jpg;PCOS/infected/Image_Rotate_297.jpg;PCOS/infected/Image_Rotate_298.jpg
Figshare,4636f65ea709ca157d8a1aee69900f23,2,1,PCOS/infected/Image_Rotate_Rotate_Right_325.jpg;PCOS/infected/Image_Rotate_Rotate_Right_326.jpg
Figshare,4641f09fab0eca54c02f37e7f4b41777,6,1,PCOS/infected/Image_763.jpg;PCOS/infected/Image_764.jpg;PCOS/infected/Image_SETA_763.jpg;PCOS/infected/Image_SETA_764.jpg;PCOS/infected/Image_SETB_763.jpg;PCOS/infected/Image_SETB_764.jpg
Figshare,4691582fdd848262d528b49444797fdb,8,0,PCOS/noninfected/Image_resize_618.jpg;PCOS/noninfected/Image_resize_619.jpg;PCOS/noninfected/Image_resize_622.jpg;PCOS/noninfected/Image_resize_623.jpg;PCOS/noninfected/Image_resize_671  (28).jpg;PCOS/noninfected/Image_resize_671  (47).jpg;PCOS/noninfected/Image_resize_671  (48).jpg;PCOS/noninfected/Image_resize_671  (51).jpg
Figshare,46a6657ca60cbffd17ced9835b879dfd,8,0,PCOS/noninfected/Image_527.jpg;PCOS/noninfected/Image_528.jpg;PCOS/noninfected/Image_SetA527.jpg;PCOS/noninfected/Image_SetA528.jpg;PCOS/noninfected/Image_SetB527.jpg;PCOS/noninfected/Image_SetB528.jpg;PCOS/noninfected/Image_resize_671  (1029).jpg;PCOS/noninfected/Image_resize_671  (1030).jpg
Figshare,46c90757efa13f9455a1881fcc093df1,6,1,PCOS/infected/Image_957.jpg;PCOS/infected/Image_958.jpg;PCOS/infected/Image_SETA_957.jpg;PCOS/infected/Image_SETA_958.jpg;PCOS/infected/Image_SETB_957.jpg;PCOS/infected/Image_SETB_958.jpg
Figshare,46d8afbabfba2c16c900a49ddfdc8121,2,1,PCOS/infected/image11743.jpg;PCOS/infected/image12073.jpg
Figshare,46dc83887273866c17893545ee698479,6,0,PCOS/noninfected/Image_393.jpg;PCOS/noninfected/Image_394.jpg;PCOS/noninfected/Image_SetA393.jpg;PCOS/noninfected/Image_SetA394.jpg;PCOS/noninfected/Image_SetB393.jpg;PCOS/noninfected/Image_SetB394.jpg
Figshare,46dd4e4b9e75d7a61e68e69e176431d2,8,0,PCOS/noninfected/Image_719.jpg;PCOS/noninfected/Image_720.jpg;PCOS/noninfected/Image_SetA719.jpg;PCOS/noninfected/Image_SetA720.jpg;PCOS/noninfected/Image_SetB719.jpg;PCOS/noninfected/Image_SetB720.jpg;PCOS/noninfected/Image_resize_671  (840).jpg;PCOS/noninfected/Image_resize_671  (841).jpg
Figshare,46e61d501b575d40edeb00d5aa482583,8,0,PCOS/noninfected/Image_929.jpg;PCOS/noninfected/Image_930.jpg;PCOS/noninfected/Image_SetA929.jpg;PCOS/noninfected/Image_SetA930.jpg;PCOS/noninfected/Image_SetB929.jpg;PCOS/noninfected/Image_SetB930.jpg;PCOS/noninfected/Image_resize_671  (623).jpg;PCOS/noninfected/Image_resize_671  (624).jpg
Figshare,46ef62d4a0f32e176dbc0a4691e0630c,6,0,PCOS/noninfected/Image_1015.jpg;PCOS/noninfected/Image_1016.jpg;PCOS/noninfected/Image_SetA1015.jpg;PCOS/noninfected/Image_SetA1016.jpg;PCOS/noninfected/Image_SetB1015.jpg;PCOS/noninfected/Image_SetB1016.jpg
Figshare,47152588a05e49547a7c711b2956ded1,4,0,PCOS/noninfected/Image_resize_682.jpg;PCOS/noninfected/Image_resize_683.jpg;PCOS/noninfected/Image_resize_686.jpg;PCOS/noninfected/Image_resize_687.jpg
Figshare,4724de3b034e3eacbc5cfe65807e8b25,8,0,PCOS/noninfected/Image_959.jpg;PCOS/noninfected/Image_960.jpg;PCOS/noninfected/Image_SetA959.jpg;PCOS/noninfected/Image_SetA960.jpg;PCOS/noninfected/Image_SetB959.jpg;PCOS/noninfected/Image_SetB960.jpg;PCOS/noninfected/Image_resize_671  (607).jpg;PCOS/noninfected/Image_resize_671  (608).jpg
Figshare,47287ca4461ffa87de6dfe46146e389e,2,0,PCOS/noninfected/Image_resize_740.jpg;PCOS/noninfected/Image_resize_744.jpg
Figshare,4790b90756eb71469f83db807531ed0c,4,1,PCOS/infected/Image_Rotate_103.jpg;PCOS/infected/Image_Rotate_104.jpg;PCOS/infected/Image_Rotate_303.jpg;PCOS/infected/Image_Rotate_304.jpg
Figshare,47b1bbbf920c022394cf4f9a8a0e38d7,4,0,PCOS/noninfected/Image_resize_476.jpg;PCOS/noninfected/Image_resize_480.jpg;PCOS/noninfected/Image_resize_671  (175).jpg;PCOS/noninfected/Image_resize_671  (195).jpg
Figshare,47d30499cbc5054c478f39bdeae3ff4d,8,0,PCOS/noninfected/Image_877.jpg;PCOS/noninfected/Image_878.jpg;PCOS/noninfected/Image_SetA877.jpg;PCOS/noninfected/Image_SetA878.jpg;PCOS/noninfected/Image_SetB877.jpg;PCOS/noninfected/Image_SetB878.jpg;PCOS/noninfected/Image_resize_671  (689).jpg;PCOS/noninfected/Image_resize_671  (690).jpg
Figshare,47e9eaf895c3fb207882471516befd26,2,1,PCOS/infected/image10876.jpg;PCOS/infected/image11073.jpg
Figshare,47fa3ed668c0f48344e2f57d67588e18,2,1,PCOS/infected/Image_Rotate_Rotate_Right_239.jpg;PCOS/infected/Image_Rotate_Rotate_Right_240.jpg
Figshare,4860c867472023ec2120e6b536834d2e,2,1,PCOS/infected/image11812.jpg;PCOS/infected/image12147.jpg
Figshare,48641e5604caadeb858172f20a3effe3,8,0,PCOS/noninfected/Image_695.jpg;PCOS/noninfected/Image_696.jpg;PCOS/noninfected/Image_SetA695.jpg;PCOS/noninfected/Image_SetA696.jpg;PCOS/noninfected/Image_SetB695.jpg;PCOS/noninfected/Image_SetB696.jpg;PCOS/noninfected/Image_resize_671  (862).jpg;PCOS/noninfected/Image_resize_671  (863).jpg
Figshare,4895041f58f93fdbdef7c04ae7031f33,6,1,PCOS/infected/Image_075.jpg;PCOS/infected/Image_076.jpg;PCOS/infected/Image_SETA_075.jpg;PCOS/infected/Image_SETA_076.jpg;PCOS/infected/Image_SETB_075.jpg;PCOS/infected/Image_SETB_076.jpg
Figshare,4897c49592988281c101e933c414381a,8,0,PCOS/noninfected/Image_593.jpg;PCOS/noninfected/Image_594.jpg;PCOS/noninfected/Image_SetA593.jpg;PCOS/noninfected/Image_SetA594.jpg;PCOS/noninfected/Image_SetB593.jpg;PCOS/noninfected/Image_SetB594.jpg;PCOS/noninfected/Image_resize_671  (973).jpg;PCOS/noninfected/Image_resize_671  (974).jpg
Figshare,48bc0fe89b6ab4981bec20073cb355f2,2,1,PCOS/infected/image10788.jpg;PCOS/infected/image10985.jpg
Figshare,490f336b709553bd34088f38a57679b7,6,0,PCOS/noninfected/Image_145.jpg;PCOS/noninfected/Image_146.jpg;PCOS/noninfected/Image_SetA145.jpg;PCOS/noninfected/Image_SetA146.jpg;PCOS/noninfected/Image_SetB145.jpg;PCOS/noninfected/Image_SetB146.jpg
Figshare,4929396197f3dfb631422eeaf2b68aed,6,1,PCOS/infected/Image_229.jpg;PCOS/infected/Image_230.jpg;PCOS/infected/Image_SETA_229.jpg;PCOS/infected/Image_SETA_230.jpg;PCOS/infected/Image_SETB_229.jpg;PCOS/infected/Image_SETB_230.jpg
Figshare,49367bbd1b578274a0ac2fa4bfc4b39e,2,0,PCOS/noninfected/Image_resize_281.jpg;PCOS/noninfected/Image_resize_285.jpg
Figshare,49f91f34cac9ee8914c80bff4582a662,6,0,PCOS/noninfected/Image_389.jpg;PCOS/noninfected/Image_390.jpg;PCOS/noninfected/Image_SetA389.jpg;PCOS/noninfected/Image_SetA390.jpg;PCOS/noninfected/Image_SetB389.jpg;PCOS/noninfected/Image_SetB390.jpg
Figshare,4a14545fd0954598b0d66ac053564e44,4,0,PCOS/noninfected/Image_resize_202.jpg;PCOS/noninfected/Image_resize_203.jpg;PCOS/noninfected/Image_resize_206.jpg;PCOS/noninfected/Image_resize_207.jpg
Figshare,4a5d0b02fcb71de5fd52774a0297ef76,8,0,PCOS/noninfected/Image_529.jpg;PCOS/noninfected/Image_530.jpg;PCOS/noninfected/Image_SetA529.jpg;PCOS/noninfected/Image_SetA530.jpg;PCOS/noninfected/Image_SetB529.jpg;PCOS/noninfected/Image_SetB530.jpg;PCOS/noninfected/Image_resize_671  (1031).jpg;PCOS/noninfected/Image_resize_671  (1032).jpg
Figshare,4a777ef46c84792f0f8178dce2c40093,8,0,PCOS/noninfected/Image_831.jpg;PCOS/noninfected/Image_832.jpg;PCOS/noninfected/Image_SetA831.jpg;PCOS/noninfected/Image_SetA832.jpg;PCOS/noninfected/Image_SetB831.jpg;PCOS/noninfected/Image_SetB832.jpg;PCOS/noninfected/Image_resize_671  (737).jpg;PCOS/noninfected/Image_resize_671  (738).jpg
Figshare,4a782a8f0ca32de90fe06acf53852906,2,1,PCOS/infected/Image_Rotate_Rotate_Right_159.jpg;PCOS/infected/Image_Rotate_Rotate_Right_160.jpg
Figshare,4a78e7b98f0b61708a9d6c725ba37556,6,0,PCOS/noninfected/Image_341.jpg;PCOS/noninfected/Image_342.jpg;PCOS/noninfected/Image_SetA341.jpg;PCOS/noninfected/Image_SetA342.jpg;PCOS/noninfected/Image_SetB341.jpg;PCOS/noninfected/Image_SetB342.jpg
Figshare,4a9debf713a88d934477c39a19169a10,6,1,PCOS/infected/Image_577.jpg;PCOS/infected/Image_578.jpg;PCOS/infected/Image_SETA_577.jpg;PCOS/infected/Image_SETA_578.jpg;PCOS/infected/Image_SETB_577.jpg;PCOS/infected/Image_SETB_578.jpg
Figshare,4aeb176bc8bac8e9e39a078b6b0651d8,4,1,PCOS/infected/Image_resize_117.jpg;PCOS/infected/Image_resize_118.jpg;PCOS/infected/Image_resize_317.jpg;PCOS/infected/Image_resize_318.jpg
Figshare,4b0250902d1babcd8dbe8f684f954a7d,8,0,PCOS/noninfected/Image_587.jpg;PCOS/noninfected/Image_588.jpg;PCOS/noninfected/Image_SetA587.jpg;PCOS/noninfected/Image_SetA588.jpg;PCOS/noninfected/Image_SetB587.jpg;PCOS/noninfected/Image_SetB588.jpg;PCOS/noninfected/Image_resize_671  (967).jpg;PCOS/noninfected/Image_resize_671  (968).jpg
Figshare,4b301d90b48af1bdc39fa76d3b44e46e,6,1,PCOS/infected/Image_563.jpg;PCOS/infected/Image_564.jpg;PCOS/infected/Image_SETA_563.jpg;PCOS/infected/Image_SETA_564.jpg;PCOS/infected/Image_SETB_563.jpg;PCOS/infected/Image_SETB_564.jpg
Figshare,4b490d02df4bf524b8ad9a2beef37e5a,6,1,PCOS/infected/Image_541.jpg;PCOS/infected/Image_542.jpg;PCOS/infected/Image_SETA_541.jpg;PCOS/infected/Image_SETA_542.jpg;PCOS/infected/Image_SETB_541.jpg;PCOS/infected/Image_SETB_542.jpg
Figshare,4b7213de8a25b80d186f9874767ec259,4,1,PCOS/infected/Image_resize_135.jpg;PCOS/infected/Image_resize_136.jpg;PCOS/infected/Image_resize_335.jpg;PCOS/infected/Image_resize_336.jpg
Figshare,4bc640a3fbe1be1934bcaa6feec7e540,4,0,PCOS/noninfected/Image_resize_185.jpg;PCOS/noninfected/Image_resize_189.jpg;PCOS/noninfected/Image_resize_671  (368).jpg;PCOS/noninfected/Image_resize_671  (387).jpg
Figshare,4c0569fedc74e463c03f36161f0d5415,2,1,PCOS/infected/Image_Rotate_Rotate_Right_363.jpg;PCOS/infected/Image_Rotate_Rotate_Right_364.jpg
Figshare,4c29b287a00232c3e772c805770afe10,6,1,PCOS/infected/Image_531.jpg;PCOS/infected/Image_532.jpg;PCOS/infected/Image_SETA_531.jpg;PCOS/infected/Image_SETA_532.jpg;PCOS/infected/Image_SETB_531.jpg;PCOS/infected/Image_SETB_532.jpg
Figshare,4c54ea8c6ff4b0cce3244f6defdae265,2,0,PCOS/noninfected/Image_resize_785.jpg;PCOS/noninfected/Image_resize_789.jpg
Figshare,4c940e5d980ec9ab269dc99e0b4e79ae,6,1,PCOS/infected/Image_235.jpg;PCOS/infected/Image_236.jpg;PCOS/infected/Image_SETA_235.jpg;PCOS/infected/Image_SETA_236.jpg;PCOS/infected/Image_SETB_235.jpg;PCOS/infected/Image_SETB_236.jpg
Figshare,4cb44cf7a530424c89b8c5b8f005a72c,8,0,PCOS/noninfected/Image_545.jpg;PCOS/noninfected/Image_546.jpg;PCOS/noninfected/Image_SetA545.jpg;PCOS/noninfected/Image_SetA546.jpg;PCOS/noninfected/Image_SetB545.jpg;PCOS/noninfected/Image_SetB546.jpg;PCOS/noninfected/Image_resize_671  (1023).jpg;PCOS/noninfected/Image_resize_671  (1024).jpg
Figshare,4ce2e0abeb40e172ef989a6fa89c3f2b,6,1,PCOS/infected/Image_737.jpg;PCOS/infected/Image_738.jpg;PCOS/infected/Image_SETA_737.jpg;PCOS/infected/Image_SETA_738.jpg;PCOS/infected/Image_SETB_737.jpg;PCOS/infected/Image_SETB_738.jpg
Figshare,4ce54b1ed5eee9ac13e769e7a23a5597,4,1,PCOS/infected/Image_Rotate_143.jpg;PCOS/infected/Image_Rotate_144.jpg;PCOS/infected/Image_Rotate_343.jpg;PCOS/infected/Image_Rotate_344.jpg
Figshare,4ce55c37ea0da0489ffddba486f98922,8,0,PCOS/noninfected/Image_725.jpg;PCOS/noninfected/Image_726.jpg;PCOS/noninfected/Image_SetA725.jpg;PCOS/noninfected/Image_SetA726.jpg;PCOS/noninfected/Image_SetB725.jpg;PCOS/noninfected/Image_SetB726.jpg;PCOS/noninfected/Image_resize_671  (823).jpg;PCOS/noninfected/Image_resize_671  (846).jpg
Figshare,4d08a28e8db8bec18d2ab73d5669fd74,4,1,PCOS/infected/Image_resize_011.jpg;PCOS/infected/Image_resize_012.jpg;PCOS/infected/Image_resize_211.jpg;PCOS/infected/Image_resize_212.jpg
Figshare,4d2b5dd0b76c1494827fda43c212e9ce,2,1,PCOS/infected/Image_Rotate_Rotate_Right_315.jpg;PCOS/infected/Image_Rotate_Rotate_Right_316.jpg
Figshare,4d730460fe28cf9ee2d73ad1693793a1,2,1,PCOS/infected/image10881.jpg;PCOS/infected/image11078.jpg
Figshare,4d74b0318d36094d4f756516d4e32fd0,6,1,PCOS/infected/Image_327.jpg;PCOS/infected/Image_328.jpg;PCOS/infected/Image_SETA_327.jpg;PCOS/infected/Image_SETA_328.jpg;PCOS/infected/Image_SETB_327.jpg;PCOS/infected/Image_SETB_328.jpg
Figshare,4d836dc0305f5c50b8103b55a74354dc,2,0,PCOS/noninfected/Image_resize_292.jpg;PCOS/noninfected/Image_resize_296.jpg
Figshare,4d89a7c48fd2addc77c1c81908746899,6,1,PCOS/infected/Image_959.jpg;PCOS/infected/Image_960.jpg;PCOS/infected/Image_SETA_959.jpg;PCOS/infected/Image_SETA_960.jpg;PCOS/infected/Image_SETB_959.jpg;PCOS/infected/Image_SETB_960.jpg
Figshare,4dadc487fa02e059076dac8848f884b2,4,0,PCOS/noninfected/Image_resize_145.jpg;PCOS/noninfected/Image_resize_149.jpg;PCOS/noninfected/Image_resize_671  (418).jpg;PCOS/noninfected/Image_resize_671  (422).jpg
Figshare,4db0d2081587bb629eebff41c59a390c,4,1,PCOS/infected/Image_Rotate_025.jpg;PCOS/infected/Image_Rotate_026.jpg;PCOS/infected/Image_Rotate_225.jpg;PCOS/infected/Image_Rotate_226.jpg
Figshare,4dd3a0accf259d1f010e4e13c9895df8,8,0,PCOS/noninfected/Image_969.jpg;PCOS/noninfected/Image_970.jpg;PCOS/noninfected/Image_SetA969.jpg;PCOS/noninfected/Image_SetA970.jpg;PCOS/noninfected/Image_SetB969.jpg;PCOS/noninfected/Image_SetB970.jpg;PCOS/noninfected/Image_resize_671  (593).jpg;PCOS/noninfected/Image_resize_671  (594).jpg
Figshare,4dd5bbe19290697e20189fd6837f1533,8,0,PCOS/noninfected/Image_583.jpg;PCOS/noninfected/Image_584.jpg;PCOS/noninfected/Image_SetA583.jpg;PCOS/noninfected/Image_SetA584.jpg;PCOS/noninfected/Image_SetB583.jpg;PCOS/noninfected/Image_SetB584.jpg;PCOS/noninfected/Image_resize_671  (988).jpg;PCOS/noninfected/Image_resize_671  (989).jpg
Figshare,4e1cb0e68effc779acc2f370f975a70c,8,0,PCOS/noninfected/Image_675.jpg;PCOS/noninfected/Image_676.jpg;PCOS/noninfected/Image_SetA675.jpg;PCOS/noninfected/Image_SetA676.jpg;PCOS/noninfected/Image_SetB675.jpg;PCOS/noninfected/Image_SetB676.jpg;PCOS/noninfected/Image_resize_671  (888).jpg;PCOS/noninfected/Image_resize_671  (889).jpg
Figshare,4e1fa38366772350da2bf8c19f7a582c,8,0,PCOS/noninfected/Image_resize_402.jpg;PCOS/noninfected/Image_resize_403.jpg;PCOS/noninfected/Image_resize_406.jpg;PCOS/noninfected/Image_resize_407.jpg;PCOS/noninfected/Image_resize_671  (256).jpg;PCOS/noninfected/Image_resize_671  (257).jpg;PCOS/noninfected/Image_resize_671  (260).jpg;PCOS/noninfected/Image_resize_671  (261).jpg
Figshare,4e451001481cbd13a592702b6a9d8d02,6,0,PCOS/noninfected/Image_353.jpg;PCOS/noninfected/Image_354.jpg;PCOS/noninfected/Image_SetA353.jpg;PCOS/noninfected/Image_SetA354.jpg;PCOS/noninfected/Image_SetB353.jpg;PCOS/noninfected/Image_SetB354.jpg
Figshare,4e4fe22b5d39fbe204353ab607c67484,6,0,PCOS/noninfected/Image_429.jpg;PCOS/noninfected/Image_430.jpg;PCOS/noninfected/Image_SetA429.jpg;PCOS/noninfected/Image_SetA430.jpg;PCOS/noninfected/Image_SetB429.jpg;PCOS/noninfected/Image_SetB430.jpg
Figshare,4e60f9bf6b3dd2b13e125afea55bd503,8,0,PCOS/noninfected/Image_833.jpg;PCOS/noninfected/Image_834.jpg;PCOS/noninfected/Image_SetA833.jpg;PCOS/noninfected/Image_SetA834.jpg;PCOS/noninfected/Image_SetB833.jpg;PCOS/noninfected/Image_SetB834.jpg;PCOS/noninfected/Image_resize_671  (716).jpg;PCOS/noninfected/Image_resize_671  (739).jpg
Figshare,4e6fd846ba283c27135334402e80ff06,4,1,PCOS/infected/Image_Rotate_005.jpg;PCOS/infected/Image_Rotate_006.jpg;PCOS/infected/Image_Rotate_205.jpg;PCOS/infected/Image_Rotate_206.jpg
Figshare,4e7b99bdc0c227a52b01c0ce7f6e1332,6,1,PCOS/infected/Image_119.jpg;PCOS/infected/Image_120.jpg;PCOS/infected/Image_SETA_119.jpg;PCOS/infected/Image_SETA_120.jpg;PCOS/infected/Image_SETB_119.jpg;PCOS/infected/Image_SETB_120.jpg
Figshare,4ea93d4fb8455487b52c0854abb694fd,6,1,PCOS/infected/Image_667.jpg;PCOS/infected/Image_668.jpg;PCOS/infected/Image_SETA_667.jpg;PCOS/infected/Image_SETA_668.jpg;PCOS/infected/Image_SETB_667.jpg;PCOS/infected/Image_SETB_668.jpg
Figshare,4ec911707d826cddc6f174908c92dfa2,8,0,PCOS/noninfected/Image_609.jpg;PCOS/noninfected/Image_610.jpg;PCOS/noninfected/Image_SetA609.jpg;PCOS/noninfected/Image_SetA610.jpg;PCOS/noninfected/Image_SetB609.jpg;PCOS/noninfected/Image_SetB610.jpg;PCOS/noninfected/Image_resize_671  (941).jpg;PCOS/noninfected/Image_resize_671  (942).jpg
Figshare,4eea7f1e4eb3cd6a291f83c4da63e443,6,1,PCOS/infected/Image_653.jpg;PCOS/infected/Image_654.jpg;PCOS/infected/Image_SETA_653.jpg;PCOS/infected/Image_SETA_654.jpg;PCOS/infected/Image_SETB_653.jpg;PCOS/infected/Image_SETB_654.jpg
Figshare,4eed60342113ea9b3fb3b7a54a9ac13c,2,1,PCOS/infected/Image_Rotate_Rotate_Right_201.jpg;PCOS/infected/Image_Rotate_Rotate_Right_202.jpg
Figshare,4f054bcc9fd3aed829541729135e2dfe,4,0,PCOS/noninfected/Image_resize_762.jpg;PCOS/noninfected/Image_resize_763.jpg;PCOS/noninfected/Image_resize_766.jpg;PCOS/noninfected/Image_resize_767.jpg
Figshare,4f2d3804437114968675f2912373d4ed,8,0,PCOS/noninfected/Image_445.jpg;PCOS/noninfected/Image_446.jpg;PCOS/noninfected/Image_SetA445.jpg;PCOS/noninfected/Image_SetA446.jpg;PCOS/noninfected/Image_SetB445.jpg;PCOS/noninfected/Image_SetB446.jpg;PCOS/noninfected/Image_resize_671  (1119).jpg;PCOS/noninfected/Image_resize_671  (1120).jpg
Figshare,4f3200e039f21fecaa33c45b1d801671,6,0,PCOS/noninfected/Image_245.jpg;PCOS/noninfected/Image_246.jpg;PCOS/noninfected/Image_SetA245.jpg;PCOS/noninfected/Image_SetA246.jpg;PCOS/noninfected/Image_SetB245.jpg;PCOS/noninfected/Image_SetB246.jpg
Figshare,4f8125924860635ae49ed7020669669a,6,0,PCOS/noninfected/Image_339.jpg;PCOS/noninfected/Image_340.jpg;PCOS/noninfected/Image_SetA339.jpg;PCOS/noninfected/Image_SetA340.jpg;PCOS/noninfected/Image_SetB339.jpg;PCOS/noninfected/Image_SetB340.jpg
Figshare,4f866bbacd7071b0b66aac1faac3b8b3,2,1,PCOS/infected/image10807.jpg;PCOS/infected/image11004.jpg
Figshare,4f9d7518e422461c590fff6c1ba23ef0,6,0,PCOS/noninfected/Image_029.jpg;PCOS/noninfected/Image_030.jpg;PCOS/noninfected/Image_SetA029.jpg;PCOS/noninfected/Image_SetA030.jpg;PCOS/noninfected/Image_SetB029.jpg;PCOS/noninfected/Image_SetB030.jpg
Figshare,4fd947a81e75a7b93df668a8ad1ab9a2,6,1,PCOS/infected/Image_155.jpg;PCOS/infected/Image_156.jpg;PCOS/infected/Image_SETA_155.jpg;PCOS/infected/Image_SETA_156.jpg;PCOS/infected/Image_SETB_155.jpg;PCOS/infected/Image_SETB_156.jpg
Figshare,4ffe3c76c20a1628f809382a54a8578c,2,1,PCOS/infected/Image_Rotate_Rotate_Right_093.jpg;PCOS/infected/Image_Rotate_Rotate_Right_094.jpg
Figshare,506a44198d6952252718c1d9e9dc1f0c,6,1,PCOS/infected/Image_491.jpg;PCOS/infected/Image_492.jpg;PCOS/infected/Image_SETA_491.jpg;PCOS/infected/Image_SETA_492.jpg;PCOS/infected/Image_SETB_491.jpg;PCOS/infected/Image_SETB_492.jpg
Figshare,5074ce0a3f0daf56fa0be99b53bb701a,8,0,PCOS/noninfected/Image_947.jpg;PCOS/noninfected/Image_948.jpg;PCOS/noninfected/Image_SetA947.jpg;PCOS/noninfected/Image_SetA948.jpg;PCOS/noninfected/Image_SetB947.jpg;PCOS/noninfected/Image_SetB948.jpg;PCOS/noninfected/Image_resize_671  (618).jpg;PCOS/noninfected/Image_resize_671  (619).jpg
Figshare,50ac30b33d28dece4833f86fb1c68856,6,0,PCOS/noninfected/Image_139.jpg;PCOS/noninfected/Image_140.jpg;PCOS/noninfected/Image_SetA139.jpg;PCOS/noninfected/Image_SetA140.jpg;PCOS/noninfected/Image_SetB139.jpg;PCOS/noninfected/Image_SetB140.jpg
Figshare,50b52ebc0545915e422190806289af0d,6,1,PCOS/infected/Image_163.jpg;PCOS/infected/Image_164.jpg;PCOS/infected/Image_SETA_163.jpg;PCOS/infected/Image_SETA_164.jpg;PCOS/infected/Image_SETB_163.jpg;PCOS/infected/Image_SETB_164.jpg
Figshare,50cbf0ac07327e66e40c3812d8dda543,8,0,PCOS/noninfected/Image_779.jpg;PCOS/noninfected/Image_780.jpg;PCOS/noninfected/Image_SetA779.jpg;PCOS/noninfected/Image_SetA780.jpg;PCOS/noninfected/Image_SetB779.jpg;PCOS/noninfected/Image_SetB780.jpg;PCOS/noninfected/Image_resize_671  (781).jpg;PCOS/noninfected/Image_resize_671  (782).jpg
Figshare,50cdeaa78456f8bd0e68e2cdf703e6c3,6,1,PCOS/infected/Image_611.jpg;PCOS/infected/Image_612.jpg;PCOS/infected/Image_SETA_611.jpg;PCOS/infected/Image_SETA_612.jpg;PCOS/infected/Image_SETB_611.jpg;PCOS/infected/Image_SETB_612.jpg
Figshare,50d318edc02729c5967a725e53990b20,6,1,PCOS/infected/Image_045.jpg;PCOS/infected/Image_046.jpg;PCOS/infected/Image_SETA_045.jpg;PCOS/infected/Image_SETA_046.jpg;PCOS/infected/Image_SETB_045.jpg;PCOS/infected/Image_SETB_046.jpg
Figshare,50d9e02f5b8668847613cfdc2ba7d93b,2,1,PCOS/infected/image10856.jpg;PCOS/infected/image11053.jpg
Figshare,50f20fee6f563f0f155bd46bd3b3f8d6,6,1,PCOS/infected/Image_295.jpg;PCOS/infected/Image_296.jpg;PCOS/infected/Image_SETA_295.jpg;PCOS/infected/Image_SETA_296.jpg;PCOS/infected/Image_SETB_295.jpg;PCOS/infected/Image_SETB_296.jpg
Figshare,50f58e24733e4d21f32e42147a4cd16f,6,1,PCOS/infected/Image_939.jpg;PCOS/infected/Image_940.jpg;PCOS/infected/Image_SETA_939.jpg;PCOS/infected/Image_SETA_940.jpg;PCOS/infected/Image_SETB_939.jpg;PCOS/infected/Image_SETB_940.jpg
Figshare,511f92bdeaf6350cf7a47a24f551f461,6,0,PCOS/noninfected/Image_305.jpg;PCOS/noninfected/Image_306.jpg;PCOS/noninfected/Image_SetA305.jpg;PCOS/noninfected/Image_SetA306.jpg;PCOS/noninfected/Image_SetB305.jpg;PCOS/noninfected/Image_SetB306.jpg
Figshare,512c4b08e547ecd966da76b7281279a8,2,1,PCOS/infected/Image_Rotate_Rotate_Right_375.jpg;PCOS/infected/Image_Rotate_Rotate_Right_376.jpg
Figshare,5165dad8cb0591e1b5495f00b13b2df3,2,0,PCOS/noninfected/Image_resize_252.jpg;PCOS/noninfected/Image_resize_256.jpg
Figshare,517db4301ce54b6369180787ce4a1695,2,1,PCOS/infected/Image_Rotate_Rotate_Right_135.jpg;PCOS/infected/Image_Rotate_Rotate_Right_136.jpg
Figshare,51958d9f2ac70242757b66707926a9a6,4,1,PCOS/infected/Image_resize_181.jpg;PCOS/infected/Image_resize_182.jpg;PCOS/infected/Image_resize_381.jpg;PCOS/infected/Image_resize_382.jpg
Figshare,5213f775b02a07fa8d9ad7c8d20122fc,2,1,PCOS/infected/Image_Rotate_Rotate_Right_283.jpg;PCOS/infected/Image_Rotate_Rotate_Right_284.jpg
Figshare,52187d86f89ac068e70111f0e2fed46f,6,1,PCOS/infected/Image_371.jpg;PCOS/infected/Image_372.jpg;PCOS/infected/Image_SETA_371.jpg;PCOS/infected/Image_SETA_372.jpg;PCOS/infected/Image_SETB_371.jpg;PCOS/infected/Image_SETB_372.jpg
Figshare,522393818480d78f32a29aa45a3eb7c8,6,1,PCOS/infected/Image_361.jpg;PCOS/infected/Image_362.jpg;PCOS/infected/Image_SETA_361.jpg;PCOS/infected/Image_SETA_362.jpg;PCOS/infected/Image_SETB_361.jpg;PCOS/infected/Image_SETB_362.jpg
Figshare,5227024b38640b46366393f2f21cc102,6,0,PCOS/noninfected/Image_009.jpg;PCOS/noninfected/Image_010.jpg;PCOS/noninfected/Image_SetA009.jpg;PCOS/noninfected/Image_SetA010.jpg;PCOS/noninfected/Image_SetB009.jpg;PCOS/noninfected/Image_SetB010.jpg
Figshare,5281c29ebb92fb375fbc406f5b680eca,8,0,PCOS/noninfected/Image_539.jpg;PCOS/noninfected/Image_540.jpg;PCOS/noninfected/Image_SetA539.jpg;PCOS/noninfected/Image_SetA540.jpg;PCOS/noninfected/Image_SetB539.jpg;PCOS/noninfected/Image_SetB540.jpg;PCOS/noninfected/Image_resize_671  (1017).jpg;PCOS/noninfected/Image_resize_671  (1018).jpg
Figshare,52830a9d4a256ddab380c659176f81ef,6,0,PCOS/noninfected/Image_115.jpg;PCOS/noninfected/Image_116.jpg;PCOS/noninfected/Image_SetA115.jpg;PCOS/noninfected/Image_SetA116.jpg;PCOS/noninfected/Image_SetB115.jpg;PCOS/noninfected/Image_SetB116.jpg
Figshare,528c0e90585ed965d36070e44374028a,4,0,PCOS/noninfected/Image_resize_129.jpg;PCOS/noninfected/Image_resize_133.jpg;PCOS/noninfected/Image_resize_671  (425).jpg;PCOS/noninfected/Image_resize_671  (429).jpg
Figshare,528f8d4e97a71d3f498b5da120f68c1a,6,1,PCOS/infected/Image_009.jpg;PCOS/infected/Image_010.jpg;PCOS/infected/Image_SETA_009.jpg;PCOS/infected/Image_SETA_010.jpg;PCOS/infected/Image_SETB_009.jpg;PCOS/infected/Image_SETB_010.jpg
Figshare,52ab3449cd40bfcc7bfdbb6a511bbf37,2,1,PCOS/infected/image10863.jpg;PCOS/infected/image11060.jpg
Figshare,52bdc30d855de280fa2dd69e763df46d,4,0,PCOS/noninfected/Image_resize_722.jpg;PCOS/noninfected/Image_resize_723.jpg;PCOS/noninfected/Image_resize_726.jpg;PCOS/noninfected/Image_resize_727.jpg
Figshare,52cd72729064836e1197e5b80fccbeaf,2,1,PCOS/infected/image10752.jpg;PCOS/infected/image10949.jpg
Figshare,52d746c97abaa1e86549e6be7e7f7aa4,6,1,PCOS/infected/Image_221.jpg;PCOS/infected/Image_222.jpg;PCOS/infected/Image_SETA_221.jpg;PCOS/infected/Image_SETA_222.jpg;PCOS/infected/Image_SETB_221.jpg;PCOS/infected/Image_SETB_222.jpg
Figshare,52eb03ceb08c7291de1fa6e0039214c5,8,0,PCOS/noninfected/Image_resize_562.jpg;PCOS/noninfected/Image_resize_563.jpg;PCOS/noninfected/Image_resize_566.jpg;PCOS/noninfected/Image_resize_567.jpg;PCOS/noninfected/Image_resize_671  (111).jpg;PCOS/noninfected/Image_resize_671  (88).jpg;PCOS/noninfected/Image_resize_671  (91).jpg;PCOS/noninfected/Image_resize_671  (92).jpg
Figshare,52f79833e84cc48d45559c4d5a503c18,6,1,PCOS/infected/Image_511.jpg;PCOS/infected/Image_512.jpg;PCOS/infected/Image_SETA_511.jpg;PCOS/infected/Image_SETA_512.jpg;PCOS/infected/Image_SETB_511.jpg;PCOS/infected/Image_SETB_512.jpg
Figshare,531e096cd5a03e889b52b2a3ea6f9921,4,1,PCOS/infected/Image_Rotate_187.jpg;PCOS/infected/Image_Rotate_188.jpg;PCOS/infected/Image_Rotate_387.jpg;PCOS/infected/Image_Rotate_388.jpg
Figshare,53454de372bdf2f5bdda2e6c5ea730ea,6,1,PCOS/infected/Image_271.jpg;PCOS/infected/Image_272.jpg;PCOS/infected/Image_SETA_271.jpg;PCOS/infected/Image_SETA_272.jpg;PCOS/infected/Image_SETB_271.jpg;PCOS/infected/Image_SETB_272.jpg
Figshare,535c3c6fc9e724dfa7e7f0b74c11320d,6,0,PCOS/noninfected/Image_087.jpg;PCOS/noninfected/Image_088.jpg;PCOS/noninfected/Image_SetA087.jpg;PCOS/noninfected/Image_SetA088.jpg;PCOS/noninfected/Image_SetB087.jpg;PCOS/noninfected/Image_SetB088.jpg
Figshare,535f87382c9649fca9948e0c2b5e1b78,4,1,PCOS/infected/Image_resize_187.jpg;PCOS/infected/Image_resize_188.jpg;PCOS/infected/Image_resize_387.jpg;PCOS/infected/Image_resize_388.jpg
Figshare,5364e4486415e9579456383a86dc7bda,2,1,PCOS/infected/image10890.jpg;PCOS/infected/image11088.jpg
Figshare,5367fb1efafb32e3fc3b1b575ccbe0be,6,1,PCOS/infected/Image_591.jpg;PCOS/infected/Image_592.jpg;PCOS/infected/Image_SETA_591.jpg;PCOS/infected/Image_SETA_592.jpg;PCOS/infected/Image_SETB_591.jpg;PCOS/infected/Image_SETB_592.jpg
Figshare,5379968ee830e196af6a123e73db1c5a,6,1,PCOS/infected/Image_661.jpg;PCOS/infected/Image_662.jpg;PCOS/infected/Image_SETA_661.jpg;PCOS/infected/Image_SETA_662.jpg;PCOS/infected/Image_SETB_661.jpg;PCOS/infected/Image_SETB_662.jpg
Figshare,539b4574169fc9dd9d003c37629f01ea,8,0,PCOS/noninfected/Image_659.jpg;PCOS/noninfected/Image_660.jpg;PCOS/noninfected/Image_SetA659.jpg;PCOS/noninfected/Image_SetA660.jpg;PCOS/noninfected/Image_SetB659.jpg;PCOS/noninfected/Image_SetB660.jpg;PCOS/noninfected/Image_resize_671  (896).jpg;PCOS/noninfected/Image_resize_671  (897).jpg
Figshare,53aed33cc051f6d01169835508d7cfdd,2,1,PCOS/infected/image10771.jpg;PCOS/infected/image10968.jpg
Figshare,53e10b5506d06479f28b11ae1402e6ff,8,0,PCOS/noninfected/Image_501.jpg;PCOS/noninfected/Image_502.jpg;PCOS/noninfected/Image_SetA501.jpg;PCOS/noninfected/Image_SetA502.jpg;PCOS/noninfected/Image_SetB501.jpg;PCOS/noninfected/Image_SetB502.jpg;PCOS/noninfected/Image_resize_671  (1049).jpg;PCOS/noninfected/Image_resize_671  (1050).jpg
Figshare,5404172c3a346fa5cfaef8956098ab4d,4,0,PCOS/noninfected/Image_resize_004.jpg;PCOS/noninfected/Image_resize_008.jpg;PCOS/noninfected/Image_resize_671  (556).jpg;PCOS/noninfected/Image_resize_671  (560).jpg
Figshare,540a1b3bbf26abf569cf1d606de8b4a4,2,1,PCOS/infected/image10786.jpg;PCOS/infected/image10983.jpg
Figshare,546e494478ac98b37d4f8237bc13d725,8,0,PCOS/noninfected/Image_resize_458.jpg;PCOS/noninfected/Image_resize_459.jpg;PCOS/noninfected/Image_resize_462.jpg;PCOS/noninfected/Image_resize_463.jpg;PCOS/noninfected/Image_resize_671  (201).jpg;PCOS/noninfected/Image_resize_671  (202).jpg;PCOS/noninfected/Image_resize_671  (205).jpg;PCOS/noninfected/Image_resize_671  (206).jpg
Figshare,54c008b76dc07039be5ca62376934ece,4,0,PCOS/noninfected/Image_resize_628.jpg;PCOS/noninfected/Image_resize_632.jpg;PCOS/noninfected/Image_resize_671  (33).jpg;PCOS/noninfected/Image_resize_671  (37).jpg
Figshare,54d18b542d385f314e6123aaa34a3e97,6,1,PCOS/infected/Image_457.jpg;PCOS/infected/Image_458.jpg;PCOS/infected/Image_SETA_457.jpg;PCOS/infected/Image_SETA_458.jpg;PCOS/infected/Image_SETB_457.jpg;PCOS/infected/Image_SETB_458.jpg
Figshare,5546206303fb974f15d84162ae1ae8ac,6,1,PCOS/infected/Image_513.jpg;PCOS/infected/Image_514.jpg;PCOS/infected/Image_SETA_513.jpg;PCOS/infected/Image_SETA_514.jpg;PCOS/infected/Image_SETB_513.jpg;PCOS/infected/Image_SETB_514.jpg
Figshare,557b7f87e6a717a64dda0e01799d8348,6,1,PCOS/infected/Image_053.jpg;PCOS/infected/Image_054.jpg;PCOS/infected/Image_SETA_053.jpg;PCOS/infected/Image_SETA_054.jpg;PCOS/infected/Image_SETB_053.jpg;PCOS/infected/Image_SETB_054.jpg
Figshare,55831480c4e17f4c6405a4337693f31b,6,1,PCOS/infected/Image_447.jpg;PCOS/infected/Image_448.jpg;PCOS/infected/Image_SETA_447.jpg;PCOS/infected/Image_SETA_448.jpg;PCOS/infected/Image_SETB_447.jpg;PCOS/infected/Image_SETB_448.jpg
Figshare,55bc0370aeeb43d2320ace09cc531000,2,1,PCOS/infected/image10829.jpg;PCOS/infected/image11026.jpg
Figshare,55ccd6af571a526c53f73f8fa94acec8,6,1,PCOS/infected/Image_1015.jpg;PCOS/infected/Image_1016.jpg;PCOS/infected/Image_SETA_1015.jpg;PCOS/infected/Image_SETA_1016.jpg;PCOS/infected/Image_SETB_1015.jpg;PCOS/infected/Image_SETB_1016.jpg
Figshare,563e9074270febf59eafe54ba96a3ac7,2,1,PCOS/infected/Image_Rotate_Rotate_Right_095.jpg;PCOS/infected/Image_Rotate_Rotate_Right_096.jpg
Figshare,56475d4313cd1091c5402c648f1e27f0,2,1,PCOS/infected/Image_Rotate_Rotate_Right_199.jpg;PCOS/infected/Image_Rotate_Rotate_Right_200.jpg
Figshare,568e467ac494255cbf529fe966e41dc9,8,0,PCOS/noninfected/Image_547.jpg;PCOS/noninfected/Image_548.jpg;PCOS/noninfected/Image_SetA547.jpg;PCOS/noninfected/Image_SetA548.jpg;PCOS/noninfected/Image_SetB547.jpg;PCOS/noninfected/Image_SetB548.jpg;PCOS/noninfected/Image_resize_671  (1002).jpg;PCOS/noninfected/Image_resize_671  (1025).jpg
Figshare,56aa807bf705b199f845bfb8823c0a30,6,1,PCOS/infected/Image_571.jpg;PCOS/infected/Image_572.jpg;PCOS/infected/Image_SETA_571.jpg;PCOS/infected/Image_SETA_572.jpg;PCOS/infected/Image_SETB_571.jpg;PCOS/infected/Image_SETB_572.jpg
Figshare,56b95da840652798a697f3e941396c04,6,1,PCOS/infected/Image_875.jpg;PCOS/infected/Image_876.jpg;PCOS/infected/Image_SETA_875.jpg;PCOS/infected/Image_SETA_876.jpg;PCOS/infected/Image_SETB_875.jpg;PCOS/infected/Image_SETB_876.jpg
Figshare,56c93724b4f399933f33fa7acd8630a8,6,1,PCOS/infected/Image_825.jpg;PCOS/infected/Image_826.jpg;PCOS/infected/Image_SETA_825.jpg;PCOS/infected/Image_SETA_826.jpg;PCOS/infected/Image_SETB_825.jpg;PCOS/infected/Image_SETB_826.jpg
Figshare,56fb61f2839fb87d1ecf1cda7648856d,6,0,PCOS/noninfected/Image_317.jpg;PCOS/noninfected/Image_318.jpg;PCOS/noninfected/Image_SetA317.jpg;PCOS/noninfected/Image_SetA318.jpg;PCOS/noninfected/Image_SetB317.jpg;PCOS/noninfected/Image_SetB318.jpg
Figshare,56fd2b54e4c577e2dd32a3aa838026a4,8,0,PCOS/noninfected/Image_951.jpg;PCOS/noninfected/Image_952.jpg;PCOS/noninfected/Image_SetA951.jpg;PCOS/noninfected/Image_SetA952.jpg;PCOS/noninfected/Image_SetB951.jpg;PCOS/noninfected/Image_SetB952.jpg;PCOS/noninfected/Image_resize_671  (599).jpg;PCOS/noninfected/Image_resize_671  (600).jpg
Figshare,570f1397ceb1995b8dd427eee288d4a2,8,0,PCOS/noninfected/Image_901.jpg;PCOS/noninfected/Image_902.jpg;PCOS/noninfected/Image_SetA901.jpg;PCOS/noninfected/Image_SetA902.jpg;PCOS/noninfected/Image_SetB901.jpg;PCOS/noninfected/Image_SetB902.jpg;PCOS/noninfected/Image_resize_671  (665).jpg;PCOS/noninfected/Image_resize_671  (666).jpg
Figshare,575086a15699d39d9ea0742f4b93df65,4,0,PCOS/noninfected/Image_resize_778.jpg;PCOS/noninfected/Image_resize_779.jpg;PCOS/noninfected/Image_resize_782.jpg;PCOS/noninfected/Image_resize_783.jpg
Figshare,57aa4a3fa98e7fb5f520f8435c1b8229,6,1,PCOS/infected/Image_285.jpg;PCOS/infected/Image_286.jpg;PCOS/infected/Image_SETA_285.jpg;PCOS/infected/Image_SETA_286.jpg;PCOS/infected/Image_SETB_285.jpg;PCOS/infected/Image_SETB_286.jpg
Figshare,57f869bbeed94073bf79914598c15c0a,2,1,PCOS/infected/image10689.jpg;PCOS/infected/image12531.jpg
Figshare,58477ef774c2888bffb901ea6e7f9d63,6,1,PCOS/infected/Image_767.jpg;PCOS/infected/Image_768.jpg;PCOS/infected/Image_SETA_767.jpg;PCOS/infected/Image_SETA_768.jpg;PCOS/infected/Image_SETB_767.jpg;PCOS/infected/Image_SETB_768.jpg
Figshare,585ed094118744a51548be25fa878ac4,8,0,PCOS/noninfected/Image_997.jpg;PCOS/noninfected/Image_998.jpg;PCOS/noninfected/Image_SetA997.jpg;PCOS/noninfected/Image_SetA998.jpg;PCOS/noninfected/Image_SetB997.jpg;PCOS/noninfected/Image_SetB998.jpg;PCOS/noninfected/Image_resize_671  (573).jpg;PCOS/noninfected/Image_resize_671  (574).jpg
Figshare,587a03737c2fe0cab213f27779037bd4,2,0,PCOS/noninfected/Image_resize_228.jpg;PCOS/noninfected/Image_resize_232.jpg
Figshare,588176f0c15fb00c10e923f943736fd0,2,1,PCOS/infected/Image_Rotate_Rotate_Right_187.jpg;PCOS/infected/Image_Rotate_Rotate_Right_188.jpg
Figshare,58ddaa56f4c1ff43a8be6710f06ed98b,4,0,PCOS/noninfected/Image_resize_345.jpg;PCOS/noninfected/Image_resize_349.jpg;PCOS/noninfected/Image_resize_671  (318).jpg;PCOS/noninfected/Image_resize_671  (322).jpg
Figshare,58de230fb4e813fd564ee278b302cedd,6,1,PCOS/infected/Image_109.jpg;PCOS/infected/Image_110.jpg;PCOS/infected/Image_SETA_109.jpg;PCOS/infected/Image_SETA_110.jpg;PCOS/infected/Image_SETB_109.jpg;PCOS/infected/Image_SETB_110.jpg
Figshare,591273fe73974fba10302ac071dc3d1a,6,1,PCOS/infected/Image_499.jpg;PCOS/infected/Image_500.jpg;PCOS/infected/Image_SETA_499.jpg;PCOS/infected/Image_SETA_500.jpg;PCOS/infected/Image_SETB_499.jpg;PCOS/infected/Image_SETB_500.jpg
Figshare,592277ae50318d23eeaed1b327c678bd,2,1,PCOS/infected/Image_Rotate_Rotate_Right_151.jpg;PCOS/infected/Image_Rotate_Rotate_Right_152.jpg
Figshare,593d2dd676109e4e1f44f11739ea59ca,8,0,PCOS/noninfected/Image_691.jpg;PCOS/noninfected/Image_692.jpg;PCOS/noninfected/Image_SetA691.jpg;PCOS/noninfected/Image_SetA692.jpg;PCOS/noninfected/Image_SetB691.jpg;PCOS/noninfected/Image_SetB692.jpg;PCOS/noninfected/Image_resize_671  (859).jpg;PCOS/noninfected/Image_resize_671  (881).jpg
Figshare,5956529c2ec20ce6daf54630745d6ea9,2,1,PCOS/infected/Image_Rotate_Rotate_Right_185.jpg;PCOS/infected/Image_Rotate_Rotate_Right_186.jpg
Figshare,59808b75fe06ad6bae6b0855f6abc922,6,0,PCOS/noninfected/Image_271.jpg;PCOS/noninfected/Image_272.jpg;PCOS/noninfected/Image_SetA271.jpg;PCOS/noninfected/Image_SetA272.jpg;PCOS/noninfected/Image_SetB271.jpg;PCOS/noninfected/Image_SetB272.jpg
Figshare,59832b4172612f294ffb4e5d09aff36b,2,1,PCOS/infected/image10783.jpg;PCOS/infected/image10980.jpg
Figshare,5999449203140f030909cf9979d3a35a,6,1,PCOS/infected/Image_275.jpg;PCOS/infected/Image_276.jpg;PCOS/infected/Image_SETA_275.jpg;PCOS/infected/Image_SETA_276.jpg;PCOS/infected/Image_SETB_275.jpg;PCOS/infected/Image_SETB_276.jpg
Figshare,599a1a8da315db472d20837c1b65b95e,2,1,PCOS/infected/image10757.jpg;PCOS/infected/image10954.jpg
Figshare,59a2de091e95bcd5d9a8ab9cecd7cc77,6,1,PCOS/infected/Image_687.jpg;PCOS/infected/Image_688.jpg;PCOS/infected/Image_SETA_687.jpg;PCOS/infected/Image_SETA_688.jpg;PCOS/infected/Image_SETB_687.jpg;PCOS/infected/Image_SETB_688.jpg
Figshare,59a7f1be6d41c1de1986f4a621762d91,4,0,PCOS/noninfected/Image_resize_409.jpg;PCOS/noninfected/Image_resize_413.jpg;PCOS/noninfected/Image_resize_671  (246).jpg;PCOS/noninfected/Image_resize_671  (250).jpg
Figshare,59c60a81da2b1a470c097ffd10d4f829,6,1,PCOS/infected/Image_031.jpg;PCOS/infected/Image_032.jpg;PCOS/infected/Image_SETA_031.jpg;PCOS/infected/Image_SETA_032.jpg;PCOS/infected/Image_SETB_031.jpg;PCOS/infected/Image_SETB_032.jpg
Figshare,59d80dba5ab1340f0d5750de4abdbb7e,4,1,PCOS/infected/Image_resize_081.jpg;PCOS/infected/Image_resize_082.jpg;PCOS/infected/Image_resize_281.jpg;PCOS/infected/Image_resize_282.jpg
Figshare,59e531f7ba43acce293e1e7b0fd7cfac,6,1,PCOS/infected/Image_607.jpg;PCOS/infected/Image_608.jpg;PCOS/infected/Image_SETA_607.jpg;PCOS/infected/Image_SETA_608.jpg;PCOS/infected/Image_SETB_607.jpg;PCOS/infected/Image_SETB_608.jpg
Figshare,59f889907915cb12910767855fd3b737,6,1,PCOS/infected/Image_775.jpg;PCOS/infected/Image_776.jpg;PCOS/infected/Image_SETA_775.jpg;PCOS/infected/Image_SETA_776.jpg;PCOS/infected/Image_SETB_775.jpg;PCOS/infected/Image_SETB_776.jpg
Figshare,59f94008514e66aabd1d0b1729ea2e85,4,0,PCOS/noninfected/Image_resize_393.jpg;PCOS/noninfected/Image_resize_397.jpg;PCOS/noninfected/Image_resize_671  (270).jpg;PCOS/noninfected/Image_resize_671  (274).jpg
Figshare,59fecd5d89c69da1737ab96f4e4a04a1,6,0,PCOS/noninfected/Image_1005.jpg;PCOS/noninfected/Image_1006.jpg;PCOS/noninfected/Image_SetA1005.jpg;PCOS/noninfected/Image_SetA1006.jpg;PCOS/noninfected/Image_SetB1005.jpg;PCOS/noninfected/Image_SetB1006.jpg
Figshare,5a44237063682d9e794c61e8460125dd,6,1,PCOS/infected/Image_883.jpg;PCOS/infected/Image_884.jpg;PCOS/infected/Image_SETA_883.jpg;PCOS/infected/Image_SETA_884.jpg;PCOS/infected/Image_SETB_883.jpg;PCOS/infected/Image_SETB_884.jpg
Figshare,5a62ccd808e14e118765a112d4cf4573,6,0,PCOS/noninfected/Image_137.jpg;PCOS/noninfected/Image_138.jpg;PCOS/noninfected/Image_SetA137.jpg;PCOS/noninfected/Image_SetA138.jpg;PCOS/noninfected/Image_SetB137.jpg;PCOS/noninfected/Image_SetB138.jpg
Figshare,5a6be992ff0192c14f8c75e2bb95df40,4,0,PCOS/noninfected/Image_resize_417.jpg;PCOS/noninfected/Image_resize_421.jpg;PCOS/noninfected/Image_resize_671  (236).jpg;PCOS/noninfected/Image_resize_671  (254).jpg
Figshare,5aaae8156e8ea565beecbb429bcca08b,2,1,PCOS/infected/Image_Rotate_Rotate_Right_011.jpg;PCOS/infected/Image_Rotate_Rotate_Right_012.jpg
Figshare,5ac36516e12529f88beaeb481a4a4c5e,4,0,PCOS/noninfected/Image_resize_380.jpg;PCOS/noninfected/Image_resize_384.jpg;PCOS/noninfected/Image_resize_671  (289).jpg;PCOS/noninfected/Image_resize_671  (293).jpg
Figshare,5ae52232cd86933dd895bb9eb133d38c,2,1,PCOS/infected/Image_Rotate_Rotate_Right_143.jpg;PCOS/infected/Image_Rotate_Rotate_Right_144.jpg
Figshare,5aeab74dc760ea600cb2542eade42a09,6,1,PCOS/infected/Image_937.jpg;PCOS/infected/Image_938.jpg;PCOS/infected/Image_SETA_937.jpg;PCOS/infected/Image_SETA_938.jpg;PCOS/infected/Image_SETB_937.jpg;PCOS/infected/Image_SETB_938.jpg
Figshare,5af3509e686b1ffd038a2b00d3fb41d3,4,1,PCOS/infected/Image_Rotate_065.jpg;PCOS/infected/Image_Rotate_066.jpg;PCOS/infected/Image_Rotate_265.jpg;PCOS/infected/Image_Rotate_266.jpg
Figshare,5afb2fec9d7c35f58a7f37efc5df760e,2,0,PCOS/noninfected/Image_resize_236.jpg;PCOS/noninfected/Image_resize_240.jpg
Figshare,5b4d422d55b3e3a3ee680709f275f0e9,4,1,PCOS/infected/Image_resize_015.jpg;PCOS/infected/Image_resize_016.jpg;PCOS/infected/Image_resize_215.jpg;PCOS/infected/Image_resize_216.jpg
Figshare,5b70389bf60241de4615a3c18084c721,2,1,PCOS/infected/image10938.jpg;PCOS/infected/image11140.jpg
Figshare,5be037eeaac8a9eab2b241a1a6b63316,2,1,PCOS/infected/image11719.jpg;PCOS/infected/image12049.jpg
Figshare,5bfa55705713fc84dd2a8c86015e400c,4,1,PCOS/infected/Image_resize_085.jpg;PCOS/infected/Image_resize_086.jpg;PCOS/infected/Image_resize_285.jpg;PCOS/infected/Image_resize_286.jpg
Figshare,5c041909b47432c6dff8aa29336e7e6a,6,1,PCOS/infected/Image_173.jpg;PCOS/infected/Image_174.jpg;PCOS/infected/Image_SETA_173.jpg;PCOS/infected/Image_SETA_174.jpg;PCOS/infected/Image_SETB_173.jpg;PCOS/infected/Image_SETB_174.jpg
Figshare,5c0eae84d29d11736bdafc8157ac1f23,4,0,PCOS/noninfected/Image_resize_148.jpg;PCOS/noninfected/Image_resize_152.jpg;PCOS/noninfected/Image_resize_671  (401).jpg;PCOS/noninfected/Image_resize_671  (421).jpg
Figshare,5c452e3cdf2d7b1b1e170dcec4f750ab,2,1,PCOS/infected/Image_Rotate_Rotate_Right_331.jpg;PCOS/infected/Image_Rotate_Rotate_Right_332.jpg
Figshare,5c69d9fd649ce4aa0ccc2f595a9ec224,6,1,PCOS/infected/Image_535.jpg;PCOS/infected/Image_536.jpg;PCOS/infected/Image_SETA_535.jpg;PCOS/infected/Image_SETA_536.jpg;PCOS/infected/Image_SETB_535.jpg;PCOS/infected/Image_SETB_536.jpg
Figshare,5c75306c712fc2d05733084ca96c8554,2,0,PCOS/noninfected/Image_resize_745.jpg;PCOS/noninfected/Image_resize_749.jpg
Figshare,5ce489c2a6909aaf3d53a22586d794b7,4,0,PCOS/noninfected/Image_resize_329.jpg;PCOS/noninfected/Image_resize_333.jpg;PCOS/noninfected/Image_resize_671  (329).jpg;PCOS/noninfected/Image_resize_671  (333).jpg
Figshare,5d0cc571ac1699ed631cc7a0c41140a8,8,0,PCOS/noninfected/Image_611.jpg;PCOS/noninfected/Image_612.jpg;PCOS/noninfected/Image_SetA611.jpg;PCOS/noninfected/Image_SetA612.jpg;PCOS/noninfected/Image_SetB611.jpg;PCOS/noninfected/Image_SetB612.jpg;PCOS/noninfected/Image_resize_671  (943).jpg;PCOS/noninfected/Image_resize_671  (944).jpg
Figshare,5d15e0919b2c3d53c026679ea34c5e47,6,0,PCOS/noninfected/Image_241.jpg;PCOS/noninfected/Image_242.jpg;PCOS/noninfected/Image_SetA241.jpg;PCOS/noninfected/Image_SetA242.jpg;PCOS/noninfected/Image_SetB241.jpg;PCOS/noninfected/Image_SetB242.jpg
Figshare,5d1ca76884cd8ac3e2226b68df6a8649,2,1,PCOS/infected/Image_Rotate_Rotate_Right_387.jpg;PCOS/infected/Image_Rotate_Rotate_Right_388.jpg
Figshare,5de96963b799a4fc53eada8d7abc6863,4,1,PCOS/infected/Image_Rotate_109.jpg;PCOS/infected/Image_Rotate_110.jpg;PCOS/infected/Image_Rotate_309.jpg;PCOS/infected/Image_Rotate_310.jpg
Figshare,5e3005c645db64315b6c467686150f42,4,1,PCOS/infected/Image_resize_059.jpg;PCOS/infected/Image_resize_060.jpg;PCOS/infected/Image_resize_259.jpg;PCOS/infected/Image_resize_260.jpg
Figshare,5e31c0d29115b3b986b2966dbcda3ecd,4,1,PCOS/infected/Image_resize_057.jpg;PCOS/infected/Image_resize_058.jpg;PCOS/infected/Image_resize_257.jpg;PCOS/infected/Image_resize_258.jpg
Figshare,5e3a87d3b8e0feba932fc19387dec98a,4,1,PCOS/infected/Image_resize_077.jpg;PCOS/infected/Image_resize_078.jpg;PCOS/infected/Image_resize_277.jpg;PCOS/infected/Image_resize_278.jpg
Figshare,5e44b8d9b2b3ef2495a455734344b9e4,6,0,PCOS/noninfected/Image_179.jpg;PCOS/noninfected/Image_180.jpg;PCOS/noninfected/Image_SetA179.jpg;PCOS/noninfected/Image_SetA180.jpg;PCOS/noninfected/Image_SetB179.jpg;PCOS/noninfected/Image_SetB180.jpg
Figshare,5e84b4bea19bdbe28aedef69ea6d810d,4,0,PCOS/noninfected/Image_resize_497.jpg;PCOS/noninfected/Image_resize_501.jpg;PCOS/noninfected/Image_resize_671  (168).jpg;PCOS/noninfected/Image_resize_671  (172).jpg
Figshare,5e924ef5e4abd6cd883b9c1f687fe380,4,0,PCOS/noninfected/Image_resize_218.jpg;PCOS/noninfected/Image_resize_219.jpg;PCOS/noninfected/Image_resize_222.jpg;PCOS/noninfected/Image_resize_223.jpg
Figshare,5e9c8e1613a21b675fc17f9026ab9cd3,6,1,PCOS/infected/Image_277.jpg;PCOS/infected/Image_278.jpg;PCOS/infected/Image_SETA_277.jpg;PCOS/infected/Image_SETA_278.jpg;PCOS/infected/Image_SETB_277.jpg;PCOS/infected/Image_SETB_278.jpg
Figshare,5edea51006d09ac5fb720bebe707d261,6,1,PCOS/infected/Image_727.jpg;PCOS/infected/Image_728.jpg;PCOS/infected/Image_SETA_727.jpg;PCOS/infected/Image_SETA_728.jpg;PCOS/infected/Image_SETB_727.jpg;PCOS/infected/Image_SETB_728.jpg
Figshare,5f266676fbb5fb6e702cac639a87b6eb,6,1,PCOS/infected/Image_509.jpg;PCOS/infected/Image_510.jpg;PCOS/infected/Image_SETA_509.jpg;PCOS/infected/Image_SETA_510.jpg;PCOS/infected/Image_SETB_509.jpg;PCOS/infected/Image_SETB_510.jpg
Figshare,5f41bcc8eed0faa266b18720671c1161,4,1,PCOS/infected/Image_resize_157.jpg;PCOS/infected/Image_resize_158.jpg;PCOS/infected/Image_resize_357.jpg;PCOS/infected/Image_resize_358.jpg
Figshare,5f4613514c9c818449bad4a0a9df329f,2,1,PCOS/infected/Image_Rotate_Rotate_Right_397.jpg;PCOS/infected/Image_Rotate_Rotate_Right_398.jpg
Figshare,5ff52a50ec557c4d678b989a4bd67477,6,1,PCOS/infected/Image_695.jpg;PCOS/infected/Image_696.jpg;PCOS/infected/Image_SETA_695.jpg;PCOS/infected/Image_SETA_696.jpg;PCOS/infected/Image_SETB_695.jpg;PCOS/infected/Image_SETB_696.jpg
Figshare,6002dd6ef162ec2f288d6f39a154ebda,8,0,PCOS/noninfected/Image_847.jpg;PCOS/noninfected/Image_848.jpg;PCOS/noninfected/Image_SetA847.jpg;PCOS/noninfected/Image_SetA848.jpg;PCOS/noninfected/Image_SetB847.jpg;PCOS/noninfected/Image_SetB848.jpg;PCOS/noninfected/Image_resize_671  (706).jpg;PCOS/noninfected/Image_resize_671  (707).jpg
Figshare,60177d2f69342ebdd49859d72fe7d6e7,6,1,PCOS/infected/Image_1013.jpg;PCOS/infected/Image_1014.jpg;PCOS/infected/Image_SETA_1013.jpg;PCOS/infected/Image_SETA_1014.jpg;PCOS/infected/Image_SETB_1013.jpg;PCOS/infected/Image_SETB_1014.jpg
Figshare,60208cc60e8437a803a56874db98e6a8,2,1,PCOS/infected/image10914.jpg;PCOS/infected/image11115.jpg
Figshare,60281dce9b6b7bd00373a05b0982da6b,4,0,PCOS/noninfected/Image_resize_786.jpg;PCOS/noninfected/Image_resize_787.jpg;PCOS/noninfected/Image_resize_790.jpg;PCOS/noninfected/Image_resize_791.jpg
Figshare,608fa6d612d681a220bca021e42167d3,6,1,PCOS/infected/Image_333.jpg;PCOS/infected/Image_334.jpg;PCOS/infected/Image_SETA_333.jpg;PCOS/infected/Image_SETA_334.jpg;PCOS/infected/Image_SETB_333.jpg;PCOS/infected/Image_SETB_334.jpg
Figshare,60b04c7b998e9b209d41d81f61c4d4a1,2,1,PCOS/infected/Image_Rotate_Rotate_Right_021.jpg;PCOS/infected/Image_Rotate_Rotate_Right_022.jpg
Figshare,6115ee21764565c0f7b85f072a7baba9,4,1,PCOS/infected/Image_Rotate_015.jpg;PCOS/infected/Image_Rotate_016.jpg;PCOS/infected/Image_Rotate_215.jpg;PCOS/infected/Image_Rotate_216.jpg
Figshare,6117719b51a255407a908745c1eac05e,6,1,PCOS/infected/Image_359.jpg;PCOS/infected/Image_360.jpg;PCOS/infected/Image_SETA_359.jpg;PCOS/infected/Image_SETA_360.jpg;PCOS/infected/Image_SETB_359.jpg;PCOS/infected/Image_SETB_360.jpg
Figshare,611834735edf7784f3102eb19a74bc50,4,1,PCOS/infected/Image_resize_103.jpg;PCOS/infected/Image_resize_104.jpg;PCOS/infected/Image_resize_303.jpg;PCOS/infected/Image_resize_304.jpg
Figshare,61839c5156fb04a5c9001cf1e3ee1d6b,6,1,PCOS/infected/Image_983.jpg;PCOS/infected/Image_984.jpg;PCOS/infected/Image_SETA_983.jpg;PCOS/infected/Image_SETA_984.jpg;PCOS/infected/Image_SETB_983.jpg;PCOS/infected/Image_SETB_984.jpg
Figshare,619d0a2915e8c85cc8339c4ea3608435,2,1,PCOS/infected/Image_Rotate_Rotate_Right_117.jpg;PCOS/infected/Image_Rotate_Rotate_Right_118.jpg
Figshare,61c56c871ebc01c173e82f5df7940b34,6,1,PCOS/infected/Image_777.jpg;PCOS/infected/Image_778.jpg;PCOS/infected/Image_SETA_777.jpg;PCOS/infected/Image_SETA_778.jpg;PCOS/infected/Image_SETB_777.jpg;PCOS/infected/Image_SETB_778.jpg
Figshare,61e36b5038418513dab5d1bbf73743fe,8,0,PCOS/noninfected/Image_505.jpg;PCOS/noninfected/Image_506.jpg;PCOS/noninfected/Image_SetA505.jpg;PCOS/noninfected/Image_SetA506.jpg;PCOS/noninfected/Image_SetB505.jpg;PCOS/noninfected/Image_SetB506.jpg;PCOS/noninfected/Image_resize_671  (1053).jpg;PCOS/noninfected/Image_resize_671  (1054).jpg
Figshare,620a52816046728dbf1b7c067e240a8f,6,0,PCOS/noninfected/Image_135.jpg;PCOS/noninfected/Image_136.jpg;PCOS/noninfected/Image_SetA135.jpg;PCOS/noninfected/Image_SetA136.jpg;PCOS/noninfected/Image_SetB135.jpg;PCOS/noninfected/Image_SetB136.jpg
Figshare,6243bbd2e348436b476e22b50c891c3f,4,1,PCOS/infected/Image_Rotate_125.jpg;PCOS/infected/Image_Rotate_126.jpg;PCOS/infected/Image_Rotate_325.jpg;PCOS/infected/Image_Rotate_326.jpg
Figshare,6250e89140a71ac130bdb2c5375dd1cc,4,0,PCOS/noninfected/Image_resize_226.jpg;PCOS/noninfected/Image_resize_227.jpg;PCOS/noninfected/Image_resize_230.jpg;PCOS/noninfected/Image_resize_231.jpg
Figshare,6255d13ae78706a400502ce815084ba3,4,0,PCOS/noninfected/Image_resize_556.jpg;PCOS/noninfected/Image_resize_560.jpg;PCOS/noninfected/Image_resize_671  (105).jpg;PCOS/noninfected/Image_resize_671  (109).jpg
Figshare,628abcd8d9f1530cf20a712b10ff4814,2,1,PCOS/infected/Image_Rotate_Rotate_Right_193.jpg;PCOS/infected/Image_Rotate_Rotate_Right_194.jpg
Figshare,62b5ddc1aaa0a2ce359321cc8f4f9320,2,1,PCOS/infected/Image_Rotate_Rotate_Right_195.jpg;PCOS/infected/Image_Rotate_Rotate_Right_196.jpg
Figshare,63045fc8139c4a9fdbdaf61c52484a6d,4,0,PCOS/noninfected/Image_resize_348.jpg;PCOS/noninfected/Image_resize_352.jpg;PCOS/noninfected/Image_resize_671  (321).jpg;PCOS/noninfected/Image_resize_671  (325).jpg
Figshare,6363d234d2a9e46b561b2410c3ecad71,4,1,PCOS/infected/Image_resize_169.jpg;PCOS/infected/Image_resize_170.jpg;PCOS/infected/Image_resize_369.jpg;PCOS/infected/Image_resize_370.jpg
Figshare,63a62c3c6e790622effe56cc14ac7beb,8,0,PCOS/noninfected/Image_resize_538.jpg;PCOS/noninfected/Image_resize_539.jpg;PCOS/noninfected/Image_resize_542.jpg;PCOS/noninfected/Image_resize_543.jpg;PCOS/noninfected/Image_resize_671  (112).jpg;PCOS/noninfected/Image_resize_671  (115).jpg;PCOS/noninfected/Image_resize_671  (116).jpg;PCOS/noninfected/Image_resize_671  (136).jpg
Figshare,63fc375b9cb497d2167a4bbea9c87e94,6,1,PCOS/infected/Image_681.jpg;PCOS/infected/Image_682.jpg;PCOS/infected/Image_SETA_681.jpg;PCOS/infected/Image_SETA_682.jpg;PCOS/infected/Image_SETB_681.jpg;PCOS/infected/Image_SETB_682.jpg
Figshare,63fd90df46e4b60cd148155ee90ddf8f,2,1,PCOS/infected/Image_Rotate_Rotate_Right_383.jpg;PCOS/infected/Image_Rotate_Rotate_Right_384.jpg
Figshare,6405cc0f94d45aa756120f6dfd266a55,4,1,PCOS/infected/Image_resize_161.jpg;PCOS/infected/Image_resize_162.jpg;PCOS/infected/Image_resize_361.jpg;PCOS/infected/Image_resize_362.jpg
Figshare,642ef79f4f3869e1bb19b96348f7bbdb,6,0,PCOS/noninfected/Image_057.jpg;PCOS/noninfected/Image_058.jpg;PCOS/noninfected/Image_SetA057.jpg;PCOS/noninfected/Image_SetA058.jpg;PCOS/noninfected/Image_SetB057.jpg;PCOS/noninfected/Image_SetB058.jpg
Figshare,642fd2b39a4be0d5e4ed77951c49efeb,2,1,PCOS/infected/Image_Rotate_Rotate_Right_357.jpg;PCOS/infected/Image_Rotate_Rotate_Right_358.jpg
Figshare,64729f2660d96c3cefcd78d8239c4ef8,4,1,PCOS/infected/Image_resize_039.jpg;PCOS/infected/Image_resize_040.jpg;PCOS/infected/Image_resize_239.jpg;PCOS/infected/Image_resize_240.jpg
Figshare,647c11311cae6d3ee23118c1eb9756f3,8,0,PCOS/noninfected/Image_895.jpg;PCOS/noninfected/Image_896.jpg;PCOS/noninfected/Image_SetA895.jpg;PCOS/noninfected/Image_SetA896.jpg;PCOS/noninfected/Image_SetB895.jpg;PCOS/noninfected/Image_SetB896.jpg;PCOS/noninfected/Image_resize_671  (659).jpg;PCOS/noninfected/Image_resize_671  (660).jpg
Figshare,64ba6f49474eacee73a30c30731efbc8,8,0,PCOS/noninfected/Image_resize_450.jpg;PCOS/noninfected/Image_resize_451.jpg;PCOS/noninfected/Image_resize_454.jpg;PCOS/noninfected/Image_resize_455.jpg;PCOS/noninfected/Image_resize_671  (197).jpg;PCOS/noninfected/Image_resize_671  (198).jpg;PCOS/noninfected/Image_resize_671  (216).jpg;PCOS/noninfected/Image_resize_671  (217).jpg
Figshare,64e50567b4f317caa829ee8b6ad73884,6,0,PCOS/noninfected/Image_081.jpg;PCOS/noninfected/Image_082.jpg;PCOS/noninfected/Image_SetA081.jpg;PCOS/noninfected/Image_SetA082.jpg;PCOS/noninfected/Image_SetB081.jpg;PCOS/noninfected/Image_SetB082.jpg
Figshare,64ec1a9dd99651659fb3111d9617f278,6,1,PCOS/infected/Image_319.jpg;PCOS/infected/Image_320.jpg;PCOS/infected/Image_SETA_319.jpg;PCOS/infected/Image_SETA_320.jpg;PCOS/infected/Image_SETB_319.jpg;PCOS/infected/Image_SETB_320.jpg
Figshare,65068734ff0d6a8fef7f5059e3d37699,6,0,PCOS/noninfected/Image_403.jpg;PCOS/noninfected/Image_404.jpg;PCOS/noninfected/Image_SetA403.jpg;PCOS/noninfected/Image_SetA404.jpg;PCOS/noninfected/Image_SetB403.jpg;PCOS/noninfected/Image_SetB404.jpg
Figshare,65a5e606995d3856151302616f4f36b1,6,1,PCOS/infected/Image_735.jpg;PCOS/infected/Image_736.jpg;PCOS/infected/Image_SETA_735.jpg;PCOS/infected/Image_SETA_736.jpg;PCOS/infected/Image_SETB_735.jpg;PCOS/infected/Image_SETB_736.jpg
Figshare,65c9ba44d6a67f520e9296a87a2d2828,4,0,PCOS/noninfected/Image_resize_564.jpg;PCOS/noninfected/Image_resize_568.jpg;PCOS/noninfected/Image_resize_671  (89).jpg;PCOS/noninfected/Image_resize_671  (93).jpg
Figshare,65d9c10d0184aae2f46f3f73dfd4dcb9,6,0,PCOS/noninfected/Image_295.jpg;PCOS/noninfected/Image_296.jpg;PCOS/noninfected/Image_SetA295.jpg;PCOS/noninfected/Image_SetA296.jpg;PCOS/noninfected/Image_SetB295.jpg;PCOS/noninfected/Image_SetB296.jpg
Figshare,65ff1d52bb9fe148bf75d839140e2c38,6,1,PCOS/infected/Image_329.jpg;PCOS/infected/Image_330.jpg;PCOS/infected/Image_SETA_329.jpg;PCOS/infected/Image_SETA_330.jpg;PCOS/infected/Image_SETB_329.jpg;PCOS/infected/Image_SETB_330.jpg
Figshare,66039b3f2fa516f723d92cf4c940402d,2,1,PCOS/infected/image10779.jpg;PCOS/infected/image10976.jpg
Figshare,6635a555e47f4bb5e0f81d42dd162fcc,6,0,PCOS/noninfected/Image_361.jpg;PCOS/noninfected/Image_362.jpg;PCOS/noninfected/Image_SetA361.jpg;PCOS/noninfected/Image_SetA362.jpg;PCOS/noninfected/Image_SetB361.jpg;PCOS/noninfected/Image_SetB362.jpg
Figshare,666c0ddb24935f96aa5a0e222a07f3fd,2,1,PCOS/infected/image10801.jpg;PCOS/infected/image10998.jpg
Figshare,6674d888d89c19bd7946575b93a1afe0,6,1,PCOS/infected/Image_547.jpg;PCOS/infected/Image_548.jpg;PCOS/infected/Image_SETA_547.jpg;PCOS/infected/Image_SETA_548.jpg;PCOS/infected/Image_SETB_547.jpg;PCOS/infected/Image_SETB_548.jpg
Figshare,6679bff4c23f21c3287c3ad7e4e28c25,4,0,PCOS/noninfected/Image_resize_401.jpg;PCOS/noninfected/Image_resize_405.jpg;PCOS/noninfected/Image_resize_671  (255).jpg;PCOS/noninfected/Image_resize_671  (259).jpg
Figshare,6681d5109809acd8b1852c6371175f52,2,1,PCOS/infected/Image_Rotate_Rotate_Right_181.jpg;PCOS/infected/Image_Rotate_Rotate_Right_182.jpg
Figshare,66869ac73c9bc624f08a92d540419bae,8,0,PCOS/noninfected/Image_721.jpg;PCOS/noninfected/Image_722.jpg;PCOS/noninfected/Image_SetA721.jpg;PCOS/noninfected/Image_SetA722.jpg;PCOS/noninfected/Image_SetB721.jpg;PCOS/noninfected/Image_SetB722.jpg;PCOS/noninfected/Image_resize_671  (842).jpg;PCOS/noninfected/Image_resize_671  (843).jpg
Figshare,668c2f2c353dea8fc3787ef47f2a3e6c,8,0,PCOS/noninfected/Image_809.jpg;PCOS/noninfected/Image_810.jpg;PCOS/noninfected/Image_SetA809.jpg;PCOS/noninfected/Image_SetA810.jpg;PCOS/noninfected/Image_SetB809.jpg;PCOS/noninfected/Image_SetB810.jpg;PCOS/noninfected/Image_resize_671  (740).jpg;PCOS/noninfected/Image_resize_671  (764).jpg
Figshare,66fcee361fce1eff412e149bb3b08348,8,0,PCOS/noninfected/Image_553.jpg;PCOS/noninfected/Image_554.jpg;PCOS/noninfected/Image_SetA553.jpg;PCOS/noninfected/Image_SetA554.jpg;PCOS/noninfected/Image_SetB553.jpg;PCOS/noninfected/Image_SetB554.jpg;PCOS/noninfected/Image_resize_671  (1007).jpg;PCOS/noninfected/Image_resize_671  (1008).jpg
Figshare,6700946f39c3899e39209a9a83e839ab,6,0,PCOS/noninfected/Image_237.jpg;PCOS/noninfected/Image_238.jpg;PCOS/noninfected/Image_SetA237.jpg;PCOS/noninfected/Image_SetA238.jpg;PCOS/noninfected/Image_SetB237.jpg;PCOS/noninfected/Image_SetB238.jpg
Figshare,6704d337cedd56ced1cb0decfd1c28f0,6,1,PCOS/infected/Image_991.jpg;PCOS/infected/Image_992.jpg;PCOS/infected/Image_SETA_991.jpg;PCOS/infected/Image_SETA_992.jpg;PCOS/infected/Image_SETB_991.jpg;PCOS/infected/Image_SETB_992.jpg
Figshare,670d4b5cf1400ad524bac25c6f780b07,6,0,PCOS/noninfected/Image_329.jpg;PCOS/noninfected/Image_330.jpg;PCOS/noninfected/Image_SetA329.jpg;PCOS/noninfected/Image_SetA330.jpg;PCOS/noninfected/Image_SetB329.jpg;PCOS/noninfected/Image_SetB330.jpg
Figshare,675be830c2c5d54b8ee80fd96f5beb1f,4,0,PCOS/noninfected/Image_resize_436.jpg;PCOS/noninfected/Image_resize_440.jpg;PCOS/noninfected/Image_resize_671  (226).jpg;PCOS/noninfected/Image_resize_671  (230).jpg
Figshare,67722db318a98c6e4c9d1b38c54febb9,4,1,PCOS/infected/Image_resize_049.jpg;PCOS/infected/Image_resize_050.jpg;PCOS/infected/Image_resize_249.jpg;PCOS/infected/Image_resize_250.jpg
Figshare,679cfe4e60e1c08f628f2592eadfc39f,6,1,PCOS/infected/Image_149.jpg;PCOS/infected/Image_150.jpg;PCOS/infected/Image_SETA_149.jpg;PCOS/infected/Image_SETA_150.jpg;PCOS/infected/Image_SETB_149.jpg;PCOS/infected/Image_SETB_150.jpg
Figshare,67a01fd0eb8e0511c2a097ec2cb31ede,4,1,PCOS/infected/Image_Rotate_149.jpg;PCOS/infected/Image_Rotate_150.jpg;PCOS/infected/Image_Rotate_349.jpg;PCOS/infected/Image_Rotate_350.jpg
Figshare,67c3ac236088598e8e33a2490f26c0ae,2,1,PCOS/infected/Image_Rotate_Rotate_Right_345.jpg;PCOS/infected/Image_Rotate_Rotate_Right_346.jpg
Figshare,67c57c80aced13f454f1dcb3c480bd69,6,1,PCOS/infected/Image_783.jpg;PCOS/infected/Image_784.jpg;PCOS/infected/Image_SETA_783.jpg;PCOS/infected/Image_SETA_784.jpg;PCOS/infected/Image_SETB_783.jpg;PCOS/infected/Image_SETB_784.jpg
Figshare,67d050a5fd29a832874196fa34d38b42,6,1,PCOS/infected/Image_1017.jpg;PCOS/infected/Image_1018.jpg;PCOS/infected/Image_SETA_1017.jpg;PCOS/infected/Image_SETA_1018.jpg;PCOS/infected/Image_SETB_1017.jpg;PCOS/infected/Image_SETB_1018.jpg
Figshare,67de62d207f76eb0aa0a4c258f124dee,2,0,PCOS/noninfected/Image_resize_700.jpg;PCOS/noninfected/Image_resize_704.jpg
Figshare,67fbb253449f2aadf9a4fa05417761a3,2,0,PCOS/noninfected/Image_resize_756.jpg;PCOS/noninfected/Image_resize_760.jpg
Figshare,681396392790c4d3307cd3a08c6d9394,8,0,PCOS/noninfected/Image_923.jpg;PCOS/noninfected/Image_924.jpg;PCOS/noninfected/Image_SetA923.jpg;PCOS/noninfected/Image_SetA924.jpg;PCOS/noninfected/Image_SetB923.jpg;PCOS/noninfected/Image_SetB924.jpg;PCOS/noninfected/Image_resize_671  (640).jpg;PCOS/noninfected/Image_resize_671  (641).jpg
Figshare,6825e024dd4e0f45943076d82ef6a937,8,0,PCOS/noninfected/Image_617.jpg;PCOS/noninfected/Image_618.jpg;PCOS/noninfected/Image_SetA617.jpg;PCOS/noninfected/Image_SetA618.jpg;PCOS/noninfected/Image_SetB617.jpg;PCOS/noninfected/Image_SetB618.jpg;PCOS/noninfected/Image_resize_671  (949).jpg;PCOS/noninfected/Image_resize_671  (950).jpg
Figshare,682bfe5a554a943ef4b57d3c92329c9b,8,0,PCOS/noninfected/Image_549.jpg;PCOS/noninfected/Image_550.jpg;PCOS/noninfected/Image_SetA549.jpg;PCOS/noninfected/Image_SetA550.jpg;PCOS/noninfected/Image_SetB549.jpg;PCOS/noninfected/Image_SetB550.jpg;PCOS/noninfected/Image_resize_671  (1003).jpg;PCOS/noninfected/Image_resize_671  (1004).jpg
Figshare,682d80407e3f6074bffcbab6e12ff9b4,8,0,PCOS/noninfected/Image_resize_466.jpg;PCOS/noninfected/Image_resize_467.jpg;PCOS/noninfected/Image_resize_470.jpg;PCOS/noninfected/Image_resize_471.jpg;PCOS/noninfected/Image_resize_671  (185).jpg;PCOS/noninfected/Image_resize_671  (186).jpg;PCOS/noninfected/Image_resize_671  (189).jpg;PCOS/noninfected/Image_resize_671  (190).jpg
Figshare,686d3290438c7c2b67ce3b4c4a7a046e,6,0,PCOS/noninfected/Image_335.jpg;PCOS/noninfected/Image_336.jpg;PCOS/noninfected/Image_SetA335.jpg;PCOS/noninfected/Image_SetA336.jpg;PCOS/noninfected/Image_SetB335.jpg;PCOS/noninfected/Image_SetB336.jpg
Figshare,68bc543c9b6d6dc432bc845dc042f236,6,1,PCOS/infected/Image_579.jpg;PCOS/infected/Image_580.jpg;PCOS/infected/Image_SETA_579.jpg;PCOS/infected/Image_SETA_580.jpg;PCOS/infected/Image_SETB_579.jpg;PCOS/infected/Image_SETB_580.jpg
Figshare,68d05232e6fe9f3ff38ccac896920136,4,0,PCOS/noninfected/Image_resize_604.jpg;PCOS/noninfected/Image_resize_608.jpg;PCOS/noninfected/Image_resize_671  (58).jpg;PCOS/noninfected/Image_resize_671  (62).jpg
Figshare,68eb8503d98a5d273f923a94869a5f15,6,1,PCOS/infected/Image_561.jpg;PCOS/infected/Image_562.jpg;PCOS/infected/Image_SETA_561.jpg;PCOS/infected/Image_SETA_562.jpg;PCOS/infected/Image_SETB_561.jpg;PCOS/infected/Image_SETB_562.jpg
Figshare,68f654c69ab3f3d8e9ad3dc28ebad145,8,0,PCOS/noninfected/Image_resize_546.jpg;PCOS/noninfected/Image_resize_547.jpg;PCOS/noninfected/Image_resize_550.jpg;PCOS/noninfected/Image_resize_551.jpg;PCOS/noninfected/Image_resize_671  (100).jpg;PCOS/noninfected/Image_resize_671  (119).jpg;PCOS/noninfected/Image_resize_671  (120).jpg;PCOS/noninfected/Image_resize_671  (123).jpg
Figshare,69130a0d843a5070c311a774cac6309d,2,1,PCOS/infected/Image_Rotate_Rotate_Right_271.jpg;PCOS/infected/Image_Rotate_Rotate_Right_272.jpg
Figshare,691f175d7858ff298c60f27bd3f2d627,8,0,PCOS/noninfected/Image_669.jpg;PCOS/noninfected/Image_670.jpg;PCOS/noninfected/Image_SetA669.jpg;PCOS/noninfected/Image_SetA670.jpg;PCOS/noninfected/Image_SetB669.jpg;PCOS/noninfected/Image_SetB670.jpg;PCOS/noninfected/Image_resize_671  (882).jpg;PCOS/noninfected/Image_resize_671  (883).jpg
Figshare,695a8cc1388a1d5cc5176f00d27daa34,8,0,PCOS/noninfected/Image_resize_322.jpg;PCOS/noninfected/Image_resize_323.jpg;PCOS/noninfected/Image_resize_326.jpg;PCOS/noninfected/Image_resize_327.jpg;PCOS/noninfected/Image_resize_671  (326).jpg;PCOS/noninfected/Image_resize_671  (327).jpg;PCOS/noninfected/Image_resize_671  (345).jpg;PCOS/noninfected/Image_resize_671  (346).jpg
Figshare,696f72516f6f1ba1d97ca80784dcb098,4,1,PCOS/infected/Image_resize_031.jpg;PCOS/infected/Image_resize_032.jpg;PCOS/infected/Image_resize_231.jpg;PCOS/infected/Image_resize_232.jpg
Figshare,69b079a33827784aab6f3889f78cbf36,2,1,PCOS/infected/image10774.jpg;PCOS/infected/image10971.jpg
Figshare,69bdc572bf209ac4920ec22adecb2a41,4,0,PCOS/noninfected/Image_resize_177.jpg;PCOS/noninfected/Image_resize_181.jpg;PCOS/noninfected/Image_resize_671  (379).jpg;PCOS/noninfected/Image_resize_671  (383).jpg
Figshare,69d2fbd5caac4184f029f6a445c8bd0d,6,1,PCOS/infected/Image_603.jpg;PCOS/infected/Image_604.jpg;PCOS/infected/Image_SETA_603.jpg;PCOS/infected/Image_SETA_604.jpg;PCOS/infected/Image_SETB_603.jpg;PCOS/infected/Image_SETB_604.jpg
Figshare,6a40b728297a2bf244b164994bd51625,4,0,PCOS/noninfected/Image_resize_449.jpg;PCOS/noninfected/Image_resize_453.jpg;PCOS/noninfected/Image_resize_671  (215).jpg;PCOS/noninfected/Image_resize_671  (219).jpg
Figshare,6a782fe11c77883395b4cfdc0afc4e2c,2,1,PCOS/infected/Image_Rotate_Rotate_Right_343.jpg;PCOS/infected/Image_Rotate_Rotate_Right_344.jpg
Figshare,6aa55b0ae32d05972f63f732e240082e,8,0,PCOS/noninfected/Image_739.jpg;PCOS/noninfected/Image_740.jpg;PCOS/noninfected/Image_SetA739.jpg;PCOS/noninfected/Image_SetA740.jpg;PCOS/noninfected/Image_SetB739.jpg;PCOS/noninfected/Image_SetB740.jpg;PCOS/noninfected/Image_resize_671  (811).jpg;PCOS/noninfected/Image_resize_671  (812).jpg
Figshare,6abbfe957ac26c7dffce877ef8923f4c,2,1,PCOS/infected/Image_Rotate_Rotate_Right_111.jpg;PCOS/infected/Image_Rotate_Rotate_Right_112.jpg
Figshare,6af8056ef36d5d41729e4c4bc3d9f6ff,2,1,PCOS/infected/image10886.jpg;PCOS/infected/image11083.jpg
Figshare,6b00a3ca4c46b485c041907fe6aa08bc,8,0,PCOS/noninfected/Image_759.jpg;PCOS/noninfected/Image_760.jpg;PCOS/noninfected/Image_SetA759.jpg;PCOS/noninfected/Image_SetA760.jpg;PCOS/noninfected/Image_SetB759.jpg;PCOS/noninfected/Image_SetB760.jpg;PCOS/noninfected/Image_resize_671  (807).jpg;PCOS/noninfected/Image_resize_671  (808).jpg
Figshare,6b00af052b10f90318a3135d4d12fee7,8,0,PCOS/noninfected/Image_531.jpg;PCOS/noninfected/Image_532.jpg;PCOS/noninfected/Image_SetA531.jpg;PCOS/noninfected/Image_SetA532.jpg;PCOS/noninfected/Image_SetB531.jpg;PCOS/noninfected/Image_SetB532.jpg;PCOS/noninfected/Image_resize_671  (1033).jpg;PCOS/noninfected/Image_resize_671  (1034).jpg
Figshare,6b4d125ffdcca4ed31eee1aeb2bcba18,6,1,PCOS/infected/Image_089.jpg;PCOS/infected/Image_090.jpg;PCOS/infected/Image_SETA_089.jpg;PCOS/infected/Image_SETA_090.jpg;PCOS/infected/Image_SETB_089.jpg;PCOS/infected/Image_SETB_090.jpg
Figshare,6b8898e14f615f0c06abf403279c3433,4,1,PCOS/infected/Image_resize_005.jpg;PCOS/infected/Image_resize_006.jpg;PCOS/infected/Image_resize_205.jpg;PCOS/infected/Image_resize_206.jpg
Figshare,6ba1c59b64338eb39c73d441fd7b0df0,2,1,PCOS/infected/image11385.jpg;PCOS/infected/image13019.jpg
Figshare,6bbd319fee12a6729dd315074bbbbb32,4,0,PCOS/noninfected/Image_resize_385.jpg;PCOS/noninfected/Image_resize_389.jpg;PCOS/noninfected/Image_resize_671  (262).jpg;PCOS/noninfected/Image_resize_671  (266).jpg
Figshare,6bc974428926e0594d88cc93f4eb806c,8,0,PCOS/noninfected/Image_577.jpg;PCOS/noninfected/Image_578.jpg;PCOS/noninfected/Image_SetA577.jpg;PCOS/noninfected/Image_SetA578.jpg;PCOS/noninfected/Image_SetB577.jpg;PCOS/noninfected/Image_SetB578.jpg;PCOS/noninfected/Image_resize_671  (982).jpg;PCOS/noninfected/Image_resize_671  (983).jpg
Figshare,6be679ccbd2b110726917a94e5bfb9cd,6,1,PCOS/infected/Image_1005.jpg;PCOS/infected/Image_1006.jpg;PCOS/infected/Image_SETA_1005.jpg;PCOS/infected/Image_SETA_1006.jpg;PCOS/infected/Image_SETB_1005.jpg;PCOS/infected/Image_SETB_1006.jpg
Figshare,6c2838f563f8b6465a3728e50ee74fe2,2,1,PCOS/infected/image10775.jpg;PCOS/infected/image10972.jpg
Figshare,6c2fce673fe029c0688b1201b4acba67,6,0,PCOS/noninfected/Image_321.jpg;PCOS/noninfected/Image_322.jpg;PCOS/noninfected/Image_SetA321.jpg;PCOS/noninfected/Image_SetA322.jpg;PCOS/noninfected/Image_SetB321.jpg;PCOS/noninfected/Image_SetB322.jpg
Figshare,6c3e07dad7a5745f629f148c1042b224,2,1,PCOS/infected/image10749.jpg;PCOS/infected/image10946.jpg
Figshare,6c40186942a4bb1ba568ae89ee972afd,4,0,PCOS/noninfected/Image_resize_601.jpg;PCOS/noninfected/Image_resize_605.jpg;PCOS/noninfected/Image_resize_671  (55).jpg;PCOS/noninfected/Image_resize_671  (59).jpg
Figshare,6c42df7fe8ba24333854741b2bf67367,2,1,PCOS/infected/image10819.jpg;PCOS/infected/image11016.jpg
Figshare,6c87f8b18dc9a0f40833c177fe1ffc16,6,1,PCOS/infected/Image_507.jpg;PCOS/infected/Image_508.jpg;PCOS/infected/Image_SETA_507.jpg;PCOS/infected/Image_SETA_508.jpg;PCOS/infected/Image_SETB_507.jpg;PCOS/infected/Image_SETB_508.jpg
Figshare,6c88d10782ef19f041b577f2aa75e7e9,4,1,PCOS/infected/Image_resize_159.jpg;PCOS/infected/Image_resize_160.jpg;PCOS/infected/Image_resize_359.jpg;PCOS/infected/Image_resize_360.jpg
Figshare,6c895da7626c8a03fcc9d85754e54866,6,1,PCOS/infected/Image_821.jpg;PCOS/infected/Image_822.jpg;PCOS/infected/Image_SETA_821.jpg;PCOS/infected/Image_SETA_822.jpg;PCOS/infected/Image_SETB_821.jpg;PCOS/infected/Image_SETB_822.jpg
Figshare,6cb1ca3612d6835b1b442fe763122ee4,4,1,PCOS/infected/Image_resize_133.jpg;PCOS/infected/Image_resize_134.jpg;PCOS/infected/Image_resize_333.jpg;PCOS/infected/Image_resize_334.jpg
Figshare,6ce78bb1e5f1c0d74d5f42a1471bacd1,2,1,PCOS/infected/Image_Rotate_Rotate_Right_019.jpg;PCOS/infected/Image_Rotate_Rotate_Right_020.jpg
Figshare,6ce8f8d61111be3498d99dfedc1f6bb6,6,0,PCOS/noninfected/Image_167.jpg;PCOS/noninfected/Image_168.jpg;PCOS/noninfected/Image_SetA167.jpg;PCOS/noninfected/Image_SetA168.jpg;PCOS/noninfected/Image_SetB167.jpg;PCOS/noninfected/Image_SetB168.jpg
Figshare,6cf1ebd256c1d272f263dfa76308a234,8,0,PCOS/noninfected/Image_849.jpg;PCOS/noninfected/Image_850.jpg;PCOS/noninfected/Image_SetA849.jpg;PCOS/noninfected/Image_SetA850.jpg;PCOS/noninfected/Image_SetB849.jpg;PCOS/noninfected/Image_SetB850.jpg;PCOS/noninfected/Image_resize_671  (708).jpg;PCOS/noninfected/Image_resize_671  (709).jpg
Figshare,6d0c109f048e2c346ca879d8432f9d01,8,0,PCOS/noninfected/Image_471.jpg;PCOS/noninfected/Image_472.jpg;PCOS/noninfected/Image_SetA471.jpg;PCOS/noninfected/Image_SetA472.jpg;PCOS/noninfected/Image_SetB471.jpg;PCOS/noninfected/Image_SetB472.jpg;PCOS/noninfected/Image_resize_671  (1102).jpg;PCOS/noninfected/Image_resize_671  (1103).jpg
Figshare,6d0cbd04e0874cf9dd0441ab9664fefd,2,0,PCOS/noninfected/Image_resize_268.jpg;PCOS/noninfected/Image_resize_272.jpg
Figshare,6d2f5f419146d93eed3b669c53f2f4c7,4,1,PCOS/infected/Image_Rotate_047.jpg;PCOS/infected/Image_Rotate_048.jpg;PCOS/infected/Image_Rotate_247.jpg;PCOS/infected/Image_Rotate_248.jpg
Figshare,6d48e3a1cd6a0e7fd61a856f02d8c448,6,1,PCOS/infected/Image_503.jpg;PCOS/infected/Image_504.jpg;PCOS/infected/Image_SETA_503.jpg;PCOS/infected/Image_SETA_504.jpg;PCOS/infected/Image_SETB_503.jpg;PCOS/infected/Image_SETB_504.jpg
Figshare,6d4c161f12511931dfd2eef36f137c4f,6,1,PCOS/infected/Image_337.jpg;PCOS/infected/Image_338.jpg;PCOS/infected/Image_SETA_337.jpg;PCOS/infected/Image_SETA_338.jpg;PCOS/infected/Image_SETB_337.jpg;PCOS/infected/Image_SETB_338.jpg
Figshare,6d65d2bbfa17a914302ac3d1efe68f32,2,1,PCOS/infected/Image_Rotate_Rotate_Right_219.jpg;PCOS/infected/Image_Rotate_Rotate_Right_220.jpg
Figshare,6d9d95e021a732cd1902bf96594c1d53,2,0,PCOS/noninfected/Image_resize_761.jpg;PCOS/noninfected/Image_resize_765.jpg
Figshare,6df93e3632a9a7638869626f4701e85c,6,1,PCOS/infected/Image_897.jpg;PCOS/infected/Image_898.jpg;PCOS/infected/Image_SETA_897.jpg;PCOS/infected/Image_SETA_898.jpg;PCOS/infected/Image_SETB_897.jpg;PCOS/infected/Image_SETB_898.jpg
Figshare,6e0bfac07f12fd7193b3334f470c2ed6,8,0,PCOS/noninfected/Image_713.jpg;PCOS/noninfected/Image_714.jpg;PCOS/noninfected/Image_SetA713.jpg;PCOS/noninfected/Image_SetA714.jpg;PCOS/noninfected/Image_SetB713.jpg;PCOS/noninfected/Image_SetB714.jpg;PCOS/noninfected/Image_resize_671  (857).jpg;PCOS/noninfected/Image_resize_671  (858).jpg
Figshare,6e116109da84d3e5a56ca527b6f3888f,6,0,PCOS/noninfected/Image_255.jpg;PCOS/noninfected/Image_256.jpg;PCOS/noninfected/Image_SetA255.jpg;PCOS/noninfected/Image_SetA256.jpg;PCOS/noninfected/Image_SetB255.jpg;PCOS/noninfected/Image_SetB256.jpg
Figshare,6e7d62dc40a7c708a934625a69830bf0,4,1,PCOS/infected/Image_resize_175.jpg;PCOS/infected/Image_resize_176.jpg;PCOS/infected/Image_resize_375.jpg;PCOS/infected/Image_resize_376.jpg
Figshare,6e7ed2e4987d35b453c2fe440379d256,8,0,PCOS/noninfected/Image_917.jpg;PCOS/noninfected/Image_918.jpg;PCOS/noninfected/Image_SetA917.jpg;PCOS/noninfected/Image_SetA918.jpg;PCOS/noninfected/Image_SetB917.jpg;PCOS/noninfected/Image_SetB918.jpg;PCOS/noninfected/Image_resize_671  (634).jpg;PCOS/noninfected/Image_resize_671  (635).jpg
Figshare,6e828b7b3c2a2ce7543d058d7d204f5d,2,1,PCOS/infected/Image_Rotate_Rotate_Right_081.jpg;PCOS/infected/Image_Rotate_Rotate_Right_082.jpg
Figshare,6e9bab7023d04f2a501a95c033bb542f,4,0,PCOS/noninfected/Image_resize_441.jpg;PCOS/noninfected/Image_resize_445.jpg;PCOS/noninfected/Image_resize_671  (211).jpg;PCOS/noninfected/Image_resize_671  (231).jpg
Figshare,6ea50b55539a23fe8e6938ac4cf42ac8,2,1,PCOS/infected/Image_Rotate_Rotate_Right_027.jpg;PCOS/infected/Image_Rotate_Rotate_Right_028.jpg
Figshare,6ea878286d46a0e94d382d85f62f609c,8,0,PCOS/noninfected/Image_711.jpg;PCOS/noninfected/Image_712.jpg;PCOS/noninfected/Image_SetA711.jpg;PCOS/noninfected/Image_SetA712.jpg;PCOS/noninfected/Image_SetB711.jpg;PCOS/noninfected/Image_SetB712.jpg;PCOS/noninfected/Image_resize_671  (855).jpg;PCOS/noninfected/Image_resize_671  (856).jpg
Figshare,6eb8aefaf83cadf34ad69244184b0749,2,1,PCOS/infected/image10767.jpg;PCOS/infected/image10964.jpg
Figshare,6ecfd36b815e4df818151fd2c2b27cc8,6,1,PCOS/infected/Image_605.jpg;PCOS/infected/Image_606.jpg;PCOS/infected/Image_SETA_605.jpg;PCOS/infected/Image_SETA_606.jpg;PCOS/infected/Image_SETB_605.jpg;PCOS/infected/Image_SETB_606.jpg
Figshare,6ed1f89f2c1bec6b8d944aee35f9cf88,6,1,PCOS/infected/Image_839.jpg;PCOS/infected/Image_840.jpg;PCOS/infected/Image_SETA_839.jpg;PCOS/infected/Image_SETA_840.jpg;PCOS/infected/Image_SETB_839.jpg;PCOS/infected/Image_SETB_840.jpg
Figshare,6edfaf63ae2ac6853b54a58bd73435ba,8,0,PCOS/noninfected/Image_819.jpg;PCOS/noninfected/Image_820.jpg;PCOS/noninfected/Image_SetA819.jpg;PCOS/noninfected/Image_SetA820.jpg;PCOS/noninfected/Image_SetB819.jpg;PCOS/noninfected/Image_SetB820.jpg;PCOS/noninfected/Image_resize_671  (749).jpg;PCOS/noninfected/Image_resize_671  (750).jpg
Figshare,6ee9e5f040fc37cde956b7f9842e8ac5,6,0,PCOS/noninfected/Image_309.jpg;PCOS/noninfected/Image_310.jpg;PCOS/noninfected/Image_SetA309.jpg;PCOS/noninfected/Image_SetA310.jpg;PCOS/noninfected/Image_SetB309.jpg;PCOS/noninfected/Image_SetB310.jpg
Figshare,6ee9ea4bc6ca09fc200edf3ae35732d6,8,0,PCOS/noninfected/Image_867.jpg;PCOS/noninfected/Image_868.jpg;PCOS/noninfected/Image_SetA867.jpg;PCOS/noninfected/Image_SetA868.jpg;PCOS/noninfected/Image_SetB867.jpg;PCOS/noninfected/Image_SetB868.jpg;PCOS/noninfected/Image_resize_671  (703).jpg;PCOS/noninfected/Image_resize_671  (704).jpg
Figshare,6f03778b1225edcd6d014f65efb0d2cf,6,0,PCOS/noninfected/Image_199.jpg;PCOS/noninfected/Image_200.jpg;PCOS/noninfected/Image_SetA199.jpg;PCOS/noninfected/Image_SetA200.jpg;PCOS/noninfected/Image_SetB199.jpg;PCOS/noninfected/Image_SetB200.jpg
Figshare,6f1b040172fec910d3e496a36b8bc342,2,1,PCOS/infected/image10902.jpg;PCOS/infected/image11103.jpg
Figshare,6f1e2c6f33223cde9cb6c9efe746bc37,2,1,PCOS/infected/image10825.jpg;PCOS/infected/image11022.jpg
Figshare,6fb33ce58145b43a9f07d3006b9e1702,2,1,PCOS/infected/image11688.jpg;PCOS/infected/image12015.jpg
Figshare,6ff76ed80fca8f5ebde05141304ee0a3,6,0,PCOS/noninfected/Image_399.jpg;PCOS/noninfected/Image_400.jpg;PCOS/noninfected/Image_SetA399.jpg;PCOS/noninfected/Image_SetA400.jpg;PCOS/noninfected/Image_SetB399.jpg;PCOS/noninfected/Image_SetB400.jpg
Figshare,701ad6515869e497ae8332d03f94bff7,6,1,PCOS/infected/Image_483.jpg;PCOS/infected/Image_484.jpg;PCOS/infected/Image_SETA_483.jpg;PCOS/infected/Image_SETA_484.jpg;PCOS/infected/Image_SETB_483.jpg;PCOS/infected/Image_SETB_484.jpg
Figshare,701f3665bfc9cfac5cf198a1819fd18f,6,1,PCOS/infected/Image_945.jpg;PCOS/infected/Image_946.jpg;PCOS/infected/Image_SETA_945.jpg;PCOS/infected/Image_SETA_946.jpg;PCOS/infected/Image_SETB_945.jpg;PCOS/infected/Image_SETB_946.jpg
Figshare,7031525e8c65e10486374c64788fa7dc,6,1,PCOS/infected/Image_567.jpg;PCOS/infected/Image_568.jpg;PCOS/infected/Image_SETA_567.jpg;PCOS/infected/Image_SETA_568.jpg;PCOS/infected/Image_SETB_567.jpg;PCOS/infected/Image_SETB_568.jpg
Figshare,704fdf581738f2b0d306c112144288a0,2,0,PCOS/noninfected/Image_resize_201.jpg;PCOS/noninfected/Image_resize_205.jpg
Figshare,705e19cd69e1d2a56f224a801d5383a1,2,1,PCOS/infected/image11355.jpg;PCOS/infected/image12988.jpg
Figshare,7077ac35c612a1388da9cfa10ee9542e,2,1,PCOS/infected/image10923.jpg;PCOS/infected/image11124.jpg
Figshare,70b79aa2f22b08a9d406f0e76ce2988b,4,1,PCOS/infected/Image_Rotate_035.jpg;PCOS/infected/Image_Rotate_036.jpg;PCOS/infected/Image_Rotate_235.jpg;PCOS/infected/Image_Rotate_236.jpg
Figshare,70e368179dab82e751ee1e7bef0169eb,6,0,PCOS/noninfected/Image_045.jpg;PCOS/noninfected/Image_046.jpg;PCOS/noninfected/Image_SetA045.jpg;PCOS/noninfected/Image_SetA046.jpg;PCOS/noninfected/Image_SetB045.jpg;PCOS/noninfected/Image_SetB046.jpg
Figshare,70eac547f085c76c38bdc1861102d543,4,1,PCOS/infected/Image_resize_143.jpg;PCOS/infected/Image_resize_144.jpg;PCOS/infected/Image_resize_343.jpg;PCOS/infected/Image_resize_344.jpg
Figshare,710ec2a509b074759b19981ba3d9b822,8,0,PCOS/noninfected/Image_645.jpg;PCOS/noninfected/Image_646.jpg;PCOS/noninfected/Image_SetA645.jpg;PCOS/noninfected/Image_SetA646.jpg;PCOS/noninfected/Image_SetB645.jpg;PCOS/noninfected/Image_SetB646.jpg;PCOS/noninfected/Image_resize_671  (907).jpg;PCOS/noninfected/Image_resize_671  (908).jpg
Figshare,7121c6252b2a2df85508bdfc32c89793,8,0,PCOS/noninfected/Image_845.jpg;PCOS/noninfected/Image_846.jpg;PCOS/noninfected/Image_SetA845.jpg;PCOS/noninfected/Image_SetA846.jpg;PCOS/noninfected/Image_SetB845.jpg;PCOS/noninfected/Image_SetB846.jpg;PCOS/noninfected/Image_resize_671  (705).jpg;PCOS/noninfected/Image_resize_671  (727).jpg
Figshare,7123430f38da1bfe4a27884446560589,3,1,PCOS/infected/image10777.jpg;PCOS/infected/image10974.jpg;PCOS/infected/image12625.jpg
Figshare,7128e3174425a097db3117d4242ee0e9,6,1,PCOS/infected/Image_793.jpg;PCOS/infected/Image_794.jpg;PCOS/infected/Image_SETA_793.jpg;PCOS/infected/Image_SETA_794.jpg;PCOS/infected/Image_SETB_793.jpg;PCOS/infected/Image_SETB_794.jpg
Figshare,717fbfb5a4e5107bdc639a64cb186629,6,0,PCOS/noninfected/Image_189.jpg;PCOS/noninfected/Image_190.jpg;PCOS/noninfected/Image_SetA189.jpg;PCOS/noninfected/Image_SetA190.jpg;PCOS/noninfected/Image_SetB189.jpg;PCOS/noninfected/Image_SetB190.jpg
Figshare,71932c1d9e82eb5f389720f971075475,6,0,PCOS/noninfected/Image_053.jpg;PCOS/noninfected/Image_054.jpg;PCOS/noninfected/Image_SetA053.jpg;PCOS/noninfected/Image_SetA054.jpg;PCOS/noninfected/Image_SetB053.jpg;PCOS/noninfected/Image_SetB054.jpg
Figshare,719480025831e79e69830efa2d07ff64,2,1,PCOS/infected/Image_Rotate_Rotate_Right_051.jpg;PCOS/infected/Image_Rotate_Rotate_Right_052.jpg
Figshare,71a8bdbca154133be39905e7070eeec8,6,1,PCOS/infected/Image_463.jpg;PCOS/infected/Image_464.jpg;PCOS/infected/Image_SETA_463.jpg;PCOS/infected/Image_SETA_464.jpg;PCOS/infected/Image_SETB_463.jpg;PCOS/infected/Image_SETB_464.jpg
Figshare,71c1d7122406526d4bf478c70bebc7e0,6,1,PCOS/infected/Image_071.jpg;PCOS/infected/Image_072.jpg;PCOS/infected/Image_SETA_071.jpg;PCOS/infected/Image_SETA_072.jpg;PCOS/infected/Image_SETB_071.jpg;PCOS/infected/Image_SETB_072.jpg
Figshare,71e3c6e53c18c2ca179a893ea6a3b24a,2,1,PCOS/infected/Image_Rotate_Rotate_Right_361.jpg;PCOS/infected/Image_Rotate_Rotate_Right_362.jpg
Figshare,71e6f66bd7884636a65cf62f5dc5d1da,6,0,PCOS/noninfected/Image_001.jpg;PCOS/noninfected/Image_002.jpg;PCOS/noninfected/Image_SetA001.jpg;PCOS/noninfected/Image_SetA002.jpg;PCOS/noninfected/Image_SetB001.jpg;PCOS/noninfected/Image_SetB002.jpg
Figshare,71f645432001b6139089f275ab95d342,8,0,PCOS/noninfected/Image_899.jpg;PCOS/noninfected/Image_900.jpg;PCOS/noninfected/Image_SetA899.jpg;PCOS/noninfected/Image_SetA900.jpg;PCOS/noninfected/Image_SetB899.jpg;PCOS/noninfected/Image_SetB900.jpg;PCOS/noninfected/Image_resize_671  (663).jpg;PCOS/noninfected/Image_resize_671  (664).jpg
Figshare,720a147e4ebed2446603d35ebdd75e42,4,0,PCOS/noninfected/Image_resize_521.jpg;PCOS/noninfected/Image_resize_525.jpg;PCOS/noninfected/Image_resize_671  (144).jpg;PCOS/noninfected/Image_resize_671  (148).jpg
Figshare,72168443b981c5ee6a72efb7b0a7ad25,6,1,PCOS/infected/Image_183.jpg;PCOS/infected/Image_184.jpg;PCOS/infected/Image_SETA_183.jpg;PCOS/infected/Image_SETA_184.jpg;PCOS/infected/Image_SETB_183.jpg;PCOS/infected/Image_SETB_184.jpg
Figshare,72222bed2c3debdaf7f97f8c5bd5e34c,6,0,PCOS/noninfected/Image_395.jpg;PCOS/noninfected/Image_396.jpg;PCOS/noninfected/Image_SetA395.jpg;PCOS/noninfected/Image_SetA396.jpg;PCOS/noninfected/Image_SetB395.jpg;PCOS/noninfected/Image_SetB396.jpg
Figshare,72238350775b8a847a864103afe1fd82,6,1,PCOS/infected/Image_743.jpg;PCOS/infected/Image_744.jpg;PCOS/infected/Image_SETA_743.jpg;PCOS/infected/Image_SETA_744.jpg;PCOS/infected/Image_SETB_743.jpg;PCOS/infected/Image_SETB_744.jpg
Figshare,723487c9bd291e3010c872a66736b603,6,1,PCOS/infected/Image_993.jpg;PCOS/infected/Image_994.jpg;PCOS/infected/Image_SETA_993.jpg;PCOS/infected/Image_SETA_994.jpg;PCOS/infected/Image_SETB_993.jpg;PCOS/infected/Image_SETB_994.jpg
Figshare,72a5eb662046367a903c5b963e63fc8a,6,1,PCOS/infected/Image_621.jpg;PCOS/infected/Image_622.jpg;PCOS/infected/Image_SETA_621.jpg;PCOS/infected/Image_SETA_622.jpg;PCOS/infected/Image_SETB_621.jpg;PCOS/infected/Image_SETB_622.jpg
Figshare,72b16986c99f446ca1dc56908f9a4a22,4,1,PCOS/infected/Image_resize_017.jpg;PCOS/infected/Image_resize_018.jpg;PCOS/infected/Image_resize_217.jpg;PCOS/infected/Image_resize_218.jpg
Figshare,72b528c4cbbadb7c99e5ebc2ff379c03,4,0,PCOS/noninfected/Image_resize_513.jpg;PCOS/noninfected/Image_resize_517.jpg;PCOS/noninfected/Image_resize_671  (140).jpg;PCOS/noninfected/Image_resize_671  (160).jpg
Figshare,72d6e39ddc8940b537d6d3f84d25b86e,8,0,PCOS/noninfected/Image_907.jpg;PCOS/noninfected/Image_908.jpg;PCOS/noninfected/Image_SetA907.jpg;PCOS/noninfected/Image_SetA908.jpg;PCOS/noninfected/Image_SetB907.jpg;PCOS/noninfected/Image_SetB908.jpg;PCOS/noninfected/Image_resize_671  (647).jpg;PCOS/noninfected/Image_resize_671  (648).jpg
Figshare,72ee12001eef9ab032cb7ecc4d47ae94,6,1,PCOS/infected/Image_969.jpg;PCOS/infected/Image_970.jpg;PCOS/infected/Image_SETA_969.jpg;PCOS/infected/Image_SETA_970.jpg;PCOS/infected/Image_SETB_969.jpg;PCOS/infected/Image_SETB_970.jpg
Figshare,72eedfc91c4cb0e45e951d933b5ca6e5,6,1,PCOS/infected/Image_985.jpg;PCOS/infected/Image_986.jpg;PCOS/infected/Image_SETA_985.jpg;PCOS/infected/Image_SETA_986.jpg;PCOS/infected/Image_SETB_985.jpg;PCOS/infected/Image_SETB_986.jpg
Figshare,72ef26f92f0f7b26e28bf87ce90c848b,6,0,PCOS/noninfected/Image_123.jpg;PCOS/noninfected/Image_124.jpg;PCOS/noninfected/Image_SetA123.jpg;PCOS/noninfected/Image_SetA124.jpg;PCOS/noninfected/Image_SetB123.jpg;PCOS/noninfected/Image_SetB124.jpg
Figshare,736c46413c2ddf0f8fd9593eb907e6b2,6,0,PCOS/noninfected/Image_155.jpg;PCOS/noninfected/Image_156.jpg;PCOS/noninfected/Image_SetA155.jpg;PCOS/noninfected/Image_SetA156.jpg;PCOS/noninfected/Image_SetB155.jpg;PCOS/noninfected/Image_SetB156.jpg
Figshare,73b19fec6a42b896c026f44893a2ab1f,6,0,PCOS/noninfected/Image_133.jpg;PCOS/noninfected/Image_134.jpg;PCOS/noninfected/Image_SetA133.jpg;PCOS/noninfected/Image_SetA134.jpg;PCOS/noninfected/Image_SetB133.jpg;PCOS/noninfected/Image_SetB134.jpg
Figshare,73ba9ed9f07763536567e480d283c415,8,0,PCOS/noninfected/Image_797.jpg;PCOS/noninfected/Image_798.jpg;PCOS/noninfected/Image_SetA797.jpg;PCOS/noninfected/Image_SetA798.jpg;PCOS/noninfected/Image_SetB797.jpg;PCOS/noninfected/Image_SetB798.jpg;PCOS/noninfected/Image_resize_671  (752).jpg;PCOS/noninfected/Image_resize_671  (753).jpg
Figshare,740175d343cde985e6ca6b4573993780,4,0,PCOS/noninfected/Image_resize_561.jpg;PCOS/noninfected/Image_resize_565.jpg;PCOS/noninfected/Image_resize_671  (110).jpg;PCOS/noninfected/Image_resize_671  (90).jpg
Figshare,7411f89b057947d9c02c0d4f00e9a910,2,1,PCOS/infected/image10809.jpg;PCOS/infected/image11006.jpg
Figshare,7415e1000a6ae15096c91365513b1d5e,2,1,PCOS/infected/image10796.jpg;PCOS/infected/image10993.jpg
Figshare,743ed2ae4a8127e81417b7962cfea070,4,0,PCOS/noninfected/Image_resize_290.jpg;PCOS/noninfected/Image_resize_291.jpg;PCOS/noninfected/Image_resize_294.jpg;PCOS/noninfected/Image_resize_295.jpg
Figshare,749b001ebaa6865f9a42174d96a2b288,6,1,PCOS/infected/Image_025.jpg;PCOS/infected/Image_026.jpg;PCOS/infected/Image_SETA_025.jpg;PCOS/infected/Image_SETA_026.jpg;PCOS/infected/Image_SETB_025.jpg;PCOS/infected/Image_SETB_026.jpg
Figshare,74b155f672784687b1d6ec200d0a0450,6,1,PCOS/infected/Image_345.jpg;PCOS/infected/Image_346.jpg;PCOS/infected/Image_SETA_345.jpg;PCOS/infected/Image_SETA_346.jpg;PCOS/infected/Image_SETB_345.jpg;PCOS/infected/Image_SETB_346.jpg
Figshare,74b208e170ff877ff58b0b78c7fb5c20,2,0,PCOS/noninfected/Image_resize_713.jpg;PCOS/noninfected/Image_resize_717.jpg
Figshare,7509c014377f08306ac1e76dae8e8b7a,8,0,PCOS/noninfected/Image_687.jpg;PCOS/noninfected/Image_688.jpg;PCOS/noninfected/Image_SetA687.jpg;PCOS/noninfected/Image_SetA688.jpg;PCOS/noninfected/Image_SetB687.jpg;PCOS/noninfected/Image_SetB688.jpg;PCOS/noninfected/Image_resize_671  (877).jpg;PCOS/noninfected/Image_resize_671  (878).jpg
Figshare,750f7875d1e445c1dc3a2a4828a01a8a,6,0,PCOS/noninfected/Image_049.jpg;PCOS/noninfected/Image_050.jpg;PCOS/noninfected/Image_SetA049.jpg;PCOS/noninfected/Image_SetA050.jpg;PCOS/noninfected/Image_SetB049.jpg;PCOS/noninfected/Image_SetB050.jpg
Figshare,7519b19aff51db04836f10c707696a64,6,0,PCOS/noninfected/Image_287.jpg;PCOS/noninfected/Image_288.jpg;PCOS/noninfected/Image_SetA287.jpg;PCOS/noninfected/Image_SetA288.jpg;PCOS/noninfected/Image_SetB287.jpg;PCOS/noninfected/Image_SetB288.jpg
Figshare,75a0d383110ce357f02de09b2ed28c6a,6,1,PCOS/infected/Image_213.jpg;PCOS/infected/Image_214.jpg;PCOS/infected/Image_SETA_213.jpg;PCOS/infected/Image_SETA_214.jpg;PCOS/infected/Image_SETB_213.jpg;PCOS/infected/Image_SETB_214.jpg
Figshare,75db029796c54ed278e743ae6a37a6c2,6,1,PCOS/infected/Image_961.jpg;PCOS/infected/Image_962.jpg;PCOS/infected/Image_SETA_961.jpg;PCOS/infected/Image_SETA_962.jpg;PCOS/infected/Image_SETB_961.jpg;PCOS/infected/Image_SETB_962.jpg
Figshare,76103e6748ad04a989060f2b9bd5ef01,2,0,PCOS/noninfected/Image_resize_780.jpg;PCOS/noninfected/Image_resize_784.jpg
Figshare,7637cef8236f25ef85d4cb0c43d57dde,6,1,PCOS/infected/Image_989.jpg;PCOS/infected/Image_990.jpg;PCOS/infected/Image_SETA_989.jpg;PCOS/infected/Image_SETA_990.jpg;PCOS/infected/Image_SETB_989.jpg;PCOS/infected/Image_SETB_990.jpg
Figshare,7665c1cbb528dda48e8709ffa57899c2,6,0,PCOS/noninfected/Image_223.jpg;PCOS/noninfected/Image_224.jpg;PCOS/noninfected/Image_SetA223.jpg;PCOS/noninfected/Image_SetA224.jpg;PCOS/noninfected/Image_SetB223.jpg;PCOS/noninfected/Image_SetB224.jpg
Figshare,767e6e96843d99a54fb0b55e4c148d6d,6,0,PCOS/noninfected/Image_257.jpg;PCOS/noninfected/Image_258.jpg;PCOS/noninfected/Image_SetA257.jpg;PCOS/noninfected/Image_SetA258.jpg;PCOS/noninfected/Image_SetB257.jpg;PCOS/noninfected/Image_SetB258.jpg
Figshare,76828c3b3cfc073f0a7b50132f252b8e,8,0,PCOS/noninfected/Image_resize_426.jpg;PCOS/noninfected/Image_resize_427.jpg;PCOS/noninfected/Image_resize_430.jpg;PCOS/noninfected/Image_resize_431.jpg;PCOS/noninfected/Image_resize_671  (220).jpg;PCOS/noninfected/Image_resize_671  (221).jpg;PCOS/noninfected/Image_resize_671  (241).jpg;PCOS/noninfected/Image_resize_671  (242).jpg
Figshare,76aa85e17982c53076b0e5bccbc29133,4,0,PCOS/noninfected/Image_resize_425.jpg;PCOS/noninfected/Image_resize_429.jpg;PCOS/noninfected/Image_resize_671  (240).jpg;PCOS/noninfected/Image_resize_671  (244).jpg
Figshare,7717a1fd388d5c5ec4b57f63d755238f,6,1,PCOS/infected/Image_599.jpg;PCOS/infected/Image_600.jpg;PCOS/infected/Image_SETA_599.jpg;PCOS/infected/Image_SETA_600.jpg;PCOS/infected/Image_SETB_599.jpg;PCOS/infected/Image_SETB_600.jpg
Figshare,771b71fdad559a55d708df757ced6803,2,1,PCOS/infected/image10872.jpg;PCOS/infected/image11069.jpg
Figshare,7723a186c898df53f65c2e3e9504fdd5,8,0,PCOS/noninfected/Image_639.jpg;PCOS/noninfected/Image_640.jpg;PCOS/noninfected/Image_SetA639.jpg;PCOS/noninfected/Image_SetA640.jpg;PCOS/noninfected/Image_SetB639.jpg;PCOS/noninfected/Image_SetB640.jpg;PCOS/noninfected/Image_resize_671  (924).jpg;PCOS/noninfected/Image_resize_671  (925).jpg
Figshare,77d77246169f932d57bd71b1f8ae9ebf,6,0,PCOS/noninfected/Image_095.jpg;PCOS/noninfected/Image_096.jpg;PCOS/noninfected/Image_SetA095.jpg;PCOS/noninfected/Image_SetA096.jpg;PCOS/noninfected/Image_SetB095.jpg;PCOS/noninfected/Image_SetB096.jpg
Figshare,77ddd83da4ccd3ff0811462e97c53074,6,1,PCOS/infected/Image_189.jpg;PCOS/infected/Image_190.jpg;PCOS/infected/Image_SETA_189.jpg;PCOS/infected/Image_SETA_190.jpg;PCOS/infected/Image_SETB_189.jpg;PCOS/infected/Image_SETB_190.jpg
Figshare,77ec41fb11af53f5755682269e125244,8,0,PCOS/noninfected/Image_873.jpg;PCOS/noninfected/Image_874.jpg;PCOS/noninfected/Image_SetA873.jpg;PCOS/noninfected/Image_SetA874.jpg;PCOS/noninfected/Image_SetB873.jpg;PCOS/noninfected/Image_SetB874.jpg;PCOS/noninfected/Image_resize_671  (685).jpg;PCOS/noninfected/Image_resize_671  (686).jpg
Figshare,784d6a2c725e80da3b649d0f1e84f7a2,4,0,PCOS/noninfected/Image_resize_164.jpg;PCOS/noninfected/Image_resize_168.jpg;PCOS/noninfected/Image_resize_671  (389).jpg;PCOS/noninfected/Image_resize_671  (393).jpg
Figshare,789187064386286922c51be8739999f0,4,1,PCOS/infected/Image_Rotate_091.jpg;PCOS/infected/Image_Rotate_092.jpg;PCOS/infected/Image_Rotate_291.jpg;PCOS/infected/Image_Rotate_292.jpg
Figshare,7896ea31024a4337be460199d685cb87,8,0,PCOS/noninfected/Image_601.jpg;PCOS/noninfected/Image_602.jpg;PCOS/noninfected/Image_SetA601.jpg;PCOS/noninfected/Image_SetA602.jpg;PCOS/noninfected/Image_SetB601.jpg;PCOS/noninfected/Image_SetB602.jpg;PCOS/noninfected/Image_resize_671  (957).jpg;PCOS/noninfected/Image_resize_671  (958).jpg
Figshare,78a451137f5b84a8672f0cad5a778de3,8,0,PCOS/noninfected/Image_589.jpg;PCOS/noninfected/Image_590.jpg;PCOS/noninfected/Image_SetA589.jpg;PCOS/noninfected/Image_SetA590.jpg;PCOS/noninfected/Image_SetB589.jpg;PCOS/noninfected/Image_SetB590.jpg;PCOS/noninfected/Image_resize_671  (969).jpg;PCOS/noninfected/Image_resize_671  (970).jpg
Figshare,78b001b543ba6bd0487a9cd34f6fb574,6,1,PCOS/infected/Image_251.jpg;PCOS/infected/Image_252.jpg;PCOS/infected/Image_SETA_251.jpg;PCOS/infected/Image_SETA_252.jpg;PCOS/infected/Image_SETB_251.jpg;PCOS/infected/Image_SETB_252.jpg
Figshare,78c3d40d40a3b6b45906006c21bb342e,8,0,PCOS/noninfected/Image_733.jpg;PCOS/noninfected/Image_734.jpg;PCOS/noninfected/Image_SetA733.jpg;PCOS/noninfected/Image_SetA734.jpg;PCOS/noninfected/Image_SetB733.jpg;PCOS/noninfected/Image_SetB734.jpg;PCOS/noninfected/Image_resize_671  (830).jpg;PCOS/noninfected/Image_resize_671  (831).jpg
Figshare,78e6e76ae7ba923bf48bc4060b886be7,8,0,PCOS/noninfected/Image_749.jpg;PCOS/noninfected/Image_750.jpg;PCOS/noninfected/Image_SetA749.jpg;PCOS/noninfected/Image_SetA750.jpg;PCOS/noninfected/Image_SetB749.jpg;PCOS/noninfected/Image_SetB750.jpg;PCOS/noninfected/Image_resize_671  (821).jpg;PCOS/noninfected/Image_resize_671  (822).jpg
Figshare,7934c4bed318a9b0c1a4fca7dce85b8b,2,1,PCOS/infected/Image_Rotate_Rotate_Right_365.jpg;PCOS/infected/Image_Rotate_Rotate_Right_366.jpg
Figshare,79574a0d523281be84a453008900ae6c,2,1,PCOS/infected/image10905.jpg;PCOS/infected/image11106.jpg
Figshare,795d24a43918787f02918bcf6a44844f,4,1,PCOS/infected/Image_resize_127.jpg;PCOS/infected/Image_resize_128.jpg;PCOS/infected/Image_resize_327.jpg;PCOS/infected/Image_resize_328.jpg
Figshare,796debb7d369bcb7e94f4cf6b67a021a,6,1,PCOS/infected/Image_921.jpg;PCOS/infected/Image_922.jpg;PCOS/infected/Image_SETA_921.jpg;PCOS/infected/Image_SETA_922.jpg;PCOS/infected/Image_SETB_921.jpg;PCOS/infected/Image_SETB_922.jpg
Figshare,7975a29e4bc6b1453d22d33b35e18fe5,6,0,PCOS/noninfected/Image_229.jpg;PCOS/noninfected/Image_230.jpg;PCOS/noninfected/Image_SetA229.jpg;PCOS/noninfected/Image_SetA230.jpg;PCOS/noninfected/Image_SetB229.jpg;PCOS/noninfected/Image_SetB230.jpg
Figshare,79c2cf01bbbb7eacb0ce2d25985fa447,6,1,PCOS/infected/Image_593.jpg;PCOS/infected/Image_594.jpg;PCOS/infected/Image_SETA_593.jpg;PCOS/infected/Image_SETA_594.jpg;PCOS/infected/Image_SETB_593.jpg;PCOS/infected/Image_SETB_594.jpg
Figshare,79d6e8cf4024434cb5c03a1ae49e5d86,6,0,PCOS/noninfected/Image_411.jpg;PCOS/noninfected/Image_412.jpg;PCOS/noninfected/Image_SetA411.jpg;PCOS/noninfected/Image_SetA412.jpg;PCOS/noninfected/Image_SetB411.jpg;PCOS/noninfected/Image_SetB412.jpg
Figshare,7a0e2e33582fac5ed8f7611a2951ed07,6,1,PCOS/infected/Image_223.jpg;PCOS/infected/Image_224.jpg;PCOS/infected/Image_SETA_223.jpg;PCOS/infected/Image_SETA_224.jpg;PCOS/infected/Image_SETB_223.jpg;PCOS/infected/Image_SETB_224.jpg
Figshare,7a22b19f3306cafb68b63abd12653204,6,0,PCOS/noninfected/Image_099.jpg;PCOS/noninfected/Image_100.jpg;PCOS/noninfected/Image_SetA099.jpg;PCOS/noninfected/Image_SetA100.jpg;PCOS/noninfected/Image_SetB099.jpg;PCOS/noninfected/Image_SetB100.jpg
Figshare,7a6e3e6b565e6a631daae8357dc860ab,6,1,PCOS/infected/Image_639.jpg;PCOS/infected/Image_640.jpg;PCOS/infected/Image_SETA_639.jpg;PCOS/infected/Image_SETA_640.jpg;PCOS/infected/Image_SETB_639.jpg;PCOS/infected/Image_SETB_640.jpg
Figshare,7a84b4db14189e4d8887448577600bd7,4,0,PCOS/noninfected/Image_resize_577.jpg;PCOS/noninfected/Image_resize_581.jpg;PCOS/noninfected/Image_resize_671  (79).jpg;PCOS/noninfected/Image_resize_671  (83).jpg
Figshare,7a9182ce13ec0ec7a2e80f7741d4d044,4,1,PCOS/infected/Image_Rotate_053.jpg;PCOS/infected/Image_Rotate_054.jpg;PCOS/infected/Image_Rotate_253.jpg;PCOS/infected/Image_Rotate_254.jpg
Figshare,7aa37772f3cf5aa30910ab3c1a1b159a,2,1,PCOS/infected/Image_Rotate_Rotate_Right_385.jpg;PCOS/infected/Image_Rotate_Rotate_Right_386.jpg
Figshare,7acb8c89db3011d6ffb76554b28cd7ea,6,1,PCOS/infected/Image_901.jpg;PCOS/infected/Image_902.jpg;PCOS/infected/Image_SETA_901.jpg;PCOS/infected/Image_SETA_902.jpg;PCOS/infected/Image_SETB_901.jpg;PCOS/infected/Image_SETB_902.jpg
Figshare,7afe9df379717b000bbda3f570bf3708,2,0,PCOS/noninfected/Image_resize_257.jpg;PCOS/noninfected/Image_resize_261.jpg
Figshare,7b1253c62d5fc6ac7acc5cea2ba4f860,4,0,PCOS/noninfected/Image_resize_412.jpg;PCOS/noninfected/Image_resize_416.jpg;PCOS/noninfected/Image_resize_671  (249).jpg;PCOS/noninfected/Image_resize_671  (253).jpg
Figshare,7b33d4b61fef696e4d737cf9f85d2e88,6,1,PCOS/infected/Image_601.jpg;PCOS/infected/Image_602.jpg;PCOS/infected/Image_SETA_601.jpg;PCOS/infected/Image_SETA_602.jpg;PCOS/infected/Image_SETB_601.jpg;PCOS/infected/Image_SETB_602.jpg
Figshare,7b7398709ba6ac1ffca469ea77e08659,8,0,PCOS/noninfected/Image_781.jpg;PCOS/noninfected/Image_782.jpg;PCOS/noninfected/Image_SetA781.jpg;PCOS/noninfected/Image_SetA782.jpg;PCOS/noninfected/Image_SetB781.jpg;PCOS/noninfected/Image_SetB782.jpg;PCOS/noninfected/Image_resize_671  (783).jpg;PCOS/noninfected/Image_resize_671  (784).jpg
Figshare,7bbb99ca7b52d6aa0354c8ea49ea8c0b,2,1,PCOS/infected/Image_Rotate_Rotate_Right_221.jpg;PCOS/infected/Image_Rotate_Rotate_Right_222.jpg
Figshare,7c0984ed17478354b91f637f31b49ebc,8,0,PCOS/noninfected/Image_897.jpg;PCOS/noninfected/Image_898.jpg;PCOS/noninfected/Image_SetA897.jpg;PCOS/noninfected/Image_SetA898.jpg;PCOS/noninfected/Image_SetB897.jpg;PCOS/noninfected/Image_SetB898.jpg;PCOS/noninfected/Image_resize_671  (661).jpg;PCOS/noninfected/Image_resize_671  (662).jpg
Figshare,7c39f5a8a589333e95f5dcfa93fb422b,8,0,PCOS/noninfected/Image_603.jpg;PCOS/noninfected/Image_604.jpg;PCOS/noninfected/Image_SetA603.jpg;PCOS/noninfected/Image_SetA604.jpg;PCOS/noninfected/Image_SetB603.jpg;PCOS/noninfected/Image_SetB604.jpg;PCOS/noninfected/Image_resize_671  (959).jpg;PCOS/noninfected/Image_resize_671  (960).jpg
Figshare,7c4043ce1ecda38d30e543a03704ec01,6,0,PCOS/noninfected/Image_207.jpg;PCOS/noninfected/Image_208.jpg;PCOS/noninfected/Image_SetA207.jpg;PCOS/noninfected/Image_SetA208.jpg;PCOS/noninfected/Image_SetB207.jpg;PCOS/noninfected/Image_SetB208.jpg
Figshare,7c41c562d64974bfe6a402f5bd737da6,4,0,PCOS/noninfected/Image_resize_282.jpg;PCOS/noninfected/Image_resize_283.jpg;PCOS/noninfected/Image_resize_286.jpg;PCOS/noninfected/Image_resize_287.jpg
Figshare,7c646439ffe61be29c95e2fe2d4dc4ee,8,0,PCOS/noninfected/Image_943.jpg;PCOS/noninfected/Image_944.jpg;PCOS/noninfected/Image_SetA943.jpg;PCOS/noninfected/Image_SetA944.jpg;PCOS/noninfected/Image_SetB943.jpg;PCOS/noninfected/Image_SetB944.jpg;PCOS/noninfected/Image_resize_671  (614).jpg;PCOS/noninfected/Image_resize_671  (615).jpg
Figshare,7c70a0454c7154c4d7424914930dbefe,8,0,PCOS/noninfected/Image_resize_154.jpg;PCOS/noninfected/Image_resize_155.jpg;PCOS/noninfected/Image_resize_158.jpg;PCOS/noninfected/Image_resize_159.jpg;PCOS/noninfected/Image_resize_671  (403).jpg;PCOS/noninfected/Image_resize_671  (404).jpg;PCOS/noninfected/Image_resize_671  (407).jpg;PCOS/noninfected/Image_resize_671  (408).jpg
Figshare,7c7e27d015f5ac34eb8ad62e678dfd91,6,0,PCOS/noninfected/Image_301.jpg;PCOS/noninfected/Image_302.jpg;PCOS/noninfected/Image_SetA301.jpg;PCOS/noninfected/Image_SetA302.jpg;PCOS/noninfected/Image_SetB301.jpg;PCOS/noninfected/Image_SetB302.jpg
Figshare,7cda6baf747ab1fe7d884911059ba2d0,8,0,PCOS/noninfected/Image_resize_442.jpg;PCOS/noninfected/Image_resize_443.jpg;PCOS/noninfected/Image_resize_446.jpg;PCOS/noninfected/Image_resize_447.jpg;PCOS/noninfected/Image_resize_671  (209).jpg;PCOS/noninfected/Image_resize_671  (212).jpg;PCOS/noninfected/Image_resize_671  (213).jpg;PCOS/noninfected/Image_resize_671  (232).jpg
Figshare,7ce77e9a1c5ed0e163d1f491aa807f59,8,0,PCOS/noninfected/Image_resize_050.jpg;PCOS/noninfected/Image_resize_051.jpg;PCOS/noninfected/Image_resize_054.jpg;PCOS/noninfected/Image_resize_055.jpg;PCOS/noninfected/Image_resize_671  (510).jpg;PCOS/noninfected/Image_resize_671  (511).jpg;PCOS/noninfected/Image_resize_671  (514).jpg;PCOS/noninfected/Image_resize_671  (515).jpg
Figshare,7cf7f4d37c44de38aac83eb011e967cc,4,1,PCOS/infected/Image_Rotate_171.jpg;PCOS/infected/Image_Rotate_172.jpg;PCOS/infected/Image_Rotate_371.jpg;PCOS/infected/Image_Rotate_372.jpg
Figshare,7d201dcc343e5d43b95927ac18b04243,6,0,PCOS/noninfected/Image_117.jpg;PCOS/noninfected/Image_118.jpg;PCOS/noninfected/Image_SetA117.jpg;PCOS/noninfected/Image_SetA118.jpg;PCOS/noninfected/Image_SetB117.jpg;PCOS/noninfected/Image_SetB118.jpg
Figshare,7d46cf82030cd572257efe2d671d46be,2,1,PCOS/infected/image10858.jpg;PCOS/infected/image11055.jpg
Figshare,7d475b9c5b104851d0ca0413189812f5,8,0,PCOS/noninfected/Image_679.jpg;PCOS/noninfected/Image_680.jpg;PCOS/noninfected/Image_SetA679.jpg;PCOS/noninfected/Image_SetA680.jpg;PCOS/noninfected/Image_SetB679.jpg;PCOS/noninfected/Image_SetB680.jpg;PCOS/noninfected/Image_resize_671  (870).jpg;PCOS/noninfected/Image_resize_671  (892).jpg
Figshare,7d59c1ec9bfcb18c50d6dc567f382a57,2,1,PCOS/infected/Image_Rotate_Rotate_Right_163.jpg;PCOS/infected/Image_Rotate_Rotate_Right_164.jpg
Figshare,7d5ce27699cbf0f2496633d362c44f37,6,1,PCOS/infected/Image_585.jpg;PCOS/infected/Image_586.jpg;PCOS/infected/Image_SETA_585.jpg;PCOS/infected/Image_SETA_586.jpg;PCOS/infected/Image_SETB_585.jpg;PCOS/infected/Image_SETB_586.jpg
Figshare,7d8a4c57ceba3a73fa48d2acdc3a0ad3,6,0,PCOS/noninfected/Image_149.jpg;PCOS/noninfected/Image_150.jpg;PCOS/noninfected/Image_SetA149.jpg;PCOS/noninfected/Image_SetA150.jpg;PCOS/noninfected/Image_SetB149.jpg;PCOS/noninfected/Image_SetB150.jpg
Figshare,7dacae9a43fc5a651619d2e14bdfb100,6,0,PCOS/noninfected/Image_1021.jpg;PCOS/noninfected/Image_1022.jpg;PCOS/noninfected/Image_SetA1021.jpg;PCOS/noninfected/Image_SetA1022.jpg;PCOS/noninfected/Image_SetB1021.jpg;PCOS/noninfected/Image_SetB1022.jpg
Figshare,7e7e7ae41cf528d2b045af87c85e663c,6,1,PCOS/infected/Image_097.jpg;PCOS/infected/Image_098.jpg;PCOS/infected/Image_SETA_097.jpg;PCOS/infected/Image_SETA_098.jpg;PCOS/infected/Image_SETB_097.jpg;PCOS/infected/Image_SETB_098.jpg
Figshare,7e9f9c7b0119c37c787336e85550749d,4,1,PCOS/infected/Image_resize_105.jpg;PCOS/infected/Image_resize_106.jpg;PCOS/infected/Image_resize_305.jpg;PCOS/infected/Image_resize_306.jpg
Figshare,7ed79c7ca7947f6771ee7141a0aefd8c,6,0,PCOS/noninfected/Image_075.jpg;PCOS/noninfected/Image_076.jpg;PCOS/noninfected/Image_SetA075.jpg;PCOS/noninfected/Image_SetA076.jpg;PCOS/noninfected/Image_SetB075.jpg;PCOS/noninfected/Image_SetB076.jpg
Figshare,7ee9b02607c04ab7c918633549c9ab2d,6,0,PCOS/noninfected/Image_373.jpg;PCOS/noninfected/Image_374.jpg;PCOS/noninfected/Image_SetA373.jpg;PCOS/noninfected/Image_SetA374.jpg;PCOS/noninfected/Image_SetB373.jpg;PCOS/noninfected/Image_SetB374.jpg
Figshare,7f044395b21572f12968095eea6c8c46,6,0,PCOS/noninfected/Image_037.jpg;PCOS/noninfected/Image_038.jpg;PCOS/noninfected/Image_SetA037.jpg;PCOS/noninfected/Image_SetA038.jpg;PCOS/noninfected/Image_SetB037.jpg;PCOS/noninfected/Image_SetB038.jpg
Figshare,7f399e62f7189372ea448a40677caae1,4,1,PCOS/infected/Image_Rotate_119.jpg;PCOS/infected/Image_Rotate_120.jpg;PCOS/infected/Image_Rotate_319.jpg;PCOS/infected/Image_Rotate_320.jpg
Figshare,7f3e51c6e424a82127b115140117d966,2,1,PCOS/infected/image10860.jpg;PCOS/infected/image11057.jpg
Figshare,7f491b132a76752465e1f747f4730cb9,6,1,PCOS/infected/Image_443.jpg;PCOS/infected/Image_444.jpg;PCOS/infected/Image_SETA_443.jpg;PCOS/infected/Image_SETA_444.jpg;PCOS/infected/Image_SETB_443.jpg;PCOS/infected/Image_SETB_444.jpg
Figshare,7f7cb6f93b6924c48ea15f7f4fd84b23,4,1,PCOS/infected/Image_Rotate_045.jpg;PCOS/infected/Image_Rotate_046.jpg;PCOS/infected/Image_Rotate_245.jpg;PCOS/infected/Image_Rotate_246.jpg
Figshare,7f8ec027bb6d315513816ca37469cd80,2,1,PCOS/infected/image10763.jpg;PCOS/infected/image10960.jpg
Figshare,7f8fecf29bdb7e8de4c460290d85749d,6,1,PCOS/infected/Image_855.jpg;PCOS/infected/Image_856.jpg;PCOS/infected/Image_SETA_855.jpg;PCOS/infected/Image_SETA_856.jpg;PCOS/infected/Image_SETB_855.jpg;PCOS/infected/Image_SETB_856.jpg
Figshare,7f93d4b3bbb3b7548afb84b71509f18c,6,1,PCOS/infected/Image_741.jpg;PCOS/infected/Image_742.jpg;PCOS/infected/Image_SETA_741.jpg;PCOS/infected/Image_SETA_742.jpg;PCOS/infected/Image_SETB_741.jpg;PCOS/infected/Image_SETB_742.jpg
Figshare,7fa8c64c56734c7a707c74a4aea975f7,8,0,PCOS/noninfected/Image_987.jpg;PCOS/noninfected/Image_988.jpg;PCOS/noninfected/Image_SetA987.jpg;PCOS/noninfected/Image_SetA988.jpg;PCOS/noninfected/Image_SetB987.jpg;PCOS/noninfected/Image_SetB988.jpg;PCOS/noninfected/Image_resize_671  (563).jpg;PCOS/noninfected/Image_resize_671  (564).jpg
Figshare,7fdf3c7cd97bdefeeb7e691d3ca35328,2,1,PCOS/infected/image10869.jpg;PCOS/infected/image11066.jpg
Figshare,80117947752076d963d869b86fa65dec,6,1,PCOS/infected/Image_797.jpg;PCOS/infected/Image_798.jpg;PCOS/infected/Image_SETA_797.jpg;PCOS/infected/Image_SETA_798.jpg;PCOS/infected/Image_SETB_797.jpg;PCOS/infected/Image_SETB_798.jpg
Figshare,8019478d73a29d0f794d0d9df1405817,2,1,PCOS/infected/Image_Rotate_Rotate_Right_337.jpg;PCOS/infected/Image_Rotate_Rotate_Right_338.jpg
Figshare,802b4cf05371079a01ce30b0f99a2cf3,8,0,PCOS/noninfected/Image_927.jpg;PCOS/noninfected/Image_928.jpg;PCOS/noninfected/Image_SetA927.jpg;PCOS/noninfected/Image_SetA928.jpg;PCOS/noninfected/Image_SetB927.jpg;PCOS/noninfected/Image_SetB928.jpg;PCOS/noninfected/Image_resize_671  (622).jpg;PCOS/noninfected/Image_resize_671  (644).jpg
Figshare,80671cef581e2e742a333b82f979b8c5,6,1,PCOS/infected/Image_625.jpg;PCOS/infected/Image_626.jpg;PCOS/infected/Image_SETA_625.jpg;PCOS/infected/Image_SETA_626.jpg;PCOS/infected/Image_SETB_625.jpg;PCOS/infected/Image_SETB_626.jpg
Figshare,80680eedc85f1514f4b1eadb83c12cd9,6,1,PCOS/infected/Image_683.jpg;PCOS/infected/Image_684.jpg;PCOS/infected/Image_SETA_683.jpg;PCOS/infected/Image_SETA_684.jpg;PCOS/infected/Image_SETB_683.jpg;PCOS/infected/Image_SETB_684.jpg
Figshare,80892c460e11e2276ca13256cc40ab9c,2,1,PCOS/infected/image11252.jpg;PCOS/infected/image12881.jpg
Figshare,80a7a21b27af0408f6b0a2f2f445a369,6,1,PCOS/infected/Image_919.jpg;PCOS/infected/Image_920.jpg;PCOS/infected/Image_SETA_919.jpg;PCOS/infected/Image_SETA_920.jpg;PCOS/infected/Image_SETB_919.jpg;PCOS/infected/Image_SETB_920.jpg
Figshare,80a838bfbe89600c5380ecc0328078f6,6,0,PCOS/noninfected/Image_063.jpg;PCOS/noninfected/Image_064.jpg;PCOS/noninfected/Image_SetA063.jpg;PCOS/noninfected/Image_SetA064.jpg;PCOS/noninfected/Image_SetB063.jpg;PCOS/noninfected/Image_SetB064.jpg
Figshare,815ca776f4c33e30fb77045eb09be3df,6,1,PCOS/infected/Image_975.jpg;PCOS/infected/Image_976.jpg;PCOS/infected/Image_SETA_975.jpg;PCOS/infected/Image_SETA_976.jpg;PCOS/infected/Image_SETB_975.jpg;PCOS/infected/Image_SETB_976.jpg
Figshare,816660461c77acfccacc1fff341de52a,6,0,PCOS/noninfected/Image_221.jpg;PCOS/noninfected/Image_222.jpg;PCOS/noninfected/Image_SetA221.jpg;PCOS/noninfected/Image_SetA222.jpg;PCOS/noninfected/Image_SetB221.jpg;PCOS/noninfected/Image_SetB222.jpg
Figshare,8169897ec7c50596847dc1119ec9aba6,2,1,PCOS/infected/Image_Rotate_Rotate_Right_265.jpg;PCOS/infected/Image_Rotate_Rotate_Right_266.jpg
Figshare,818088a597dd0cda1cfb33c4bb64d2dd,6,0,PCOS/noninfected/Image_047.jpg;PCOS/noninfected/Image_048.jpg;PCOS/noninfected/Image_SetA047.jpg;PCOS/noninfected/Image_SetA048.jpg;PCOS/noninfected/Image_SetB047.jpg;PCOS/noninfected/Image_SetB048.jpg
Figshare,819e4e174eb267f799279d46bafc2eb8,3,1,PCOS/infected/image10926.jpg;PCOS/infected/image11127.jpg;PCOS/infected/image12762.jpg
Figshare,81ca4463af25fe896c884e25c0cee373,8,0,PCOS/noninfected/Image_743.jpg;PCOS/noninfected/Image_744.jpg;PCOS/noninfected/Image_SetA743.jpg;PCOS/noninfected/Image_SetA744.jpg;PCOS/noninfected/Image_SetB743.jpg;PCOS/noninfected/Image_SetB744.jpg;PCOS/noninfected/Image_resize_671  (815).jpg;PCOS/noninfected/Image_resize_671  (816).jpg
Figshare,81cf889fae4250f1bcee8bbef633bc9f,4,1,PCOS/infected/Image_resize_051.jpg;PCOS/infected/Image_resize_052.jpg;PCOS/infected/Image_resize_251.jpg;PCOS/infected/Image_resize_252.jpg
Figshare,81d5b2bebc08589f4a438ec7bcf639bd,4,0,PCOS/noninfected/Image_resize_690.jpg;PCOS/noninfected/Image_resize_691.jpg;PCOS/noninfected/Image_resize_694.jpg;PCOS/noninfected/Image_resize_695.jpg
Figshare,81f38ac7be611d485185b6f67fb92702,8,0,PCOS/noninfected/Image_935.jpg;PCOS/noninfected/Image_936.jpg;PCOS/noninfected/Image_SetA935.jpg;PCOS/noninfected/Image_SetA936.jpg;PCOS/noninfected/Image_SetB935.jpg;PCOS/noninfected/Image_SetB936.jpg;PCOS/noninfected/Image_resize_671  (629).jpg;PCOS/noninfected/Image_resize_671  (630).jpg
Figshare,81f9dc4064870c8b4f9fe1f95dc6f047,6,1,PCOS/infected/Image_981.jpg;PCOS/infected/Image_982.jpg;PCOS/infected/Image_SETA_981.jpg;PCOS/infected/Image_SETA_982.jpg;PCOS/infected/Image_SETB_981.jpg;PCOS/infected/Image_SETB_982.jpg
Figshare,82226c1a7f84b843d7666f3b1ccfb8d3,6,0,PCOS/noninfected/Image_413.jpg;PCOS/noninfected/Image_414.jpg;PCOS/noninfected/Image_SetA413.jpg;PCOS/noninfected/Image_SetA414.jpg;PCOS/noninfected/Image_SetB413.jpg;PCOS/noninfected/Image_SetB414.jpg
Figshare,823f674f130a9dbc28efd8b0303491d8,6,1,PCOS/infected/Image_101.jpg;PCOS/infected/Image_102.jpg;PCOS/infected/Image_SETA_101.jpg;PCOS/infected/Image_SETA_102.jpg;PCOS/infected/Image_SETB_101.jpg;PCOS/infected/Image_SETB_102.jpg
Figshare,8242a32ec46f5226f1522fc99cc04d0e,6,1,PCOS/infected/Image_351.jpg;PCOS/infected/Image_352.jpg;PCOS/infected/Image_SETA_351.jpg;PCOS/infected/Image_SETA_352.jpg;PCOS/infected/Image_SETB_351.jpg;PCOS/infected/Image_SETB_352.jpg
Figshare,8264e6027cb2f65074d5948cde69f3a5,4,0,PCOS/noninfected/Image_resize_258.jpg;PCOS/noninfected/Image_resize_259.jpg;PCOS/noninfected/Image_resize_262.jpg;PCOS/noninfected/Image_resize_263.jpg
Figshare,8267c95a93625c9cc1f5e35d52c920f8,3,1,PCOS/infected/image10924.jpg;PCOS/infected/image11125.jpg;PCOS/infected/image12760.jpg
Figshare,8269884a9ee64ec5b9e12d6679382fbe,8,0,PCOS/noninfected/Image_829.jpg;PCOS/noninfected/Image_830.jpg;PCOS/noninfected/Image_SetA829.jpg;PCOS/noninfected/Image_SetA830.jpg;PCOS/noninfected/Image_SetB829.jpg;PCOS/noninfected/Image_SetB830.jpg;PCOS/noninfected/Image_resize_671  (735).jpg;PCOS/noninfected/Image_resize_671  (736).jpg
Figshare,826f66082daf2b5ae0f667a52068eb98,6,1,PCOS/infected/Image_083.jpg;PCOS/infected/Image_084.jpg;PCOS/infected/Image_SETA_083.jpg;PCOS/infected/Image_SETA_084.jpg;PCOS/infected/Image_SETB_083.jpg;PCOS/infected/Image_SETB_084.jpg
Figshare,82712649e1a26eb6c4402f2b926a8339,6,1,PCOS/infected/Image_035.jpg;PCOS/infected/Image_036.jpg;PCOS/infected/Image_SETA_035.jpg;PCOS/infected/Image_SETA_036.jpg;PCOS/infected/Image_SETB_035.jpg;PCOS/infected/Image_SETB_036.jpg
Figshare,82862a397daaad3cf840f0b4a4292b29,2,1,PCOS/infected/image10842.jpg;PCOS/infected/image11039.jpg
Figshare,829e65e5d40e3e26a67846ad9d69dd06,2,1,PCOS/infected/image10931.jpg;PCOS/infected/image11133.jpg
Figshare,82bd89d32f4fa6522cb2b500e24487ec,6,0,PCOS/noninfected/Image_185.jpg;PCOS/noninfected/Image_186.jpg;PCOS/noninfected/Image_SetA185.jpg;PCOS/noninfected/Image_SetA186.jpg;PCOS/noninfected/Image_SetB185.jpg;PCOS/noninfected/Image_SetB186.jpg
Figshare,82c114e1a53d146250e3353d9115f395,6,0,PCOS/noninfected/Image_233.jpg;PCOS/noninfected/Image_234.jpg;PCOS/noninfected/Image_SetA233.jpg;PCOS/noninfected/Image_SetA234.jpg;PCOS/noninfected/Image_SetB233.jpg;PCOS/noninfected/Image_SetB234.jpg
Figshare,82c9c3dede2217997465a8b3ace12aeb,2,1,PCOS/infected/Image_Rotate_Rotate_Right_023.jpg;PCOS/infected/Image_Rotate_Rotate_Right_024.jpg
Figshare,82e875812b6f831e19d04b0efa813243,6,0,PCOS/noninfected/Image_219.jpg;PCOS/noninfected/Image_220.jpg;PCOS/noninfected/Image_SetA219.jpg;PCOS/noninfected/Image_SetA220.jpg;PCOS/noninfected/Image_SetB219.jpg;PCOS/noninfected/Image_SetB220.jpg
Figshare,831e40eb5053689226ff8411ae6c4dc1,4,0,PCOS/noninfected/Image_resize_537.jpg;PCOS/noninfected/Image_resize_541.jpg;PCOS/noninfected/Image_resize_671  (114).jpg;PCOS/noninfected/Image_resize_671  (135).jpg
Figshare,83488774239135dae491479a9f65c0fe,6,0,PCOS/noninfected/Image_011.jpg;PCOS/noninfected/Image_012.jpg;PCOS/noninfected/Image_SetA011.jpg;PCOS/noninfected/Image_SetA012.jpg;PCOS/noninfected/Image_SetB011.jpg;PCOS/noninfected/Image_SetB012.jpg
Figshare,83641e254954baad3462fa13e0d935c3,2,1,PCOS/infected/Image_Rotate_Rotate_Right_067.jpg;PCOS/infected/Image_Rotate_Rotate_Right_068.jpg
Figshare,836e4736a909a7a0404787b5c9bdd065,4,1,PCOS/infected/Image_Rotate_049.jpg;PCOS/infected/Image_Rotate_050.jpg;PCOS/infected/Image_Rotate_249.jpg;PCOS/infected/Image_Rotate_250.jpg
Figshare,83990f91af6a6aeb793b07a991022182,8,0,PCOS/noninfected/Image_931.jpg;PCOS/noninfected/Image_932.jpg;PCOS/noninfected/Image_SetA931.jpg;PCOS/noninfected/Image_SetA932.jpg;PCOS/noninfected/Image_SetB931.jpg;PCOS/noninfected/Image_SetB932.jpg;PCOS/noninfected/Image_resize_671  (625).jpg;PCOS/noninfected/Image_resize_671  (626).jpg
Figshare,83a05dd361ca44051e47cb2cb648db57,6,0,PCOS/noninfected/Image_073.jpg;PCOS/noninfected/Image_074.jpg;PCOS/noninfected/Image_SetA073.jpg;PCOS/noninfected/Image_SetA074.jpg;PCOS/noninfected/Image_SetB073.jpg;PCOS/noninfected/Image_SetB074.jpg
Figshare,83f1ef20328d716dd983e5d5e88686be,6,1,PCOS/infected/Image_441.jpg;PCOS/infected/Image_442.jpg;PCOS/infected/Image_SETA_441.jpg;PCOS/infected/Image_SETA_442.jpg;PCOS/infected/Image_SETB_441.jpg;PCOS/infected/Image_SETB_442.jpg
Figshare,84070f894b399d3aabaa12cdd5a31310,6,1,PCOS/infected/Image_027.jpg;PCOS/infected/Image_028.jpg;PCOS/infected/Image_SETA_027.jpg;PCOS/infected/Image_SETA_028.jpg;PCOS/infected/Image_SETB_027.jpg;PCOS/infected/Image_SETB_028.jpg
Figshare,840a67698d3b266e211c2fb4f4f63986,8,0,PCOS/noninfected/Image_641.jpg;PCOS/noninfected/Image_642.jpg;PCOS/noninfected/Image_SetA641.jpg;PCOS/noninfected/Image_SetA642.jpg;PCOS/noninfected/Image_SetB641.jpg;PCOS/noninfected/Image_SetB642.jpg;PCOS/noninfected/Image_resize_671  (926).jpg;PCOS/noninfected/Image_resize_671  (927).jpg
Figshare,8416e51096520ffa0b4f3d276fd55baa,6,1,PCOS/infected/Image_385.jpg;PCOS/infected/Image_386.jpg;PCOS/infected/Image_SETA_385.jpg;PCOS/infected/Image_SETA_386.jpg;PCOS/infected/Image_SETB_385.jpg;PCOS/infected/Image_SETB_386.jpg
Figshare,8480fd39032efa0cd2509ecc86c8569b,2,1,PCOS/infected/image10794.jpg;PCOS/infected/image10991.jpg
Figshare,8497af978533a5c004bb0fe040624386,6,1,PCOS/infected/Image_671.jpg;PCOS/infected/Image_672.jpg;PCOS/infected/Image_SETA_671.jpg;PCOS/infected/Image_SETA_672.jpg;PCOS/infected/Image_SETB_671.jpg;PCOS/infected/Image_SETB_672.jpg
Figshare,84a4ee0c7d01747be4e79a8ca519d277,6,1,PCOS/infected/Image_1003.jpg;PCOS/infected/Image_1004.jpg;PCOS/infected/Image_SETA_1003.jpg;PCOS/infected/Image_SETA_1004.jpg;PCOS/infected/Image_SETB_1003.jpg;PCOS/infected/Image_SETB_1004.jpg
Figshare,84c84cd8b91048619fbb24b0493592d3,8,0,PCOS/noninfected/Image_869.jpg;PCOS/noninfected/Image_870.jpg;PCOS/noninfected/Image_SetA869.jpg;PCOS/noninfected/Image_SetA870.jpg;PCOS/noninfected/Image_SetB869.jpg;PCOS/noninfected/Image_SetB870.jpg;PCOS/noninfected/Image_resize_671  (681).jpg;PCOS/noninfected/Image_resize_671  (682).jpg
Figshare,84ffaf3cd1ac9d253784d74c366d80ff,6,1,PCOS/infected/Image_623.jpg;PCOS/infected/Image_624.jpg;PCOS/infected/Image_SETA_623.jpg;PCOS/infected/Image_SETA_624.jpg;PCOS/infected/Image_SETB_623.jpg;PCOS/infected/Image_SETB_624.jpg
Figshare,850d799d30ba8c3a05926a4da6d7b7a3,6,1,PCOS/infected/Image_629.jpg;PCOS/infected/Image_630.jpg;PCOS/infected/Image_SETA_629.jpg;PCOS/infected/Image_SETA_630.jpg;PCOS/infected/Image_SETB_629.jpg;PCOS/infected/Image_SETB_630.jpg
Figshare,8534439f40a8c42aa52eaa06816bf009,8,0,PCOS/noninfected/Image_resize_314.jpg;PCOS/noninfected/Image_resize_315.jpg;PCOS/noninfected/Image_resize_318.jpg;PCOS/noninfected/Image_resize_319.jpg;PCOS/noninfected/Image_resize_671  (337).jpg;PCOS/noninfected/Image_resize_671  (338).jpg;PCOS/noninfected/Image_resize_671  (341).jpg;PCOS/noninfected/Image_resize_671  (342).jpg
Figshare,8551f431c8b07695e5c83906241e85fc,6,0,PCOS/noninfected/Image_013.jpg;PCOS/noninfected/Image_014.jpg;PCOS/noninfected/Image_SetA013.jpg;PCOS/noninfected/Image_SetA014.jpg;PCOS/noninfected/Image_SetB013.jpg;PCOS/noninfected/Image_SetB014.jpg
Figshare,8555c22c24ee01403505bdd16671a2e9,4,0,PCOS/noninfected/Image_resize_137.jpg;PCOS/noninfected/Image_resize_141.jpg;PCOS/noninfected/Image_resize_671  (414).jpg;PCOS/noninfected/Image_resize_671  (433).jpg
Figshare,85bb897769ba43d7fdfaacd12572818a,6,1,PCOS/infected/Image_931.jpg;PCOS/infected/Image_932.jpg;PCOS/infected/Image_SETA_931.jpg;PCOS/infected/Image_SETA_932.jpg;PCOS/infected/Image_SETB_931.jpg;PCOS/infected/Image_SETB_932.jpg
Figshare,861c7cda774ca582d44041a1b2a71ef7,6,0,PCOS/noninfected/Image_313.jpg;PCOS/noninfected/Image_314.jpg;PCOS/noninfected/Image_SetA313.jpg;PCOS/noninfected/Image_SetA314.jpg;PCOS/noninfected/Image_SetB313.jpg;PCOS/noninfected/Image_SetB314.jpg
Figshare,86b596a11668435a70537b91ffd6720d,2,1,PCOS/infected/image10925.jpg;PCOS/infected/image11126.jpg
Figshare,86ba082d3a2fb79538f31feca1786231,6,1,PCOS/infected/Image_973.jpg;PCOS/infected/Image_974.jpg;PCOS/infected/Image_SETA_973.jpg;PCOS/infected/Image_SETA_974.jpg;PCOS/infected/Image_SETB_973.jpg;PCOS/infected/Image_SETB_974.jpg
Figshare,86e226a8bda4e200ee07cb4efdf9176f,2,0,PCOS/noninfected/Image_resize_284.jpg;PCOS/noninfected/Image_resize_288.jpg
Figshare,86eac727ffdcfaa4a4cd1249116de5ed,8,0,PCOS/noninfected/Image_723.jpg;PCOS/noninfected/Image_724.jpg;PCOS/noninfected/Image_SetA723.jpg;PCOS/noninfected/Image_SetA724.jpg;PCOS/noninfected/Image_SetB723.jpg;PCOS/noninfected/Image_SetB724.jpg;PCOS/noninfected/Image_resize_671  (844).jpg;PCOS/noninfected/Image_resize_671  (845).jpg
Figshare,86f05c32e5290791680c181cd019a7a9,6,0,PCOS/noninfected/Image_005.jpg;PCOS/noninfected/Image_006.jpg;PCOS/noninfected/Image_SetA005.jpg;PCOS/noninfected/Image_SetA006.jpg;PCOS/noninfected/Image_SetB005.jpg;PCOS/noninfected/Image_SetB006.jpg
Figshare,86f6d030ee44537303ae024fdfd505dd,2,1,PCOS/infected/image10882.jpg;PCOS/infected/image11079.jpg
Figshare,87024a74d37c17256d4b98ea155837d9,6,1,PCOS/infected/Image_431.jpg;PCOS/infected/Image_432.jpg;PCOS/infected/Image_SETA_431.jpg;PCOS/infected/Image_SETA_432.jpg;PCOS/infected/Image_SETB_431.jpg;PCOS/infected/Image_SETB_432.jpg
Figshare,870e64a393f130fc19a99f2a1249b598,6,1,PCOS/infected/Image_713.jpg;PCOS/infected/Image_714.jpg;PCOS/infected/Image_SETA_713.jpg;PCOS/infected/Image_SETA_714.jpg;PCOS/infected/Image_SETB_713.jpg;PCOS/infected/Image_SETB_714.jpg
Figshare,871a7906ea9a2846c2397832772373ee,6,1,PCOS/infected/Image_1021.jpg;PCOS/infected/Image_1022.jpg;PCOS/infected/Image_SETA_1021.jpg;PCOS/infected/Image_SETA_1022.jpg;PCOS/infected/Image_SETB_1021.jpg;PCOS/infected/Image_SETB_1022.jpg
Figshare,877b43ea3b4e16c2ae4ff9b42f92a4ac,4,1,PCOS/infected/Image_Rotate_179.jpg;PCOS/infected/Image_Rotate_180.jpg;PCOS/infected/Image_Rotate_379.jpg;PCOS/infected/Image_Rotate_380.jpg
Figshare,87a1397dac862d20926b9c3fc24e0279,2,1,PCOS/infected/image10806.jpg;PCOS/infected/image11003.jpg
Figshare,87f1ff5b0adf460968267d9c34c55a99,2,1,PCOS/infected/image10857.jpg;PCOS/infected/image11054.jpg
Figshare,87f621c969184bbde2593985e68db16a,8,0,PCOS/noninfected/Image_597.jpg;PCOS/noninfected/Image_598.jpg;PCOS/noninfected/Image_SetA597.jpg;PCOS/noninfected/Image_SetA598.jpg;PCOS/noninfected/Image_SetB597.jpg;PCOS/noninfected/Image_SetB598.jpg;PCOS/noninfected/Image_resize_671  (953).jpg;PCOS/noninfected/Image_resize_671  (954).jpg
Figshare,88112a375effc7680126360fbaeaf1e0,6,1,PCOS/infected/Image_247.jpg;PCOS/infected/Image_248.jpg;PCOS/infected/Image_SETA_247.jpg;PCOS/infected/Image_SETA_248.jpg;PCOS/infected/Image_SETB_247.jpg;PCOS/infected/Image_SETB_248.jpg
Figshare,88237d4afff039afd961cc5c15bf3a95,4,0,PCOS/noninfected/Image_resize_500.jpg;PCOS/noninfected/Image_resize_504.jpg;PCOS/noninfected/Image_resize_671  (151).jpg;PCOS/noninfected/Image_resize_671  (171).jpg
Figshare,883fe39aa850628b0819b4a436850ea2,4,0,PCOS/noninfected/Image_resize_332.jpg;PCOS/noninfected/Image_resize_336.jpg;PCOS/noninfected/Image_resize_671  (332).jpg;PCOS/noninfected/Image_resize_671  (336).jpg
Figshare,88944ec94ea801f75c93ddf2c5ac20ad,4,0,PCOS/noninfected/Image_resize_313.jpg;PCOS/noninfected/Image_resize_317.jpg;PCOS/noninfected/Image_resize_671  (340).jpg;PCOS/noninfected/Image_resize_671  (359).jpg
Figshare,8896c18a1962ff83188ce66ba7cf05e2,6,1,PCOS/infected/Image_325.jpg;PCOS/infected/Image_326.jpg;PCOS/infected/Image_SETA_325.jpg;PCOS/infected/Image_SETA_326.jpg;PCOS/infected/Image_SETB_325.jpg;PCOS/infected/Image_SETB_326.jpg
Figshare,88c13fd58b25c3c2a03d30c767567844,6,1,PCOS/infected/Image_141.jpg;PCOS/infected/Image_142.jpg;PCOS/infected/Image_SETA_141.jpg;PCOS/infected/Image_SETA_142.jpg;PCOS/infected/Image_SETB_141.jpg;PCOS/infected/Image_SETB_142.jpg
Figshare,88d1b8463ae0aada65a3223f56f6c746,8,0,PCOS/noninfected/Image_751.jpg;PCOS/noninfected/Image_752.jpg;PCOS/noninfected/Image_SetA751.jpg;PCOS/noninfected/Image_SetA752.jpg;PCOS/noninfected/Image_SetB751.jpg;PCOS/noninfected/Image_SetB752.jpg;PCOS/noninfected/Image_resize_671  (799).jpg;PCOS/noninfected/Image_resize_671  (800).jpg
Figshare,88eb4634c5f8913da77be1adc5995ce8,8,0,PCOS/noninfected/Image_729.jpg;PCOS/noninfected/Image_730.jpg;PCOS/noninfected/Image_SetA729.jpg;PCOS/noninfected/Image_SetA730.jpg;PCOS/noninfected/Image_SetB729.jpg;PCOS/noninfected/Image_SetB730.jpg;PCOS/noninfected/Image_resize_671  (826).jpg;PCOS/noninfected/Image_resize_671  (827).jpg
Figshare,8926a27fb322875e151d48cae118b615,2,1,PCOS/infected/image10776.jpg;PCOS/infected/image10973.jpg
Figshare,892ddb7f1e035e5e46285476d6e07767,6,1,PCOS/infected/Image_725.jpg;PCOS/infected/Image_726.jpg;PCOS/infected/Image_SETA_725.jpg;PCOS/infected/Image_SETA_726.jpg;PCOS/infected/Image_SETB_725.jpg;PCOS/infected/Image_SETB_726.jpg
Figshare,898b079c8c4d5fa63db429a6d922a578,6,1,PCOS/infected/Image_347.jpg;PCOS/infected/Image_348.jpg;PCOS/infected/Image_SETA_347.jpg;PCOS/infected/Image_SETA_348.jpg;PCOS/infected/Image_SETB_347.jpg;PCOS/infected/Image_SETB_348.jpg
Figshare,898e17b5e393944f6f9f63c29bd999be,4,1,PCOS/infected/Image_resize_079.jpg;PCOS/infected/Image_resize_080.jpg;PCOS/infected/Image_resize_279.jpg;PCOS/infected/Image_resize_280.jpg
Figshare,8992d0e4108f8264c7bee3d7e764d437,6,0,PCOS/noninfected/Image_181.jpg;PCOS/noninfected/Image_182.jpg;PCOS/noninfected/Image_SetA181.jpg;PCOS/noninfected/Image_SetA182.jpg;PCOS/noninfected/Image_SetB181.jpg;PCOS/noninfected/Image_SetB182.jpg
Figshare,89a089c936b421cee3df81365ebfbb35,6,1,PCOS/infected/Image_753.jpg;PCOS/infected/Image_754.jpg;PCOS/infected/Image_SETA_753.jpg;PCOS/infected/Image_SETA_754.jpg;PCOS/infected/Image_SETB_753.jpg;PCOS/infected/Image_SETB_754.jpg
Figshare,89b985f70faecb7919ad86fd2f3320cc,2,1,PCOS/infected/image10816.jpg;PCOS/infected/image11013.jpg
Figshare,89cf47a653a720f13b084ca778c62088,6,1,PCOS/infected/Image_005.jpg;PCOS/infected/Image_006.jpg;PCOS/infected/Image_SETA_005.jpg;PCOS/infected/Image_SETA_006.jpg;PCOS/infected/Image_SETB_005.jpg;PCOS/infected/Image_SETB_006.jpg
Figshare,89d9a453407feee01bf1ca2f978efb92,6,1,PCOS/infected/Image_113.jpg;PCOS/infected/Image_114.jpg;PCOS/infected/Image_SETA_113.jpg;PCOS/infected/Image_SETA_114.jpg;PCOS/infected/Image_SETB_113.jpg;PCOS/infected/Image_SETB_114.jpg
Figshare,8a3a49666a1da3ec846034e5a4f1d190,8,0,PCOS/noninfected/Image_resize_602.jpg;PCOS/noninfected/Image_resize_603.jpg;PCOS/noninfected/Image_resize_606.jpg;PCOS/noninfected/Image_resize_607.jpg;PCOS/noninfected/Image_resize_671  (56).jpg;PCOS/noninfected/Image_resize_671  (57).jpg;PCOS/noninfected/Image_resize_671  (60).jpg;PCOS/noninfected/Image_resize_671  (61).jpg
Figshare,8a5697b8653f28bbf75c188f86e3c3f6,4,0,PCOS/noninfected/Image_resize_730.jpg;PCOS/noninfected/Image_resize_731.jpg;PCOS/noninfected/Image_resize_734.jpg;PCOS/noninfected/Image_resize_735.jpg
Figshare,8a77fc0a493dd14dd8394d6185367b58,6,1,PCOS/infected/Image_395.jpg;PCOS/infected/Image_396.jpg;PCOS/infected/Image_SETA_395.jpg;PCOS/infected/Image_SETA_396.jpg;PCOS/infected/Image_SETB_395.jpg;PCOS/infected/Image_SETB_396.jpg
Figshare,8a93ce8535b2d342ec4bfadcd54ef858,4,0,PCOS/noninfected/Image_resize_746.jpg;PCOS/noninfected/Image_resize_747.jpg;PCOS/noninfected/Image_resize_750.jpg;PCOS/noninfected/Image_resize_751.jpg
Figshare,8acac9512cc5a9cf3f69785fd8a7f99c,4,1,PCOS/infected/Image_resize_119.jpg;PCOS/infected/Image_resize_120.jpg;PCOS/infected/Image_resize_319.jpg;PCOS/infected/Image_resize_320.jpg
Figshare,8afa50abf59b072bf04c374d170b09a8,8,0,PCOS/noninfected/Image_801.jpg;PCOS/noninfected/Image_802.jpg;PCOS/noninfected/Image_SetA801.jpg;PCOS/noninfected/Image_SetA802.jpg;PCOS/noninfected/Image_SetB801.jpg;PCOS/noninfected/Image_SetB802.jpg;PCOS/noninfected/Image_resize_671  (756).jpg;PCOS/noninfected/Image_resize_671  (757).jpg
Figshare,8b03791429caafe4ac2c1c60a8122105,8,0,PCOS/noninfected/Image_563.jpg;PCOS/noninfected/Image_564.jpg;PCOS/noninfected/Image_SetA563.jpg;PCOS/noninfected/Image_SetA564.jpg;PCOS/noninfected/Image_SetB563.jpg;PCOS/noninfected/Image_SetB564.jpg;PCOS/noninfected/Image_resize_671  (993).jpg;PCOS/noninfected/Image_resize_671  (994).jpg
Figshare,8b1c3983a08b1cff7cf12564236f6157,6,1,PCOS/infected/Image_355.jpg;PCOS/infected/Image_356.jpg;PCOS/infected/Image_SETA_355.jpg;PCOS/infected/Image_SETA_356.jpg;PCOS/infected/Image_SETB_355.jpg;PCOS/infected/Image_SETB_356.jpg
Figshare,8b24234269e8a3fd38c192633786cd2c,2,1,PCOS/infected/image11663.jpg;PCOS/infected/image11991.jpg
Figshare,8b2f639a7901e05f654255e82a57936c,4,1,PCOS/infected/Image_resize_109.jpg;PCOS/infected/Image_resize_110.jpg;PCOS/infected/Image_resize_309.jpg;PCOS/infected/Image_resize_310.jpg
Figshare,8b5381cad2d785b1a8b7e9f83ecd4172,8,0,PCOS/noninfected/Image_665.jpg;PCOS/noninfected/Image_666.jpg;PCOS/noninfected/Image_SetA665.jpg;PCOS/noninfected/Image_SetA666.jpg;PCOS/noninfected/Image_SetB665.jpg;PCOS/noninfected/Image_SetB666.jpg;PCOS/noninfected/Image_resize_671  (902).jpg;PCOS/noninfected/Image_resize_671  (903).jpg
Figshare,8b61ee78c3b8ec2091b2f0e17e54834b,2,1,PCOS/infected/Image_Rotate_Rotate_Right_079.jpg;PCOS/infected/Image_Rotate_Rotate_Right_080.jpg
Figshare,8b8f09bd6d03d461ace2b193f07baa4f,6,1,PCOS/infected/Image_153.jpg;PCOS/infected/Image_154.jpg;PCOS/infected/Image_SETA_153.jpg;PCOS/infected/Image_SETA_154.jpg;PCOS/infected/Image_SETB_153.jpg;PCOS/infected/Image_SETB_154.jpg
Figshare,8b9fcaccfcaacb5f3358365ede6dec84,2,0,PCOS/noninfected/Image_resize_692.jpg;PCOS/noninfected/Image_resize_696.jpg
Figshare,8ba44a6571a62f1e974cc63b8d223080,7,0,PCOS/noninfected/Image_1000.jpg;PCOS/noninfected/Image_999.jpg;PCOS/noninfected/Image_SetA1000.jpg;PCOS/noninfected/Image_SetA999.jpg;PCOS/noninfected/Image_SetB1000.jpg;PCOS/noninfected/Image_SetB999.jpg;PCOS/noninfected/Image_resize_671  (552).jpg
Figshare,8bc4f873631cb90164f11e9bf5f172ea,8,0,PCOS/noninfected/Image_resize_570.jpg;PCOS/noninfected/Image_resize_571.jpg;PCOS/noninfected/Image_resize_574.jpg;PCOS/noninfected/Image_resize_575.jpg;PCOS/noninfected/Image_resize_671  (77).jpg;PCOS/noninfected/Image_resize_671  (95).jpg;PCOS/noninfected/Image_resize_671  (96).jpg;PCOS/noninfected/Image_resize_671  (99).jpg
Figshare,8bd0a41bd0425794e1f697d46cdbb0bd,6,1,PCOS/infected/Image_631.jpg;PCOS/infected/Image_632.jpg;PCOS/infected/Image_SETA_631.jpg;PCOS/infected/Image_SETA_632.jpg;PCOS/infected/Image_SETB_631.jpg;PCOS/infected/Image_SETB_632.jpg
Figshare,8bedb588fa9a2e37a1f61711fc3aae09,2,1,PCOS/infected/image10854.jpg;PCOS/infected/image11051.jpg
Figshare,8c11f2a26a1d19264dce7123b4a2bf4f,2,1,PCOS/infected/Image_Rotate_Rotate_Right_071.jpg;PCOS/infected/Image_Rotate_Rotate_Right_072.jpg
Figshare,8c272484861ba4ab2e08116c7e6357f1,4,1,PCOS/infected/Image_Rotate_131.jpg;PCOS/infected/Image_Rotate_132.jpg;PCOS/infected/Image_Rotate_331.jpg;PCOS/infected/Image_Rotate_332.jpg
Figshare,8c471124aeea73cb3214b526f1f89d62,4,1,PCOS/infected/Image_Rotate_011.jpg;PCOS/infected/Image_Rotate_012.jpg;PCOS/infected/Image_Rotate_211.jpg;PCOS/infected/Image_Rotate_212.jpg
Figshare,8c783f39f04266117a27a9dd3e8eeb42,2,1,PCOS/infected/image10820.jpg;PCOS/infected/image11017.jpg
Figshare,8c7f8829459bac06ea30e310e809009e,6,0,PCOS/noninfected/Image_225.jpg;PCOS/noninfected/Image_226.jpg;PCOS/noninfected/Image_SetA225.jpg;PCOS/noninfected/Image_SetA226.jpg;PCOS/noninfected/Image_SetB225.jpg;PCOS/noninfected/Image_SetB226.jpg
Figshare,8c7fa85309da820c1b986de5cb2732af,8,0,PCOS/noninfected/Image_913.jpg;PCOS/noninfected/Image_914.jpg;PCOS/noninfected/Image_SetA913.jpg;PCOS/noninfected/Image_SetA914.jpg;PCOS/noninfected/Image_SetB913.jpg;PCOS/noninfected/Image_SetB914.jpg;PCOS/noninfected/Image_resize_671  (653).jpg;PCOS/noninfected/Image_resize_671  (654).jpg
Figshare,8c8a23797fad5b9574f2fde62a965251,8,0,PCOS/noninfected/Image_resize_642.jpg;PCOS/noninfected/Image_resize_643.jpg;PCOS/noninfected/Image_resize_646.jpg;PCOS/noninfected/Image_resize_647.jpg;PCOS/noninfected/Image_resize_671  (23).jpg;PCOS/noninfected/Image_resize_671  (24).jpg;PCOS/noninfected/Image_resize_671  (27).jpg;PCOS/noninfected/Image_resize_671  (3).jpg
Figshare,8ce0281c20eca82db0682a0a8cfb0ff4,2,1,PCOS/infected/image10851.jpg;PCOS/infected/image11048.jpg
Figshare,8d39a020adc0a0802dd75df129d7fed9,6,0,PCOS/noninfected/Image_079.jpg;PCOS/noninfected/Image_080.jpg;PCOS/noninfected/Image_SetA079.jpg;PCOS/noninfected/Image_SetA080.jpg;PCOS/noninfected/Image_SetB079.jpg;PCOS/noninfected/Image_SetB080.jpg
Figshare,8d4724985fe2417ebeeff7a00e9d43b1,6,1,PCOS/infected/Image_641.jpg;PCOS/infected/Image_642.jpg;PCOS/infected/Image_SETA_641.jpg;PCOS/infected/Image_SETA_642.jpg;PCOS/infected/Image_SETB_641.jpg;PCOS/infected/Image_SETB_642.jpg
Figshare,8d51b469a96a8e6cd72acc02be1719ef,2,1,PCOS/infected/Image_Rotate_Rotate_Right_017.jpg;PCOS/infected/Image_Rotate_Rotate_Right_018.jpg
Figshare,8d7ba341ccd2152fd766435c58e09aef,8,0,PCOS/noninfected/Image_955.jpg;PCOS/noninfected/Image_956.jpg;PCOS/noninfected/Image_SetA955.jpg;PCOS/noninfected/Image_SetA956.jpg;PCOS/noninfected/Image_SetB955.jpg;PCOS/noninfected/Image_SetB956.jpg;PCOS/noninfected/Image_resize_671  (603).jpg;PCOS/noninfected/Image_resize_671  (604).jpg
Figshare,8d8d10eb3d0c2517d03353d846a780b8,2,1,PCOS/infected/image10798.jpg;PCOS/infected/image10995.jpg
Figshare,8dc503596b619f38eb9398d6df5fa38f,6,1,PCOS/infected/Image_773.jpg;PCOS/infected/Image_774.jpg;PCOS/infected/Image_SETA_773.jpg;PCOS/infected/Image_SETA_774.jpg;PCOS/infected/Image_SETB_773.jpg;PCOS/infected/Image_SETB_774.jpg
Figshare,8dc9acd28b3cd510b35d2aab3bab7873,6,1,PCOS/infected/Image_1023.jpg;PCOS/infected/Image_1024.jpg;PCOS/infected/Image_SETA_1023.jpg;PCOS/infected/Image_SETA_1024.jpg;PCOS/infected/Image_SETB_1023.jpg;PCOS/infected/Image_SETB_1024.jpg
Figshare,8dccc628b734fa5a787e9cdc998152f1,6,0,PCOS/noninfected/Image_1013.jpg;PCOS/noninfected/Image_1014.jpg;PCOS/noninfected/Image_SetA1013.jpg;PCOS/noninfected/Image_SetA1014.jpg;PCOS/noninfected/Image_SetB1013.jpg;PCOS/noninfected/Image_SetB1014.jpg
Figshare,8deb8a9ba19098e7408bc8de93019d2a,4,1,PCOS/infected/Image_Rotate_059.jpg;PCOS/infected/Image_Rotate_060.jpg;PCOS/infected/Image_Rotate_259.jpg;PCOS/infected/Image_Rotate_260.jpg
Figshare,8e0c0c21f57a4531ab2f4aa933306df1,8,0,PCOS/noninfected/Image_resize_178.jpg;PCOS/noninfected/Image_resize_179.jpg;PCOS/noninfected/Image_resize_182.jpg;PCOS/noninfected/Image_resize_183.jpg;PCOS/noninfected/Image_resize_671  (380).jpg;PCOS/noninfected/Image_resize_671  (381).jpg;PCOS/noninfected/Image_resize_671  (384).jpg;PCOS/noninfected/Image_resize_671  (385).jpg
Figshare,8e1f71d07149d21278424b65d2432979,6,0,PCOS/noninfected/Image_193.jpg;PCOS/noninfected/Image_194.jpg;PCOS/noninfected/Image_SetA193.jpg;PCOS/noninfected/Image_SetA194.jpg;PCOS/noninfected/Image_SetB193.jpg;PCOS/noninfected/Image_SetB194.jpg
Figshare,8e20eac7c500dc59eb1327c9b98ef6f3,2,1,PCOS/infected/Image_Rotate_Rotate_Right_329.jpg;PCOS/infected/Image_Rotate_Rotate_Right_330.jpg
Figshare,8e2f16111263dbdcec03b1201e0a2d5a,4,0,PCOS/noninfected/Image_resize_340.jpg;PCOS/noninfected/Image_resize_344.jpg;PCOS/noninfected/Image_resize_671  (313).jpg;PCOS/noninfected/Image_resize_671  (317).jpg
Figshare,8e992ae087584163dabb03bae416144e,6,0,PCOS/noninfected/Image_077.jpg;PCOS/noninfected/Image_078.jpg;PCOS/noninfected/Image_SetA077.jpg;PCOS/noninfected/Image_SetA078.jpg;PCOS/noninfected/Image_SetB077.jpg;PCOS/noninfected/Image_SetB078.jpg
Figshare,8eb2496caeabcc72e4d37cfaac20fdae,6,0,PCOS/noninfected/Image_267.jpg;PCOS/noninfected/Image_268.jpg;PCOS/noninfected/Image_SetA267.jpg;PCOS/noninfected/Image_SetA268.jpg;PCOS/noninfected/Image_SetB267.jpg;PCOS/noninfected/Image_SetB268.jpg
Figshare,8ed76d834e972772ed070611ebcca8f0,6,1,PCOS/infected/Image_595.jpg;PCOS/infected/Image_596.jpg;PCOS/infected/Image_SETA_595.jpg;PCOS/infected/Image_SETA_596.jpg;PCOS/infected/Image_SETB_595.jpg;PCOS/infected/Image_SETB_596.jpg
Figshare,8edd64ece5575427ff09480e4e6a65fe,6,0,PCOS/noninfected/Image_407.jpg;PCOS/noninfected/Image_408.jpg;PCOS/noninfected/Image_SetA407.jpg;PCOS/noninfected/Image_SetA408.jpg;PCOS/noninfected/Image_SetB407.jpg;PCOS/noninfected/Image_SetB408.jpg
Figshare,8ee6b058c4e0cf6dc3b8bf858360b3b7,6,1,PCOS/infected/Image_099.jpg;PCOS/infected/Image_100.jpg;PCOS/infected/Image_SETA_099.jpg;PCOS/infected/Image_SETA_100.jpg;PCOS/infected/Image_SETB_099.jpg;PCOS/infected/Image_SETB_100.jpg
Figshare,8f2f023f99fd60394dfc9c895000ad30,6,1,PCOS/infected/Image_757.jpg;PCOS/infected/Image_758.jpg;PCOS/infected/Image_SETA_757.jpg;PCOS/infected/Image_SETA_758.jpg;PCOS/infected/Image_SETB_757.jpg;PCOS/infected/Image_SETB_758.jpg
Figshare,8f4a98686db4ecc35dcc5e162874bbc7,6,1,PCOS/infected/Image_021.jpg;PCOS/infected/Image_022.jpg;PCOS/infected/Image_SETA_021.jpg;PCOS/infected/Image_SETA_022.jpg;PCOS/infected/Image_SETB_021.jpg;PCOS/infected/Image_SETB_022.jpg
Figshare,8f5f8d1a16c173ccbb7df15dc11f7180,4,1,PCOS/infected/Image_resize_137.jpg;PCOS/infected/Image_resize_138.jpg;PCOS/infected/Image_resize_337.jpg;PCOS/infected/Image_resize_338.jpg
Figshare,8fc4e2cbfa2e8c4847172017a6efc195,6,1,PCOS/infected/Image_253.jpg;PCOS/infected/Image_254.jpg;PCOS/infected/Image_SETA_253.jpg;PCOS/infected/Image_SETA_254.jpg;PCOS/infected/Image_SETB_253.jpg;PCOS/infected/Image_SETB_254.jpg
Figshare,8fceaff45add3075840c75ab8f8a9564,8,0,PCOS/noninfected/Image_777.jpg;PCOS/noninfected/Image_778.jpg;PCOS/noninfected/Image_SetA777.jpg;PCOS/noninfected/Image_SetA778.jpg;PCOS/noninfected/Image_SetB777.jpg;PCOS/noninfected/Image_SetB778.jpg;PCOS/noninfected/Image_resize_671  (779).jpg;PCOS/noninfected/Image_resize_671  (780).jpg
Figshare,8ffcb8ca41a1a6906dfa1c2a01964ac2,6,1,PCOS/infected/Image_321.jpg;PCOS/infected/Image_322.jpg;PCOS/infected/Image_SETA_321.jpg;PCOS/infected/Image_SETA_322.jpg;PCOS/infected/Image_SETB_321.jpg;PCOS/infected/Image_SETB_322.jpg
Figshare,90216b306f1b791080c0991c7b325a95,8,0,PCOS/noninfected/Image_605.jpg;PCOS/noninfected/Image_606.jpg;PCOS/noninfected/Image_SetA605.jpg;PCOS/noninfected/Image_SetA606.jpg;PCOS/noninfected/Image_SetB605.jpg;PCOS/noninfected/Image_SetB606.jpg;PCOS/noninfected/Image_resize_671  (961).jpg;PCOS/noninfected/Image_resize_671  (962).jpg
Figshare,9036b6db800721cc4cc174fddeeeb164,8,0,PCOS/noninfected/Image_resize_002.jpg;PCOS/noninfected/Image_resize_003.jpg;PCOS/noninfected/Image_resize_006.jpg;PCOS/noninfected/Image_resize_007.jpg;PCOS/noninfected/Image_resize_671  (554).jpg;PCOS/noninfected/Image_resize_671  (555).jpg;PCOS/noninfected/Image_resize_671  (558).jpg;PCOS/noninfected/Image_resize_671  (559).jpg
Figshare,9041ecc27556b4b1af8a1d74aae967f1,2,1,PCOS/infected/Image_Rotate_Rotate_Right_137.jpg;PCOS/infected/Image_Rotate_Rotate_Right_138.jpg
Figshare,908953188cd46fe8b799236157e97cf5,4,0,PCOS/noninfected/Image_resize_652.jpg;PCOS/noninfected/Image_resize_656.jpg;PCOS/noninfected/Image_resize_671  (12).jpg;PCOS/noninfected/Image_resize_671  (8).jpg
Figshare,90a9b47b800d668f43dda35aca4b7dd8,6,1,PCOS/infected/Image_339.jpg;PCOS/infected/Image_340.jpg;PCOS/infected/Image_SETA_339.jpg;PCOS/infected/Image_SETA_340.jpg;PCOS/infected/Image_SETB_339.jpg;PCOS/infected/Image_SETB_340.jpg
Figshare,90b3a50957737fd7dee02b7f58d921e8,6,1,PCOS/infected/Image_915.jpg;PCOS/infected/Image_916.jpg;PCOS/infected/Image_SETA_915.jpg;PCOS/infected/Image_SETA_916.jpg;PCOS/infected/Image_SETB_915.jpg;PCOS/infected/Image_SETB_916.jpg
Figshare,90ccc90e0b3dc0a271f3cd76e55d604a,4,0,PCOS/noninfected/Image_resize_113.jpg;PCOS/noninfected/Image_resize_117.jpg;PCOS/noninfected/Image_resize_671  (436).jpg;PCOS/noninfected/Image_resize_671  (455).jpg
Figshare,90e4fb83bef43b3b49dfb60c4d93388b,2,1,PCOS/infected/Image_Rotate_Rotate_Right_251.jpg;PCOS/infected/Image_Rotate_Rotate_Right_252.jpg
Figshare,911ed2cd884aab62d53104f0803f4116,8,0,PCOS/noninfected/Image_941.jpg;PCOS/noninfected/Image_942.jpg;PCOS/noninfected/Image_SetA941.jpg;PCOS/noninfected/Image_SetA942.jpg;PCOS/noninfected/Image_SetB941.jpg;PCOS/noninfected/Image_SetB942.jpg;PCOS/noninfected/Image_resize_671  (612).jpg;PCOS/noninfected/Image_resize_671  (613).jpg
Figshare,91c0c8bc5d37122eb4bd092c8baac69e,2,1,PCOS/infected/Image_Rotate_Rotate_Right_003.jpg;PCOS/infected/Image_Rotate_Rotate_Right_004.jpg
Figshare,91da5ae767bac825ff6b1ab717f9e42f,4,1,PCOS/infected/Image_Rotate_063.jpg;PCOS/infected/Image_Rotate_064.jpg;PCOS/infected/Image_Rotate_263.jpg;PCOS/infected/Image_Rotate_264.jpg
Figshare,91e82f7ef1ec4cd855ec493b4f08e886,8,0,PCOS/noninfected/Image_921.jpg;PCOS/noninfected/Image_922.jpg;PCOS/noninfected/Image_SetA921.jpg;PCOS/noninfected/Image_SetA922.jpg;PCOS/noninfected/Image_SetB921.jpg;PCOS/noninfected/Image_SetB922.jpg;PCOS/noninfected/Image_resize_671  (638).jpg;PCOS/noninfected/Image_resize_671  (639).jpg
Figshare,91ff7c6e71f4be704085bec724293d2e,8,0,PCOS/noninfected/Image_767.jpg;PCOS/noninfected/Image_768.jpg;PCOS/noninfected/Image_SetA767.jpg;PCOS/noninfected/Image_SetA768.jpg;PCOS/noninfected/Image_SetB767.jpg;PCOS/noninfected/Image_SetB768.jpg;PCOS/noninfected/Image_resize_671  (791).jpg;PCOS/noninfected/Image_resize_671  (792).jpg
Figshare,9211258eb45b8a35b0bd0b974321ddf8,6,1,PCOS/infected/Image_659.jpg;PCOS/infected/Image_660.jpg;PCOS/infected/Image_SETA_659.jpg;PCOS/infected/Image_SETA_660.jpg;PCOS/infected/Image_SETB_659.jpg;PCOS/infected/Image_SETB_660.jpg
Figshare,9212b23c0ed59269e928fe15d6e6a1a8,2,1,PCOS/infected/Image_Rotate_Rotate_Right_277.jpg;PCOS/infected/Image_Rotate_Rotate_Right_278.jpg
Figshare,921fc20eb83f5a00f97a40c33efa780f,6,0,PCOS/noninfected/Image_027.jpg;PCOS/noninfected/Image_028.jpg;PCOS/noninfected/Image_SetA027.jpg;PCOS/noninfected/Image_SetA028.jpg;PCOS/noninfected/Image_SetB027.jpg;PCOS/noninfected/Image_SetB028.jpg
Figshare,924d996f424bb27bffdd2de89cb4189a,2,1,PCOS/infected/Image_Rotate_Rotate_Right_309.jpg;PCOS/infected/Image_Rotate_Rotate_Right_310.jpg
Figshare,928ae92dbf18ca433f12ff44e5d5426d,6,0,PCOS/noninfected/Image_325.jpg;PCOS/noninfected/Image_326.jpg;PCOS/noninfected/Image_SetA325.jpg;PCOS/noninfected/Image_SetA326.jpg;PCOS/noninfected/Image_SetB325.jpg;PCOS/noninfected/Image_SetB326.jpg
Figshare,92a01baa70886356b0f7dd1bde53a7c5,6,0,PCOS/noninfected/Image_299.jpg;PCOS/noninfected/Image_300.jpg;PCOS/noninfected/Image_SetA299.jpg;PCOS/noninfected/Image_SetA300.jpg;PCOS/noninfected/Image_SetB299.jpg;PCOS/noninfected/Image_SetB300.jpg
Figshare,92cc8dfa916a0a378bbd94df73eb7a84,4,0,PCOS/noninfected/Image_resize_250.jpg;PCOS/noninfected/Image_resize_251.jpg;PCOS/noninfected/Image_resize_254.jpg;PCOS/noninfected/Image_resize_255.jpg
Figshare,931feb386c0232216812a7bc88d6ff39,8,0,PCOS/noninfected/Image_643.jpg;PCOS/noninfected/Image_644.jpg;PCOS/noninfected/Image_SetA643.jpg;PCOS/noninfected/Image_SetA644.jpg;PCOS/noninfected/Image_SetB643.jpg;PCOS/noninfected/Image_SetB644.jpg;PCOS/noninfected/Image_resize_671  (906).jpg;PCOS/noninfected/Image_resize_671  (928).jpg
Figshare,934224bed9dd301584c67a434a46ad72,8,0,PCOS/noninfected/Image_resize_578.jpg;PCOS/noninfected/Image_resize_579.jpg;PCOS/noninfected/Image_resize_582.jpg;PCOS/noninfected/Image_resize_583.jpg;PCOS/noninfected/Image_resize_671  (80).jpg;PCOS/noninfected/Image_resize_671  (81).jpg;PCOS/noninfected/Image_resize_671  (84).jpg;PCOS/noninfected/Image_resize_671  (85).jpg
Figshare,937d519da6f9f8a315fb030393468780,2,1,PCOS/infected/image10895.jpg;PCOS/infected/image11096.jpg
Figshare,9383de93310ea2987ca152badb82ee3b,8,0,PCOS/noninfected/Image_689.jpg;PCOS/noninfected/Image_690.jpg;PCOS/noninfected/Image_SetA689.jpg;PCOS/noninfected/Image_SetA690.jpg;PCOS/noninfected/Image_SetB689.jpg;PCOS/noninfected/Image_SetB690.jpg;PCOS/noninfected/Image_resize_671  (879).jpg;PCOS/noninfected/Image_resize_671  (880).jpg
Figshare,93c922508c4e0a6831144904fbff75a2,6,0,PCOS/noninfected/Image_035.jpg;PCOS/noninfected/Image_036.jpg;PCOS/noninfected/Image_SetA035.jpg;PCOS/noninfected/Image_SetA036.jpg;PCOS/noninfected/Image_SetB035.jpg;PCOS/noninfected/Image_SetB036.jpg
Figshare,93d7e8b244fb66eea8a007a4e3d02d0a,4,1,PCOS/infected/Image_resize_163.jpg;PCOS/infected/Image_resize_164.jpg;PCOS/infected/Image_resize_363.jpg;PCOS/infected/Image_resize_364.jpg
Figshare,940a341c2bb3ba519184b2da1e6ce291,8,0,PCOS/noninfected/Image_449.jpg;PCOS/noninfected/Image_450.jpg;PCOS/noninfected/Image_SetA449.jpg;PCOS/noninfected/Image_SetA450.jpg;PCOS/noninfected/Image_SetB449.jpg;PCOS/noninfected/Image_SetB450.jpg;PCOS/noninfected/Image_resize_671  (1123).jpg;PCOS/noninfected/Image_resize_671  (1124).jpg
Figshare,940b3191edaf0c797dba1faa9ff58679,6,1,PCOS/infected/Image_927.jpg;PCOS/infected/Image_928.jpg;PCOS/infected/Image_SETA_927.jpg;PCOS/infected/Image_SETA_928.jpg;PCOS/infected/Image_SETB_927.jpg;PCOS/infected/Image_SETB_928.jpg
Figshare,9427eb55998170c3da7a5feef1331f1d,2,0,PCOS/noninfected/Image_resize_660.jpg;PCOS/noninfected/Image_resize_664.jpg
Figshare,94986ffc03ef7842dcc540b27fe8ad76,4,1,PCOS/infected/Image_resize_091.jpg;PCOS/infected/Image_resize_092.jpg;PCOS/infected/Image_resize_291.jpg;PCOS/infected/Image_resize_292.jpg
Figshare,949c76ddb4c2a49d7c2ec3981f735a4b,8,0,PCOS/noninfected/Image_863.jpg;PCOS/noninfected/Image_864.jpg;PCOS/noninfected/Image_SetA863.jpg;PCOS/noninfected/Image_SetA864.jpg;PCOS/noninfected/Image_SetB863.jpg;PCOS/noninfected/Image_SetB864.jpg;PCOS/noninfected/Image_resize_671  (699).jpg;PCOS/noninfected/Image_resize_671  (700).jpg
Figshare,94bd5b3d9f2c2309c6b3bbb9d0a8c581,4,0,PCOS/noninfected/Image_resize_266.jpg;PCOS/noninfected/Image_resize_267.jpg;PCOS/noninfected/Image_resize_270.jpg;PCOS/noninfected/Image_resize_271.jpg
Figshare,94e25cf6e2cb69f0005e3132e8b23dd3,6,0,PCOS/noninfected/Image_345.jpg;PCOS/noninfected/Image_346.jpg;PCOS/noninfected/Image_SetA345.jpg;PCOS/noninfected/Image_SetA346.jpg;PCOS/noninfected/Image_SetB345.jpg;PCOS/noninfected/Image_SetB346.jpg
Figshare,94f749696475b7d32e48f4e8ccb50a8b,2,1,PCOS/infected/Image_Rotate_Rotate_Right_257.jpg;PCOS/infected/Image_Rotate_Rotate_Right_258.jpg
Figshare,94ff54c1e435c6269e9ee2ab5ba01fef,6,1,PCOS/infected/Image_505.jpg;PCOS/infected/Image_506.jpg;PCOS/infected/Image_SETA_505.jpg;PCOS/infected/Image_SETA_506.jpg;PCOS/infected/Image_SETB_505.jpg;PCOS/infected/Image_SETB_506.jpg
Figshare,9524e3d52ba7e399be51a6e71e29d709,6,1,PCOS/infected/Image_407.jpg;PCOS/infected/Image_408.jpg;PCOS/infected/Image_SETA_407.jpg;PCOS/infected/Image_SETA_408.jpg;PCOS/infected/Image_SETB_407.jpg;PCOS/infected/Image_SETB_408.jpg
Figshare,956bf1a14f7f6751389b755f63a20214,8,0,PCOS/noninfected/Image_489.jpg;PCOS/noninfected/Image_490.jpg;PCOS/noninfected/Image_SetA489.jpg;PCOS/noninfected/Image_SetA490.jpg;PCOS/noninfected/Image_SetB489.jpg;PCOS/noninfected/Image_SetB490.jpg;PCOS/noninfected/Image_resize_671  (1073).jpg;PCOS/noninfected/Image_resize_671  (1074).jpg
Figshare,9598ee96d649e2951fba39b41de979de,6,1,PCOS/infected/Image_007.jpg;PCOS/infected/Image_008.jpg;PCOS/infected/Image_SETA_007.jpg;PCOS/infected/Image_SETA_008.jpg;PCOS/infected/Image_SETB_007.jpg;PCOS/infected/Image_SETB_008.jpg
Figshare,95abc95281ca5f31f8b80493bd3a74b8,2,1,PCOS/infected/image10799.jpg;PCOS/infected/image10996.jpg
Figshare,96160a0495303a1a897f773407e59287,4,0,PCOS/noninfected/Image_resize_641.jpg;PCOS/noninfected/Image_resize_645.jpg;PCOS/noninfected/Image_resize_671  (22).jpg;PCOS/noninfected/Image_resize_671  (26).jpg
Figshare,962e2e272a83adbb2a15f86ea086dfd2,2,1,PCOS/infected/Image_Rotate_Rotate_Right_153.jpg;PCOS/infected/Image_Rotate_Rotate_Right_154.jpg
Figshare,964a0274a3530ec215b00fb81bb06918,6,1,PCOS/infected/Image_233.jpg;PCOS/infected/Image_234.jpg;PCOS/infected/Image_SETA_233.jpg;PCOS/infected/Image_SETA_234.jpg;PCOS/infected/Image_SETB_233.jpg;PCOS/infected/Image_SETB_234.jpg
Figshare,9681e8c64b877f2a321d8b0a570451ae,2,1,PCOS/infected/image10822.jpg;PCOS/infected/image11019.jpg
Figshare,96b2b970f921a7b9a6f7042a47eb0799,6,1,PCOS/infected/Image_1009.jpg;PCOS/infected/Image_1010.jpg;PCOS/infected/Image_SETA_1009.jpg;PCOS/infected/Image_SETA_1010.jpg;PCOS/infected/Image_SETB_1009.jpg;PCOS/infected/Image_SETB_1010.jpg
Figshare,96bb075e3017dcbcf4633a8a16f15815,6,1,PCOS/infected/Image_651.jpg;PCOS/infected/Image_652.jpg;PCOS/infected/Image_SETA_651.jpg;PCOS/infected/Image_SETA_652.jpg;PCOS/infected/Image_SETB_651.jpg;PCOS/infected/Image_SETB_652.jpg
Figshare,96deebaf4f920c7f52e1303bbf4b74b6,8,0,PCOS/noninfected/Image_resize_490.jpg;PCOS/noninfected/Image_resize_491.jpg;PCOS/noninfected/Image_resize_494.jpg;PCOS/noninfected/Image_resize_495.jpg;PCOS/noninfected/Image_resize_671  (161).jpg;PCOS/noninfected/Image_resize_671  (162).jpg;PCOS/noninfected/Image_resize_671  (165).jpg;PCOS/noninfected/Image_resize_671  (166).jpg
Figshare,96e1ff4c793b71d10fb5b9c38cf8dc32,2,1,PCOS/infected/image10901.jpg;PCOS/infected/image11102.jpg
Figshare,970d4322b1fda0259eacaf8029cf9636,4,0,PCOS/noninfected/Image_resize_516.jpg;PCOS/noninfected/Image_resize_520.jpg;PCOS/noninfected/Image_resize_671  (139).jpg;PCOS/noninfected/Image_resize_671  (143).jpg
Figshare,971e804a74a75fbb61c86e6bde33bbaa,4,1,PCOS/infected/Image_Rotate_191.jpg;PCOS/infected/Image_Rotate_192.jpg;PCOS/infected/Image_Rotate_391.jpg;PCOS/infected/Image_Rotate_392.jpg
Figshare,974ab07a7673282eb7b3fdb025b14c8c,2,1,PCOS/infected/Image_Rotate_Rotate_Right_249.jpg;PCOS/infected/Image_Rotate_Rotate_Right_250.jpg
Figshare,97baab0890d1b9ee122a0d6eadc407da,6,1,PCOS/infected/Image_835.jpg;PCOS/infected/Image_836.jpg;PCOS/infected/Image_SETA_835.jpg;PCOS/infected/Image_SETA_836.jpg;PCOS/infected/Image_SETB_835.jpg;PCOS/infected/Image_SETB_836.jpg
Figshare,97ee39e2afae4adbaac8cabf9041b34f,4,0,PCOS/noninfected/Image_resize_377.jpg;PCOS/noninfected/Image_resize_381.jpg;PCOS/noninfected/Image_resize_671  (286).jpg;PCOS/noninfected/Image_resize_671  (290).jpg
Figshare,98027cd7a135e9a2002dbe5c229e458a,4,1,PCOS/infected/Image_Rotate_155.jpg;PCOS/infected/Image_Rotate_156.jpg;PCOS/infected/Image_Rotate_355.jpg;PCOS/infected/Image_Rotate_356.jpg
Figshare,980d1f5e9a8d4f52221657f095d42124,8,0,PCOS/noninfected/Image_585.jpg;PCOS/noninfected/Image_586.jpg;PCOS/noninfected/Image_SetA585.jpg;PCOS/noninfected/Image_SetA586.jpg;PCOS/noninfected/Image_SetB585.jpg;PCOS/noninfected/Image_SetB586.jpg;PCOS/noninfected/Image_resize_671  (965).jpg;PCOS/noninfected/Image_resize_671  (966).jpg
Figshare,98a2c3234fbfbc13dfad0d63c40b8257,6,1,PCOS/infected/Image_515.jpg;PCOS/infected/Image_516.jpg;PCOS/infected/Image_SETA_515.jpg;PCOS/infected/Image_SETA_516.jpg;PCOS/infected/Image_SETB_515.jpg;PCOS/infected/Image_SETB_516.jpg
Figshare,98b03ada2f97278916b707e49eeec15c,8,0,PCOS/noninfected/Image_761.jpg;PCOS/noninfected/Image_762.jpg;PCOS/noninfected/Image_SetA761.jpg;PCOS/noninfected/Image_SetA762.jpg;PCOS/noninfected/Image_SetB761.jpg;PCOS/noninfected/Image_SetB762.jpg;PCOS/noninfected/Image_resize_671  (809).jpg;PCOS/noninfected/Image_resize_671  (810).jpg
Figshare,98e62875d9c3ed5f1cccc2946edde769,4,1,PCOS/infected/Image_resize_097.jpg;PCOS/infected/Image_resize_098.jpg;PCOS/infected/Image_resize_297.jpg;PCOS/infected/Image_resize_298.jpg
Figshare,98f5d1774930736e175e923c9ed8fadd,2,1,PCOS/infected/image10753.jpg;PCOS/infected/image10950.jpg
Figshare,98ff3cee01034199fcdc8c5322ec2d52,8,0,PCOS/noninfected/Image_resize_106.jpg;PCOS/noninfected/Image_resize_107.jpg;PCOS/noninfected/Image_resize_110.jpg;PCOS/noninfected/Image_resize_111.jpg;PCOS/noninfected/Image_resize_671  (448).jpg;PCOS/noninfected/Image_resize_671  (449).jpg;PCOS/noninfected/Image_resize_671  (452).jpg;PCOS/noninfected/Image_resize_671  (453).jpg
Figshare,9932abfd5e3b688e5e6a27ef1273a9cf,2,1,PCOS/infected/Image_Rotate_Rotate_Right_083.jpg;PCOS/infected/Image_Rotate_Rotate_Right_084.jpg
Figshare,99360198335002ca893e380d38845af8,6,1,PCOS/infected/Image_353.jpg;PCOS/infected/Image_354.jpg;PCOS/infected/Image_SETA_353.jpg;PCOS/infected/Image_SETA_354.jpg;PCOS/infected/Image_SETB_353.jpg;PCOS/infected/Image_SETB_354.jpg
Figshare,9938bebf34d797bc1d35b626bb9de1f4,4,1,PCOS/infected/Image_resize_139.jpg;PCOS/infected/Image_resize_140.jpg;PCOS/infected/Image_resize_339.jpg;PCOS/infected/Image_resize_340.jpg
Figshare,9971da52b91b084c7fed7d087e2b6730,6,0,PCOS/noninfected/Image_041.jpg;PCOS/noninfected/Image_042.jpg;PCOS/noninfected/Image_SetA041.jpg;PCOS/noninfected/Image_SetA042.jpg;PCOS/noninfected/Image_SetB041.jpg;PCOS/noninfected/Image_SetB042.jpg
Figshare,999d89a9724b7ccaaca379bc32feadfa,6,1,PCOS/infected/Image_677.jpg;PCOS/infected/Image_678.jpg;PCOS/infected/Image_SETA_677.jpg;PCOS/infected/Image_SETA_678.jpg;PCOS/infected/Image_SETB_677.jpg;PCOS/infected/Image_SETB_678.jpg
Figshare,99c3259038c377e00d67270d6d98f3e5,2,1,PCOS/infected/Image_Rotate_Rotate_Right_335.jpg;PCOS/infected/Image_Rotate_Rotate_Right_336.jpg
Figshare,99d3c115de72b74a160d8192241a454c,6,1,PCOS/infected/Image_227.jpg;PCOS/infected/Image_228.jpg;PCOS/infected/Image_SETA_227.jpg;PCOS/infected/Image_SETA_228.jpg;PCOS/infected/Image_SETB_227.jpg;PCOS/infected/Image_SETB_228.jpg
Figshare,99d56a2926574f6c30b982a1e5484574,4,1,PCOS/infected/Image_resize_177.jpg;PCOS/infected/Image_resize_178.jpg;PCOS/infected/Image_resize_377.jpg;PCOS/infected/Image_resize_378.jpg
Figshare,99d66a0a75a0b0554d2f28bb16919566,4,1,PCOS/infected/Image_resize_029.jpg;PCOS/infected/Image_resize_030.jpg;PCOS/infected/Image_resize_229.jpg;PCOS/infected/Image_resize_230.jpg
Figshare,99ec50ed15bf076a43ee67f1514a9127,4,1,PCOS/infected/Image_Rotate_067.jpg;PCOS/infected/Image_Rotate_068.jpg;PCOS/infected/Image_Rotate_267.jpg;PCOS/infected/Image_Rotate_268.jpg
Figshare,99fe1fe3f918e2d06d59089ad7833203,6,1,PCOS/infected/Image_863.jpg;PCOS/infected/Image_864.jpg;PCOS/infected/Image_SETA_863.jpg;PCOS/infected/Image_SETA_864.jpg;PCOS/infected/Image_SETB_863.jpg;PCOS/infected/Image_SETB_864.jpg
Figshare,9a0b1c42fa5a3dcd0a304d43b1b0c944,6,1,PCOS/infected/Image_557.jpg;PCOS/infected/Image_558.jpg;PCOS/infected/Image_SETA_557.jpg;PCOS/infected/Image_SETA_558.jpg;PCOS/infected/Image_SETB_557.jpg;PCOS/infected/Image_SETB_558.jpg
Figshare,9a1189ef98ef26ea1ceb9ce285113f65,6,1,PCOS/infected/Image_057.jpg;PCOS/infected/Image_058.jpg;PCOS/infected/Image_SETA_057.jpg;PCOS/infected/Image_SETA_058.jpg;PCOS/infected/Image_SETB_057.jpg;PCOS/infected/Image_SETB_058.jpg
Figshare,9a1633ca0cc95a235e3c20000320cdea,4,1,PCOS/infected/Image_Rotate_139.jpg;PCOS/infected/Image_Rotate_140.jpg;PCOS/infected/Image_Rotate_339.jpg;PCOS/infected/Image_Rotate_340.jpg
Figshare,9a1d24f375af1682f97fade98f56ac8d,4,0,PCOS/noninfected/Image_resize_754.jpg;PCOS/noninfected/Image_resize_755.jpg;PCOS/noninfected/Image_resize_758.jpg;PCOS/noninfected/Image_resize_759.jpg
Figshare,9a1ed984210795c883ea278b60897972,2,1,PCOS/infected/Image_Rotate_Rotate_Right_273.jpg;PCOS/infected/Image_Rotate_Rotate_Right_274.jpg
Figshare,9a2c28c651a294d7f7eaf4626ee967bc,6,1,PCOS/infected/Image_375.jpg;PCOS/infected/Image_376.jpg;PCOS/infected/Image_SETA_375.jpg;PCOS/infected/Image_SETA_376.jpg;PCOS/infected/Image_SETB_375.jpg;PCOS/infected/Image_SETB_376.jpg
Figshare,9a301bcdecb8e5316624c3a39f3266f5,2,1,PCOS/infected/Image_Rotate_Rotate_Right_157.jpg;PCOS/infected/Image_Rotate_Rotate_Right_158.jpg
Figshare,9a40f067eee628f68e0fb6b639027728,4,0,PCOS/noninfected/Image_resize_404.jpg;PCOS/noninfected/Image_resize_408.jpg;PCOS/noninfected/Image_resize_671  (245).jpg;PCOS/noninfected/Image_resize_671  (258).jpg
Figshare,9a9d359d35acd64129650f6c96050ffe,4,1,PCOS/infected/Image_Rotate_031.jpg;PCOS/infected/Image_Rotate_032.jpg;PCOS/infected/Image_Rotate_231.jpg;PCOS/infected/Image_Rotate_232.jpg
Figshare,9a9eb707429febaaf2fed1612868268f,8,0,PCOS/noninfected/Image_853.jpg;PCOS/noninfected/Image_854.jpg;PCOS/noninfected/Image_SetA853.jpg;PCOS/noninfected/Image_SetA854.jpg;PCOS/noninfected/Image_SetB853.jpg;PCOS/noninfected/Image_SetB854.jpg;PCOS/noninfected/Image_resize_671  (712).jpg;PCOS/noninfected/Image_resize_671  (713).jpg
Figshare,9ab02e2aa5cf9198a395fba97c761500,2,1,PCOS/infected/Image_Rotate_Rotate_Right_259.jpg;PCOS/infected/Image_Rotate_Rotate_Right_260.jpg
Figshare,9b3bd2e08e7e3f65345483e3048b3e0e,2,1,PCOS/infected/Image_Rotate_Rotate_Right_183.jpg;PCOS/infected/Image_Rotate_Rotate_Right_184.jpg
Figshare,9b3c66e607956022502c8a9e4b4ede9e,2,0,PCOS/noninfected/Image_resize_684.jpg;PCOS/noninfected/Image_resize_688.jpg
Figshare,9b7a5c3caaf9dd1fd08b49498c768023,6,1,PCOS/infected/Image_363.jpg;PCOS/infected/Image_364.jpg;PCOS/infected/Image_SETA_363.jpg;PCOS/infected/Image_SETA_364.jpg;PCOS/infected/Image_SETB_363.jpg;PCOS/infected/Image_SETB_364.jpg
Figshare,9b7f9063184341ba6ac24996c887eba6,6,0,PCOS/noninfected/Image_273.jpg;PCOS/noninfected/Image_274.jpg;PCOS/noninfected/Image_SetA273.jpg;PCOS/noninfected/Image_SetA274.jpg;PCOS/noninfected/Image_SetB273.jpg;PCOS/noninfected/Image_SetB274.jpg
Figshare,9b864c108ea47a69d11dec458f8573cd,2,1,PCOS/infected/Image_Rotate_Rotate_Right_039.jpg;PCOS/infected/Image_Rotate_Rotate_Right_040.jpg
Figshare,9bfa01f0bf542d4ae525f50e7427909d,6,1,PCOS/infected/Image_645.jpg;PCOS/infected/Image_646.jpg;PCOS/infected/Image_SETA_645.jpg;PCOS/infected/Image_SETA_646.jpg;PCOS/infected/Image_SETB_645.jpg;PCOS/infected/Image_SETB_646.jpg
Figshare,9c1b9455d9ab412361fe2e51ed79e750,4,0,PCOS/noninfected/Image_resize_337.jpg;PCOS/noninfected/Image_resize_341.jpg;PCOS/noninfected/Image_resize_671  (310).jpg;PCOS/noninfected/Image_resize_671  (314).jpg
Figshare,9c37c0839673fa789b90cd212e65ca56,4,1,PCOS/infected/Image_resize_037.jpg;PCOS/infected/Image_resize_038.jpg;PCOS/infected/Image_resize_237.jpg;PCOS/infected/Image_resize_238.jpg
Figshare,9c39ce71d03b3eb42f24e01d49105af3,2,1,PCOS/infected/image11353.jpg;PCOS/infected/image12986.jpg
Figshare,9c4e27ec8bb3fe040607117b9ea68e33,8,0,PCOS/noninfected/Image_441.jpg;PCOS/noninfected/Image_442.jpg;PCOS/noninfected/Image_SetA441.jpg;PCOS/noninfected/Image_SetA442.jpg;PCOS/noninfected/Image_SetB441.jpg;PCOS/noninfected/Image_SetB442.jpg;PCOS/noninfected/Image_resize_671  (1115).jpg;PCOS/noninfected/Image_resize_671  (1116).jpg
Figshare,9c5b050068b6fbff55629f07cd649faa,6,1,PCOS/infected/Image_417.jpg;PCOS/infected/Image_418.jpg;PCOS/infected/Image_SETA_417.jpg;PCOS/infected/Image_SETA_418.jpg;PCOS/infected/Image_SETB_417.jpg;PCOS/infected/Image_SETB_418.jpg
Figshare,9c6934c75b377506a477598561116e8d,6,0,PCOS/noninfected/Image_405.jpg;PCOS/noninfected/Image_406.jpg;PCOS/noninfected/Image_SetA405.jpg;PCOS/noninfected/Image_SetA406.jpg;PCOS/noninfected/Image_SetB405.jpg;PCOS/noninfected/Image_SetB406.jpg
Figshare,9cb3360a3e007ae8f523ec4841d0aafa,4,1,PCOS/infected/Image_resize_083.jpg;PCOS/infected/Image_resize_084.jpg;PCOS/infected/Image_resize_283.jpg;PCOS/infected/Image_resize_284.jpg
Figshare,9cb9ed4a8890418759ca8a06aca89400,6,1,PCOS/infected/Image_063.jpg;PCOS/infected/Image_064.jpg;PCOS/infected/Image_SETA_063.jpg;PCOS/infected/Image_SETA_064.jpg;PCOS/infected/Image_SETB_063.jpg;PCOS/infected/Image_SETB_064.jpg
Figshare,9ccb898f5957294aa4b7a98321df17fa,6,0,PCOS/noninfected/Image_065.jpg;PCOS/noninfected/Image_066.jpg;PCOS/noninfected/Image_SetA065.jpg;PCOS/noninfected/Image_SetA066.jpg;PCOS/noninfected/Image_SetB065.jpg;PCOS/noninfected/Image_SetB066.jpg
Figshare,9cd15e386efd221d33766105d172b5d5,2,1,PCOS/infected/image10700.jpg;PCOS/infected/image12541.jpg
Figshare,9cd4a5ecf871257756d22c676713b167,2,1,PCOS/infected/image10929.jpg;PCOS/infected/image11131.jpg
Figshare,9d2c9dbf9771f434a0d4a9d0454a0ef8,6,1,PCOS/infected/Image_689.jpg;PCOS/infected/Image_690.jpg;PCOS/infected/Image_SETA_689.jpg;PCOS/infected/Image_SETA_690.jpg;PCOS/infected/Image_SETB_689.jpg;PCOS/infected/Image_SETB_690.jpg
Figshare,9d2fd515b4421fd3fb970e350d660236,4,1,PCOS/infected/Image_resize_185.jpg;PCOS/infected/Image_resize_186.jpg;PCOS/infected/Image_resize_385.jpg;PCOS/infected/Image_resize_386.jpg
Figshare,9d4478ca5100d56215011fbd82e77d7c,2,1,PCOS/infected/Image_Rotate_Rotate_Right_333.jpg;PCOS/infected/Image_Rotate_Rotate_Right_334.jpg
Figshare,9d4874253a4d219d97dbadcd2b2c7d70,6,0,PCOS/noninfected/Image_351.jpg;PCOS/noninfected/Image_352.jpg;PCOS/noninfected/Image_SetA351.jpg;PCOS/noninfected/Image_SetA352.jpg;PCOS/noninfected/Image_SetB351.jpg;PCOS/noninfected/Image_SetB352.jpg
Figshare,9d521ff292d6a466b3e1d33d37969082,6,0,PCOS/noninfected/Image_141.jpg;PCOS/noninfected/Image_142.jpg;PCOS/noninfected/Image_SetA141.jpg;PCOS/noninfected/Image_SetA142.jpg;PCOS/noninfected/Image_SetB141.jpg;PCOS/noninfected/Image_SetB142.jpg
Figshare,9d52ea11c4f392e93c728fd5dfb2a6e0,4,1,PCOS/infected/Image_Rotate_135.jpg;PCOS/infected/Image_Rotate_136.jpg;PCOS/infected/Image_Rotate_335.jpg;PCOS/infected/Image_Rotate_336.jpg
Figshare,9dd375bd6964d1b0563b0208205a947d,2,1,PCOS/infected/Image_Rotate_Rotate_Right_349.jpg;PCOS/infected/Image_Rotate_Rotate_Right_350.jpg
Figshare,9dd532edc34b5e610680086fdc5ee3e7,4,0,PCOS/noninfected/Image_resize_457.jpg;PCOS/noninfected/Image_resize_461.jpg;PCOS/noninfected/Image_resize_671  (200).jpg;PCOS/noninfected/Image_resize_671  (204).jpg
Figshare,9de3c3956145c457057d1911b04940ff,8,0,PCOS/noninfected/Image_671.jpg;PCOS/noninfected/Image_672.jpg;PCOS/noninfected/Image_SetA671.jpg;PCOS/noninfected/Image_SetA672.jpg;PCOS/noninfected/Image_SetB671.jpg;PCOS/noninfected/Image_SetB672.jpg;PCOS/noninfected/Image_resize_671  (884).jpg;PCOS/noninfected/Image_resize_671  (885).jpg
Figshare,9e01ab2b2eef148a375d322d6ee86a86,6,0,PCOS/noninfected/Image_303.jpg;PCOS/noninfected/Image_304.jpg;PCOS/noninfected/Image_SetA303.jpg;PCOS/noninfected/Image_SetA304.jpg;PCOS/noninfected/Image_SetB303.jpg;PCOS/noninfected/Image_SetB304.jpg
Figshare,9e20a7923656fe58362fef1e4c042303,8,0,PCOS/noninfected/Image_977.jpg;PCOS/noninfected/Image_978.jpg;PCOS/noninfected/Image_SetA977.jpg;PCOS/noninfected/Image_SetA978.jpg;PCOS/noninfected/Image_SetB977.jpg;PCOS/noninfected/Image_SetB978.jpg;PCOS/noninfected/Image_resize_671  (577).jpg;PCOS/noninfected/Image_resize_671  (578).jpg
Figshare,9e305d7a7bc927f8ff3c2e19f542c70a,6,0,PCOS/noninfected/Image_113.jpg;PCOS/noninfected/Image_114.jpg;PCOS/noninfected/Image_SetA113.jpg;PCOS/noninfected/Image_SetA114.jpg;PCOS/noninfected/Image_SetB113.jpg;PCOS/noninfected/Image_SetB114.jpg
Figshare,9e3f142e27183b61965ffed39f990814,4,0,PCOS/noninfected/Image_resize_596.jpg;PCOS/noninfected/Image_resize_600.jpg;PCOS/noninfected/Image_resize_671  (54).jpg;PCOS/noninfected/Image_resize_671  (75).jpg
Figshare,9ea5b7d228f2aad343ab1cf869dd3a07,2,1,PCOS/infected/Image_Rotate_Rotate_Right_205.jpg;PCOS/infected/Image_Rotate_Rotate_Right_206.jpg
Figshare,9eb6ad341a8644624c0d693e9ae14132,6,1,PCOS/infected/Image_873.jpg;PCOS/infected/Image_874.jpg;PCOS/infected/Image_SETA_873.jpg;PCOS/infected/Image_SETA_874.jpg;PCOS/infected/Image_SETB_873.jpg;PCOS/infected/Image_SETB_874.jpg
Figshare,9ec1807451803ea3ebcc361408ef1ef7,8,0,PCOS/noninfected/Image_469.jpg;PCOS/noninfected/Image_470.jpg;PCOS/noninfected/Image_SetA469.jpg;PCOS/noninfected/Image_SetA470.jpg;PCOS/noninfected/Image_SetB469.jpg;PCOS/noninfected/Image_SetB470.jpg;PCOS/noninfected/Image_resize_671  (1100).jpg;PCOS/noninfected/Image_resize_671  (1101).jpg
Figshare,9ee56fec09ba8a747280fc238e311187,6,1,PCOS/infected/Image_501.jpg;PCOS/infected/Image_502.jpg;PCOS/infected/Image_SETA_501.jpg;PCOS/infected/Image_SETA_502.jpg;PCOS/infected/Image_SETB_501.jpg;PCOS/infected/Image_SETB_502.jpg
Figshare,9eed5350ea70993653e8a420359d6838,6,1,PCOS/infected/Image_293.jpg;PCOS/infected/Image_294.jpg;PCOS/infected/Image_SETA_293.jpg;PCOS/infected/Image_SETA_294.jpg;PCOS/infected/Image_SETB_293.jpg;PCOS/infected/Image_SETB_294.jpg
Figshare,9f165337acadf29890bef3d47dc97a03,6,1,PCOS/infected/Image_069.jpg;PCOS/infected/Image_070.jpg;PCOS/infected/Image_SETA_069.jpg;PCOS/infected/Image_SETA_070.jpg;PCOS/infected/Image_SETB_069.jpg;PCOS/infected/Image_SETB_070.jpg
Figshare,9f438e71ef0d03e30ae9e893314e7022,8,0,PCOS/noninfected/Image_859.jpg;PCOS/noninfected/Image_860.jpg;PCOS/noninfected/Image_SetA859.jpg;PCOS/noninfected/Image_SetA860.jpg;PCOS/noninfected/Image_SetB859.jpg;PCOS/noninfected/Image_SetB860.jpg;PCOS/noninfected/Image_resize_671  (695).jpg;PCOS/noninfected/Image_resize_671  (696).jpg
Figshare,9f5ad55885337c0826d03c7501a18a3d,4,1,PCOS/infected/Image_resize_055.jpg;PCOS/infected/Image_resize_056.jpg;PCOS/infected/Image_resize_255.jpg;PCOS/infected/Image_resize_256.jpg
Figshare,9f659f462d6970f258ac182bc99132a7,6,1,PCOS/infected/Image_281.jpg;PCOS/infected/Image_282.jpg;PCOS/infected/Image_SETA_281.jpg;PCOS/infected/Image_SETA_282.jpg;PCOS/infected/Image_SETB_281.jpg;PCOS/infected/Image_SETB_282.jpg
Figshare,9fb0a93af7e72784f776b85fffce64f1,8,0,PCOS/noninfected/Image_753.jpg;PCOS/noninfected/Image_754.jpg;PCOS/noninfected/Image_SetA753.jpg;PCOS/noninfected/Image_SetA754.jpg;PCOS/noninfected/Image_SetB753.jpg;PCOS/noninfected/Image_SetB754.jpg;PCOS/noninfected/Image_resize_671  (801).jpg;PCOS/noninfected/Image_resize_671  (802).jpg
Figshare,9fb1cec8288ecdc3f4764cda9e99a6eb,8,0,PCOS/noninfected/Image_881.jpg;PCOS/noninfected/Image_882.jpg;PCOS/noninfected/Image_SetA881.jpg;PCOS/noninfected/Image_SetA882.jpg;PCOS/noninfected/Image_SetB881.jpg;PCOS/noninfected/Image_SetB882.jpg;PCOS/noninfected/Image_resize_671  (669).jpg;PCOS/noninfected/Image_resize_671  (670).jpg
Figshare,9fb3865349d45e7a9046f43af93eb03d,2,1,PCOS/infected/image10838.jpg;PCOS/infected/image11035.jpg
Figshare,9fba60b990c9537bf0bb645d75a921ae,2,1,PCOS/infected/image10744.jpg;PCOS/infected/image10941.jpg
Figshare,9ff2b7fc653355b2a01c8823b81eaf13,6,1,PCOS/infected/Image_091.jpg;PCOS/infected/Image_092.jpg;PCOS/infected/Image_SETA_091.jpg;PCOS/infected/Image_SETA_092.jpg;PCOS/infected/Image_SETB_091.jpg;PCOS/infected/Image_SETB_092.jpg
Figshare,a002ece01b82fe7cd537f6a332c6eb5c,6,1,PCOS/infected/Image_261.jpg;PCOS/infected/Image_262.jpg;PCOS/infected/Image_SETA_261.jpg;PCOS/infected/Image_SETA_262.jpg;PCOS/infected/Image_SETB_261.jpg;PCOS/infected/Image_SETB_262.jpg
Figshare,a00e02618a3eab757e2106fe782a8930,8,0,PCOS/noninfected/Image_559.jpg;PCOS/noninfected/Image_560.jpg;PCOS/noninfected/Image_SetA559.jpg;PCOS/noninfected/Image_SetA560.jpg;PCOS/noninfected/Image_SetB559.jpg;PCOS/noninfected/Image_SetB560.jpg;PCOS/noninfected/Image_resize_671  (1013).jpg;PCOS/noninfected/Image_resize_671  (990).jpg
Figshare,a0367d9a19237f09019a441264edb29a,2,1,PCOS/infected/Image_Rotate_Rotate_Right_015.jpg;PCOS/infected/Image_Rotate_Rotate_Right_016.jpg
Figshare,a0368de24b72234805761b60cdfe54b7,4,0,PCOS/noninfected/Image_resize_116.jpg;PCOS/noninfected/Image_resize_120.jpg;PCOS/noninfected/Image_resize_671  (435).jpg;PCOS/noninfected/Image_resize_671  (439).jpg
Figshare,a0aeb4917292eae0c81db423218df4e5,6,1,PCOS/infected/Image_755.jpg;PCOS/infected/Image_756.jpg;PCOS/infected/Image_SETA_755.jpg;PCOS/infected/Image_SETA_756.jpg;PCOS/infected/Image_SETB_755.jpg;PCOS/infected/Image_SETB_756.jpg
Figshare,a0fdb31600e69bda22d32ae540fcf515,6,1,PCOS/infected/Image_205.jpg;PCOS/infected/Image_206.jpg;PCOS/infected/Image_SETA_205.jpg;PCOS/infected/Image_SETA_206.jpg;PCOS/infected/Image_SETB_205.jpg;PCOS/infected/Image_SETB_206.jpg
Figshare,a14bc8393a1f0eef4942028fb36326de,4,1,PCOS/infected/Image_resize_041.jpg;PCOS/infected/Image_resize_042.jpg;PCOS/infected/Image_resize_241.jpg;PCOS/infected/Image_resize_242.jpg
Figshare,a1aa6790c2e1886500ecae1c24bbf036,2,1,PCOS/infected/Image_Rotate_Rotate_Right_351.jpg;PCOS/infected/Image_Rotate_Rotate_Right_352.jpg
Figshare,a1bdd8f42884a4246c313bf5409f5cae,2,1,PCOS/infected/Image_Rotate_Rotate_Right_089.jpg;PCOS/infected/Image_Rotate_Rotate_Right_090.jpg
Figshare,a1d8c45cda4dce10c20da16e57e3e22b,6,1,PCOS/infected/Image_209.jpg;PCOS/infected/Image_210.jpg;PCOS/infected/Image_SETA_209.jpg;PCOS/infected/Image_SETA_210.jpg;PCOS/infected/Image_SETB_209.jpg;PCOS/infected/Image_SETB_210.jpg
Figshare,a1df6684cf7413eb129ace5d4bca9fd3,6,1,PCOS/infected/Image_893.jpg;PCOS/infected/Image_894.jpg;PCOS/infected/Image_SETA_893.jpg;PCOS/infected/Image_SETA_894.jpg;PCOS/infected/Image_SETB_893.jpg;PCOS/infected/Image_SETB_894.jpg
Figshare,a1e4ed872fab22530b68f1387bdc58ef,8,0,PCOS/noninfected/Image_resize_122.jpg;PCOS/noninfected/Image_resize_123.jpg;PCOS/noninfected/Image_resize_126.jpg;PCOS/noninfected/Image_resize_127.jpg;PCOS/noninfected/Image_resize_671  (441).jpg;PCOS/noninfected/Image_resize_671  (442).jpg;PCOS/noninfected/Image_resize_671  (445).jpg;PCOS/noninfected/Image_resize_671  (446).jpg
Figshare,a22f9cdce1d694eabaea18a79b6cb9dc,2,1,PCOS/infected/Image_Rotate_Rotate_Right_253.jpg;PCOS/infected/Image_Rotate_Rotate_Right_254.jpg
Figshare,a25b6721fea82d3abb5829f2bbd247a7,2,1,PCOS/infected/Image_Rotate_Rotate_Right_377.jpg;PCOS/infected/Image_Rotate_Rotate_Right_378.jpg
Figshare,a2d2b77d829dcfdc7ff8bf7269112b6b,6,1,PCOS/infected/Image_037.jpg;PCOS/infected/Image_038.jpg;PCOS/infected/Image_SETA_037.jpg;PCOS/infected/Image_SETA_038.jpg;PCOS/infected/Image_SETB_037.jpg;PCOS/infected/Image_SETB_038.jpg
Figshare,a31a5e0d278aeac1e65bf985e4a9d29f,6,1,PCOS/infected/Image_033.jpg;PCOS/infected/Image_034.jpg;PCOS/infected/Image_SETA_033.jpg;PCOS/infected/Image_SETA_034.jpg;PCOS/infected/Image_SETB_033.jpg;PCOS/infected/Image_SETB_034.jpg
Figshare,a320e9b8879a4c61fec66be932795c85,4,0,PCOS/noninfected/Image_resize_308.jpg;PCOS/noninfected/Image_resize_312.jpg;PCOS/noninfected/Image_resize_671  (354).jpg;PCOS/noninfected/Image_resize_671  (358).jpg
Figshare,a3262c3e5a50cf38bf06862f9589bd6e,4,1,PCOS/infected/Image_Rotate_087.jpg;PCOS/infected/Image_Rotate_088.jpg;PCOS/infected/Image_Rotate_287.jpg;PCOS/infected/Image_Rotate_288.jpg
Figshare,a3515e136e43ac658e71ec8a257c96f3,2,1,PCOS/infected/image10891.jpg;PCOS/infected/image11089.jpg
Figshare,a36871adf3d79813efe4b84729abc7df,2,1,PCOS/infected/image11373.jpg;PCOS/infected/image13005.jpg
Figshare,a38f67b41464d19eb6025c6ead2f3482,4,1,PCOS/infected/Image_resize_149.jpg;PCOS/infected/Image_resize_150.jpg;PCOS/infected/Image_resize_349.jpg;PCOS/infected/Image_resize_350.jpg
Figshare,a39333705a6d22fcb2ce473d8e176a53,6,1,PCOS/infected/Image_311.jpg;PCOS/infected/Image_312.jpg;PCOS/infected/Image_SETA_311.jpg;PCOS/infected/Image_SETA_312.jpg;PCOS/infected/Image_SETB_311.jpg;PCOS/infected/Image_SETB_312.jpg
Figshare,a39b35e757379501a2c69790e1c086a4,4,0,PCOS/noninfected/Image_resize_028.jpg;PCOS/noninfected/Image_resize_032.jpg;PCOS/noninfected/Image_resize_671  (535).jpg;PCOS/noninfected/Image_resize_671  (539).jpg
Figshare,a39f49f7461af46413a3beca1ccf6204,2,0,PCOS/noninfected/Image_resize_793.jpg;PCOS/noninfected/Image_resize_797.jpg
Figshare,a3bb5a510b7f5df26119bc623ada927c,6,0,PCOS/noninfected/Image_387.jpg;PCOS/noninfected/Image_388.jpg;PCOS/noninfected/Image_SetA387.jpg;PCOS/noninfected/Image_SetA388.jpg;PCOS/noninfected/Image_SetB387.jpg;PCOS/noninfected/Image_SetB388.jpg
Figshare,a3cf61a34a387f7f835573c86f806d7c,2,1,PCOS/infected/image10768.jpg;PCOS/infected/image10965.jpg
Figshare,a41f6aed24e888ec94679e7d916afc49,4,1,PCOS/infected/Image_Rotate_133.jpg;PCOS/infected/Image_Rotate_134.jpg;PCOS/infected/Image_Rotate_333.jpg;PCOS/infected/Image_Rotate_334.jpg
Figshare,a421d2d477553b49ca1878e6f54c5288,4,1,PCOS/infected/Image_Rotate_107.jpg;PCOS/infected/Image_Rotate_108.jpg;PCOS/infected/Image_Rotate_307.jpg;PCOS/infected/Image_Rotate_308.jpg
Figshare,a42c924669b73b998663c2e7988046d9,6,1,PCOS/infected/Image_051.jpg;PCOS/infected/Image_052.jpg;PCOS/infected/Image_SETA_051.jpg;PCOS/infected/Image_SETA_052.jpg;PCOS/infected/Image_SETB_051.jpg;PCOS/infected/Image_SETB_052.jpg
Figshare,a43de2db9032c548d9a0fab6b508ad24,6,1,PCOS/infected/Image_473.jpg;PCOS/infected/Image_474.jpg;PCOS/infected/Image_SETA_473.jpg;PCOS/infected/Image_SETA_474.jpg;PCOS/infected/Image_SETB_473.jpg;PCOS/infected/Image_SETB_474.jpg
Figshare,a46d8fab61fc378cb8c5f93fa73f557c,8,0,PCOS/noninfected/Image_resize_186.jpg;PCOS/noninfected/Image_resize_187.jpg;PCOS/noninfected/Image_resize_190.jpg;PCOS/noninfected/Image_resize_191.jpg;PCOS/noninfected/Image_resize_671  (365).jpg;PCOS/noninfected/Image_resize_671  (366).jpg;PCOS/noninfected/Image_resize_671  (369).jpg;PCOS/noninfected/Image_resize_671  (370).jpg
Figshare,a4bb30cf494df4de5989c7a3046197d0,2,1,PCOS/infected/image10839.jpg;PCOS/infected/image11036.jpg
Figshare,a4fd4265d522566e0df06c2ca9071674,6,1,PCOS/infected/Image_771.jpg;PCOS/infected/Image_772.jpg;PCOS/infected/Image_SETA_771.jpg;PCOS/infected/Image_SETA_772.jpg;PCOS/infected/Image_SETB_771.jpg;PCOS/infected/Image_SETB_772.jpg
Figshare,a4fe5842a7c6e09aa9b66adcb5ccf1e3,4,0,PCOS/noninfected/Image_resize_794.jpg;PCOS/noninfected/Image_resize_795.jpg;PCOS/noninfected/Image_resize_798.jpg;PCOS/noninfected/Image_resize_799.jpg
Figshare,a51dfa0372176e4280fea5296a76a14e,6,0,PCOS/noninfected/Image_381.jpg;PCOS/noninfected/Image_382.jpg;PCOS/noninfected/Image_SetA381.jpg;PCOS/noninfected/Image_SetA382.jpg;PCOS/noninfected/Image_SetB381.jpg;PCOS/noninfected/Image_SetB382.jpg
Figshare,a530af7d8db6428c014bb453a9038a30,6,0,PCOS/noninfected/Image_1019.jpg;PCOS/noninfected/Image_1020.jpg;PCOS/noninfected/Image_SetA1019.jpg;PCOS/noninfected/Image_SetA1020.jpg;PCOS/noninfected/Image_SetB1019.jpg;PCOS/noninfected/Image_SetB1020.jpg
Figshare,a59207f1492cc439c326405b2d909dfa,8,0,PCOS/noninfected/Image_795.jpg;PCOS/noninfected/Image_796.jpg;PCOS/noninfected/Image_SetA795.jpg;PCOS/noninfected/Image_SetA796.jpg;PCOS/noninfected/Image_SetB795.jpg;PCOS/noninfected/Image_SetB796.jpg;PCOS/noninfected/Image_resize_671  (775).jpg;PCOS/noninfected/Image_resize_671  (776).jpg
Figshare,a5b676e24651da46c46da71e8daf30d6,8,0,PCOS/noninfected/Image_565.jpg;PCOS/noninfected/Image_566.jpg;PCOS/noninfected/Image_SetA565.jpg;PCOS/noninfected/Image_SetA566.jpg;PCOS/noninfected/Image_SetB565.jpg;PCOS/noninfected/Image_SetB566.jpg;PCOS/noninfected/Image_resize_671  (995).jpg;PCOS/noninfected/Image_resize_671  (996).jpg
Figshare,a5d0826fff34354f57f22efe1effc13a,6,1,PCOS/infected/Image_461.jpg;PCOS/infected/Image_462.jpg;PCOS/infected/Image_SETA_461.jpg;PCOS/infected/Image_SETA_462.jpg;PCOS/infected/Image_SETB_461.jpg;PCOS/infected/Image_SETB_462.jpg
Figshare,a5d233492bed9622cb0b11d94803ecf8,6,1,PCOS/infected/Image_171.jpg;PCOS/infected/Image_172.jpg;PCOS/infected/Image_SETA_171.jpg;PCOS/infected/Image_SETA_172.jpg;PCOS/infected/Image_SETB_171.jpg;PCOS/infected/Image_SETB_172.jpg
Figshare,a6007ee88d6b81296e6ee2e2db17f632,4,0,PCOS/noninfected/Image_resize_305.jpg;PCOS/noninfected/Image_resize_309.jpg;PCOS/noninfected/Image_resize_671  (351).jpg;PCOS/noninfected/Image_resize_671  (355).jpg
Figshare,a6188ae4cd29ed8b4f934448b7155a57,2,1,PCOS/infected/Image_Rotate_Rotate_Right_131.jpg;PCOS/infected/Image_Rotate_Rotate_Right_132.jpg
Figshare,a64bf45696b6ebe0c9231b39107f5278,4,0,PCOS/noninfected/Image_resize_372.jpg;PCOS/noninfected/Image_resize_376.jpg;PCOS/noninfected/Image_resize_671  (281).jpg;PCOS/noninfected/Image_resize_671  (285).jpg
Figshare,a66b61d2eaedd704ac303bf401389fda,6,0,PCOS/noninfected/Image_431.jpg;PCOS/noninfected/Image_432.jpg;PCOS/noninfected/Image_SetA431.jpg;PCOS/noninfected/Image_SetA432.jpg;PCOS/noninfected/Image_SetB431.jpg;PCOS/noninfected/Image_SetB432.jpg
Figshare,a6e88c2c21c78007397e386f8e7b373e,8,0,PCOS/noninfected/Image_661.jpg;PCOS/noninfected/Image_662.jpg;PCOS/noninfected/Image_SetA661.jpg;PCOS/noninfected/Image_SetA662.jpg;PCOS/noninfected/Image_SetB661.jpg;PCOS/noninfected/Image_SetB662.jpg;PCOS/noninfected/Image_resize_671  (898).jpg;PCOS/noninfected/Image_resize_671  (899).jpg
Figshare,a7281e20893019d5bb739ea2f6e133c6,4,0,PCOS/noninfected/Image_resize_444.jpg;PCOS/noninfected/Image_resize_448.jpg;PCOS/noninfected/Image_resize_671  (210).jpg;PCOS/noninfected/Image_resize_671  (214).jpg
Figshare,a747ad698fa96309d1d2ac7d5b1bc14b,8,0,PCOS/noninfected/Image_817.jpg;PCOS/noninfected/Image_818.jpg;PCOS/noninfected/Image_SetA817.jpg;PCOS/noninfected/Image_SetA818.jpg;PCOS/noninfected/Image_SetB817.jpg;PCOS/noninfected/Image_SetB818.jpg;PCOS/noninfected/Image_resize_671  (747).jpg;PCOS/noninfected/Image_resize_671  (748).jpg
Figshare,a75490d7bd7d217c415ec4006b7e81fe,6,1,PCOS/infected/Image_193.jpg;PCOS/infected/Image_194.jpg;PCOS/infected/Image_SETA_193.jpg;PCOS/infected/Image_SETA_194.jpg;PCOS/infected/Image_SETB_193.jpg;PCOS/infected/Image_SETB_194.jpg
Figshare,a77bc88409db079a0e677b4deb0f4dbb,6,1,PCOS/infected/Image_349.jpg;PCOS/infected/Image_350.jpg;PCOS/infected/Image_SETA_349.jpg;PCOS/infected/Image_SETA_350.jpg;PCOS/infected/Image_SETB_349.jpg;PCOS/infected/Image_SETB_350.jpg
Figshare,a78a29a7d6fbc12de22fbb712d3a7a6d,6,1,PCOS/infected/Image_911.jpg;PCOS/infected/Image_912.jpg;PCOS/infected/Image_SETA_911.jpg;PCOS/infected/Image_SETA_912.jpg;PCOS/infected/Image_SETB_911.jpg;PCOS/infected/Image_SETB_912.jpg
Figshare,a7b10108eb2e750a4cd3ef0557f90459,2,1,PCOS/infected/Image_Rotate_Rotate_Right_179.jpg;PCOS/infected/Image_Rotate_Rotate_Right_180.jpg
Figshare,a7cfb24407a260f70d349ab92b304175,6,1,PCOS/infected/Image_095.jpg;PCOS/infected/Image_096.jpg;PCOS/infected/Image_SETA_095.jpg;PCOS/infected/Image_SETA_096.jpg;PCOS/infected/Image_SETB_095.jpg;PCOS/infected/Image_SETB_096.jpg
Figshare,a7ef9ffae24ebfc45cee9a22243f84a6,6,1,PCOS/infected/Image_953.jpg;PCOS/infected/Image_954.jpg;PCOS/infected/Image_SETA_953.jpg;PCOS/infected/Image_SETA_954.jpg;PCOS/infected/Image_SETB_953.jpg;PCOS/infected/Image_SETB_954.jpg
Figshare,a821d86f4807bf555b0ffd683f79db03,8,0,PCOS/noninfected/Image_625.jpg;PCOS/noninfected/Image_626.jpg;PCOS/noninfected/Image_SetA625.jpg;PCOS/noninfected/Image_SetA626.jpg;PCOS/noninfected/Image_SetB625.jpg;PCOS/noninfected/Image_SetB626.jpg;PCOS/noninfected/Image_resize_671  (933).jpg;PCOS/noninfected/Image_resize_671  (934).jpg
Figshare,a831dda88620e16d6d2c470c41807fa9,2,0,PCOS/noninfected/Image_resize_260.jpg;PCOS/noninfected/Image_resize_264.jpg
Figshare,a851b8f653091f5454d87ccde4c37bd3,3,0,PCOS/noninfected/Image_resize_196.jpg;PCOS/noninfected/Image_resize_200.jpg;PCOS/noninfected/Image_resize_671  (375).jpg
Figshare,a853a4b9459fea6cd59b4f1c9575fe07,4,1,PCOS/infected/Image_resize_021.jpg;PCOS/infected/Image_resize_022.jpg;PCOS/infected/Image_resize_221.jpg;PCOS/infected/Image_resize_222.jpg
Figshare,a868629cd167799596c85f43ba1bdeba,6,0,PCOS/noninfected/Image_379.jpg;PCOS/noninfected/Image_380.jpg;PCOS/noninfected/Image_SetA379.jpg;PCOS/noninfected/Image_SetA380.jpg;PCOS/noninfected/Image_SetB379.jpg;PCOS/noninfected/Image_SetB380.jpg
Figshare,a8769c709c4a07d9fd058e77150c02a2,6,0,PCOS/noninfected/Image_211.jpg;PCOS/noninfected/Image_212.jpg;PCOS/noninfected/Image_SetA211.jpg;PCOS/noninfected/Image_SetA212.jpg;PCOS/noninfected/Image_SetB211.jpg;PCOS/noninfected/Image_SetB212.jpg
Figshare,a883f874c0a93cc4edc69225e0c7419c,2,1,PCOS/infected/Image_Rotate_Rotate_Right_215.jpg;PCOS/infected/Image_Rotate_Rotate_Right_216.jpg
Figshare,a88ea03fc47d3d75fc03fe7f2148c15c,6,1,PCOS/infected/Image_1001.jpg;PCOS/infected/Image_1002.jpg;PCOS/infected/Image_SETA_1001.jpg;PCOS/infected/Image_SETA_1002.jpg;PCOS/infected/Image_SETB_1001.jpg;PCOS/infected/Image_SETB_1002.jpg
Figshare,a8ade52aaa6e2a4800d8669b2c112053,4,1,PCOS/infected/Image_Rotate_183.jpg;PCOS/infected/Image_Rotate_184.jpg;PCOS/infected/Image_Rotate_383.jpg;PCOS/infected/Image_Rotate_384.jpg
Figshare,a8b802a76523b8d4c3f8ab1ef12c58e7,6,0,PCOS/noninfected/Image_337.jpg;PCOS/noninfected/Image_338.jpg;PCOS/noninfected/Image_SetA337.jpg;PCOS/noninfected/Image_SetA338.jpg;PCOS/noninfected/Image_SetB337.jpg;PCOS/noninfected/Image_SetB338.jpg
Figshare,a92877137a096b05b6dccf7bd087c201,6,1,PCOS/infected/Image_613.jpg;PCOS/infected/Image_614.jpg;PCOS/infected/Image_SETA_613.jpg;PCOS/infected/Image_SETA_614.jpg;PCOS/infected/Image_SETB_613.jpg;PCOS/infected/Image_SETB_614.jpg
Figshare,a950310fc8e4b57d742d1b8e83719dc0,2,1,PCOS/infected/image10735.jpg;PCOS/infected/image12585.jpg
Figshare,a950ab496ea5f0d1d080eecab144b3c9,4,1,PCOS/infected/Image_resize_111.jpg;PCOS/infected/Image_resize_112.jpg;PCOS/infected/Image_resize_311.jpg;PCOS/infected/Image_resize_312.jpg
Figshare,a97a08651388dee47543a21b5bc6fedc,6,1,PCOS/infected/Image_815.jpg;PCOS/infected/Image_816.jpg;PCOS/infected/Image_SETA_815.jpg;PCOS/infected/Image_SETA_816.jpg;PCOS/infected/Image_SETB_815.jpg;PCOS/infected/Image_SETB_816.jpg
Figshare,a9b243ef94b79bc779aa0093d512267a,8,0,PCOS/noninfected/Image_953.jpg;PCOS/noninfected/Image_954.jpg;PCOS/noninfected/Image_SetA953.jpg;PCOS/noninfected/Image_SetA954.jpg;PCOS/noninfected/Image_SetB953.jpg;PCOS/noninfected/Image_SetB954.jpg;PCOS/noninfected/Image_resize_671  (601).jpg;PCOS/noninfected/Image_resize_671  (602).jpg
Figshare,a9cde194a2f55d183cab211d4cb0cf3d,2,1,PCOS/infected/image10907.jpg;PCOS/infected/image11108.jpg
Figshare,a9d03648554b3e94818dcb9ac3ec7af0,6,1,PCOS/infected/Image_885.jpg;PCOS/infected/Image_886.jpg;PCOS/infected/Image_SETA_885.jpg;PCOS/infected/Image_SETA_886.jpg;PCOS/infected/Image_SETB_885.jpg;PCOS/infected/Image_SETB_886.jpg
Figshare,a9db3d0fce56f8446ecc4a995d4029db,6,1,PCOS/infected/Image_637.jpg;PCOS/infected/Image_638.jpg;PCOS/infected/Image_SETA_637.jpg;PCOS/infected/Image_SETA_638.jpg;PCOS/infected/Image_SETB_637.jpg;PCOS/infected/Image_SETB_638.jpg
Figshare,a9ffd66c8f00763f9c101bd438145b8c,2,1,PCOS/infected/Image_Rotate_Rotate_Right_317.jpg;PCOS/infected/Image_Rotate_Rotate_Right_318.jpg
Figshare,aa0a4344036e0f1e0d5c880be218df48,6,1,PCOS/infected/Image_527.jpg;PCOS/infected/Image_528.jpg;PCOS/infected/Image_SETA_527.jpg;PCOS/infected/Image_SETA_528.jpg;PCOS/infected/Image_SETB_527.jpg;PCOS/infected/Image_SETB_528.jpg
Figshare,aa2295a0b864c758144965edffea6b87,2,1,PCOS/infected/image11618.jpg;PCOS/infected/image11909.jpg
Figshare,aa252007031d36461e1291efd4dab2b1,8,0,PCOS/noninfected/Image_515.jpg;PCOS/noninfected/Image_516.jpg;PCOS/noninfected/Image_SetA515.jpg;PCOS/noninfected/Image_SetA516.jpg;PCOS/noninfected/Image_SetB515.jpg;PCOS/noninfected/Image_SetB516.jpg;PCOS/noninfected/Image_resize_671  (1040).jpg;PCOS/noninfected/Image_resize_671  (1041).jpg
Figshare,aa353771f595d1a2bfa657c7dcf89cf7,6,1,PCOS/infected/Image_711.jpg;PCOS/infected/Image_712.jpg;PCOS/infected/Image_SETA_711.jpg;PCOS/infected/Image_SETA_712.jpg;PCOS/infected/Image_SETB_711.jpg;PCOS/infected/Image_SETB_712.jpg
Figshare,aa3b631c713384e563f13740d73f9fb8,6,0,PCOS/noninfected/Image_375.jpg;PCOS/noninfected/Image_376.jpg;PCOS/noninfected/Image_SetA375.jpg;PCOS/noninfected/Image_SetA376.jpg;PCOS/noninfected/Image_SetB375.jpg;PCOS/noninfected/Image_SetB376.jpg
Figshare,aa4b712332f1befc1a2b5f3d8ebbc395,6,0,PCOS/noninfected/Image_377.jpg;PCOS/noninfected/Image_378.jpg;PCOS/noninfected/Image_SetA377.jpg;PCOS/noninfected/Image_SetA378.jpg;PCOS/noninfected/Image_SetB377.jpg;PCOS/noninfected/Image_SetB378.jpg
Figshare,aa5c9157cdde82107cc667a8b107fbce,6,0,PCOS/noninfected/Image_277.jpg;PCOS/noninfected/Image_278.jpg;PCOS/noninfected/Image_SetA277.jpg;PCOS/noninfected/Image_SetA278.jpg;PCOS/noninfected/Image_SetB277.jpg;PCOS/noninfected/Image_SetB278.jpg
Figshare,aa78d6d9ca0762b3c5f80d5b81c4b82e,8,0,PCOS/noninfected/Image_477.jpg;PCOS/noninfected/Image_478.jpg;PCOS/noninfected/Image_SetA477.jpg;PCOS/noninfected/Image_SetA478.jpg;PCOS/noninfected/Image_SetB477.jpg;PCOS/noninfected/Image_SetB478.jpg;PCOS/noninfected/Image_resize_671  (1061).jpg;PCOS/noninfected/Image_resize_671  (1062).jpg
Figshare,aa99a8c9dee345e2c3c617360b3f701e,6,1,PCOS/infected/Image_537.jpg;PCOS/infected/Image_538.jpg;PCOS/infected/Image_SETA_537.jpg;PCOS/infected/Image_SETA_538.jpg;PCOS/infected/Image_SETB_537.jpg;PCOS/infected/Image_SETB_538.jpg
Figshare,aadecbfd2727fd556f5a323c323f37cc,2,1,PCOS/infected/Image_Rotate_Rotate_Right_177.jpg;PCOS/infected/Image_Rotate_Rotate_Right_178.jpg
Figshare,aae0f27519847be2c3f9c3220ffa5c11,2,1,PCOS/infected/Image_Rotate_Rotate_Right_075.jpg;PCOS/infected/Image_Rotate_Rotate_Right_076.jpg
Figshare,aae1796c1b8a334881d0a76e7802f10e,8,0,PCOS/noninfected/Image_657.jpg;PCOS/noninfected/Image_658.jpg;PCOS/noninfected/Image_SetA657.jpg;PCOS/noninfected/Image_SetA658.jpg;PCOS/noninfected/Image_SetB657.jpg;PCOS/noninfected/Image_SetB658.jpg;PCOS/noninfected/Image_resize_671  (894).jpg;PCOS/noninfected/Image_resize_671  (895).jpg
Figshare,aaf85cf775962b6ba16639899f5c3c72,6,0,PCOS/noninfected/Image_425.jpg;PCOS/noninfected/Image_426.jpg;PCOS/noninfected/Image_SetA425.jpg;PCOS/noninfected/Image_SetA426.jpg;PCOS/noninfected/Image_SetB425.jpg;PCOS/noninfected/Image_SetB426.jpg
Figshare,aafc31bceac5909270616b4337610fa9,8,0,PCOS/noninfected/Image_823.jpg;PCOS/noninfected/Image_824.jpg;PCOS/noninfected/Image_SetA823.jpg;PCOS/noninfected/Image_SetA824.jpg;PCOS/noninfected/Image_SetB823.jpg;PCOS/noninfected/Image_SetB824.jpg;PCOS/noninfected/Image_resize_671  (729).jpg;PCOS/noninfected/Image_resize_671  (730).jpg
Figshare,ab1b7b5ba43eef3f247aac2373d37ee1,4,1,PCOS/infected/Image_Rotate_101.jpg;PCOS/infected/Image_Rotate_102.jpg;PCOS/infected/Image_Rotate_301.jpg;PCOS/infected/Image_Rotate_302.jpg
Figshare,ab3f7687040ca9cbc6a81cbf8492b561,2,1,PCOS/infected/Image_Rotate_Rotate_Right_053.jpg;PCOS/infected/Image_Rotate_Rotate_Right_054.jpg
Figshare,ab4e75bedc173a2d91d088343d43000e,2,1,PCOS/infected/image10840.jpg;PCOS/infected/image11037.jpg
Figshare,ab603c95762f1787062556bd2daa65ae,6,1,PCOS/infected/Image_841.jpg;PCOS/infected/Image_842.jpg;PCOS/infected/Image_SETA_841.jpg;PCOS/infected/Image_SETA_842.jpg;PCOS/infected/Image_SETB_841.jpg;PCOS/infected/Image_SETB_842.jpg
Figshare,ab7a746be259448eb7abc53d10e4eb79,4,0,PCOS/noninfected/Image_resize_524.jpg;PCOS/noninfected/Image_resize_528.jpg;PCOS/noninfected/Image_resize_671  (126).jpg;PCOS/noninfected/Image_resize_671  (147).jpg
Figshare,abc2a78c76f946b627e805c33fbe6042,2,1,PCOS/infected/image10748.jpg;PCOS/infected/image10945.jpg
Figshare,abc8ebcb6bcf38d9fee8d3b18133a76d,6,0,PCOS/noninfected/Image_033.jpg;PCOS/noninfected/Image_034.jpg;PCOS/noninfected/Image_SetA033.jpg;PCOS/noninfected/Image_SetA034.jpg;PCOS/noninfected/Image_SetB033.jpg;PCOS/noninfected/Image_SetB034.jpg
Figshare,ac2e56b6f7c74ae19b6ea9e8768ec644,6,1,PCOS/infected/Image_269.jpg;PCOS/infected/Image_270.jpg;PCOS/infected/Image_SETA_269.jpg;PCOS/infected/Image_SETA_270.jpg;PCOS/infected/Image_SETB_269.jpg;PCOS/infected/Image_SETB_270.jpg
Figshare,ac2ee3f45d9e5d5c2675601549fa1c63,6,1,PCOS/infected/Image_465.jpg;PCOS/infected/Image_466.jpg;PCOS/infected/Image_SETA_465.jpg;PCOS/infected/Image_SETA_466.jpg;PCOS/infected/Image_SETB_465.jpg;PCOS/infected/Image_SETB_466.jpg
Figshare,ac5d94ae415911244d1848189e5993c5,2,1,PCOS/infected/Image_Rotate_Rotate_Right_391.jpg;PCOS/infected/Image_Rotate_Rotate_Right_392.jpg
Figshare,ac85ebcbcf4ab8c32e9b0dff6210df31,6,1,PCOS/infected/Image_663.jpg;PCOS/infected/Image_664.jpg;PCOS/infected/Image_SETA_663.jpg;PCOS/infected/Image_SETA_664.jpg;PCOS/infected/Image_SETB_663.jpg;PCOS/infected/Image_SETB_664.jpg
Figshare,ace44a73a516219b023d32b1c3ec4541,4,1,PCOS/infected/Image_resize_003.jpg;PCOS/infected/Image_resize_004.jpg;PCOS/infected/Image_resize_203.jpg;PCOS/infected/Image_resize_204.jpg
Figshare,ad15aa8960b276f7681f9513868692a3,6,1,PCOS/infected/Image_879.jpg;PCOS/infected/Image_880.jpg;PCOS/infected/Image_SETA_879.jpg;PCOS/infected/Image_SETA_880.jpg;PCOS/infected/Image_SETB_879.jpg;PCOS/infected/Image_SETB_880.jpg
Figshare,ad3640a74335d1d853396a9d2a1fedc9,8,0,PCOS/noninfected/Image_747.jpg;PCOS/noninfected/Image_748.jpg;PCOS/noninfected/Image_SetA747.jpg;PCOS/noninfected/Image_SetA748.jpg;PCOS/noninfected/Image_SetB747.jpg;PCOS/noninfected/Image_SetB748.jpg;PCOS/noninfected/Image_resize_671  (819).jpg;PCOS/noninfected/Image_resize_671  (820).jpg
Figshare,ada002f490644159904d84333d0d7429,2,0,PCOS/noninfected/Image_resize_689.jpg;PCOS/noninfected/Image_resize_693.jpg
Figshare,ada1bd03375350ae3107b649db9d6ad4,6,1,PCOS/infected/Image_573.jpg;PCOS/infected/Image_574.jpg;PCOS/infected/Image_SETA_573.jpg;PCOS/infected/Image_SETA_574.jpg;PCOS/infected/Image_SETB_573.jpg;PCOS/infected/Image_SETB_574.jpg
Figshare,add8f1ebcf4f0b7f09207a4c33ac11e1,6,1,PCOS/infected/Image_495.jpg;PCOS/infected/Image_496.jpg;PCOS/infected/Image_SETA_495.jpg;PCOS/infected/Image_SETA_496.jpg;PCOS/infected/Image_SETB_495.jpg;PCOS/infected/Image_SETB_496.jpg
Figshare,adf4618ad88fdf741fae3f016859693a,6,1,PCOS/infected/Image_143.jpg;PCOS/infected/Image_144.jpg;PCOS/infected/Image_SETA_143.jpg;PCOS/infected/Image_SETA_144.jpg;PCOS/infected/Image_SETB_143.jpg;PCOS/infected/Image_SETB_144.jpg
Figshare,ae1af03da8f9f73007c54c1f99b26385,6,1,PCOS/infected/Image_751.jpg;PCOS/infected/Image_752.jpg;PCOS/infected/Image_SETA_751.jpg;PCOS/infected/Image_SETA_752.jpg;PCOS/infected/Image_SETB_751.jpg;PCOS/infected/Image_SETB_752.jpg
Figshare,ae2c0048e70154157ba4ba5d37ad823e,4,0,PCOS/noninfected/Image_resize_180.jpg;PCOS/noninfected/Image_resize_184.jpg;PCOS/noninfected/Image_resize_671  (382).jpg;PCOS/noninfected/Image_resize_671  (386).jpg
Figshare,ae3b65a05e5b158da68927282d7cf366,2,1,PCOS/infected/Image_Rotate_Rotate_Right_355.jpg;PCOS/infected/Image_Rotate_Rotate_Right_356.jpg
Figshare,ae587823f3c595f66813b45d309ac735,6,1,PCOS/infected/Image_847.jpg;PCOS/infected/Image_848.jpg;PCOS/infected/Image_SETA_847.jpg;PCOS/infected/Image_SETA_848.jpg;PCOS/infected/Image_SETB_847.jpg;PCOS/infected/Image_SETB_848.jpg
Figshare,ae790759f97a0f7a8e3ed584336ecc5d,6,0,PCOS/noninfected/Image_093.jpg;PCOS/noninfected/Image_094.jpg;PCOS/noninfected/Image_SetA093.jpg;PCOS/noninfected/Image_SetA094.jpg;PCOS/noninfected/Image_SetB093.jpg;PCOS/noninfected/Image_SetB094.jpg
Figshare,ae9306e485635a8d140b9322278926ec,6,1,PCOS/infected/Image_093.jpg;PCOS/infected/Image_094.jpg;PCOS/infected/Image_SETA_093.jpg;PCOS/infected/Image_SETA_094.jpg;PCOS/infected/Image_SETB_093.jpg;PCOS/infected/Image_SETB_094.jpg
Figshare,aec2f414b0ee648aee66d83a1a5da864,6,0,PCOS/noninfected/Image_083.jpg;PCOS/noninfected/Image_084.jpg;PCOS/noninfected/Image_SetA083.jpg;PCOS/noninfected/Image_SetA084.jpg;PCOS/noninfected/Image_SetB083.jpg;PCOS/noninfected/Image_SetB084.jpg
Figshare,aee8087a2e2c778e14ffa2414fae601d,2,1,PCOS/infected/Image_Rotate_Rotate_Right_055.jpg;PCOS/infected/Image_Rotate_Rotate_Right_056.jpg
Figshare,aef75eb22d5a959359a588bbc4e335bb,4,1,PCOS/infected/Image_resize_095.jpg;PCOS/infected/Image_resize_096.jpg;PCOS/infected/Image_resize_295.jpg;PCOS/infected/Image_resize_296.jpg
Figshare,aeffcf6de6d984564343e0346b5e6a79,6,1,PCOS/infected/Image_487.jpg;PCOS/infected/Image_488.jpg;PCOS/infected/Image_SETA_487.jpg;PCOS/infected/Image_SETA_488.jpg;PCOS/infected/Image_SETB_487.jpg;PCOS/infected/Image_SETB_488.jpg
Figshare,af0b1e9210b357f4a89054836a24a7a4,2,1,PCOS/infected/Image_Rotate_Rotate_Right_033.jpg;PCOS/infected/Image_Rotate_Rotate_Right_034.jpg
Figshare,af183aa75397e1c410bbfa7013e86c7b,8,0,PCOS/noninfected/Image_653.jpg;PCOS/noninfected/Image_654.jpg;PCOS/noninfected/Image_SetA653.jpg;PCOS/noninfected/Image_SetA654.jpg;PCOS/noninfected/Image_SetB653.jpg;PCOS/noninfected/Image_SetB654.jpg;PCOS/noninfected/Image_resize_671  (915).jpg;PCOS/noninfected/Image_resize_671  (916).jpg
Figshare,af40a289258b264245fce4e7cf5f415f,2,0,PCOS/noninfected/Image_resize_220.jpg;PCOS/noninfected/Image_resize_224.jpg
Figshare,af5f61f6763f99b02b16dbd9f695a81b,6,1,PCOS/infected/Image_415.jpg;PCOS/infected/Image_416.jpg;PCOS/infected/Image_SETA_415.jpg;PCOS/infected/Image_SETA_416.jpg;PCOS/infected/Image_SETB_415.jpg;PCOS/infected/Image_SETB_416.jpg
Figshare,af65b50b0fa26247bb9dc9bd670c6155,6,1,PCOS/infected/Image_419.jpg;PCOS/infected/Image_420.jpg;PCOS/infected/Image_SETA_419.jpg;PCOS/infected/Image_SETA_420.jpg;PCOS/infected/Image_SETB_419.jpg;PCOS/infected/Image_SETB_420.jpg
Figshare,af7ac5bf1ec0015c34cefb8d2435bdef,6,1,PCOS/infected/Image_219.jpg;PCOS/infected/Image_220.jpg;PCOS/infected/Image_SETA_219.jpg;PCOS/infected/Image_SETA_220.jpg;PCOS/infected/Image_SETB_219.jpg;PCOS/infected/Image_SETB_220.jpg
Figshare,af8aef9585c7e448a3a0925c0b84640a,2,1,PCOS/infected/image11602.jpg;PCOS/infected/image11871.jpg
Figshare,afe2a344430832ce9c89f6d2df9d486c,6,1,PCOS/infected/Image_529.jpg;PCOS/infected/Image_530.jpg;PCOS/infected/Image_SETA_529.jpg;PCOS/infected/Image_SETA_530.jpg;PCOS/infected/Image_SETB_529.jpg;PCOS/infected/Image_SETB_530.jpg
Figshare,affec3b75af6b64e3e237b4add0f00b9,6,1,PCOS/infected/Image_833.jpg;PCOS/infected/Image_834.jpg;PCOS/infected/Image_SETA_833.jpg;PCOS/infected/Image_SETA_834.jpg;PCOS/infected/Image_SETB_833.jpg;PCOS/infected/Image_SETB_834.jpg
Figshare,b01c1ea508e1cc9e46e0334b5444594a,2,1,PCOS/infected/Image_Rotate_Rotate_Right_267.jpg;PCOS/infected/Image_Rotate_Rotate_Right_268.jpg
Figshare,b045f1f040f258e0dc8180286febfec7,6,1,PCOS/infected/Image_151.jpg;PCOS/infected/Image_152.jpg;PCOS/infected/Image_SETA_151.jpg;PCOS/infected/Image_SETA_152.jpg;PCOS/infected/Image_SETB_151.jpg;PCOS/infected/Image_SETB_152.jpg
Figshare,b048eb15982a910b84b1aed3017101a0,4,1,PCOS/infected/Image_Rotate_043.jpg;PCOS/infected/Image_Rotate_044.jpg;PCOS/infected/Image_Rotate_243.jpg;PCOS/infected/Image_Rotate_244.jpg
Figshare,b05ce606113d74204699214d6b8fb4c9,2,0,PCOS/noninfected/Image_resize_209.jpg;PCOS/noninfected/Image_resize_213.jpg
Figshare,b060418aef7da0224ef5d1e19c954271,2,1,PCOS/infected/image11155.jpg;PCOS/infected/image12788.jpg
Figshare,b08459161d607b49f3158a0fe19464b0,4,0,PCOS/noninfected/Image_resize_553.jpg;PCOS/noninfected/Image_resize_557.jpg;PCOS/noninfected/Image_resize_671  (102).jpg;PCOS/noninfected/Image_resize_671  (106).jpg
Figshare,b09742d5cfaaa88e0292ac08882e4d20,6,1,PCOS/infected/Image_721.jpg;PCOS/infected/Image_722.jpg;PCOS/infected/Image_SETA_721.jpg;PCOS/infected/Image_SETA_722.jpg;PCOS/infected/Image_SETB_721.jpg;PCOS/infected/Image_SETB_722.jpg
Figshare,b16e7d14ff3838bac0e9ce8a727ba30f,4,1,PCOS/infected/Image_resize_075.jpg;PCOS/infected/Image_resize_076.jpg;PCOS/infected/Image_resize_275.jpg;PCOS/infected/Image_resize_276.jpg
Figshare,b1b7f9fdf0bd61c774475bdb725a90ef,6,1,PCOS/infected/Image_779.jpg;PCOS/infected/Image_780.jpg;PCOS/infected/Image_SETA_779.jpg;PCOS/infected/Image_SETA_780.jpg;PCOS/infected/Image_SETB_779.jpg;PCOS/infected/Image_SETB_780.jpg
Figshare,b1bf214b0dddefb3d701ffbc53d9a4d5,6,0,PCOS/noninfected/Image_279.jpg;PCOS/noninfected/Image_280.jpg;PCOS/noninfected/Image_SetA279.jpg;PCOS/noninfected/Image_SetA280.jpg;PCOS/noninfected/Image_SetB279.jpg;PCOS/noninfected/Image_SetB280.jpg
Figshare,b2063b1d3035a3a179dcb4b58c85e4c7,2,1,PCOS/infected/image10818.jpg;PCOS/infected/image11015.jpg
Figshare,b21e36bdcbd5659d9571beef5b619d1b,2,1,PCOS/infected/Image_Rotate_Rotate_Right_171.jpg;PCOS/infected/Image_Rotate_Rotate_Right_172.jpg
Figshare,b220db7dd2b6f05feca3c8a7e305c959,6,1,PCOS/infected/Image_575.jpg;PCOS/infected/Image_576.jpg;PCOS/infected/Image_SETA_575.jpg;PCOS/infected/Image_SETA_576.jpg;PCOS/infected/Image_SETB_575.jpg;PCOS/infected/Image_SETB_576.jpg
Figshare,b22200a2d1fe1e50081ec781710ee9cd,4,0,PCOS/noninfected/Image_resize_052.jpg;PCOS/noninfected/Image_resize_056.jpg;PCOS/noninfected/Image_resize_671  (512).jpg;PCOS/noninfected/Image_resize_671  (516).jpg
Figshare,b24daac3e7dca89ec4666a4c082ab61b,2,1,PCOS/infected/Image_Rotate_Rotate_Right_237.jpg;PCOS/infected/Image_Rotate_Rotate_Right_238.jpg
Figshare,b250c76b972c05bcc1aa68cd46f6d857,8,0,PCOS/noninfected/Image_993.jpg;PCOS/noninfected/Image_994.jpg;PCOS/noninfected/Image_SetA993.jpg;PCOS/noninfected/Image_SetA994.jpg;PCOS/noninfected/Image_SetB993.jpg;PCOS/noninfected/Image_SetB994.jpg;PCOS/noninfected/Image_resize_671  (569).jpg;PCOS/noninfected/Image_resize_671  (570).jpg
Figshare,b25b0c8589f3124d0670a0efeffe7103,8,0,PCOS/noninfected/Image_525.jpg;PCOS/noninfected/Image_526.jpg;PCOS/noninfected/Image_SetA525.jpg;PCOS/noninfected/Image_SetA526.jpg;PCOS/noninfected/Image_SetB525.jpg;PCOS/noninfected/Image_SetB526.jpg;PCOS/noninfected/Image_resize_671  (1027).jpg;PCOS/noninfected/Image_resize_671  (1028).jpg
Figshare,b267a8f0ad7ff94ef5a33395bab2b79e,4,1,PCOS/infected/Image_resize_033.jpg;PCOS/infected/Image_resize_034.jpg;PCOS/infected/Image_resize_233.jpg;PCOS/infected/Image_resize_234.jpg
Figshare,b2b1ab42ef3cad643f71d6b8feb2e0ce,6,0,PCOS/noninfected/Image_419.jpg;PCOS/noninfected/Image_420.jpg;PCOS/noninfected/Image_SetA419.jpg;PCOS/noninfected/Image_SetA420.jpg;PCOS/noninfected/Image_SetB419.jpg;PCOS/noninfected/Image_SetB420.jpg
Figshare,b2b2ce020f0a72646c670073a94dafed,2,0,PCOS/noninfected/Image_resize_225.jpg;PCOS/noninfected/Image_resize_229.jpg
Figshare,b2e3bfec803e6662c459e03a4c93bb9c,8,0,PCOS/noninfected/Image_683.jpg;PCOS/noninfected/Image_684.jpg;PCOS/noninfected/Image_SetA683.jpg;PCOS/noninfected/Image_SetA684.jpg;PCOS/noninfected/Image_SetB683.jpg;PCOS/noninfected/Image_SetB684.jpg;PCOS/noninfected/Image_resize_671  (873).jpg;PCOS/noninfected/Image_resize_671  (874).jpg
Figshare,b3235f6366fa16b5cad3b3e4352a55e3,4,1,PCOS/infected/Image_resize_195.jpg;PCOS/infected/Image_resize_196.jpg;PCOS/infected/Image_resize_395.jpg;PCOS/infected/Image_resize_396.jpg
Figshare,b392d3433e6c44e0a53921eb63a9e104,4,1,PCOS/infected/Image_resize_067.jpg;PCOS/infected/Image_resize_068.jpg;PCOS/infected/Image_resize_267.jpg;PCOS/infected/Image_resize_268.jpg
Figshare,b3c74bde2c4ff0e0c3fc697923a10747,8,0,PCOS/noninfected/Image_715.jpg;PCOS/noninfected/Image_716.jpg;PCOS/noninfected/Image_SetA715.jpg;PCOS/noninfected/Image_SetA716.jpg;PCOS/noninfected/Image_SetB715.jpg;PCOS/noninfected/Image_SetB716.jpg;PCOS/noninfected/Image_resize_671  (836).jpg;PCOS/noninfected/Image_resize_671  (837).jpg
Figshare,b3d6c3a22d7a385e9837d56632bd24e1,6,0,PCOS/noninfected/Image_367.jpg;PCOS/noninfected/Image_368.jpg;PCOS/noninfected/Image_SetA367.jpg;PCOS/noninfected/Image_SetA368.jpg;PCOS/noninfected/Image_SetB367.jpg;PCOS/noninfected/Image_SetB368.jpg
Figshare,b3eacba7de4540c8eb0aba7a9d43f18d,8,0,PCOS/noninfected/Image_701.jpg;PCOS/noninfected/Image_702.jpg;PCOS/noninfected/Image_SetA701.jpg;PCOS/noninfected/Image_SetA702.jpg;PCOS/noninfected/Image_SetB701.jpg;PCOS/noninfected/Image_SetB702.jpg;PCOS/noninfected/Image_resize_671  (868).jpg;PCOS/noninfected/Image_resize_671  (869).jpg
Figshare,b3ee9e439ec9ffed11cf759c18693af3,8,0,PCOS/noninfected/Image_513.jpg;PCOS/noninfected/Image_514.jpg;PCOS/noninfected/Image_SetA513.jpg;PCOS/noninfected/Image_SetA514.jpg;PCOS/noninfected/Image_SetB513.jpg;PCOS/noninfected/Image_SetB514.jpg;PCOS/noninfected/Image_resize_671  (1038).jpg;PCOS/noninfected/Image_resize_671  (1039).jpg
Figshare,b3f51d0e7c7471137dd921f2d14ea3a4,2,0,PCOS/noninfected/Image_resize_217.jpg;PCOS/noninfected/Image_resize_221.jpg
Figshare,b41be9feceecc8e1ab7567cfc75d2d09,6,1,PCOS/infected/Image_401.jpg;PCOS/infected/Image_402.jpg;PCOS/infected/Image_SETA_401.jpg;PCOS/infected/Image_SETA_402.jpg;PCOS/infected/Image_SETB_401.jpg;PCOS/infected/Image_SETB_402.jpg
Figshare,b427f328e2a0bb94894474e603cd7f72,6,1,PCOS/infected/Image_497.jpg;PCOS/infected/Image_498.jpg;PCOS/infected/Image_SETA_497.jpg;PCOS/infected/Image_SETA_498.jpg;PCOS/infected/Image_SETB_497.jpg;PCOS/infected/Image_SETB_498.jpg
Figshare,b43a6824f346cbd399cb51a3d5a09d8b,2,1,PCOS/infected/Image_Rotate_Rotate_Right_379.jpg;PCOS/infected/Image_Rotate_Rotate_Right_380.jpg
Figshare,b44bfccb89b7ade2b4d58fa518c182bd,4,0,PCOS/noninfected/Image_resize_356.jpg;PCOS/noninfected/Image_resize_360.jpg;PCOS/noninfected/Image_resize_671  (297).jpg;PCOS/noninfected/Image_resize_671  (301).jpg
Figshare,b484fcc7fa116608cd4459b98bd13f5a,6,1,PCOS/infected/Image_059.jpg;PCOS/infected/Image_060.jpg;PCOS/infected/Image_SETA_059.jpg;PCOS/infected/Image_SETA_060.jpg;PCOS/infected/Image_SETB_059.jpg;PCOS/infected/Image_SETB_060.jpg
Figshare,b48648e2830a5a4dcf08f0e2a4699dc4,2,1,PCOS/infected/image10859.jpg;PCOS/infected/image11056.jpg
Figshare,b48e171a1a3b168b99c7ee8fdecebf4f,4,0,PCOS/noninfected/Image_resize_492.jpg;PCOS/noninfected/Image_resize_496.jpg;PCOS/noninfected/Image_resize_671  (163).jpg;PCOS/noninfected/Image_resize_671  (167).jpg
Figshare,b4e67fb2c56682e53e6b16d7e37d114d,8,0,PCOS/noninfected/Image_647.jpg;PCOS/noninfected/Image_648.jpg;PCOS/noninfected/Image_SetA647.jpg;PCOS/noninfected/Image_SetA648.jpg;PCOS/noninfected/Image_SetB647.jpg;PCOS/noninfected/Image_SetB648.jpg;PCOS/noninfected/Image_resize_671  (909).jpg;PCOS/noninfected/Image_resize_671  (910).jpg
Figshare,b4ea160ae497efb8c9ecca093db03946,6,1,PCOS/infected/Image_947.jpg;PCOS/infected/Image_948.jpg;PCOS/infected/Image_SETA_947.jpg;PCOS/infected/Image_SETA_948.jpg;PCOS/infected/Image_SETB_947.jpg;PCOS/infected/Image_SETB_948.jpg
Figshare,b52bafdd36f7797f6cd701097f06cf07,8,0,PCOS/noninfected/Image_805.jpg;PCOS/noninfected/Image_806.jpg;PCOS/noninfected/Image_SetA805.jpg;PCOS/noninfected/Image_SetA806.jpg;PCOS/noninfected/Image_SetB805.jpg;PCOS/noninfected/Image_SetB806.jpg;PCOS/noninfected/Image_resize_671  (760).jpg;PCOS/noninfected/Image_resize_671  (761).jpg
Figshare,b53a6f206a1dae70aa83a72a6a8d6f85,2,0,PCOS/noninfected/Image_resize_204.jpg;PCOS/noninfected/Image_resize_208.jpg
Figshare,b540b70ff667c673048eac37bc1d9d68,2,1,PCOS/infected/image10864.jpg;PCOS/infected/image11061.jpg
Figshare,b554684bc0a1683632af845368271731,6,1,PCOS/infected/Image_1019.jpg;PCOS/infected/Image_1020.jpg;PCOS/infected/Image_SETA_1019.jpg;PCOS/infected/Image_SETA_1020.jpg;PCOS/infected/Image_SETB_1019.jpg;PCOS/infected/Image_SETB_1020.jpg
Figshare,b5661a58faed1ff1382afa6c75c422ef,4,0,PCOS/noninfected/Image_resize_636.jpg;PCOS/noninfected/Image_resize_640.jpg;PCOS/noninfected/Image_resize_671  (17).jpg;PCOS/noninfected/Image_resize_671  (21).jpg
Figshare,b5857fa5fdc2c1c0fd5e429aca8f5025,4,0,PCOS/noninfected/Image_resize_172.jpg;PCOS/noninfected/Image_resize_176.jpg;PCOS/noninfected/Image_resize_671  (378).jpg;PCOS/noninfected/Image_resize_671  (397).jpg
Figshare,b59ac87ee7f5239d79eb9dff05a89f8c,6,1,PCOS/infected/Image_379.jpg;PCOS/infected/Image_380.jpg;PCOS/infected/Image_SETA_379.jpg;PCOS/infected/Image_SETA_380.jpg;PCOS/infected/Image_SETB_379.jpg;PCOS/infected/Image_SETB_380.jpg
Figshare,b5c2724cac14338dbaa9678746d28e5c,4,1,PCOS/infected/Image_resize_171.jpg;PCOS/infected/Image_resize_172.jpg;PCOS/infected/Image_resize_371.jpg;PCOS/infected/Image_resize_372.jpg
Figshare,b5c6710296011f5cab6ae4684d68bcce,6,1,PCOS/infected/Image_747.jpg;PCOS/infected/Image_748.jpg;PCOS/infected/Image_SETA_747.jpg;PCOS/infected/Image_SETA_748.jpg;PCOS/infected/Image_SETB_747.jpg;PCOS/infected/Image_SETB_748.jpg
Figshare,b5ca86c4d2aa956382606e795ca4f44e,6,1,PCOS/infected/Image_331.jpg;PCOS/infected/Image_332.jpg;PCOS/infected/Image_SETA_331.jpg;PCOS/infected/Image_SETA_332.jpg;PCOS/infected/Image_SETB_331.jpg;PCOS/infected/Image_SETB_332.jpg
Figshare,b5deaaee9745bc8eccd4a0562a9f72ae,4,1,PCOS/infected/Image_resize_145.jpg;PCOS/infected/Image_resize_146.jpg;PCOS/infected/Image_resize_345.jpg;PCOS/infected/Image_resize_346.jpg
Figshare,b6056ff60907ac99434e4bceb2a5b464,4,0,PCOS/noninfected/Image_resize_532.jpg;PCOS/noninfected/Image_resize_536.jpg;PCOS/noninfected/Image_resize_671  (130).jpg;PCOS/noninfected/Image_resize_671  (134).jpg
Figshare,b653c753ccd6aee7f9aba6cf3767c2ae,4,1,PCOS/infected/Image_resize_129.jpg;PCOS/infected/Image_resize_130.jpg;PCOS/infected/Image_resize_329.jpg;PCOS/infected/Image_resize_330.jpg
Figshare,b65773a15d9b2b1787613b1fa56171f6,4,1,PCOS/infected/Image_resize_009.jpg;PCOS/infected/Image_resize_010.jpg;PCOS/infected/Image_resize_209.jpg;PCOS/infected/Image_resize_210.jpg
Figshare,b692a93798e813cb1a3e19dea491a15b,8,0,PCOS/noninfected/Image_619.jpg;PCOS/noninfected/Image_620.jpg;PCOS/noninfected/Image_SetA619.jpg;PCOS/noninfected/Image_SetA620.jpg;PCOS/noninfected/Image_SetB619.jpg;PCOS/noninfected/Image_SetB620.jpg;PCOS/noninfected/Image_resize_671  (951).jpg;PCOS/noninfected/Image_resize_671  (952).jpg
Figshare,b69a57dcc0aa3aa8fa8f4b399da3aef9,6,1,PCOS/infected/Image_709.jpg;PCOS/infected/Image_710.jpg;PCOS/infected/Image_SETA_709.jpg;PCOS/infected/Image_SETA_710.jpg;PCOS/infected/Image_SETB_709.jpg;PCOS/infected/Image_SETB_710.jpg
Figshare,b6a0401ac500de73e3508ffd7366983f,2,1,PCOS/infected/image10828.jpg;PCOS/infected/image11025.jpg
Figshare,b6aa095af86de0db6eb0a07b8a1d6dd4,6,1,PCOS/infected/Image_079.jpg;PCOS/infected/Image_080.jpg;PCOS/infected/Image_SETA_079.jpg;PCOS/infected/Image_SETA_080.jpg;PCOS/infected/Image_SETB_079.jpg;PCOS/infected/Image_SETB_080.jpg
Figshare,b6b8cc83752337d34608237388a5e172,4,0,PCOS/noninfected/Image_resize_169.jpg;PCOS/noninfected/Image_resize_173.jpg;PCOS/noninfected/Image_resize_671  (394).jpg;PCOS/noninfected/Image_resize_671  (398).jpg
Figshare,b6c2391390bd4fe19b011b087b829587,4,1,PCOS/infected/Image_resize_191.jpg;PCOS/infected/Image_resize_192.jpg;PCOS/infected/Image_resize_391.jpg;PCOS/infected/Image_resize_392.jpg
Figshare,b6cf3e0f4d59a1baf37bf48196bc65b5,6,1,PCOS/infected/Image_859.jpg;PCOS/infected/Image_860.jpg;PCOS/infected/Image_SETA_859.jpg;PCOS/infected/Image_SETA_860.jpg;PCOS/infected/Image_SETB_859.jpg;PCOS/infected/Image_SETB_860.jpg
Figshare,b6df975c8901d4b3d59b2571f2cf5099,2,1,PCOS/infected/Image_Rotate_Rotate_Right_007.jpg;PCOS/infected/Image_Rotate_Rotate_Right_008.jpg
Figshare,b6e035ceb1962069eb4daf3df3d85e80,8,0,PCOS/noninfected/Image_resize_138.jpg;PCOS/noninfected/Image_resize_139.jpg;PCOS/noninfected/Image_resize_142.jpg;PCOS/noninfected/Image_resize_143.jpg;PCOS/noninfected/Image_resize_671  (412).jpg;PCOS/noninfected/Image_resize_671  (415).jpg;PCOS/noninfected/Image_resize_671  (416).jpg;PCOS/noninfected/Image_resize_671  (434).jpg
Figshare,b70107d673c2936e449f82b687fdd317,8,0,PCOS/noninfected/Image_915.jpg;PCOS/noninfected/Image_916.jpg;PCOS/noninfected/Image_SetA915.jpg;PCOS/noninfected/Image_SetA916.jpg;PCOS/noninfected/Image_SetB915.jpg;PCOS/noninfected/Image_SetB916.jpg;PCOS/noninfected/Image_resize_671  (655).jpg;PCOS/noninfected/Image_resize_671  (656).jpg
Figshare,b70973fd36b8edf4dc45cb2e069d9fc8,6,0,PCOS/noninfected/Image_019.jpg;PCOS/noninfected/Image_020.jpg;PCOS/noninfected/Image_SetA019.jpg;PCOS/noninfected/Image_SetA020.jpg;PCOS/noninfected/Image_SetB019.jpg;PCOS/noninfected/Image_SetB020.jpg
Figshare,b76892624a60a58c3b128050a6b9a064,6,1,PCOS/infected/Image_315.jpg;PCOS/infected/Image_316.jpg;PCOS/infected/Image_SETA_315.jpg;PCOS/infected/Image_SETA_316.jpg;PCOS/infected/Image_SETB_315.jpg;PCOS/infected/Image_SETB_316.jpg
Figshare,b77a7300ba6defd7f37668f30f255807,4,1,PCOS/infected/Image_resize_035.jpg;PCOS/infected/Image_resize_036.jpg;PCOS/infected/Image_resize_235.jpg;PCOS/infected/Image_resize_236.jpg
Figshare,b7988ca8cf44a6e3d58ed5a8f0053587,4,1,PCOS/infected/Image_Rotate_023.jpg;PCOS/infected/Image_Rotate_024.jpg;PCOS/infected/Image_Rotate_223.jpg;PCOS/infected/Image_Rotate_224.jpg
Figshare,b79f169edefe5241d96ad4969e89da40,2,1,PCOS/infected/image11477.jpg;PCOS/infected/image13108.jpg
Figshare,b7a0a71ea729a785e98ff998679a7f79,2,1,PCOS/infected/Image_Rotate_Rotate_Right_109.jpg;PCOS/infected/Image_Rotate_Rotate_Right_110.jpg
Figshare,b7d26c6ccc781450d132b7511124fc1a,6,0,PCOS/noninfected/Image_109.jpg;PCOS/noninfected/Image_110.jpg;PCOS/noninfected/Image_SetA109.jpg;PCOS/noninfected/Image_SetA110.jpg;PCOS/noninfected/Image_SetB109.jpg;PCOS/noninfected/Image_SetB110.jpg
Figshare,b7e97417fe06665b94331d83f606ae2f,2,1,PCOS/infected/image10760.jpg;PCOS/infected/image10957.jpg
Figshare,b7f2f5a7b763cf3aa517f21084d2ee3d,6,0,PCOS/noninfected/Image_285.jpg;PCOS/noninfected/Image_286.jpg;PCOS/noninfected/Image_SetA285.jpg;PCOS/noninfected/Image_SetA286.jpg;PCOS/noninfected/Image_SetB285.jpg;PCOS/noninfected/Image_SetB286.jpg
Figshare,b820f7e4dc1a5399a210627d0367a29c,6,1,PCOS/infected/Image_335.jpg;PCOS/infected/Image_336.jpg;PCOS/infected/Image_SETA_335.jpg;PCOS/infected/Image_SETA_336.jpg;PCOS/infected/Image_SETB_335.jpg;PCOS/infected/Image_SETB_336.jpg
Figshare,b8371a847a1d4112bb8731a25908f3e4,8,0,PCOS/noninfected/Image_985.jpg;PCOS/noninfected/Image_986.jpg;PCOS/noninfected/Image_SetA985.jpg;PCOS/noninfected/Image_SetA986.jpg;PCOS/noninfected/Image_SetB985.jpg;PCOS/noninfected/Image_SetB986.jpg;PCOS/noninfected/Image_resize_671  (585).jpg;PCOS/noninfected/Image_resize_671  (586).jpg
Figshare,b863cf8b698c7cde5d53bbe45142c9d6,6,1,PCOS/infected/Image_207.jpg;PCOS/infected/Image_208.jpg;PCOS/infected/Image_SETA_207.jpg;PCOS/infected/Image_SETA_208.jpg;PCOS/infected/Image_SETB_207.jpg;PCOS/infected/Image_SETB_208.jpg
Figshare,b89df27a59c370502863854bba056bad,2,1,PCOS/infected/Image_Rotate_Rotate_Right_133.jpg;PCOS/infected/Image_Rotate_Rotate_Right_134.jpg
Figshare,b8ccf50b7e924c7e2e2b0a0c19e51a4d,6,0,PCOS/noninfected/Image_291.jpg;PCOS/noninfected/Image_292.jpg;PCOS/noninfected/Image_SetA291.jpg;PCOS/noninfected/Image_SetA292.jpg;PCOS/noninfected/Image_SetB291.jpg;PCOS/noninfected/Image_SetB292.jpg
Figshare,b8cdf914699772ea2e8d978c9efed510,6,1,PCOS/infected/Image_583.jpg;PCOS/infected/Image_584.jpg;PCOS/infected/Image_SETA_583.jpg;PCOS/infected/Image_SETA_584.jpg;PCOS/infected/Image_SETB_583.jpg;PCOS/infected/Image_SETB_584.jpg
Figshare,b901bf670b9237c397efecc9634af870,6,0,PCOS/noninfected/Image_297.jpg;PCOS/noninfected/Image_298.jpg;PCOS/noninfected/Image_SetA297.jpg;PCOS/noninfected/Image_SetA298.jpg;PCOS/noninfected/Image_SetB297.jpg;PCOS/noninfected/Image_SetB298.jpg
Figshare,b95e1b7f7235048e2f3b4f128981e1b9,2,1,PCOS/infected/image10781.jpg;PCOS/infected/image10978.jpg
Figshare,b96e5b45a42cbd2a1539562a323242b0,4,0,PCOS/noninfected/Image_resize_364.jpg;PCOS/noninfected/Image_resize_368.jpg;PCOS/noninfected/Image_resize_671  (305).jpg;PCOS/noninfected/Image_resize_671  (309).jpg
Figshare,b989905112cff63662d37040b63efd2c,2,1,PCOS/infected/Image_Rotate_Rotate_Right_141.jpg;PCOS/infected/Image_Rotate_Rotate_Right_142.jpg
Figshare,b99b33bd22dbc8a884c81bdb55418e1f,6,1,PCOS/infected/Image_481.jpg;PCOS/infected/Image_482.jpg;PCOS/infected/Image_SETA_481.jpg;PCOS/infected/Image_SETA_482.jpg;PCOS/infected/Image_SETB_481.jpg;PCOS/infected/Image_SETB_482.jpg
Figshare,b9c716ceffcac7f0fede24c5815caed0,2,1,PCOS/infected/Image_Rotate_Rotate_Right_243.jpg;PCOS/infected/Image_Rotate_Rotate_Right_244.jpg
Figshare,b9d084f9d8148ecb0ac7532de8bdda6c,4,1,PCOS/infected/Image_Rotate_027.jpg;PCOS/infected/Image_Rotate_028.jpg;PCOS/infected/Image_Rotate_227.jpg;PCOS/infected/Image_Rotate_228.jpg
Figshare,b9d7ab71827f0573c7b5282f8c8ab8fa,8,0,PCOS/noninfected/Image_681.jpg;PCOS/noninfected/Image_682.jpg;PCOS/noninfected/Image_SetA681.jpg;PCOS/noninfected/Image_SetA682.jpg;PCOS/noninfected/Image_SetB681.jpg;PCOS/noninfected/Image_SetB682.jpg;PCOS/noninfected/Image_resize_671  (871).jpg;PCOS/noninfected/Image_resize_671  (872).jpg
Figshare,b9fb2b564f2060f330cdae4ec3959f44,6,1,PCOS/infected/Image_405.jpg;PCOS/infected/Image_406.jpg;PCOS/infected/Image_SETA_405.jpg;PCOS/infected/Image_SETA_406.jpg;PCOS/infected/Image_SETB_405.jpg;PCOS/infected/Image_SETB_406.jpg
Figshare,ba0a7d1c2f890be35944607caa00bc9f,8,0,PCOS/noninfected/Image_773.jpg;PCOS/noninfected/Image_774.jpg;PCOS/noninfected/Image_SetA773.jpg;PCOS/noninfected/Image_SetA774.jpg;PCOS/noninfected/Image_SetB773.jpg;PCOS/noninfected/Image_SetB774.jpg;PCOS/noninfected/Image_resize_671  (797).jpg;PCOS/noninfected/Image_resize_671  (798).jpg
Figshare,ba214d3f91643a9a36b47d5f88f5cfbd,2,1,PCOS/infected/image10849.jpg;PCOS/infected/image11046.jpg
Figshare,ba2187f8cefc40c97b538c9c1d0bbae1,4,0,PCOS/noninfected/Image_resize_548.jpg;PCOS/noninfected/Image_resize_552.jpg;PCOS/noninfected/Image_resize_671  (101).jpg;PCOS/noninfected/Image_resize_671  (121).jpg
Figshare,ba2bde788ffcadab2746ab0dca984e4e,2,1,PCOS/infected/image11781.jpg;PCOS/infected/image12118.jpg
Figshare,ba87a52a5943f39c85870a13a807ec74,2,1,PCOS/infected/Image_Rotate_Rotate_Right_303.jpg;PCOS/infected/Image_Rotate_Rotate_Right_304.jpg
Figshare,baa6f15ffad3486becb47e527d357611,2,0,PCOS/noninfected/Image_resize_276.jpg;PCOS/noninfected/Image_resize_280.jpg
Figshare,baa874fa0d24e72d3d738aeb1a345688,6,0,PCOS/noninfected/Image_265.jpg;PCOS/noninfected/Image_266.jpg;PCOS/noninfected/Image_SetA265.jpg;PCOS/noninfected/Image_SetA266.jpg;PCOS/noninfected/Image_SetB265.jpg;PCOS/noninfected/Image_SetB266.jpg
Figshare,babc8b1aefed000fec3e699c79a5ee8b,2,1,PCOS/infected/image10769.jpg;PCOS/infected/image10966.jpg
Figshare,babfae7c37020b44d096bd3f68af381f,4,0,PCOS/noninfected/Image_resize_484.jpg;PCOS/noninfected/Image_resize_488.jpg;PCOS/noninfected/Image_resize_671  (179).jpg;PCOS/noninfected/Image_resize_671  (183).jpg
Figshare,bac1633f8635f3ff87475af17fdf17a2,4,0,PCOS/noninfected/Image_resize_770.jpg;PCOS/noninfected/Image_resize_771.jpg;PCOS/noninfected/Image_resize_774.jpg;PCOS/noninfected/Image_resize_775.jpg
Figshare,bad6e84e4c9cf182724124da7a359cae,2,1,PCOS/infected/Image_Rotate_Rotate_Right_073.jpg;PCOS/infected/Image_Rotate_Rotate_Right_074.jpg
Figshare,baeeb909aee76588b4a3be1731fed00c,2,1,PCOS/infected/image10933.jpg;PCOS/infected/image11135.jpg
Figshare,bb2a33c8647eea97812aaf75d0bb0919,8,0,PCOS/noninfected/Image_717.jpg;PCOS/noninfected/Image_718.jpg;PCOS/noninfected/Image_SetA717.jpg;PCOS/noninfected/Image_SetA718.jpg;PCOS/noninfected/Image_SetB717.jpg;PCOS/noninfected/Image_SetB718.jpg;PCOS/noninfected/Image_resize_671  (838).jpg;PCOS/noninfected/Image_resize_671  (839).jpg
Figshare,bb510b959bd426af4a8db70feb5e9c68,6,1,PCOS/infected/Image_161.jpg;PCOS/infected/Image_162.jpg;PCOS/infected/Image_SETA_161.jpg;PCOS/infected/Image_SETA_162.jpg;PCOS/infected/Image_SETB_161.jpg;PCOS/infected/Image_SETB_162.jpg
Figshare,bb80ad051761f620cdaf67b77fbe7332,4,0,PCOS/noninfected/Image_resize_121.jpg;PCOS/noninfected/Image_resize_125.jpg;PCOS/noninfected/Image_resize_671  (440).jpg;PCOS/noninfected/Image_resize_671  (444).jpg
Figshare,bb908042df42ba22494de884bcfc531b,2,1,PCOS/infected/image10892.jpg;PCOS/infected/image11090.jpg
Figshare,bbca390225ccdda66216ae03a85b46d5,8,0,PCOS/noninfected/Image_561.jpg;PCOS/noninfected/Image_562.jpg;PCOS/noninfected/Image_SetA561.jpg;PCOS/noninfected/Image_SetA562.jpg;PCOS/noninfected/Image_SetB561.jpg;PCOS/noninfected/Image_SetB562.jpg;PCOS/noninfected/Image_resize_671  (991).jpg;PCOS/noninfected/Image_resize_671  (992).jpg
Figshare,bbeaca0a614c92391947bd47d3cd4761,2,1,PCOS/infected/image10862.jpg;PCOS/infected/image11059.jpg
Figshare,bbf4317a0384e76708bbe36d34bb213a,4,0,PCOS/noninfected/Image_resize_617.jpg;PCOS/noninfected/Image_resize_621.jpg;PCOS/noninfected/Image_resize_671  (46).jpg;PCOS/noninfected/Image_resize_671  (50).jpg
Figshare,bc0a95be7095e72ceeac325400bb573d,6,1,PCOS/infected/Image_819.jpg;PCOS/infected/Image_820.jpg;PCOS/infected/Image_SETA_819.jpg;PCOS/infected/Image_SETA_820.jpg;PCOS/infected/Image_SETB_819.jpg;PCOS/infected/Image_SETB_820.jpg
Figshare,bc381ab668edf089885a16fb126e2e05,4,1,PCOS/infected/Image_Rotate_081.jpg;PCOS/infected/Image_Rotate_082.jpg;PCOS/infected/Image_Rotate_281.jpg;PCOS/infected/Image_Rotate_282.jpg
Figshare,bc3a60f35a680abf7a6b601e5e449ae7,4,1,PCOS/infected/Image_Rotate_165.jpg;PCOS/infected/Image_Rotate_166.jpg;PCOS/infected/Image_Rotate_365.jpg;PCOS/infected/Image_Rotate_366.jpg
Figshare,bc6cc252619d3222771d91a3dd44e551,2,1,PCOS/infected/image10845.jpg;PCOS/infected/image11042.jpg
Figshare,bc747278f26110acd37b9f17b0d69d54,2,1,PCOS/infected/Image_Rotate_Rotate_Right_105.jpg;PCOS/infected/Image_Rotate_Rotate_Right_106.jpg
Figshare,bc981300789dfc60e269dba67254c6b7,8,0,PCOS/noninfected/Image_633.jpg;PCOS/noninfected/Image_634.jpg;PCOS/noninfected/Image_SetA633.jpg;PCOS/noninfected/Image_SetA634.jpg;PCOS/noninfected/Image_SetB633.jpg;PCOS/noninfected/Image_SetB634.jpg;PCOS/noninfected/Image_resize_671  (918).jpg;PCOS/noninfected/Image_resize_671  (919).jpg
Figshare,bccce62a9afdc55fd524298e7b506e5b,4,0,PCOS/noninfected/Image_resize_572.jpg;PCOS/noninfected/Image_resize_576.jpg;PCOS/noninfected/Image_resize_671  (78).jpg;PCOS/noninfected/Image_resize_671  (97).jpg
Figshare,bccdedcdb4b9f873c8e55d04af7907c9,8,0,PCOS/noninfected/Image_909.jpg;PCOS/noninfected/Image_910.jpg;PCOS/noninfected/Image_SetA909.jpg;PCOS/noninfected/Image_SetA910.jpg;PCOS/noninfected/Image_SetB909.jpg;PCOS/noninfected/Image_SetB910.jpg;PCOS/noninfected/Image_resize_671  (649).jpg;PCOS/noninfected/Image_resize_671  (650).jpg
Figshare,bce61edd0b1da3d88acedcd26990356f,2,0,PCOS/noninfected/Image_resize_796.jpg;PCOS/noninfected/Image_resize_800.jpg
Figshare,bd0b3a61e7d2cefa85ee71e9f5a43840,6,1,PCOS/infected/Image_977.jpg;PCOS/infected/Image_978.jpg;PCOS/infected/Image_SETA_977.jpg;PCOS/infected/Image_SETA_978.jpg;PCOS/infected/Image_SETB_977.jpg;PCOS/infected/Image_SETB_978.jpg
Figshare,bd618ea9cd31cf64b42559f441115e7d,2,1,PCOS/infected/Image_Rotate_Rotate_Right_305.jpg;PCOS/infected/Image_Rotate_Rotate_Right_306.jpg
Figshare,bd669bf36a2727e0638099012872963d,8,0,PCOS/noninfected/Image_447.jpg;PCOS/noninfected/Image_448.jpg;PCOS/noninfected/Image_SetA447.jpg;PCOS/noninfected/Image_SetA448.jpg;PCOS/noninfected/Image_SetB447.jpg;PCOS/noninfected/Image_SetB448.jpg;PCOS/noninfected/Image_resize_671  (1121).jpg;PCOS/noninfected/Image_resize_671  (1122).jpg
Figshare,bd6ece0e4fea5b8bd080d1b59c0fb60e,2,1,PCOS/infected/Image_Rotate_Rotate_Right_139.jpg;PCOS/infected/Image_Rotate_Rotate_Right_140.jpg
Figshare,bd915a64113341ebffdf76f4b42a83bb,4,1,PCOS/infected/Image_resize_153.jpg;PCOS/infected/Image_resize_154.jpg;PCOS/infected/Image_resize_353.jpg;PCOS/infected/Image_resize_354.jpg
Figshare,bda30b7c3d069f670e6077e636bdd1e7,8,0,PCOS/noninfected/Image_885.jpg;PCOS/noninfected/Image_886.jpg;PCOS/noninfected/Image_SetA885.jpg;PCOS/noninfected/Image_SetA886.jpg;PCOS/noninfected/Image_SetB885.jpg;PCOS/noninfected/Image_SetB886.jpg;PCOS/noninfected/Image_resize_671  (673).jpg;PCOS/noninfected/Image_resize_671  (674).jpg
Figshare,bdb8f4b8ed67968847cddc718d5b6687,4,0,PCOS/noninfected/Image_resize_124.jpg;PCOS/noninfected/Image_resize_128.jpg;PCOS/noninfected/Image_resize_671  (424).jpg;PCOS/noninfected/Image_resize_671  (443).jpg
Figshare,bdc3d9656fb0f90d3d2f902dc73c2555,6,0,PCOS/noninfected/Image_231.jpg;PCOS/noninfected/Image_232.jpg;PCOS/noninfected/Image_SetA231.jpg;PCOS/noninfected/Image_SetA232.jpg;PCOS/noninfected/Image_SetB231.jpg;PCOS/noninfected/Image_SetB232.jpg
Figshare,be2cbf33ee9c88d462b21e738c04640c,6,1,PCOS/infected/Image_963.jpg;PCOS/infected/Image_964.jpg;PCOS/infected/Image_SETA_963.jpg;PCOS/infected/Image_SETA_964.jpg;PCOS/infected/Image_SETB_963.jpg;PCOS/infected/Image_SETB_964.jpg
Figshare,be365e4acf490d75025555c3f4f27489,6,1,PCOS/infected/Image_861.jpg;PCOS/infected/Image_862.jpg;PCOS/infected/Image_SETA_861.jpg;PCOS/infected/Image_SETA_862.jpg;PCOS/infected/Image_SETB_861.jpg;PCOS/infected/Image_SETB_862.jpg
Figshare,be3d650bb663bf71e5443f872aebfd89,4,0,PCOS/noninfected/Image_resize_529.jpg;PCOS/noninfected/Image_resize_533.jpg;PCOS/noninfected/Image_resize_671  (127).jpg;PCOS/noninfected/Image_resize_671  (131).jpg
Figshare,be9989530a2e89d48721f6431c3b69ff,6,1,PCOS/infected/Image_967.jpg;PCOS/infected/Image_968.jpg;PCOS/infected/Image_SETA_967.jpg;PCOS/infected/Image_SETA_968.jpg;PCOS/infected/Image_SETB_967.jpg;PCOS/infected/Image_SETB_968.jpg
Figshare,be9f08579dc1aed41db4532c8feba73b,2,1,PCOS/infected/Image_Rotate_Rotate_Right_209.jpg;PCOS/infected/Image_Rotate_Rotate_Right_210.jpg
Figshare,bea78bf95d4723c4b60230c732b1e08c,4,0,PCOS/noninfected/Image_resize_033.jpg;PCOS/noninfected/Image_resize_037.jpg;PCOS/noninfected/Image_resize_671  (520).jpg;PCOS/noninfected/Image_resize_671  (540).jpg
Figshare,befca9d3ce4768898edaba4bcf862d93,8,0,PCOS/noninfected/Image_resize_498.jpg;PCOS/noninfected/Image_resize_499.jpg;PCOS/noninfected/Image_resize_502.jpg;PCOS/noninfected/Image_resize_503.jpg;PCOS/noninfected/Image_resize_671  (149).jpg;PCOS/noninfected/Image_resize_671  (150).jpg;PCOS/noninfected/Image_resize_671  (169).jpg;PCOS/noninfected/Image_resize_671  (170).jpg
Figshare,bf0009b36e875b16159c143d80fd4e8c,2,1,PCOS/infected/image10885.jpg;PCOS/infected/image11082.jpg
Figshare,bf19685821389f089b01d1f0f09a6349,6,0,PCOS/noninfected/Image_281.jpg;PCOS/noninfected/Image_282.jpg;PCOS/noninfected/Image_SetA281.jpg;PCOS/noninfected/Image_SetA282.jpg;PCOS/noninfected/Image_SetB281.jpg;PCOS/noninfected/Image_SetB282.jpg
Figshare,bf5bff222fb6d501c439273bc47bed3a,2,1,PCOS/infected/Image_Rotate_Rotate_Right_307.jpg;PCOS/infected/Image_Rotate_Rotate_Right_308.jpg
Figshare,bf5f2e260552ab8a305c4e4cd7f624ee,2,1,PCOS/infected/Image_Rotate_Rotate_Right_381.jpg;PCOS/infected/Image_Rotate_Rotate_Right_382.jpg
Figshare,bf6c565402594a12255991c04853bb33,6,1,PCOS/infected/Image_669.jpg;PCOS/infected/Image_670.jpg;PCOS/infected/Image_SETA_669.jpg;PCOS/infected/Image_SETA_670.jpg;PCOS/infected/Image_SETB_669.jpg;PCOS/infected/Image_SETB_670.jpg
Figshare,bf76200efe8b6eb7532ad030434f5663,6,1,PCOS/infected/Image_203.jpg;PCOS/infected/Image_204.jpg;PCOS/infected/Image_SETA_203.jpg;PCOS/infected/Image_SETA_204.jpg;PCOS/infected/Image_SETB_203.jpg;PCOS/infected/Image_SETB_204.jpg
Figshare,bf84a1017938043da7709b0aeccaca0a,2,1,PCOS/infected/Image_Rotate_Rotate_Right_255.jpg;PCOS/infected/Image_Rotate_Rotate_Right_256.jpg
Figshare,bf9d0a90271c5c6a6a8e133c100c172f,4,0,PCOS/noninfected/Image_resize_489.jpg;PCOS/noninfected/Image_resize_493.jpg;PCOS/noninfected/Image_resize_671  (164).jpg;PCOS/noninfected/Image_resize_671  (184).jpg
Figshare,bfcd037b9d271dd62e409c55c77a404b,7,0,PCOS/noninfected/Image_433.jpg;PCOS/noninfected/Image_434.jpg;PCOS/noninfected/Image_SetA433.jpg;PCOS/noninfected/Image_SetA434.jpg;PCOS/noninfected/Image_SetB433.jpg;PCOS/noninfected/Image_SetB434.jpg;PCOS/noninfected/Image_resize_671  (1108).jpg
Figshare,c069e86e23c53612d656fd094c733210,8,0,PCOS/noninfected/Image_799.jpg;PCOS/noninfected/Image_800.jpg;PCOS/noninfected/Image_SetA799.jpg;PCOS/noninfected/Image_SetA800.jpg;PCOS/noninfected/Image_SetB799.jpg;PCOS/noninfected/Image_SetB800.jpg;PCOS/noninfected/Image_resize_671  (754).jpg;PCOS/noninfected/Image_resize_671  (755).jpg
Figshare,c09ab890a99e2c5a1891b95af850f033,2,1,PCOS/infected/image10765.jpg;PCOS/infected/image10962.jpg
Figshare,c0b215281ec08cca1427fcaed272d789,3,0,PCOS/noninfected/Image_resize_297.jpg;PCOS/noninfected/Image_resize_301.jpg;PCOS/noninfected/Image_resize_671  (361).jpg
Figshare,c0cd7fa46f668b2a074a23c1777d78ac,2,1,PCOS/infected/image10903.jpg;PCOS/infected/image11104.jpg
Figshare,c1359df18b7cd59ff31d14f7569eb602,6,0,PCOS/noninfected/Image_397.jpg;PCOS/noninfected/Image_398.jpg;PCOS/noninfected/Image_SetA397.jpg;PCOS/noninfected/Image_SetA398.jpg;PCOS/noninfected/Image_SetB397.jpg;PCOS/noninfected/Image_SetB398.jpg
Figshare,c14249613f2d4b56076094b05e57c07b,8,0,PCOS/noninfected/Image_789.jpg;PCOS/noninfected/Image_790.jpg;PCOS/noninfected/Image_SetA789.jpg;PCOS/noninfected/Image_SetA790.jpg;PCOS/noninfected/Image_SetB789.jpg;PCOS/noninfected/Image_SetB790.jpg;PCOS/noninfected/Image_resize_671  (769).jpg;PCOS/noninfected/Image_resize_671  (770).jpg
Figshare,c14cf4cde373e3c3a620401f7e6fbd16,8,0,PCOS/noninfected/Image_resize_434.jpg;PCOS/noninfected/Image_resize_435.jpg;PCOS/noninfected/Image_resize_438.jpg;PCOS/noninfected/Image_resize_439.jpg;PCOS/noninfected/Image_resize_671  (224).jpg;PCOS/noninfected/Image_resize_671  (225).jpg;PCOS/noninfected/Image_resize_671  (228).jpg;PCOS/noninfected/Image_resize_671  (229).jpg
Figshare,c15052124d410e4f6d79c06eb27f698f,6,1,PCOS/infected/Image_391.jpg;PCOS/infected/Image_392.jpg;PCOS/infected/Image_SETA_391.jpg;PCOS/infected/Image_SETA_392.jpg;PCOS/infected/Image_SETB_391.jpg;PCOS/infected/Image_SETB_392.jpg
Figshare,c1acb5514bfb08ecd14725c2f845b8a7,2,1,PCOS/infected/Image_Rotate_Rotate_Right_235.jpg;PCOS/infected/Image_Rotate_Rotate_Right_236.jpg
Figshare,c1c89751e6f716d6363f85a2b41bf5fd,6,0,PCOS/noninfected/Image_401.jpg;PCOS/noninfected/Image_402.jpg;PCOS/noninfected/Image_SetA401.jpg;PCOS/noninfected/Image_SetA402.jpg;PCOS/noninfected/Image_SetB401.jpg;PCOS/noninfected/Image_SetB402.jpg
Figshare,c1f38d2352b260223a10f0cd1cced31d,2,0,PCOS/noninfected/Image_resize_673.jpg;PCOS/noninfected/Image_resize_677.jpg
Figshare,c21bbf5efcdbeea384c860fe61a69303,2,1,PCOS/infected/image10847.jpg;PCOS/infected/image11044.jpg
Figshare,c2299ff72e5c3b0a5fe8af5931f3072e,8,0,PCOS/noninfected/Image_827.jpg;PCOS/noninfected/Image_828.jpg;PCOS/noninfected/Image_SetA827.jpg;PCOS/noninfected/Image_SetA828.jpg;PCOS/noninfected/Image_SetB827.jpg;PCOS/noninfected/Image_SetB828.jpg;PCOS/noninfected/Image_resize_671  (733).jpg;PCOS/noninfected/Image_resize_671  (734).jpg
Figshare,c25ee8a01d81cbd95561cc19b8f4bcbd,6,0,PCOS/noninfected/Image_059.jpg;PCOS/noninfected/Image_060.jpg;PCOS/noninfected/Image_SetA059.jpg;PCOS/noninfected/Image_SetA060.jpg;PCOS/noninfected/Image_SetB059.jpg;PCOS/noninfected/Image_SetB060.jpg
Figshare,c2a489cab0a3836f75536cada50435d1,6,1,PCOS/infected/Image_001.jpg;PCOS/infected/Image_002.jpg;PCOS/infected/Image_SETA_001.jpg;PCOS/infected/Image_SETA_002.jpg;PCOS/infected/Image_SETB_001.jpg;PCOS/infected/Image_SETB_002.jpg
Figshare,c2ac0dce233c72b6c2d2845a19d90d89,6,0,PCOS/noninfected/Image_169.jpg;PCOS/noninfected/Image_170.jpg;PCOS/noninfected/Image_SetA169.jpg;PCOS/noninfected/Image_SetA170.jpg;PCOS/noninfected/Image_SetB169.jpg;PCOS/noninfected/Image_SetB170.jpg
Figshare,c2c390e2b2a71a8f4ec68ea03f371a26,2,0,PCOS/noninfected/Image_resize_241.jpg;PCOS/noninfected/Image_resize_245.jpg
Figshare,c2c6c274d7afa374844d085785e1a42a,4,1,PCOS/infected/Image_resize_069.jpg;PCOS/infected/Image_resize_070.jpg;PCOS/infected/Image_resize_269.jpg;PCOS/infected/Image_resize_270.jpg
Figshare,c2ccdcbb5db931564d1c3af27d8702b2,6,0,PCOS/noninfected/Image_205.jpg;PCOS/noninfected/Image_206.jpg;PCOS/noninfected/Image_SetA205.jpg;PCOS/noninfected/Image_SetA206.jpg;PCOS/noninfected/Image_SetB205.jpg;PCOS/noninfected/Image_SetB206.jpg
Figshare,c2da17a8d19d3f1182fd5f97892aa969,6,0,PCOS/noninfected/Image_resize_658.jpg;PCOS/noninfected/Image_resize_659.jpg;PCOS/noninfected/Image_resize_662.jpg;PCOS/noninfected/Image_resize_663.jpg;PCOS/noninfected/Image_resize_671  (14).jpg;PCOS/noninfected/Image_resize_671  (15).jpg
Figshare,c3488bcdcb561abddd16a717506ba02f,2,1,PCOS/infected/Image_Rotate_Rotate_Right_295.jpg;PCOS/infected/Image_Rotate_Rotate_Right_296.jpg
Figshare,c376ce7ca20e70780af8abfafcdd3b8c,2,1,PCOS/infected/Image_Rotate_Rotate_Right_293.jpg;PCOS/infected/Image_Rotate_Rotate_Right_294.jpg
Figshare,c3b59e2ff19c493c6174d2e99d5054a4,2,1,PCOS/infected/image10766.jpg;PCOS/infected/image10963.jpg
Figshare,c3c827a730638c164dc40bc8bad0795a,2,1,PCOS/infected/Image_Rotate_Rotate_Right_313.jpg;PCOS/infected/Image_Rotate_Rotate_Right_314.jpg
Figshare,c4046d8cb21ec695f5b5176032ff67a0,8,0,PCOS/noninfected/Image_resize_386.jpg;PCOS/noninfected/Image_resize_387.jpg;PCOS/noninfected/Image_resize_390.jpg;PCOS/noninfected/Image_resize_391.jpg;PCOS/noninfected/Image_resize_671  (263).jpg;PCOS/noninfected/Image_resize_671  (264).jpg;PCOS/noninfected/Image_resize_671  (267).jpg;PCOS/noninfected/Image_resize_671  (268).jpg
Figshare,c426e5e2e76d2885067fa859d30956cd,8,0,PCOS/noninfected/Image_resize_034.jpg;PCOS/noninfected/Image_resize_035.jpg;PCOS/noninfected/Image_resize_038.jpg;PCOS/noninfected/Image_resize_039.jpg;PCOS/noninfected/Image_resize_671  (517).jpg;PCOS/noninfected/Image_resize_671  (518).jpg;PCOS/noninfected/Image_resize_671  (521).jpg;PCOS/noninfected/Image_resize_671  (522).jpg
Figshare,c46a8d09cba24418210059f9e2d3ccac,6,0,PCOS/noninfected/Image_175.jpg;PCOS/noninfected/Image_176.jpg;PCOS/noninfected/Image_SetA175.jpg;PCOS/noninfected/Image_SetA176.jpg;PCOS/noninfected/Image_SetB175.jpg;PCOS/noninfected/Image_SetB176.jpg
Figshare,c47ee983ada2d7bef007a44267d73a66,6,1,PCOS/infected/Image_357.jpg;PCOS/infected/Image_358.jpg;PCOS/infected/Image_SETA_357.jpg;PCOS/infected/Image_SETA_358.jpg;PCOS/infected/Image_SETB_357.jpg;PCOS/infected/Image_SETB_358.jpg
Figshare,c52a77d9fe3eb7d563c09b3236bfd748,6,1,PCOS/infected/Image_103.jpg;PCOS/infected/Image_104.jpg;PCOS/infected/Image_SETA_103.jpg;PCOS/infected/Image_SETA_104.jpg;PCOS/infected/Image_SETB_103.jpg;PCOS/infected/Image_SETB_104.jpg
Figshare,c536521e49e451c7ffbe7e3233cfc607,2,1,PCOS/infected/Image_Rotate_Rotate_Right_129.jpg;PCOS/infected/Image_Rotate_Rotate_Right_130.jpg
Figshare,c543084856ab0a7a3cf1534369ad4094,4,1,PCOS/infected/Image_Rotate_061.jpg;PCOS/infected/Image_Rotate_062.jpg;PCOS/infected/Image_Rotate_261.jpg;PCOS/infected/Image_Rotate_262.jpg
Figshare,c570fcdf24d0369bf41423207e761120,6,1,PCOS/infected/Image_907.jpg;PCOS/infected/Image_908.jpg;PCOS/infected/Image_SETA_907.jpg;PCOS/infected/Image_SETA_908.jpg;PCOS/infected/Image_SETB_907.jpg;PCOS/infected/Image_SETB_908.jpg
Figshare,c581eb1306d8e6add3c6f02900b54541,6,1,PCOS/infected/Image_367.jpg;PCOS/infected/Image_368.jpg;PCOS/infected/Image_SETA_367.jpg;PCOS/infected/Image_SETA_368.jpg;PCOS/infected/Image_SETB_367.jpg;PCOS/infected/Image_SETB_368.jpg
Figshare,c59a4770f8c522329b6aa2a2d9708474,6,0,PCOS/noninfected/Image_031.jpg;PCOS/noninfected/Image_032.jpg;PCOS/noninfected/Image_SetA031.jpg;PCOS/noninfected/Image_SetA032.jpg;PCOS/noninfected/Image_SetB031.jpg;PCOS/noninfected/Image_SetB032.jpg
Figshare,c5c36d462bb0002fe48776ad67da063b,6,1,PCOS/infected/Image_017.jpg;PCOS/infected/Image_018.jpg;PCOS/infected/Image_SETA_017.jpg;PCOS/infected/Image_SETA_018.jpg;PCOS/infected/Image_SETB_017.jpg;PCOS/infected/Image_SETB_018.jpg
Figshare,c5ed08c19975e572689fed7f88503092,4,0,PCOS/noninfected/Image_resize_633.jpg;PCOS/noninfected/Image_resize_637.jpg;PCOS/noninfected/Image_resize_671  (18).jpg;PCOS/noninfected/Image_resize_671  (38).jpg
Figshare,c62adbc7e99940e48976b88d9d03fef0,2,0,PCOS/noninfected/Image_resize_665.jpg;PCOS/noninfected/Image_resize_669.jpg
Figshare,c63c67fd0e9e6d0916d9d4c8d8194a2b,4,0,PCOS/noninfected/Image_resize_100.jpg;PCOS/noninfected/Image_resize_104.jpg;PCOS/noninfected/Image_resize_671  (465).jpg;PCOS/noninfected/Image_resize_671  (469).jpg
Figshare,c6544d9a4541d8b3c12377249df1baf4,4,0,PCOS/noninfected/Image_resize_073.jpg;PCOS/noninfected/Image_resize_077.jpg;PCOS/noninfected/Image_resize_671  (485).jpg;PCOS/noninfected/Image_resize_671  (489).jpg
Figshare,c663465148bdf1444160044150a8a64b,6,1,PCOS/infected/Image_701.jpg;PCOS/infected/Image_702.jpg;PCOS/infected/Image_SETA_701.jpg;PCOS/infected/Image_SETA_702.jpg;PCOS/infected/Image_SETB_701.jpg;PCOS/infected/Image_SETB_702.jpg
Figshare,c684ff3dd08efb794080edd708c0f9c5,8,0,PCOS/noninfected/Image_551.jpg;PCOS/noninfected/Image_552.jpg;PCOS/noninfected/Image_SetA551.jpg;PCOS/noninfected/Image_SetA552.jpg;PCOS/noninfected/Image_SetB551.jpg;PCOS/noninfected/Image_SetB552.jpg;PCOS/noninfected/Image_resize_671  (1005).jpg;PCOS/noninfected/Image_resize_671  (1006).jpg
Figshare,c6b6037ca6e38e045a29b9bff12564c6,6,1,PCOS/infected/Image_055.jpg;PCOS/infected/Image_056.jpg;PCOS/infected/Image_SETA_055.jpg;PCOS/infected/Image_SETA_056.jpg;PCOS/infected/Image_SETB_055.jpg;PCOS/infected/Image_SETB_056.jpg
Figshare,c6f7a01040d34dca2c3a87ec8709932f,2,1,PCOS/infected/image11479.jpg;PCOS/infected/image13110.jpg
Figshare,c7067c4163a868834f71600bcd2645c6,8,0,PCOS/noninfected/Image_resize_018.jpg;PCOS/noninfected/Image_resize_019.jpg;PCOS/noninfected/Image_resize_022.jpg;PCOS/noninfected/Image_resize_023.jpg;PCOS/noninfected/Image_resize_671  (529).jpg;PCOS/noninfected/Image_resize_671  (530).jpg;PCOS/noninfected/Image_resize_671  (548).jpg;PCOS/noninfected/Image_resize_671  (549).jpg
Figshare,c70b3ebf09302d92010da4305c09856b,8,0,PCOS/noninfected/Image_resize_354.jpg;PCOS/noninfected/Image_resize_355.jpg;PCOS/noninfected/Image_resize_358.jpg;PCOS/noninfected/Image_resize_359.jpg;PCOS/noninfected/Image_resize_671  (295).jpg;PCOS/noninfected/Image_resize_671  (296).jpg;PCOS/noninfected/Image_resize_671  (299).jpg;PCOS/noninfected/Image_resize_671  (300).jpg
Figshare,c77762c89ebf29c83e370f5ade9a638d,6,1,PCOS/infected/Image_043.jpg;PCOS/infected/Image_044.jpg;PCOS/infected/Image_SETA_043.jpg;PCOS/infected/Image_SETA_044.jpg;PCOS/infected/Image_SETB_043.jpg;PCOS/infected/Image_SETB_044.jpg
Figshare,c78752b6e137920f8386e1113f78dd9b,8,0,PCOS/noninfected/Image_resize_114.jpg;PCOS/noninfected/Image_resize_115.jpg;PCOS/noninfected/Image_resize_118.jpg;PCOS/noninfected/Image_resize_119.jpg;PCOS/noninfected/Image_resize_671  (437).jpg;PCOS/noninfected/Image_resize_671  (438).jpg;PCOS/noninfected/Image_resize_671  (456).jpg;PCOS/noninfected/Image_resize_671  (457).jpg
Figshare,c796566d0465ebb120aa6e3d177f79d3,8,0,PCOS/noninfected/Image_495.jpg;PCOS/noninfected/Image_496.jpg;PCOS/noninfected/Image_SetA495.jpg;PCOS/noninfected/Image_SetA496.jpg;PCOS/noninfected/Image_SetB495.jpg;PCOS/noninfected/Image_SetB496.jpg;PCOS/noninfected/Image_resize_671  (1079).jpg;PCOS/noninfected/Image_resize_671  (1080).jpg
Figshare,c7b1bdb4a07a9766553c87f07644f55e,6,1,PCOS/infected/Image_609.jpg;PCOS/infected/Image_610.jpg;PCOS/infected/Image_SETA_609.jpg;PCOS/infected/Image_SETA_610.jpg;PCOS/infected/Image_SETB_609.jpg;PCOS/infected/Image_SETB_610.jpg
Figshare,c7b5694143e9cd6e10eaa8fd950782ab,8,0,PCOS/noninfected/Image_703.jpg;PCOS/noninfected/Image_704.jpg;PCOS/noninfected/Image_SetA703.jpg;PCOS/noninfected/Image_SetA704.jpg;PCOS/noninfected/Image_SetB703.jpg;PCOS/noninfected/Image_SetB704.jpg;PCOS/noninfected/Image_resize_671  (847).jpg;PCOS/noninfected/Image_resize_671  (848).jpg
Figshare,c7f53d1f102509a625356ff18c1149f7,2,1,PCOS/infected/image11709.jpg;PCOS/infected/image12033.jpg
Figshare,c815ece9ea2645d215b746031614bcb6,2,1,PCOS/infected/Image_Rotate_Rotate_Right_217.jpg;PCOS/infected/Image_Rotate_Rotate_Right_218.jpg
Figshare,c82af1549f600e1eb8a6ad63ac4d1336,2,1,PCOS/infected/image10867.jpg;PCOS/infected/image11064.jpg
Figshare,c862cce4b1ef3d9f193d4ef8d2a6344f,4,1,PCOS/infected/Image_resize_019.jpg;PCOS/infected/Image_resize_020.jpg;PCOS/infected/Image_resize_219.jpg;PCOS/infected/Image_resize_220.jpg
Figshare,c8659d3145e73fe8456c6d1875d05d6a,8,0,PCOS/noninfected/Image_resize_514.jpg;PCOS/noninfected/Image_resize_515.jpg;PCOS/noninfected/Image_resize_518.jpg;PCOS/noninfected/Image_resize_519.jpg;PCOS/noninfected/Image_resize_671  (137).jpg;PCOS/noninfected/Image_resize_671  (138).jpg;PCOS/noninfected/Image_resize_671  (141).jpg;PCOS/noninfected/Image_resize_671  (142).jpg
Figshare,c869d1013311ab4407b2bff39594fe7f,2,1,PCOS/infected/image10764.jpg;PCOS/infected/image10961.jpg
Figshare,c880ec2a94b8cfbfb74225e7a69fe701,4,1,PCOS/infected/Image_Rotate_195.jpg;PCOS/infected/Image_Rotate_196.jpg;PCOS/infected/Image_Rotate_395.jpg;PCOS/infected/Image_Rotate_396.jpg
Figshare,c89b890b4f8740a43dd3e21d8ca3124f,2,1,PCOS/infected/image10853.jpg;PCOS/infected/image11050.jpg
Figshare,c8e8405ba93d593d5a05ed3caed3986b,2,1,PCOS/infected/image10936.jpg;PCOS/infected/image11138.jpg
Figshare,c8ecaf207dd20cf89890cd7fd9b0dfeb,6,0,PCOS/noninfected/Image_125.jpg;PCOS/noninfected/Image_126.jpg;PCOS/noninfected/Image_SetA125.jpg;PCOS/noninfected/Image_SetA126.jpg;PCOS/noninfected/Image_SetB125.jpg;PCOS/noninfected/Image_SetB126.jpg
Figshare,c8f4c9fc49e67056dacc15ab742b7f15,6,0,PCOS/noninfected/Image_163.jpg;PCOS/noninfected/Image_164.jpg;PCOS/noninfected/Image_SetA163.jpg;PCOS/noninfected/Image_SetA164.jpg;PCOS/noninfected/Image_SetB163.jpg;PCOS/noninfected/Image_SetB164.jpg
Figshare,c907f27f2fa7f0067d8ba8d9a0dd82ac,2,1,PCOS/infected/Image_Rotate_Rotate_Right_005.jpg;PCOS/infected/Image_Rotate_Rotate_Right_006.jpg
Figshare,c92c27f0ccb15611f4abaea8850fd8ba,6,1,PCOS/infected/Image_445.jpg;PCOS/infected/Image_446.jpg;PCOS/infected/Image_SETA_445.jpg;PCOS/infected/Image_SETA_446.jpg;PCOS/infected/Image_SETB_445.jpg;PCOS/infected/Image_SETB_446.jpg
Figshare,c93efd81051b9b92f190758d6557008e,2,1,PCOS/infected/image10823.jpg;PCOS/infected/image11020.jpg
Figshare,c94664aec5fc7b070cf6c96a0a8d86ff,2,1,PCOS/infected/image10877.jpg;PCOS/infected/image11074.jpg
Figshare,c9db9892bb1a9531da7d567558a0af38,2,1,PCOS/infected/image10728.jpg;PCOS/infected/image12578.jpg
Figshare,c9ef105c87d04456c6ae3ab3f88f4889,4,1,PCOS/infected/Image_Rotate_089.jpg;PCOS/infected/Image_Rotate_090.jpg;PCOS/infected/Image_Rotate_289.jpg;PCOS/infected/Image_Rotate_290.jpg
Figshare,ca2ea22a6864a201c5212be1758418fa,6,1,PCOS/infected/Image_729.jpg;PCOS/infected/Image_730.jpg;PCOS/infected/Image_SETA_729.jpg;PCOS/infected/Image_SETA_730.jpg;PCOS/infected/Image_SETB_729.jpg;PCOS/infected/Image_SETB_730.jpg
Figshare,ca42484aec0806b9f00a0c79a4f90994,6,1,PCOS/infected/Image_525.jpg;PCOS/infected/Image_526.jpg;PCOS/infected/Image_SETA_525.jpg;PCOS/infected/Image_SETA_526.jpg;PCOS/infected/Image_SETB_525.jpg;PCOS/infected/Image_SETB_526.jpg
Figshare,ca42fb462ffad20217b54e383f1a14e7,8,0,PCOS/noninfected/Image_509.jpg;PCOS/noninfected/Image_510.jpg;PCOS/noninfected/Image_SetA509.jpg;PCOS/noninfected/Image_SetA510.jpg;PCOS/noninfected/Image_SetB509.jpg;PCOS/noninfected/Image_SetB510.jpg;PCOS/noninfected/Image_resize_671  (1057).jpg;PCOS/noninfected/Image_resize_671  (1058).jpg
Figshare,ca64d3d35b95f724745c641f091293c1,6,1,PCOS/infected/Image_823.jpg;PCOS/infected/Image_824.jpg;PCOS/infected/Image_SETA_823.jpg;PCOS/infected/Image_SETA_824.jpg;PCOS/infected/Image_SETB_823.jpg;PCOS/infected/Image_SETB_824.jpg
Figshare,cab83ab641ec6d9dc2cf596f5f0d7bb6,2,1,PCOS/infected/Image_Rotate_Rotate_Right_077.jpg;PCOS/infected/Image_Rotate_Rotate_Right_078.jpg
Figshare,cae0fd4e9b53c93d0e2e36e5024d4a8e,6,0,PCOS/noninfected/Image_289.jpg;PCOS/noninfected/Image_290.jpg;PCOS/noninfected/Image_SetA289.jpg;PCOS/noninfected/Image_SetA290.jpg;PCOS/noninfected/Image_SetB289.jpg;PCOS/noninfected/Image_SetB290.jpg
Figshare,caee812c0aef45375e0ee3d599ff802e,6,1,PCOS/infected/Image_111.jpg;PCOS/infected/Image_112.jpg;PCOS/infected/Image_SETA_111.jpg;PCOS/infected/Image_SETA_112.jpg;PCOS/infected/Image_SETB_111.jpg;PCOS/infected/Image_SETB_112.jpg
Figshare,cb4b190098ca6fe41e90a20370e949f0,8,0,PCOS/noninfected/Image_893.jpg;PCOS/noninfected/Image_894.jpg;PCOS/noninfected/Image_SetA893.jpg;PCOS/noninfected/Image_SetA894.jpg;PCOS/noninfected/Image_SetB893.jpg;PCOS/noninfected/Image_SetB894.jpg;PCOS/noninfected/Image_resize_671  (657).jpg;PCOS/noninfected/Image_resize_671  (658).jpg
Figshare,cbc2fb04cbd9b37714b3c019ead2a022,2,1,PCOS/infected/Image_Rotate_Rotate_Right_213.jpg;PCOS/infected/Image_Rotate_Rotate_Right_214.jpg
Figshare,cbd23c293ae94a0293a7afac4e798577,4,0,PCOS/noninfected/Image_resize_242.jpg;PCOS/noninfected/Image_resize_243.jpg;PCOS/noninfected/Image_resize_246.jpg;PCOS/noninfected/Image_resize_247.jpg
Figshare,cc31e2226dafbb0eb5ca733e44b58405,8,0,PCOS/noninfected/Image_815.jpg;PCOS/noninfected/Image_816.jpg;PCOS/noninfected/Image_SetA815.jpg;PCOS/noninfected/Image_SetA816.jpg;PCOS/noninfected/Image_SetB815.jpg;PCOS/noninfected/Image_SetB816.jpg;PCOS/noninfected/Image_resize_671  (745).jpg;PCOS/noninfected/Image_resize_671  (746).jpg
Figshare,cc8908f462ef3fa54fa917f5738d67e3,2,1,PCOS/infected/Image_Rotate_Rotate_Right_373.jpg;PCOS/infected/Image_Rotate_Rotate_Right_374.jpg
Figshare,cc95eea81a7e47b47bb498ef1216ebbb,6,1,PCOS/infected/Image_239.jpg;PCOS/infected/Image_240.jpg;PCOS/infected/Image_SETA_239.jpg;PCOS/infected/Image_SETA_240.jpg;PCOS/infected/Image_SETB_239.jpg;PCOS/infected/Image_SETB_240.jpg
Figshare,ccbc2fb9939c5e3ddf52a106fccff772,4,0,PCOS/noninfected/Image_resize_108.jpg;PCOS/noninfected/Image_resize_112.jpg;PCOS/noninfected/Image_resize_671  (450).jpg;PCOS/noninfected/Image_resize_671  (454).jpg
Figshare,ccd626f4488fe97f2a354f209a136556,6,1,PCOS/infected/Image_715.jpg;PCOS/infected/Image_716.jpg;PCOS/infected/Image_SETA_715.jpg;PCOS/infected/Image_SETA_716.jpg;PCOS/infected/Image_SETB_715.jpg;PCOS/infected/Image_SETB_716.jpg
Figshare,cd13010ea41641d3f0e7a4cf3526317b,4,0,PCOS/noninfected/Image_resize_585.jpg;PCOS/noninfected/Image_resize_589.jpg;PCOS/noninfected/Image_resize_671  (68).jpg;PCOS/noninfected/Image_resize_671  (87).jpg
Figshare,cd32d441ab0971d6bfc2a836af95752c,5,0,PCOS/noninfected/Image_resize_666.jpg;PCOS/noninfected/Image_resize_667.jpg;PCOS/noninfected/Image_resize_670.jpg;PCOS/noninfected/Image_resize_671  (1).jpg;PCOS/noninfected/Image_resize_671.jpg
Figshare,cd5e07f282880f6531ba8d1695883966,3,0,PCOS/noninfected/Image_resize_668.jpg;PCOS/noninfected/Image_resize_671  (2).jpg;PCOS/noninfected/Image_resize_672.jpg
Figshare,cd7c70af6ac116b340855458eedf0747,6,1,PCOS/infected/Image_279.jpg;PCOS/infected/Image_280.jpg;PCOS/infected/Image_SETA_279.jpg;PCOS/infected/Image_SETA_280.jpg;PCOS/infected/Image_SETB_279.jpg;PCOS/infected/Image_SETB_280.jpg
Figshare,cd8ffbfc2f244082ed8053d0cfd80382,8,0,PCOS/noninfected/Image_631.jpg;PCOS/noninfected/Image_632.jpg;PCOS/noninfected/Image_SetA631.jpg;PCOS/noninfected/Image_SetA632.jpg;PCOS/noninfected/Image_SetB631.jpg;PCOS/noninfected/Image_SetB632.jpg;PCOS/noninfected/Image_resize_671  (939).jpg;PCOS/noninfected/Image_resize_671  (940).jpg
Figshare,ce3f1de75a0aafcd3aea7eb4b47c0eaa,8,0,PCOS/noninfected/Image_989.jpg;PCOS/noninfected/Image_990.jpg;PCOS/noninfected/Image_SetA989.jpg;PCOS/noninfected/Image_SetA990.jpg;PCOS/noninfected/Image_SetB989.jpg;PCOS/noninfected/Image_SetB990.jpg;PCOS/noninfected/Image_resize_671  (565).jpg;PCOS/noninfected/Image_resize_671  (566).jpg
Figshare,ce53554c01ba0aa6fb5efc398c96b001,4,1,PCOS/infected/Image_Rotate_075.jpg;PCOS/infected/Image_Rotate_076.jpg;PCOS/infected/Image_Rotate_275.jpg;PCOS/infected/Image_Rotate_276.jpg
Figshare,ce611a61bdfc5da66a86834c5f98747a,6,0,PCOS/noninfected/Image_161.jpg;PCOS/noninfected/Image_162.jpg;PCOS/noninfected/Image_SetA161.jpg;PCOS/noninfected/Image_SetA162.jpg;PCOS/noninfected/Image_SetB161.jpg;PCOS/noninfected/Image_SetB162.jpg
Figshare,cec3970dfae6cd109db978956062ee4b,6,1,PCOS/infected/Image_643.jpg;PCOS/infected/Image_644.jpg;PCOS/infected/Image_SETA_643.jpg;PCOS/infected/Image_SETA_644.jpg;PCOS/infected/Image_SETB_643.jpg;PCOS/infected/Image_SETB_644.jpg
Figshare,cefe7335bfcd3035f2ad2ceb81e059df,6,1,PCOS/infected/Image_853.jpg;PCOS/infected/Image_854.jpg;PCOS/infected/Image_SETA_853.jpg;PCOS/infected/Image_SETA_854.jpg;PCOS/infected/Image_SETB_853.jpg;PCOS/infected/Image_SETB_854.jpg
Figshare,cf1efadcee04139b3242050df9867f16,8,0,PCOS/noninfected/Image_579.jpg;PCOS/noninfected/Image_580.jpg;PCOS/noninfected/Image_SetA579.jpg;PCOS/noninfected/Image_SetA580.jpg;PCOS/noninfected/Image_SetB579.jpg;PCOS/noninfected/Image_SetB580.jpg;PCOS/noninfected/Image_resize_671  (984).jpg;PCOS/noninfected/Image_resize_671  (985).jpg
Figshare,cfa758930dcdfed4481f511820b1ee00,6,1,PCOS/infected/Image_597.jpg;PCOS/infected/Image_598.jpg;PCOS/infected/Image_SETA_597.jpg;PCOS/infected/Image_SETA_598.jpg;PCOS/infected/Image_SETB_597.jpg;PCOS/infected/Image_SETB_598.jpg
Figshare,cfe5809f8db5afd4075d67bd4753541f,4,0,PCOS/noninfected/Image_resize_025.jpg;PCOS/noninfected/Image_resize_029.jpg;PCOS/noninfected/Image_resize_671  (532).jpg;PCOS/noninfected/Image_resize_671  (536).jpg
Figshare,cff8edebc049679daabe99bb7af1caaf,4,0,PCOS/noninfected/Image_resize_140.jpg;PCOS/noninfected/Image_resize_144.jpg;PCOS/noninfected/Image_resize_671  (413).jpg;PCOS/noninfected/Image_resize_671  (417).jpg
Figshare,d01899d3b3e9508079cd5e446a060637,2,1,PCOS/infected/image10833.jpg;PCOS/infected/image11030.jpg
Figshare,d01aad5f978a68b6bb1175702d7443a8,8,0,PCOS/noninfected/Image_resize_346.jpg;PCOS/noninfected/Image_resize_347.jpg;PCOS/noninfected/Image_resize_350.jpg;PCOS/noninfected/Image_resize_351.jpg;PCOS/noninfected/Image_resize_671  (319).jpg;PCOS/noninfected/Image_resize_671  (320).jpg;PCOS/noninfected/Image_resize_671  (323).jpg;PCOS/noninfected/Image_resize_671  (324).jpg
Figshare,d03f0d50ca060fcd287e508c36ceaf35,2,0,PCOS/noninfected/Image_resize_249.jpg;PCOS/noninfected/Image_resize_253.jpg
Figshare,d07fbc173ed63cc1bb20f125f46903f0,2,1,PCOS/infected/Image_Rotate_Rotate_Right_203.jpg;PCOS/infected/Image_Rotate_Rotate_Right_204.jpg
Figshare,d0c4545aea4245e9ea1566646d516f0a,2,1,PCOS/infected/Image_Rotate_Rotate_Right_399.jpg;PCOS/infected/Image_Rotate_Rotate_Right_400.jpg
Figshare,d0cf28987d3ce8e578e7f7efe802071e,6,0,PCOS/noninfected/Image_333.jpg;PCOS/noninfected/Image_334.jpg;PCOS/noninfected/Image_SetA333.jpg;PCOS/noninfected/Image_SetA334.jpg;PCOS/noninfected/Image_SetB333.jpg;PCOS/noninfected/Image_SetB334.jpg
Figshare,d0efa0055c2317a5bb5f509871229806,8,0,PCOS/noninfected/Image_575.jpg;PCOS/noninfected/Image_576.jpg;PCOS/noninfected/Image_SetA575.jpg;PCOS/noninfected/Image_SetA576.jpg;PCOS/noninfected/Image_SetB575.jpg;PCOS/noninfected/Image_SetB576.jpg;PCOS/noninfected/Image_resize_671  (980).jpg;PCOS/noninfected/Image_resize_671  (981).jpg
Figshare,d13d28705561bbde7d45d6c303d5d71b,6,1,PCOS/infected/Image_085.jpg;PCOS/infected/Image_086.jpg;PCOS/infected/Image_SETA_085.jpg;PCOS/infected/Image_SETA_086.jpg;PCOS/infected/Image_SETB_085.jpg;PCOS/infected/Image_SETB_086.jpg
Figshare,d16764efe1a80ce9e8610306566e63ad,8,0,PCOS/noninfected/Image_879.jpg;PCOS/noninfected/Image_880.jpg;PCOS/noninfected/Image_SetA879.jpg;PCOS/noninfected/Image_SetA880.jpg;PCOS/noninfected/Image_SetB879.jpg;PCOS/noninfected/Image_SetB880.jpg;PCOS/noninfected/Image_resize_671  (691).jpg;PCOS/noninfected/Image_resize_671  (692).jpg
Figshare,d1770687ad264f7258e9a3ec6ee9d159,6,1,PCOS/infected/Image_215.jpg;PCOS/infected/Image_216.jpg;PCOS/infected/Image_SETA_215.jpg;PCOS/infected/Image_SETA_216.jpg;PCOS/infected/Image_SETB_215.jpg;PCOS/infected/Image_SETB_216.jpg
Figshare,d18556e16ab925b01bfd9767158bd175,6,1,PCOS/infected/Image_723.jpg;PCOS/infected/Image_724.jpg;PCOS/infected/Image_SETA_723.jpg;PCOS/infected/Image_SETA_724.jpg;PCOS/infected/Image_SETB_723.jpg;PCOS/infected/Image_SETB_724.jpg
Figshare,d18d2e503f35f8dadd35abdced27e5cb,6,0,PCOS/noninfected/Image_007.jpg;PCOS/noninfected/Image_008.jpg;PCOS/noninfected/Image_SetA007.jpg;PCOS/noninfected/Image_SetA008.jpg;PCOS/noninfected/Image_SetB007.jpg;PCOS/noninfected/Image_SetB008.jpg
Figshare,d1c20616c8f40479b580944e01fbe0e0,2,1,PCOS/infected/image10861.jpg;PCOS/infected/image11058.jpg
Figshare,d1da93dc48ef5c3ae2404fd443ffe368,2,1,PCOS/infected/image10836.jpg;PCOS/infected/image11033.jpg
Figshare,d1e8aaf22f405fac97d98bafea32ad20,6,1,PCOS/infected/Image_545.jpg;PCOS/infected/Image_546.jpg;PCOS/infected/Image_SETA_545.jpg;PCOS/infected/Image_SETA_546.jpg;PCOS/infected/Image_SETB_545.jpg;PCOS/infected/Image_SETB_546.jpg
Figshare,d1f00048429121aa320392bf3de33420,6,0,PCOS/noninfected/Image_191.jpg;PCOS/noninfected/Image_192.jpg;PCOS/noninfected/Image_SetA191.jpg;PCOS/noninfected/Image_SetA192.jpg;PCOS/noninfected/Image_SetB191.jpg;PCOS/noninfected/Image_SetB192.jpg
Figshare,d204e9339bf699fdf22cf29aa8bfa24d,4,0,PCOS/noninfected/Image_resize_428.jpg;PCOS/noninfected/Image_resize_432.jpg;PCOS/noninfected/Image_resize_671  (222).jpg;PCOS/noninfected/Image_resize_671  (243).jpg
Figshare,d2297f47868000ec41d37bfba0513f6f,8,0,PCOS/noninfected/Image_905.jpg;PCOS/noninfected/Image_906.jpg;PCOS/noninfected/Image_SetA905.jpg;PCOS/noninfected/Image_SetA906.jpg;PCOS/noninfected/Image_SetB905.jpg;PCOS/noninfected/Image_SetB906.jpg;PCOS/noninfected/Image_resize_671  (645).jpg;PCOS/noninfected/Image_resize_671  (646).jpg
Figshare,d22fe322c839a413b36c2fa1b5c19294,6,1,PCOS/infected/Image_539.jpg;PCOS/infected/Image_540.jpg;PCOS/infected/Image_SETA_539.jpg;PCOS/infected/Image_SETA_540.jpg;PCOS/infected/Image_SETB_539.jpg;PCOS/infected/Image_SETB_540.jpg
Figshare,d26ad8712b905930e0d74906037bf812,6,0,PCOS/noninfected/Image_015.jpg;PCOS/noninfected/Image_016.jpg;PCOS/noninfected/Image_SetA015.jpg;PCOS/noninfected/Image_SetA016.jpg;PCOS/noninfected/Image_SetB015.jpg;PCOS/noninfected/Image_SetB016.jpg
Figshare,d2b3b6b259abfc8b6df823c7c571f5be,2,1,PCOS/infected/Image_Rotate_Rotate_Right_245.jpg;PCOS/infected/Image_Rotate_Rotate_Right_246.jpg
Figshare,d2d03245995a7ad6a9427e286f676dd9,6,1,PCOS/infected/Image_615.jpg;PCOS/infected/Image_616.jpg;PCOS/infected/Image_SETA_615.jpg;PCOS/infected/Image_SETA_616.jpg;PCOS/infected/Image_SETB_615.jpg;PCOS/infected/Image_SETB_616.jpg
Figshare,d36d8e9efe95a23492f0e3782211a537,2,1,PCOS/infected/Image_Rotate_Rotate_Right_043.jpg;PCOS/infected/Image_Rotate_Rotate_Right_044.jpg
Figshare,d36fdfed8262413ee1958a7b866e579a,6,0,PCOS/noninfected/Image_323.jpg;PCOS/noninfected/Image_324.jpg;PCOS/noninfected/Image_SetA323.jpg;PCOS/noninfected/Image_SetA324.jpg;PCOS/noninfected/Image_SetB323.jpg;PCOS/noninfected/Image_SetB324.jpg
Figshare,d3c406193c0df95b31ff13990c46b887,4,0,PCOS/noninfected/Image_resize_361.jpg;PCOS/noninfected/Image_resize_365.jpg;PCOS/noninfected/Image_resize_671  (302).jpg;PCOS/noninfected/Image_resize_671  (306).jpg
Figshare,d3cf4a77daba3dbfc1efe3f4a735ee65,4,0,PCOS/noninfected/Image_resize_588.jpg;PCOS/noninfected/Image_resize_592.jpg;PCOS/noninfected/Image_resize_671  (67).jpg;PCOS/noninfected/Image_resize_671  (71).jpg
Figshare,d3d697ad1c191ae0b51142daaa3a7d1c,4,0,PCOS/noninfected/Image_resize_452.jpg;PCOS/noninfected/Image_resize_456.jpg;PCOS/noninfected/Image_resize_671  (199).jpg;PCOS/noninfected/Image_resize_671  (218).jpg
Figshare,d3f739af5de2993126bb8fadfc3c4af8,6,1,PCOS/infected/Image_301.jpg;PCOS/infected/Image_302.jpg;PCOS/infected/Image_SETA_301.jpg;PCOS/infected/Image_SETA_302.jpg;PCOS/infected/Image_SETB_301.jpg;PCOS/infected/Image_SETB_302.jpg
Figshare,d3f7933d93e22c01e0a85b76d4d2d45b,6,1,PCOS/infected/Image_795.jpg;PCOS/infected/Image_796.jpg;PCOS/infected/Image_SETA_795.jpg;PCOS/infected/Image_SETA_796.jpg;PCOS/infected/Image_SETB_795.jpg;PCOS/infected/Image_SETB_796.jpg
Figshare,d402a449e670b00215646a240ec7bffc,8,0,PCOS/noninfected/Image_811.jpg;PCOS/noninfected/Image_812.jpg;PCOS/noninfected/Image_SetA811.jpg;PCOS/noninfected/Image_SetA812.jpg;PCOS/noninfected/Image_SetB811.jpg;PCOS/noninfected/Image_SetB812.jpg;PCOS/noninfected/Image_resize_671  (741).jpg;PCOS/noninfected/Image_resize_671  (742).jpg
Figshare,d428d9e7181f86e577bae0abdb2dfcb6,6,1,PCOS/infected/Image_923.jpg;PCOS/infected/Image_924.jpg;PCOS/infected/Image_SETA_923.jpg;PCOS/infected/Image_SETA_924.jpg;PCOS/infected/Image_SETB_923.jpg;PCOS/infected/Image_SETB_924.jpg
Figshare,d49206a559f4b7d5499749a1541a3dbc,4,1,PCOS/infected/Image_Rotate_007.jpg;PCOS/infected/Image_Rotate_008.jpg;PCOS/infected/Image_Rotate_207.jpg;PCOS/infected/Image_Rotate_208.jpg
Figshare,d49a57fbbc8b11320f08e7c36133309d,6,1,PCOS/infected/Image_425.jpg;PCOS/infected/Image_426.jpg;PCOS/infected/Image_SETA_425.jpg;PCOS/infected/Image_SETA_426.jpg;PCOS/infected/Image_SETB_425.jpg;PCOS/infected/Image_SETB_426.jpg
Figshare,d4a026b013d12073d52cef29937e6b6f,6,1,PCOS/infected/Image_471.jpg;PCOS/infected/Image_472.jpg;PCOS/infected/Image_SETA_471.jpg;PCOS/infected/Image_SETA_472.jpg;PCOS/infected/Image_SETB_471.jpg;PCOS/infected/Image_SETB_472.jpg
Figshare,d4a45fc96f4fdb4b30f05bf7eb9892ef,8,0,PCOS/noninfected/Image_487.jpg;PCOS/noninfected/Image_488.jpg;PCOS/noninfected/Image_SetA487.jpg;PCOS/noninfected/Image_SetA488.jpg;PCOS/noninfected/Image_SetB487.jpg;PCOS/noninfected/Image_SetB488.jpg;PCOS/noninfected/Image_resize_671  (1071).jpg;PCOS/noninfected/Image_resize_671  (1072).jpg
Figshare,d5199373c511bcf75be0a90863901827,8,0,PCOS/noninfected/Image_949.jpg;PCOS/noninfected/Image_950.jpg;PCOS/noninfected/Image_SetA949.jpg;PCOS/noninfected/Image_SetA950.jpg;PCOS/noninfected/Image_SetB949.jpg;PCOS/noninfected/Image_SetB950.jpg;PCOS/noninfected/Image_resize_671  (620).jpg;PCOS/noninfected/Image_resize_671  (621).jpg
Figshare,d520562300f3f40139bacca9fa85cc9b,6,1,PCOS/infected/Image_411.jpg;PCOS/infected/Image_412.jpg;PCOS/infected/Image_SETA_411.jpg;PCOS/infected/Image_SETA_412.jpg;PCOS/infected/Image_SETB_411.jpg;PCOS/infected/Image_SETB_412.jpg
Figshare,d5292b25c1ec3944548ab652f371c158,6,1,PCOS/infected/Image_521.jpg;PCOS/infected/Image_522.jpg;PCOS/infected/Image_SETA_521.jpg;PCOS/infected/Image_SETA_522.jpg;PCOS/infected/Image_SETB_521.jpg;PCOS/infected/Image_SETB_522.jpg
Figshare,d534f8f2ebe5ffbeaa3a68912d3ff018,2,1,PCOS/infected/image10852.jpg;PCOS/infected/image11049.jpg
Figshare,d5868a754015d8c6e283ab4faec68581,8,0,PCOS/noninfected/Image_523.jpg;PCOS/noninfected/Image_524.jpg;PCOS/noninfected/Image_SetA523.jpg;PCOS/noninfected/Image_SetA524.jpg;PCOS/noninfected/Image_SetB523.jpg;PCOS/noninfected/Image_SetB524.jpg;PCOS/noninfected/Image_resize_671  (1026).jpg;PCOS/noninfected/Image_resize_671  (1048).jpg
Figshare,d59b64296e28fe8ccbc33722d3ac9d2e,4,0,PCOS/noninfected/Image_resize_068.jpg;PCOS/noninfected/Image_resize_072.jpg;PCOS/noninfected/Image_resize_671  (484).jpg;PCOS/noninfected/Image_resize_671  (504).jpg
Figshare,d5a35df1d647002341ea56b099defb13,2,0,PCOS/noninfected/Image_resize_265.jpg;PCOS/noninfected/Image_resize_269.jpg
Figshare,d5a6b21236bb402f546d9911f500775f,6,1,PCOS/infected/Image_041.jpg;PCOS/infected/Image_042.jpg;PCOS/infected/Image_SETA_041.jpg;PCOS/infected/Image_SETA_042.jpg;PCOS/infected/Image_SETB_041.jpg;PCOS/infected/Image_SETB_042.jpg
Figshare,d5d123280bdf3893c0902894412b707f,4,1,PCOS/infected/Image_Rotate_161.jpg;PCOS/infected/Image_Rotate_162.jpg;PCOS/infected/Image_Rotate_361.jpg;PCOS/infected/Image_Rotate_362.jpg
Figshare,d601092eaa2a61c155c1710005ec380f,2,1,PCOS/infected/image10920.jpg;PCOS/infected/image11121.jpg
Figshare,d63b8cf68045e55bc89f2a21909ed3b2,6,1,PCOS/infected/Image_691.jpg;PCOS/infected/Image_692.jpg;PCOS/infected/Image_SETA_691.jpg;PCOS/infected/Image_SETA_692.jpg;PCOS/infected/Image_SETB_691.jpg;PCOS/infected/Image_SETB_692.jpg
Figshare,d65313e7cec3b8116a0faa8a979df0b4,8,0,PCOS/noninfected/Image_813.jpg;PCOS/noninfected/Image_814.jpg;PCOS/noninfected/Image_SetA813.jpg;PCOS/noninfected/Image_SetA814.jpg;PCOS/noninfected/Image_SetB813.jpg;PCOS/noninfected/Image_SetB814.jpg;PCOS/noninfected/Image_resize_671  (743).jpg;PCOS/noninfected/Image_resize_671  (744).jpg
Figshare,d678df215d4d2fd6f0ecdc8778daa91a,4,1,PCOS/infected/Image_Rotate_111.jpg;PCOS/infected/Image_Rotate_112.jpg;PCOS/infected/Image_Rotate_311.jpg;PCOS/infected/Image_Rotate_312.jpg
Figshare,d688e669acb91b3f797cefacbf1c0397,2,1,PCOS/infected/Image_Rotate_Rotate_Right_065.jpg;PCOS/infected/Image_Rotate_Rotate_Right_066.jpg
Figshare,d6aabe8d645df6ad82e037c233fb66db,6,1,PCOS/infected/Image_175.jpg;PCOS/infected/Image_176.jpg;PCOS/infected/Image_SETA_175.jpg;PCOS/infected/Image_SETA_176.jpg;PCOS/infected/Image_SETB_175.jpg;PCOS/infected/Image_SETB_176.jpg
Figshare,d74709d8035c6195dd521c0a2fa62261,8,0,PCOS/noninfected/Image_803.jpg;PCOS/noninfected/Image_804.jpg;PCOS/noninfected/Image_SetA803.jpg;PCOS/noninfected/Image_SetA804.jpg;PCOS/noninfected/Image_SetB803.jpg;PCOS/noninfected/Image_SetB804.jpg;PCOS/noninfected/Image_resize_671  (758).jpg;PCOS/noninfected/Image_resize_671  (759).jpg
Figshare,d75417875b709b1b98f21216b9ea41f2,2,1,PCOS/infected/Image_Rotate_Rotate_Right_115.jpg;PCOS/infected/Image_Rotate_Rotate_Right_116.jpg
Figshare,d768001e5d0718d93aa524078e23cc9e,8,0,PCOS/noninfected/Image_resize_026.jpg;PCOS/noninfected/Image_resize_027.jpg;PCOS/noninfected/Image_resize_030.jpg;PCOS/noninfected/Image_resize_031.jpg;PCOS/noninfected/Image_resize_671  (533).jpg;PCOS/noninfected/Image_resize_671  (534).jpg;PCOS/noninfected/Image_resize_671  (537).jpg;PCOS/noninfected/Image_resize_671  (538).jpg
Figshare,d7736b8ebe9caa2d4d3bbe924a04fcdb,2,1,PCOS/infected/image10915.jpg;PCOS/infected/image11116.jpg
Figshare,d78354632f6577afa334808e47e9c7d2,8,0,PCOS/noninfected/Image_resize_162.jpg;PCOS/noninfected/Image_resize_163.jpg;PCOS/noninfected/Image_resize_166.jpg;PCOS/noninfected/Image_resize_167.jpg;PCOS/noninfected/Image_resize_671  (388).jpg;PCOS/noninfected/Image_resize_671  (391).jpg;PCOS/noninfected/Image_resize_671  (392).jpg;PCOS/noninfected/Image_resize_671  (411).jpg
Figshare,d7d193867aa38f2650ce2c653af9790b,8,0,PCOS/noninfected/Image_resize_082.jpg;PCOS/noninfected/Image_resize_083.jpg;PCOS/noninfected/Image_resize_086.jpg;PCOS/noninfected/Image_resize_087.jpg;PCOS/noninfected/Image_resize_671  (471).jpg;PCOS/noninfected/Image_resize_671  (472).jpg;PCOS/noninfected/Image_resize_671  (475).jpg;PCOS/noninfected/Image_resize_671  (476).jpg
Figshare,d7d89540a8c5fe05e753af5351fc6e27,4,1,PCOS/infected/Image_resize_001.jpg;PCOS/infected/Image_resize_002.jpg;PCOS/infected/Image_resize_201.jpg;PCOS/infected/Image_resize_202.jpg
Figshare,d80c2c16df3303b1c47df4144c525226,2,1,PCOS/infected/Image_Rotate_Rotate_Right_147.jpg;PCOS/infected/Image_Rotate_Rotate_Right_148.jpg
Figshare,d838562fc5a9bbabe4c0c5c7b06c4d1a,6,0,PCOS/noninfected/Image_383.jpg;PCOS/noninfected/Image_384.jpg;PCOS/noninfected/Image_SetA383.jpg;PCOS/noninfected/Image_SetA384.jpg;PCOS/noninfected/Image_SetB383.jpg;PCOS/noninfected/Image_SetB384.jpg
Figshare,d84ac945741458b44f5ca0e2ce47f9b4,4,1,PCOS/infected/Image_Rotate_099.jpg;PCOS/infected/Image_Rotate_100.jpg;PCOS/infected/Image_Rotate_299.jpg;PCOS/infected/Image_Rotate_300.jpg
Figshare,d8523f2ef72d72f0495843afdb98eb92,8,0,PCOS/noninfected/Image_903.jpg;PCOS/noninfected/Image_904.jpg;PCOS/noninfected/Image_SetA903.jpg;PCOS/noninfected/Image_SetA904.jpg;PCOS/noninfected/Image_SetB903.jpg;PCOS/noninfected/Image_SetB904.jpg;PCOS/noninfected/Image_resize_671  (667).jpg;PCOS/noninfected/Image_resize_671  (668).jpg
Figshare,d86b50cb2ce324b188e2850501568e4a,6,1,PCOS/infected/Image_761.jpg;PCOS/infected/Image_762.jpg;PCOS/infected/Image_SETA_761.jpg;PCOS/infected/Image_SETA_762.jpg;PCOS/infected/Image_SETB_761.jpg;PCOS/infected/Image_SETB_762.jpg
Figshare,d87215d1ceae1e447d5e6231ab4217af,6,1,PCOS/infected/Image_181.jpg;PCOS/infected/Image_182.jpg;PCOS/infected/Image_SETA_181.jpg;PCOS/infected/Image_SETA_182.jpg;PCOS/infected/Image_SETB_181.jpg;PCOS/infected/Image_SETB_182.jpg
Figshare,d88d4e914f279e5b8cbcfc77dd109de5,2,1,PCOS/infected/image10554.jpg;PCOS/infected/image12386.jpg
Figshare,d893b317be16d989ca8683ac4772a4d9,4,1,PCOS/infected/Image_resize_165.jpg;PCOS/infected/Image_resize_166.jpg;PCOS/infected/Image_resize_365.jpg;PCOS/infected/Image_resize_366.jpg
Figshare,d8d592091982dabd4aade6523fcff8aa,8,0,PCOS/noninfected/Image_667.jpg;PCOS/noninfected/Image_668.jpg;PCOS/noninfected/Image_SetA667.jpg;PCOS/noninfected/Image_SetA668.jpg;PCOS/noninfected/Image_SetB667.jpg;PCOS/noninfected/Image_SetB668.jpg;PCOS/noninfected/Image_resize_671  (904).jpg;PCOS/noninfected/Image_resize_671  (905).jpg
Figshare,d8ef812fc2366c86e28fa9216aca3f38,6,1,PCOS/infected/Image_801.jpg;PCOS/infected/Image_802.jpg;PCOS/infected/Image_SETA_801.jpg;PCOS/infected/Image_SETA_802.jpg;PCOS/infected/Image_SETB_801.jpg;PCOS/infected/Image_SETB_802.jpg
Figshare,d90ab028384f8b88bde61f84b3fa9c9c,6,1,PCOS/infected/Image_003.jpg;PCOS/infected/Image_004.jpg;PCOS/infected/Image_SETA_003.jpg;PCOS/infected/Image_SETA_004.jpg;PCOS/infected/Image_SETB_003.jpg;PCOS/infected/Image_SETB_004.jpg
Figshare,d912751fd8f97e7ceb896afba0811049,4,1,PCOS/infected/Image_Rotate_169.jpg;PCOS/infected/Image_Rotate_170.jpg;PCOS/infected/Image_Rotate_369.jpg;PCOS/infected/Image_Rotate_370.jpg
Figshare,d94112af45252141122e379090e8b6d2,4,1,PCOS/infected/Image_resize_027.jpg;PCOS/infected/Image_resize_028.jpg;PCOS/infected/Image_resize_227.jpg;PCOS/infected/Image_resize_228.jpg
Figshare,d973bcb8314273c4f412c602c86f1742,4,1,PCOS/infected/Image_Rotate_057.jpg;PCOS/infected/Image_Rotate_058.jpg;PCOS/infected/Image_Rotate_257.jpg;PCOS/infected/Image_Rotate_258.jpg
Figshare,d9b5cdd1cc66a77fcc01d4c4a4a56d8b,6,1,PCOS/infected/Image_971.jpg;PCOS/infected/Image_972.jpg;PCOS/infected/Image_SETA_971.jpg;PCOS/infected/Image_SETA_972.jpg;PCOS/infected/Image_SETB_971.jpg;PCOS/infected/Image_SETB_972.jpg
Figshare,d9e42a69068ef333cfc6526115ef1c4a,4,0,PCOS/noninfected/Image_resize_433.jpg;PCOS/noninfected/Image_resize_437.jpg;PCOS/noninfected/Image_resize_671  (223).jpg;PCOS/noninfected/Image_resize_671  (227).jpg
Figshare,d9f27de423cbedd2d823476a42aca403,6,0,PCOS/noninfected/Image_091.jpg;PCOS/noninfected/Image_092.jpg;PCOS/noninfected/Image_SetA091.jpg;PCOS/noninfected/Image_SetA092.jpg;PCOS/noninfected/Image_SetB091.jpg;PCOS/noninfected/Image_SetB092.jpg
Figshare,da18fc18ce65cbe2b20e59312cf43435,4,0,PCOS/noninfected/Image_resize_153.jpg;PCOS/noninfected/Image_resize_157.jpg;PCOS/noninfected/Image_resize_671  (402).jpg;PCOS/noninfected/Image_resize_671  (406).jpg
Figshare,da36450053f117682c9f785076eac477,4,1,PCOS/infected/Image_resize_099.jpg;PCOS/infected/Image_resize_100.jpg;PCOS/infected/Image_resize_299.jpg;PCOS/infected/Image_resize_300.jpg
Figshare,da5796d9c7f0ae23db9b36b1efee9547,6,0,PCOS/noninfected/Image_363.jpg;PCOS/noninfected/Image_364.jpg;PCOS/noninfected/Image_SetA363.jpg;PCOS/noninfected/Image_SetA364.jpg;PCOS/noninfected/Image_SetB363.jpg;PCOS/noninfected/Image_SetB364.jpg
Figshare,da681064f5e36dc52cb96e7121558ffb,4,1,PCOS/infected/Image_resize_115.jpg;PCOS/infected/Image_resize_116.jpg;PCOS/infected/Image_resize_315.jpg;PCOS/infected/Image_resize_316.jpg
Figshare,db1d64851764230ae731ca61450c33be,8,0,PCOS/noninfected/Image_resize_522.jpg;PCOS/noninfected/Image_resize_523.jpg;PCOS/noninfected/Image_resize_526.jpg;PCOS/noninfected/Image_resize_527.jpg;PCOS/noninfected/Image_resize_671  (124).jpg;PCOS/noninfected/Image_resize_671  (125).jpg;PCOS/noninfected/Image_resize_671  (145).jpg;PCOS/noninfected/Image_resize_671  (146).jpg
Figshare,db5d1a376dcc741ada14085e7bf9eb6b,2,1,PCOS/infected/Image_Rotate_Rotate_Right_069.jpg;PCOS/infected/Image_Rotate_Rotate_Right_070.jpg
Figshare,db682286e096ca7abfa04fe151681b07,6,0,PCOS/noninfected/Image_071.jpg;PCOS/noninfected/Image_072.jpg;PCOS/noninfected/Image_SetA071.jpg;PCOS/noninfected/Image_SetA072.jpg;PCOS/noninfected/Image_SetB071.jpg;PCOS/noninfected/Image_SetB072.jpg
Figshare,db685cc8917ae7d99d8ac38126ec6926,6,0,PCOS/noninfected/Image_227.jpg;PCOS/noninfected/Image_228.jpg;PCOS/noninfected/Image_SetA227.jpg;PCOS/noninfected/Image_SetA228.jpg;PCOS/noninfected/Image_SetB227.jpg;PCOS/noninfected/Image_SetB228.jpg
Figshare,db690892c1d300ac444658302e538c93,6,0,PCOS/noninfected/Image_159.jpg;PCOS/noninfected/Image_160.jpg;PCOS/noninfected/Image_SetA159.jpg;PCOS/noninfected/Image_SetA160.jpg;PCOS/noninfected/Image_SetB159.jpg;PCOS/noninfected/Image_SetB160.jpg
Figshare,db8058b2ef2c429f2cab7e677a33ccb3,4,0,PCOS/noninfected/Image_resize_388.jpg;PCOS/noninfected/Image_resize_392.jpg;PCOS/noninfected/Image_resize_671  (265).jpg;PCOS/noninfected/Image_resize_671  (269).jpg
Figshare,db8c1096befc67114de0dd6a21d23c7a,6,1,PCOS/infected/Image_341.jpg;PCOS/infected/Image_342.jpg;PCOS/infected/Image_SETA_341.jpg;PCOS/infected/Image_SETA_342.jpg;PCOS/infected/Image_SETB_341.jpg;PCOS/infected/Image_SETB_342.jpg
Figshare,db936db43e1f6cbd98295f39e6bea8e1,6,0,PCOS/noninfected/Image_043.jpg;PCOS/noninfected/Image_044.jpg;PCOS/noninfected/Image_SetA043.jpg;PCOS/noninfected/Image_SetA044.jpg;PCOS/noninfected/Image_SetB043.jpg;PCOS/noninfected/Image_SetB044.jpg
Figshare,dba520ed70037668ee79748a8d5bea12,6,1,PCOS/infected/Image_081.jpg;PCOS/infected/Image_082.jpg;PCOS/infected/Image_SETA_081.jpg;PCOS/infected/Image_SETA_082.jpg;PCOS/infected/Image_SETB_081.jpg;PCOS/infected/Image_SETB_082.jpg
Figshare,dba6acc245ecb9da4ccd84fa3c99ed23,6,1,PCOS/infected/Image_845.jpg;PCOS/infected/Image_846.jpg;PCOS/infected/Image_SETA_845.jpg;PCOS/infected/Image_SETA_846.jpg;PCOS/infected/Image_SETB_845.jpg;PCOS/infected/Image_SETB_846.jpg
Figshare,dbafcfa47284a8d502ceed301838bcb8,6,0,PCOS/noninfected/Image_359.jpg;PCOS/noninfected/Image_360.jpg;PCOS/noninfected/Image_SetA359.jpg;PCOS/noninfected/Image_SetA360.jpg;PCOS/noninfected/Image_SetB359.jpg;PCOS/noninfected/Image_SetB360.jpg
Figshare,dbc96b9ba14e2fcf1b2b9f4c9aa998f1,6,1,PCOS/infected/Image_137.jpg;PCOS/infected/Image_138.jpg;PCOS/infected/Image_SETA_137.jpg;PCOS/infected/Image_SETA_138.jpg;PCOS/infected/Image_SETB_137.jpg;PCOS/infected/Image_SETB_138.jpg
Figshare,dc09d730f5d618e1771b83705f45a329,8,0,PCOS/noninfected/Image_resize_634.jpg;PCOS/noninfected/Image_resize_635.jpg;PCOS/noninfected/Image_resize_638.jpg;PCOS/noninfected/Image_resize_639.jpg;PCOS/noninfected/Image_resize_671  (16).jpg;PCOS/noninfected/Image_resize_671  (19).jpg;PCOS/noninfected/Image_resize_671  (20).jpg;PCOS/noninfected/Image_resize_671  (39).jpg
Figshare,dc0e03c46297153ec197d0b8a145edf1,6,1,PCOS/infected/Image_165.jpg;PCOS/infected/Image_166.jpg;PCOS/infected/Image_SETA_165.jpg;PCOS/infected/Image_SETA_166.jpg;PCOS/infected/Image_SETB_165.jpg;PCOS/infected/Image_SETB_166.jpg
Figshare,dc4f71e1d8c61bc35925558ed62ff105,2,1,PCOS/infected/Image_Rotate_Rotate_Right_087.jpg;PCOS/infected/Image_Rotate_Rotate_Right_088.jpg
Figshare,dc79e04cebc895598cc2e9d36980c83e,6,1,PCOS/infected/Image_423.jpg;PCOS/infected/Image_424.jpg;PCOS/infected/Image_SETA_423.jpg;PCOS/infected/Image_SETA_424.jpg;PCOS/infected/Image_SETB_423.jpg;PCOS/infected/Image_SETB_424.jpg
Figshare,dc8066439ffe774a617d68cde47c4e63,2,1,PCOS/infected/image10875.jpg;PCOS/infected/image11072.jpg
Figshare,dcb41a4cfbd77ebf66400ba2e005c252,8,0,PCOS/noninfected/Image_493.jpg;PCOS/noninfected/Image_494.jpg;PCOS/noninfected/Image_SetA493.jpg;PCOS/noninfected/Image_SetA494.jpg;PCOS/noninfected/Image_SetB493.jpg;PCOS/noninfected/Image_SetB494.jpg;PCOS/noninfected/Image_resize_671  (1077).jpg;PCOS/noninfected/Image_resize_671  (1078).jpg
Figshare,dce418c18a0f9352dfa1930e2884e475,2,1,PCOS/infected/image10906.jpg;PCOS/infected/image11107.jpg
Figshare,dd3d9b90e34ff92446a1e7bc800fa0ba,4,1,PCOS/infected/Image_Rotate_029.jpg;PCOS/infected/Image_Rotate_030.jpg;PCOS/infected/Image_Rotate_229.jpg;PCOS/infected/Image_Rotate_230.jpg
Figshare,dd48e12954f61433201ceb6af8cf5da3,4,1,PCOS/infected/Image_Rotate_095.jpg;PCOS/infected/Image_Rotate_096.jpg;PCOS/infected/Image_Rotate_295.jpg;PCOS/infected/Image_Rotate_296.jpg
Figshare,dd550f27d864158af61b2e73e69a2c4c,8,0,PCOS/noninfected/Image_557.jpg;PCOS/noninfected/Image_558.jpg;PCOS/noninfected/Image_SetA557.jpg;PCOS/noninfected/Image_SetA558.jpg;PCOS/noninfected/Image_SetB557.jpg;PCOS/noninfected/Image_SetB558.jpg;PCOS/noninfected/Image_resize_671  (1011).jpg;PCOS/noninfected/Image_resize_671  (1012).jpg
Figshare,dd5f1418a21eb8710117e3dd9ad91c70,6,1,PCOS/infected/Image_179.jpg;PCOS/infected/Image_180.jpg;PCOS/infected/Image_SETA_179.jpg;PCOS/infected/Image_SETA_180.jpg;PCOS/infected/Image_SETB_179.jpg;PCOS/infected/Image_SETB_180.jpg
Figshare,dd6965636d0e55697ac905f2cdabe276,6,1,PCOS/infected/Image_133.jpg;PCOS/infected/Image_134.jpg;PCOS/infected/Image_SETA_133.jpg;PCOS/infected/Image_SETA_134.jpg;PCOS/infected/Image_SETB_133.jpg;PCOS/infected/Image_SETB_134.jpg
Figshare,dd69ed0110d8560bf84c924e273f0289,4,1,PCOS/infected/Image_resize_061.jpg;PCOS/infected/Image_resize_062.jpg;PCOS/infected/Image_resize_261.jpg;PCOS/infected/Image_resize_262.jpg
Figshare,dd6ce31b61a2982c03c08351536cd1aa,4,1,PCOS/infected/Image_Rotate_123.jpg;PCOS/infected/Image_Rotate_124.jpg;PCOS/infected/Image_Rotate_323.jpg;PCOS/infected/Image_Rotate_324.jpg
Figshare,dd7fe80050a660728a696ddf9ccba2ae,4,0,PCOS/noninfected/Image_resize_156.jpg;PCOS/noninfected/Image_resize_160.jpg;PCOS/noninfected/Image_resize_671  (405).jpg;PCOS/noninfected/Image_resize_671  (409).jpg
Figshare,dd8b03e5c1964dcf54d0039c3d3ebce5,6,1,PCOS/infected/Image_811.jpg;PCOS/infected/Image_812.jpg;PCOS/infected/Image_SETA_811.jpg;PCOS/infected/Image_SETA_812.jpg;PCOS/infected/Image_SETB_811.jpg;PCOS/infected/Image_SETB_812.jpg
Figshare,dd94c9f019608ba11c15551efef59ba4,2,1,PCOS/infected/Image_Rotate_Rotate_Right_059.jpg;PCOS/infected/Image_Rotate_Rotate_Right_060.jpg
Figshare,ddb50f9ed727a2a4ede7826248d70008,4,0,PCOS/noninfected/Image_resize_210.jpg;PCOS/noninfected/Image_resize_211.jpg;PCOS/noninfected/Image_resize_214.jpg;PCOS/noninfected/Image_resize_215.jpg
Figshare,ddbd0b8ef0fe90031778570a848a0b4a,4,1,PCOS/infected/Image_Rotate_017.jpg;PCOS/infected/Image_Rotate_018.jpg;PCOS/infected/Image_Rotate_217.jpg;PCOS/infected/Image_Rotate_218.jpg
Figshare,ddcdf11e0f5571a2db8127c6966b9493,6,1,PCOS/infected/Image_433.jpg;PCOS/infected/Image_434.jpg;PCOS/infected/Image_SETA_433.jpg;PCOS/infected/Image_SETA_434.jpg;PCOS/infected/Image_SETB_433.jpg;PCOS/infected/Image_SETB_434.jpg
Figshare,ddd998b58dbe945535a44a82f7673741,2,1,PCOS/infected/image10887.jpg;PCOS/infected/image11084.jpg
Figshare,de03a6e02a5e4aad14c645af8137569d,6,1,PCOS/infected/Image_587.jpg;PCOS/infected/Image_588.jpg;PCOS/infected/Image_SETA_587.jpg;PCOS/infected/Image_SETA_588.jpg;PCOS/infected/Image_SETB_587.jpg;PCOS/infected/Image_SETB_588.jpg
Figshare,de049a89a3ce6df57b51501ed0721fa7,4,1,PCOS/infected/Image_Rotate_117.jpg;PCOS/infected/Image_Rotate_118.jpg;PCOS/infected/Image_Rotate_317.jpg;PCOS/infected/Image_Rotate_318.jpg
Figshare,de12a3a7ff07b0ec52159ce91ae5c0e7,2,1,PCOS/infected/image10870.jpg;PCOS/infected/image11067.jpg
Figshare,de550502b101c36713f83567c0d3c5d0,2,1,PCOS/infected/image10893.jpg;PCOS/infected/image11094.jpg
Figshare,de8edf3f3c3b2094f896abd6ee4e26cf,6,0,PCOS/noninfected/Image_165.jpg;PCOS/noninfected/Image_166.jpg;PCOS/noninfected/Image_SetA165.jpg;PCOS/noninfected/Image_SetA166.jpg;PCOS/noninfected/Image_SetB165.jpg;PCOS/noninfected/Image_SetB166.jpg
Figshare,de8ff0b86a84757defacc7b32c1bfe27,8,0,PCOS/noninfected/Image_883.jpg;PCOS/noninfected/Image_884.jpg;PCOS/noninfected/Image_SetA883.jpg;PCOS/noninfected/Image_SetA884.jpg;PCOS/noninfected/Image_SetB883.jpg;PCOS/noninfected/Image_SetB884.jpg;PCOS/noninfected/Image_resize_671  (671).jpg;PCOS/noninfected/Image_resize_671  (672).jpg
Figshare,debf07c5a0747de36a2d8d196754b6c6,8,0,PCOS/noninfected/Image_resize_370.jpg;PCOS/noninfected/Image_resize_371.jpg;PCOS/noninfected/Image_resize_374.jpg;PCOS/noninfected/Image_resize_375.jpg;PCOS/noninfected/Image_resize_671  (279).jpg;PCOS/noninfected/Image_resize_671  (280).jpg;PCOS/noninfected/Image_resize_671  (283).jpg;PCOS/noninfected/Image_resize_671  (284).jpg
Figshare,dec452f228f1879244bf01d8cb7ba47b,8,0,PCOS/noninfected/Image_699.jpg;PCOS/noninfected/Image_700.jpg;PCOS/noninfected/Image_SetA699.jpg;PCOS/noninfected/Image_SetA700.jpg;PCOS/noninfected/Image_SetB699.jpg;PCOS/noninfected/Image_SetB700.jpg;PCOS/noninfected/Image_resize_671  (866).jpg;PCOS/noninfected/Image_resize_671  (867).jpg
Figshare,df3530a92b28a46011cfc7fd2dc835b9,6,1,PCOS/infected/Image_023.jpg;PCOS/infected/Image_024.jpg;PCOS/infected/Image_SETA_023.jpg;PCOS/infected/Image_SETA_024.jpg;PCOS/infected/Image_SETB_023.jpg;PCOS/infected/Image_SETB_024.jpg
Figshare,df3a30f99f7082b4f41f1d44a1509ea8,4,1,PCOS/infected/Image_resize_183.jpg;PCOS/infected/Image_resize_184.jpg;PCOS/infected/Image_resize_383.jpg;PCOS/infected/Image_resize_384.jpg
Figshare,df42ba85f8c1793a6e89eef2c6680c60,4,1,PCOS/infected/Image_Rotate_055.jpg;PCOS/infected/Image_Rotate_056.jpg;PCOS/infected/Image_Rotate_255.jpg;PCOS/infected/Image_Rotate_256.jpg
Figshare,df75bedc30a4c69ce5841d06d3b4693d,6,0,PCOS/noninfected/Image_187.jpg;PCOS/noninfected/Image_188.jpg;PCOS/noninfected/Image_SetA187.jpg;PCOS/noninfected/Image_SetA188.jpg;PCOS/noninfected/Image_SetB187.jpg;PCOS/noninfected/Image_SetB188.jpg
Figshare,df9aab624d1a3ed24c38e1591a298f40,4,1,PCOS/infected/Image_resize_071.jpg;PCOS/infected/Image_resize_072.jpg;PCOS/infected/Image_resize_271.jpg;PCOS/infected/Image_resize_272.jpg
Figshare,dfbd86796c4ffcc8dd9b30e5b845fe1c,2,1,PCOS/infected/image10843.jpg;PCOS/infected/image11040.jpg
Figshare,dfc7a3a3e2157045563eec674f5cbef7,8,0,PCOS/noninfected/Image_821.jpg;PCOS/noninfected/Image_822.jpg;PCOS/noninfected/Image_SetA821.jpg;PCOS/noninfected/Image_SetA822.jpg;PCOS/noninfected/Image_SetB821.jpg;PCOS/noninfected/Image_SetB822.jpg;PCOS/noninfected/Image_resize_671  (728).jpg;PCOS/noninfected/Image_resize_671  (751).jpg
Figshare,dff73e2e988aec5ad5a0077a6eb14f0a,6,1,PCOS/infected/Image_453.jpg;PCOS/infected/Image_454.jpg;PCOS/infected/Image_SETA_453.jpg;PCOS/infected/Image_SETA_454.jpg;PCOS/infected/Image_SETB_453.jpg;PCOS/infected/Image_SETB_454.jpg
Figshare,e00928e21d6000b09dd03a7450a56bbe,2,1,PCOS/infected/image10908.jpg;PCOS/infected/image11109.jpg
Figshare,e01805a508e5436e8a5fe336d9f22f86,8,0,PCOS/noninfected/Image_911.jpg;PCOS/noninfected/Image_912.jpg;PCOS/noninfected/Image_SetA911.jpg;PCOS/noninfected/Image_SetA912.jpg;PCOS/noninfected/Image_SetB911.jpg;PCOS/noninfected/Image_SetB912.jpg;PCOS/noninfected/Image_resize_671  (651).jpg;PCOS/noninfected/Image_resize_671  (652).jpg
Figshare,e01d41d8ff82d1b1df5813612768adda,4,0,PCOS/noninfected/Image_resize_300.jpg;PCOS/noninfected/Image_resize_304.jpg;PCOS/noninfected/Image_resize_671  (350).jpg;PCOS/noninfected/Image_resize_671  (360).jpg
Figshare,e01eb739acee09937fdc30308be38104,6,1,PCOS/infected/Image_429.jpg;PCOS/infected/Image_430.jpg;PCOS/infected/Image_SETA_429.jpg;PCOS/infected/Image_SETA_430.jpg;PCOS/infected/Image_SETB_429.jpg;PCOS/infected/Image_SETB_430.jpg
Figshare,e026c5c37f2b153eda36566b156a7c05,6,1,PCOS/infected/Image_905.jpg;PCOS/infected/Image_906.jpg;PCOS/infected/Image_SETA_905.jpg;PCOS/infected/Image_SETA_906.jpg;PCOS/infected/Image_SETB_905.jpg;PCOS/infected/Image_SETB_906.jpg
Figshare,e06a590974710b1e162405b0c8617328,8,0,PCOS/noninfected/Image_467.jpg;PCOS/noninfected/Image_468.jpg;PCOS/noninfected/Image_SetA467.jpg;PCOS/noninfected/Image_SetA468.jpg;PCOS/noninfected/Image_SetB467.jpg;PCOS/noninfected/Image_SetB468.jpg;PCOS/noninfected/Image_resize_671  (1098).jpg;PCOS/noninfected/Image_resize_671  (1099).jpg
Figshare,e078197c33d177e1739249c46dd0680a,4,0,PCOS/noninfected/Image_resize_612.jpg;PCOS/noninfected/Image_resize_616.jpg;PCOS/noninfected/Image_resize_671  (41).jpg;PCOS/noninfected/Image_resize_671  (45).jpg
Figshare,e07f34788a89f6e3acdfb1c199aaf513,4,1,PCOS/infected/Image_Rotate_093.jpg;PCOS/infected/Image_Rotate_094.jpg;PCOS/infected/Image_Rotate_293.jpg;PCOS/infected/Image_Rotate_294.jpg
Figshare,e0a5ebb122c1f5f5c24c30dfe016cf6c,4,1,PCOS/infected/Image_resize_151.jpg;PCOS/infected/Image_resize_152.jpg;PCOS/infected/Image_resize_351.jpg;PCOS/infected/Image_resize_352.jpg
Figshare,e101eedd5ed89e40cb95bc4199cd2143,4,1,PCOS/infected/Image_Rotate_009.jpg;PCOS/infected/Image_Rotate_010.jpg;PCOS/infected/Image_Rotate_209.jpg;PCOS/infected/Image_Rotate_210.jpg
Figshare,e10d6fe2d39d26e4db5f69898f610c00,2,1,PCOS/infected/Image_Rotate_Rotate_Right_167.jpg;PCOS/infected/Image_Rotate_Rotate_Right_168.jpg
Figshare,e16551407f80272285d0d9b12c0f93dd,2,0,PCOS/noninfected/Image_resize_753.jpg;PCOS/noninfected/Image_resize_757.jpg
Figshare,e17e60a46bb5818ff190cf97bce422e7,2,1,PCOS/infected/Image_Rotate_Rotate_Right_189.jpg;PCOS/infected/Image_Rotate_Rotate_Right_190.jpg
Figshare,e1ee4ba5f72f45b8bf4d9c58a3460a4a,4,0,PCOS/noninfected/Image_resize_569.jpg;PCOS/noninfected/Image_resize_573.jpg;PCOS/noninfected/Image_resize_671  (94).jpg;PCOS/noninfected/Image_resize_671  (98).jpg
Figshare,e1f179f1b4b9da5f576f5b0e6b8ab705,6,0,PCOS/noninfected/Image_203.jpg;PCOS/noninfected/Image_204.jpg;PCOS/noninfected/Image_SetA203.jpg;PCOS/noninfected/Image_SetA204.jpg;PCOS/noninfected/Image_SetB203.jpg;PCOS/noninfected/Image_SetB204.jpg
Figshare,e208632e16c9cbb77a2b510ba891a2f4,6,1,PCOS/infected/Image_389.jpg;PCOS/infected/Image_390.jpg;PCOS/infected/Image_SETA_389.jpg;PCOS/infected/Image_SETA_390.jpg;PCOS/infected/Image_SETB_389.jpg;PCOS/infected/Image_SETB_390.jpg
Figshare,e220402fd301826c5ef8a8739e1507c9,4,1,PCOS/infected/Image_Rotate_083.jpg;PCOS/infected/Image_Rotate_084.jpg;PCOS/infected/Image_Rotate_283.jpg;PCOS/infected/Image_Rotate_284.jpg
Figshare,e2450c6d921edf84233ce9415d55b08d,8,0,PCOS/noninfected/Image_resize_530.jpg;PCOS/noninfected/Image_resize_531.jpg;PCOS/noninfected/Image_resize_534.jpg;PCOS/noninfected/Image_resize_535.jpg;PCOS/noninfected/Image_resize_671  (128).jpg;PCOS/noninfected/Image_resize_671  (129).jpg;PCOS/noninfected/Image_resize_671  (132).jpg;PCOS/noninfected/Image_resize_671  (133).jpg
Figshare,e262a1a53bb1f34385979a45be29ff2f,2,1,PCOS/infected/image10835.jpg;PCOS/infected/image11032.jpg
Figshare,e26a68efb1191f423c83f719b7af715a,6,0,PCOS/noninfected/Image_243.jpg;PCOS/noninfected/Image_244.jpg;PCOS/noninfected/Image_SetA243.jpg;PCOS/noninfected/Image_SetA244.jpg;PCOS/noninfected/Image_SetB243.jpg;PCOS/noninfected/Image_SetB244.jpg
Figshare,e2a54ddcb79bbb7964490cfc555ac30a,8,0,PCOS/noninfected/Image_835.jpg;PCOS/noninfected/Image_836.jpg;PCOS/noninfected/Image_SetA835.jpg;PCOS/noninfected/Image_SetA836.jpg;PCOS/noninfected/Image_SetB835.jpg;PCOS/noninfected/Image_SetB836.jpg;PCOS/noninfected/Image_resize_671  (717).jpg;PCOS/noninfected/Image_resize_671  (718).jpg
Figshare,e2d11b65e3d6331297d135163cecb8fd,8,0,PCOS/noninfected/Image_855.jpg;PCOS/noninfected/Image_856.jpg;PCOS/noninfected/Image_SetA855.jpg;PCOS/noninfected/Image_SetA856.jpg;PCOS/noninfected/Image_SetB855.jpg;PCOS/noninfected/Image_SetB856.jpg;PCOS/noninfected/Image_resize_671  (714).jpg;PCOS/noninfected/Image_resize_671  (715).jpg
Figshare,e2d340589f36fa22af67bdfa26c3cad9,6,1,PCOS/infected/Image_831.jpg;PCOS/infected/Image_832.jpg;PCOS/infected/Image_SETA_831.jpg;PCOS/infected/Image_SETA_832.jpg;PCOS/infected/Image_SETB_831.jpg;PCOS/infected/Image_SETB_832.jpg
Figshare,e2dc1ee6a21084ded25591ff6254679c,6,0,PCOS/noninfected/Image_003.jpg;PCOS/noninfected/Image_004.jpg;PCOS/noninfected/Image_SetA003.jpg;PCOS/noninfected/Image_SetA004.jpg;PCOS/noninfected/Image_SetB003.jpg;PCOS/noninfected/Image_SetB004.jpg
Figshare,e2f0e06756b306c900b9c0bc28fea3bb,4,0,PCOS/noninfected/Image_resize_674.jpg;PCOS/noninfected/Image_resize_675.jpg;PCOS/noninfected/Image_resize_678.jpg;PCOS/noninfected/Image_resize_679.jpg
Figshare,e3043fe6e9417b1974f8daf42cec686e,4,1,PCOS/infected/Image_Rotate_039.jpg;PCOS/infected/Image_Rotate_040.jpg;PCOS/infected/Image_Rotate_239.jpg;PCOS/infected/Image_Rotate_240.jpg
Figshare,e3118a11256a7f4d6a98f7c6b610c76d,2,1,PCOS/infected/Image_Rotate_Rotate_Right_207.jpg;PCOS/infected/Image_Rotate_Rotate_Right_208.jpg
Figshare,e336c1b0b92bd37b8c362a40edcd3bb2,6,1,PCOS/infected/Image_731.jpg;PCOS/infected/Image_732.jpg;PCOS/infected/Image_SETA_731.jpg;PCOS/infected/Image_SETA_732.jpg;PCOS/infected/Image_SETB_731.jpg;PCOS/infected/Image_SETB_732.jpg
Figshare,e3384100b95feace3b05f86526fcaafc,2,1,PCOS/infected/image10922.jpg;PCOS/infected/image11123.jpg
Figshare,e33fe4ef03164e8a2844cdda2bdad197,6,0,PCOS/noninfected/Image_427.jpg;PCOS/noninfected/Image_428.jpg;PCOS/noninfected/Image_SetA427.jpg;PCOS/noninfected/Image_SetA428.jpg;PCOS/noninfected/Image_SetB427.jpg;PCOS/noninfected/Image_SetB428.jpg
Figshare,e34e7a742a5a153f6aecd80c76489cec,2,1,PCOS/infected/Image_Rotate_Rotate_Right_211.jpg;PCOS/infected/Image_Rotate_Rotate_Right_212.jpg
Figshare,e37efd20fca8aa926eac7e8a4e8a03f4,6,1,PCOS/infected/Image_949.jpg;PCOS/infected/Image_950.jpg;PCOS/infected/Image_SETA_949.jpg;PCOS/infected/Image_SETA_950.jpg;PCOS/infected/Image_SETB_949.jpg;PCOS/infected/Image_SETB_950.jpg
Figshare,e395cfa5eaa257d979293fb56415e46d,2,1,PCOS/infected/image10896.jpg;PCOS/infected/image11097.jpg
Figshare,e39fd8bdf3e7080cb20ce3047ea6b637,6,0,PCOS/noninfected/Image_195.jpg;PCOS/noninfected/Image_196.jpg;PCOS/noninfected/Image_SetA195.jpg;PCOS/noninfected/Image_SetA196.jpg;PCOS/noninfected/Image_SetB195.jpg;PCOS/noninfected/Image_SetB196.jpg
Figshare,e3c4d963e910df9d507df4214826a6c8,4,0,PCOS/noninfected/Image_resize_316.jpg;PCOS/noninfected/Image_resize_320.jpg;PCOS/noninfected/Image_resize_671  (339).jpg;PCOS/noninfected/Image_resize_671  (343).jpg
Figshare,e3d6a0580266ce8daf12accbb0d4cf62,4,1,PCOS/infected/Image_Rotate_193.jpg;PCOS/infected/Image_Rotate_194.jpg;PCOS/infected/Image_Rotate_393.jpg;PCOS/infected/Image_Rotate_394.jpg
Figshare,e3e329d7b44e15ece193649084896e40,2,0,PCOS/noninfected/Image_resize_769.jpg;PCOS/noninfected/Image_resize_773.jpg
Figshare,e3f049e591aee171844a7016609336e7,2,1,PCOS/infected/image10813.jpg;PCOS/infected/image11010.jpg
Figshare,e428991454f25fba59d56360f57a44e2,6,0,PCOS/noninfected/Image_261.jpg;PCOS/noninfected/Image_262.jpg;PCOS/noninfected/Image_SetA261.jpg;PCOS/noninfected/Image_SetA262.jpg;PCOS/noninfected/Image_SetB261.jpg;PCOS/noninfected/Image_SetB262.jpg
Figshare,e47fe14870107afe39553e539bbeb100,6,1,PCOS/infected/Image_039.jpg;PCOS/infected/Image_040.jpg;PCOS/infected/Image_SETA_039.jpg;PCOS/infected/Image_SETA_040.jpg;PCOS/infected/Image_SETB_039.jpg;PCOS/infected/Image_SETB_040.jpg
Figshare,e4ac58c3e2aa01a5e9e8d91d0302674f,2,1,PCOS/infected/Image_Rotate_Rotate_Right_037.jpg;PCOS/infected/Image_Rotate_Rotate_Right_038.jpg
Figshare,e4b41febf310426305382aecb60f26b7,8,0,PCOS/noninfected/Image_663.jpg;PCOS/noninfected/Image_664.jpg;PCOS/noninfected/Image_SetA663.jpg;PCOS/noninfected/Image_SetA664.jpg;PCOS/noninfected/Image_SetB663.jpg;PCOS/noninfected/Image_SetB664.jpg;PCOS/noninfected/Image_resize_671  (900).jpg;PCOS/noninfected/Image_resize_671  (901).jpg
Figshare,e4c4217cfb58f7d43ff5fbccf6588d18,8,0,PCOS/noninfected/Image_resize_338.jpg;PCOS/noninfected/Image_resize_339.jpg;PCOS/noninfected/Image_resize_342.jpg;PCOS/noninfected/Image_resize_343.jpg;PCOS/noninfected/Image_resize_671  (311).jpg;PCOS/noninfected/Image_resize_671  (312).jpg;PCOS/noninfected/Image_resize_671  (315).jpg;PCOS/noninfected/Image_resize_671  (316).jpg
Figshare,e511ab0b5213cb6553c4989e3a636121,6,1,PCOS/infected/Image_397.jpg;PCOS/infected/Image_398.jpg;PCOS/infected/Image_SETA_397.jpg;PCOS/infected/Image_SETA_398.jpg;PCOS/infected/Image_SETB_397.jpg;PCOS/infected/Image_SETB_398.jpg
Figshare,e51558667db4fd2dbb6433b60fd421ce,6,1,PCOS/infected/Image_257.jpg;PCOS/infected/Image_258.jpg;PCOS/infected/Image_SETA_257.jpg;PCOS/infected/Image_SETA_258.jpg;PCOS/infected/Image_SETB_257.jpg;PCOS/infected/Image_SETB_258.jpg
Figshare,e5403a5bddbfb79a78f9df6b73f96808,4,1,PCOS/infected/Image_Rotate_177.jpg;PCOS/infected/Image_Rotate_178.jpg;PCOS/infected/Image_Rotate_377.jpg;PCOS/infected/Image_Rotate_378.jpg
Figshare,e562cb59cddd6d9f0b2ac07e808a7fa7,2,0,PCOS/noninfected/Image_resize_737.jpg;PCOS/noninfected/Image_resize_741.jpg
Figshare,e5ab1cd5ebfc6c55e5a485de04a22ced,6,1,PCOS/infected/Image_131.jpg;PCOS/infected/Image_132.jpg;PCOS/infected/Image_SETA_131.jpg;PCOS/infected/Image_SETA_132.jpg;PCOS/infected/Image_SETB_131.jpg;PCOS/infected/Image_SETB_132.jpg
Figshare,e5c01527f54faa2c5893fbc46cdd5f84,6,1,PCOS/infected/Image_201.jpg;PCOS/infected/Image_202.jpg;PCOS/infected/Image_SETA_201.jpg;PCOS/infected/Image_SETA_202.jpg;PCOS/infected/Image_SETB_201.jpg;PCOS/infected/Image_SETB_202.jpg
Figshare,e60ffeb1949f4492027fa8c34d0f593a,6,1,PCOS/infected/Image_685.jpg;PCOS/infected/Image_686.jpg;PCOS/infected/Image_SETA_685.jpg;PCOS/infected/Image_SETA_686.jpg;PCOS/infected/Image_SETB_685.jpg;PCOS/infected/Image_SETB_686.jpg
Figshare,e61f8431a7b38491e6bfffea006b7136,6,0,PCOS/noninfected/Image_039.jpg;PCOS/noninfected/Image_040.jpg;PCOS/noninfected/Image_SetA039.jpg;PCOS/noninfected/Image_SetA040.jpg;PCOS/noninfected/Image_SetB039.jpg;PCOS/noninfected/Image_SetB040.jpg
Figshare,e69c36bc2d371f93295a68c5bad2c7a2,6,0,PCOS/noninfected/Image_085.jpg;PCOS/noninfected/Image_086.jpg;PCOS/noninfected/Image_SetA085.jpg;PCOS/noninfected/Image_SetA086.jpg;PCOS/noninfected/Image_SetB085.jpg;PCOS/noninfected/Image_SetB086.jpg
Figshare,e71ec80d2e30490c922b8d5d8ff800b0,8,0,PCOS/noninfected/Image_839.jpg;PCOS/noninfected/Image_840.jpg;PCOS/noninfected/Image_SetA839.jpg;PCOS/noninfected/Image_SetA840.jpg;PCOS/noninfected/Image_SetB839.jpg;PCOS/noninfected/Image_SetB840.jpg;PCOS/noninfected/Image_resize_671  (721).jpg;PCOS/noninfected/Image_resize_671  (722).jpg
Figshare,e7413a997bb087439ecdc33b85870348,6,0,PCOS/noninfected/Image_119.jpg;PCOS/noninfected/Image_120.jpg;PCOS/noninfected/Image_SetA119.jpg;PCOS/noninfected/Image_SetA120.jpg;PCOS/noninfected/Image_SetB119.jpg;PCOS/noninfected/Image_SetB120.jpg
Figshare,e75bf157a1929290dffada556b35b024,6,0,PCOS/noninfected/Image_143.jpg;PCOS/noninfected/Image_144.jpg;PCOS/noninfected/Image_SetA143.jpg;PCOS/noninfected/Image_SetA144.jpg;PCOS/noninfected/Image_SetB143.jpg;PCOS/noninfected/Image_SetB144.jpg
Figshare,e7a75ffb7d393a7bbe4ee25f75497f8e,4,0,PCOS/noninfected/Image_resize_649.jpg;PCOS/noninfected/Image_resize_653.jpg;PCOS/noninfected/Image_resize_671  (5).jpg;PCOS/noninfected/Image_resize_671  (9).jpg
Figshare,e7b379c334e11ca2e2fd5727fb644767,2,1,PCOS/infected/Image_Rotate_Rotate_Right_319.jpg;PCOS/infected/Image_Rotate_Rotate_Right_320.jpg
Figshare,e7dbc189392dc362f7ed5ce804d0099b,8,0,PCOS/noninfected/Image_503.jpg;PCOS/noninfected/Image_504.jpg;PCOS/noninfected/Image_SetA503.jpg;PCOS/noninfected/Image_SetA504.jpg;PCOS/noninfected/Image_SetB503.jpg;PCOS/noninfected/Image_SetB504.jpg;PCOS/noninfected/Image_resize_671  (1051).jpg;PCOS/noninfected/Image_resize_671  (1052).jpg
Figshare,e80c06048670b84b9fb369e28e849064,4,1,PCOS/infected/Image_resize_013.jpg;PCOS/infected/Image_resize_014.jpg;PCOS/infected/Image_resize_213.jpg;PCOS/infected/Image_resize_214.jpg
Figshare,e8412622c0b3147d39557b651c42e644,8,0,PCOS/noninfected/Image_933.jpg;PCOS/noninfected/Image_934.jpg;PCOS/noninfected/Image_SetA933.jpg;PCOS/noninfected/Image_SetA934.jpg;PCOS/noninfected/Image_SetB933.jpg;PCOS/noninfected/Image_SetB934.jpg;PCOS/noninfected/Image_resize_671  (627).jpg;PCOS/noninfected/Image_resize_671  (628).jpg
Figshare,e8624e43b333a16ff36da99ae798554c,2,1,PCOS/infected/Image_Rotate_Rotate_Right_049.jpg;PCOS/infected/Image_Rotate_Rotate_Right_050.jpg
Figshare,e875d84be530c2a7e7c07d7e92ddc4b5,4,1,PCOS/infected/Image_Rotate_151.jpg;PCOS/infected/Image_Rotate_152.jpg;PCOS/infected/Image_Rotate_351.jpg;PCOS/infected/Image_Rotate_352.jpg
Figshare,e89beb7c2241de6c1c04c180eb1bb363,6,1,PCOS/infected/Image_435.jpg;PCOS/infected/Image_436.jpg;PCOS/infected/Image_SETA_435.jpg;PCOS/infected/Image_SETA_436.jpg;PCOS/infected/Image_SETB_435.jpg;PCOS/infected/Image_SETB_436.jpg
Figshare,e8dcdc69f196c27087a5021f67ab92a4,8,0,PCOS/noninfected/Image_807.jpg;PCOS/noninfected/Image_808.jpg;PCOS/noninfected/Image_SetA807.jpg;PCOS/noninfected/Image_SetA808.jpg;PCOS/noninfected/Image_SetB807.jpg;PCOS/noninfected/Image_SetB808.jpg;PCOS/noninfected/Image_resize_671  (762).jpg;PCOS/noninfected/Image_resize_671  (763).jpg
Figshare,e9384fce5c747d8e60456b4743286334,8,0,PCOS/noninfected/Image_925.jpg;PCOS/noninfected/Image_926.jpg;PCOS/noninfected/Image_SetA925.jpg;PCOS/noninfected/Image_SetA926.jpg;PCOS/noninfected/Image_SetB925.jpg;PCOS/noninfected/Image_SetB926.jpg;PCOS/noninfected/Image_resize_671  (642).jpg;PCOS/noninfected/Image_resize_671  (643).jpg
Figshare,e94dc0448e48f8a3f680bcaa5abc2e1f,4,0,PCOS/noninfected/Image_resize_540.jpg;PCOS/noninfected/Image_resize_544.jpg;PCOS/noninfected/Image_resize_671  (113).jpg;PCOS/noninfected/Image_resize_671  (117).jpg
Figshare,e96e816f7600ed1bf8933c3ff1bdd9d3,8,0,PCOS/noninfected/Image_945.jpg;PCOS/noninfected/Image_946.jpg;PCOS/noninfected/Image_SetA945.jpg;PCOS/noninfected/Image_SetA946.jpg;PCOS/noninfected/Image_SetB945.jpg;PCOS/noninfected/Image_SetB946.jpg;PCOS/noninfected/Image_resize_671  (616).jpg;PCOS/noninfected/Image_resize_671  (617).jpg
Figshare,e9b8d47c48649ee236f9c10de4362251,6,0,PCOS/noninfected/Image_021.jpg;PCOS/noninfected/Image_022.jpg;PCOS/noninfected/Image_SetA021.jpg;PCOS/noninfected/Image_SetA022.jpg;PCOS/noninfected/Image_SetB021.jpg;PCOS/noninfected/Image_SetB022.jpg
Figshare,e9ec0edf0e136f84586b12fa0a32b6b7,6,1,PCOS/infected/Image_313.jpg;PCOS/infected/Image_314.jpg;PCOS/infected/Image_SETA_313.jpg;PCOS/infected/Image_SETA_314.jpg;PCOS/infected/Image_SETB_313.jpg;PCOS/infected/Image_SETB_314.jpg
Figshare,e9edf8fc7f27a4caf2296a0501572fe8,4,1,PCOS/infected/Image_Rotate_001.jpg;PCOS/infected/Image_Rotate_002.jpg;PCOS/infected/Image_Rotate_201.jpg;PCOS/infected/Image_Rotate_202.jpg
Figshare,ea353a6fb762445aef5b9913296f0351,8,0,PCOS/noninfected/Image_791.jpg;PCOS/noninfected/Image_792.jpg;PCOS/noninfected/Image_SetA791.jpg;PCOS/noninfected/Image_SetA792.jpg;PCOS/noninfected/Image_SetB791.jpg;PCOS/noninfected/Image_SetB792.jpg;PCOS/noninfected/Image_resize_671  (771).jpg;PCOS/noninfected/Image_resize_671  (772).jpg
Figshare,ea7659a0169e66ef71021f5b65f68f12,6,1,PCOS/infected/Image_047.jpg;PCOS/infected/Image_048.jpg;PCOS/infected/Image_SETA_047.jpg;PCOS/infected/Image_SETA_048.jpg;PCOS/infected/Image_SETB_047.jpg;PCOS/infected/Image_SETB_048.jpg
Figshare,ea7c10435c026db2fe88611f545fd1fc,4,1,PCOS/infected/Image_Rotate_129.jpg;PCOS/infected/Image_Rotate_130.jpg;PCOS/infected/Image_Rotate_329.jpg;PCOS/infected/Image_Rotate_330.jpg
Figshare,ea7e4c5f91b822b376c20f0ccd1c801d,6,1,PCOS/infected/Image_073.jpg;PCOS/infected/Image_074.jpg;PCOS/infected/Image_SETA_073.jpg;PCOS/infected/Image_SETA_074.jpg;PCOS/infected/Image_SETB_073.jpg;PCOS/infected/Image_SETB_074.jpg
Figshare,ea87301db53fb44cf5b5cead35b9ef4e,6,1,PCOS/infected/Image_013.jpg;PCOS/infected/Image_014.jpg;PCOS/infected/Image_SETA_013.jpg;PCOS/infected/Image_SETA_014.jpg;PCOS/infected/Image_SETB_013.jpg;PCOS/infected/Image_SETB_014.jpg
Figshare,ea987d96fac6bd7f14e88bdba216ccfe,8,0,PCOS/noninfected/Image_573.jpg;PCOS/noninfected/Image_574.jpg;PCOS/noninfected/Image_SetA573.jpg;PCOS/noninfected/Image_SetA574.jpg;PCOS/noninfected/Image_SetB573.jpg;PCOS/noninfected/Image_SetB574.jpg;PCOS/noninfected/Image_resize_671  (978).jpg;PCOS/noninfected/Image_resize_671  (979).jpg
Figshare,eaa4acc257c60b990928a57614bc8b2f,6,1,PCOS/infected/Image_857.jpg;PCOS/infected/Image_858.jpg;PCOS/infected/Image_SETA_857.jpg;PCOS/infected/Image_SETA_858.jpg;PCOS/infected/Image_SETB_857.jpg;PCOS/infected/Image_SETB_858.jpg
Figshare,eab17e63a9e34fc7eafa0a060369009b,4,1,PCOS/infected/Image_Rotate_069.jpg;PCOS/infected/Image_Rotate_070.jpg;PCOS/infected/Image_Rotate_269.jpg;PCOS/infected/Image_Rotate_270.jpg
Figshare,ead63af4aef741867a62e1c4f1c0b13a,6,0,PCOS/noninfected/Image_369.jpg;PCOS/noninfected/Image_370.jpg;PCOS/noninfected/Image_SetA369.jpg;PCOS/noninfected/Image_SetA370.jpg;PCOS/noninfected/Image_SetB369.jpg;PCOS/noninfected/Image_SetB370.jpg
Figshare,ead6eda3339d7ec04f9cbcda73e2733c,2,1,PCOS/infected/Image_Rotate_Rotate_Right_165.jpg;PCOS/infected/Image_Rotate_Rotate_Right_166.jpg
Figshare,eb1cd15ba432da16e2d4fa97379323fa,6,1,PCOS/infected/Image_519.jpg;PCOS/infected/Image_520.jpg;PCOS/infected/Image_SETA_519.jpg;PCOS/infected/Image_SETA_520.jpg;PCOS/infected/Image_SETB_519.jpg;PCOS/infected/Image_SETB_520.jpg
Figshare,eb72599b5d242dae12b38b0af012617a,6,1,PCOS/infected/Image_015.jpg;PCOS/infected/Image_016.jpg;PCOS/infected/Image_SETA_015.jpg;PCOS/infected/Image_SETA_016.jpg;PCOS/infected/Image_SETB_015.jpg;PCOS/infected/Image_SETB_016.jpg
Figshare,ebb1bca83a13bb7a89b5da45f7658163,4,0,PCOS/noninfected/Image_resize_580.jpg;PCOS/noninfected/Image_resize_584.jpg;PCOS/noninfected/Image_resize_671  (82).jpg;PCOS/noninfected/Image_resize_671  (86).jpg
Figshare,ebb9bd7dd952d0baf6f0347ff791d6f8,8,0,PCOS/noninfected/Image_983.jpg;PCOS/noninfected/Image_984.jpg;PCOS/noninfected/Image_SetA983.jpg;PCOS/noninfected/Image_SetA984.jpg;PCOS/noninfected/Image_SetB983.jpg;PCOS/noninfected/Image_SetB984.jpg;PCOS/noninfected/Image_resize_671  (583).jpg;PCOS/noninfected/Image_resize_671  (584).jpg
Figshare,ec0f867b0113458604980889352427d7,8,0,PCOS/noninfected/Image_785.jpg;PCOS/noninfected/Image_786.jpg;PCOS/noninfected/Image_SetA785.jpg;PCOS/noninfected/Image_SetA786.jpg;PCOS/noninfected/Image_SetB785.jpg;PCOS/noninfected/Image_SetB786.jpg;PCOS/noninfected/Image_resize_671  (765).jpg;PCOS/noninfected/Image_resize_671  (766).jpg
Figshare,ec20c908baba199c1fd0b973001218cb,6,1,PCOS/infected/Image_693.jpg;PCOS/infected/Image_694.jpg;PCOS/infected/Image_SETA_693.jpg;PCOS/infected/Image_SETA_694.jpg;PCOS/infected/Image_SETB_693.jpg;PCOS/infected/Image_SETB_694.jpg
Figshare,ecebc2199aaf8ab659e48940e6bc9bf0,8,0,PCOS/noninfected/Image_861.jpg;PCOS/noninfected/Image_862.jpg;PCOS/noninfected/Image_SetA861.jpg;PCOS/noninfected/Image_SetA862.jpg;PCOS/noninfected/Image_SetB861.jpg;PCOS/noninfected/Image_SetB862.jpg;PCOS/noninfected/Image_resize_671  (697).jpg;PCOS/noninfected/Image_resize_671  (698).jpg
Figshare,ed039bf0256059b2d8a2dd23ac1d55fb,6,1,PCOS/infected/Image_493.jpg;PCOS/infected/Image_494.jpg;PCOS/infected/Image_SETA_493.jpg;PCOS/infected/Image_SETA_494.jpg;PCOS/infected/Image_SETB_493.jpg;PCOS/infected/Image_SETB_494.jpg
Figshare,ed4b6448e7d62b6c8f4e1c2e54eb6c92,6,1,PCOS/infected/Image_369.jpg;PCOS/infected/Image_370.jpg;PCOS/infected/Image_SETA_369.jpg;PCOS/infected/Image_SETA_370.jpg;PCOS/infected/Image_SETB_369.jpg;PCOS/infected/Image_SETB_370.jpg
Figshare,ed5b0b6032b91481dcbd99203d7e0cfd,6,1,PCOS/infected/Image_225.jpg;PCOS/infected/Image_226.jpg;PCOS/infected/Image_SETA_225.jpg;PCOS/infected/Image_SETA_226.jpg;PCOS/infected/Image_SETB_225.jpg;PCOS/infected/Image_SETB_226.jpg
Figshare,ed5bfe749d3af7b4607fb2a9e8be86bf,2,1,PCOS/infected/Image_Rotate_Rotate_Right_197.jpg;PCOS/infected/Image_Rotate_Rotate_Right_198.jpg
Figshare,ed89daa33fc458bb445f0a852889dd37,2,1,PCOS/infected/Image_Rotate_Rotate_Right_323.jpg;PCOS/infected/Image_Rotate_Rotate_Right_324.jpg
Figshare,edbf601bc62cf722b0229464bad78c83,4,0,PCOS/noninfected/Image_resize_044.jpg;PCOS/noninfected/Image_resize_048.jpg;PCOS/noninfected/Image_resize_671  (508).jpg;PCOS/noninfected/Image_resize_671  (527).jpg
Figshare,edc745f2267511f2c9007ab88f136faf,6,1,PCOS/infected/Image_231.jpg;PCOS/infected/Image_232.jpg;PCOS/infected/Image_SETA_231.jpg;PCOS/infected/Image_SETA_232.jpg;PCOS/infected/Image_SETB_231.jpg;PCOS/infected/Image_SETB_232.jpg
Figshare,edfeee5efcbaafc943c16b590e4e1682,8,0,PCOS/noninfected/Image_973.jpg;PCOS/noninfected/Image_974.jpg;PCOS/noninfected/Image_SetA973.jpg;PCOS/noninfected/Image_SetA974.jpg;PCOS/noninfected/Image_SetB973.jpg;PCOS/noninfected/Image_SetB974.jpg;PCOS/noninfected/Image_resize_671  (597).jpg;PCOS/noninfected/Image_resize_671  (598).jpg
Figshare,ee391c0e3cac2a99218215727f6dd54c,4,1,PCOS/infected/Image_resize_113.jpg;PCOS/infected/Image_resize_114.jpg;PCOS/infected/Image_resize_313.jpg;PCOS/infected/Image_resize_314.jpg
Figshare,ee3fc34b2ba640cb694e1c4c07b11bc6,2,0,PCOS/noninfected/Image_resize_777.jpg;PCOS/noninfected/Image_resize_781.jpg
Figshare,ee61defa3da85b136d81fa2f8eaa2b2c,6,0,PCOS/noninfected/Image_209.jpg;PCOS/noninfected/Image_210.jpg;PCOS/noninfected/Image_SetA209.jpg;PCOS/noninfected/Image_SetA210.jpg;PCOS/noninfected/Image_SetB209.jpg;PCOS/noninfected/Image_SetB210.jpg
Figshare,ee9da9bd37c9459362bf06756d077820,8,0,PCOS/noninfected/Image_resize_594.jpg;PCOS/noninfected/Image_resize_595.jpg;PCOS/noninfected/Image_resize_598.jpg;PCOS/noninfected/Image_resize_599.jpg;PCOS/noninfected/Image_resize_671  (52).jpg;PCOS/noninfected/Image_resize_671  (53).jpg;PCOS/noninfected/Image_resize_671  (73).jpg;PCOS/noninfected/Image_resize_671  (74).jpg
Figshare,eea42c7240e60c6b94deef8988d6c1eb,2,1,PCOS/infected/Image_Rotate_Rotate_Right_321.jpg;PCOS/infected/Image_Rotate_Rotate_Right_322.jpg
Figshare,eea6f86b21ea1cb46815fcd2aca8f635,2,1,PCOS/infected/Image_Rotate_Rotate_Right_121.jpg;PCOS/infected/Image_Rotate_Rotate_Right_122.jpg
Figshare,eeb823b99e6e4fd21c712889d5bc7e0e,2,0,PCOS/noninfected/Image_resize_716.jpg;PCOS/noninfected/Image_resize_720.jpg
Figshare,eeba655de837553b7fb55de90ff82e6f,2,1,PCOS/infected/Image_Rotate_Rotate_Right_057.jpg;PCOS/infected/Image_Rotate_Rotate_Right_058.jpg
Figshare,eec2ba1f2213e8927297284a144fd883,2,1,PCOS/infected/image10899.jpg;PCOS/infected/image11100.jpg
Figshare,eec3191458a5054467335d578524a89c,4,0,PCOS/noninfected/Image_resize_473.jpg;PCOS/noninfected/Image_resize_477.jpg;PCOS/noninfected/Image_resize_671  (192).jpg;PCOS/noninfected/Image_resize_671  (196).jpg
Figshare,eecf33e160cc589bb352666d34e26c4e,2,1,PCOS/infected/Image_Rotate_Rotate_Right_339.jpg;PCOS/infected/Image_Rotate_Rotate_Right_340.jpg
Figshare,eedfd20d78468f3e3ba8508080fccebf,6,1,PCOS/infected/Image_159.jpg;PCOS/infected/Image_160.jpg;PCOS/infected/Image_SETA_159.jpg;PCOS/infected/Image_SETA_160.jpg;PCOS/infected/Image_SETB_159.jpg;PCOS/infected/Image_SETB_160.jpg
Figshare,eee7b13fb297cbfedfeaa433b37b752b,2,0,PCOS/noninfected/Image_resize_244.jpg;PCOS/noninfected/Image_resize_248.jpg
Figshare,ef1ac99f3bfccda752471c34467eb3f6,6,0,PCOS/noninfected/Image_111.jpg;PCOS/noninfected/Image_112.jpg;PCOS/noninfected/Image_SetA111.jpg;PCOS/noninfected/Image_SetA112.jpg;PCOS/noninfected/Image_SetB111.jpg;PCOS/noninfected/Image_SetB112.jpg
Figshare,ef473f6a01fe3f82a5f421aa5d1a98bc,6,0,PCOS/noninfected/Image_089.jpg;PCOS/noninfected/Image_090.jpg;PCOS/noninfected/Image_SetA089.jpg;PCOS/noninfected/Image_SetA090.jpg;PCOS/noninfected/Image_SetB089.jpg;PCOS/noninfected/Image_SetB090.jpg
Figshare,ef5222718a50dd7980219356063ab811,8,0,PCOS/noninfected/Image_resize_362.jpg;PCOS/noninfected/Image_resize_363.jpg;PCOS/noninfected/Image_resize_366.jpg;PCOS/noninfected/Image_resize_367.jpg;PCOS/noninfected/Image_resize_671  (303).jpg;PCOS/noninfected/Image_resize_671  (304).jpg;PCOS/noninfected/Image_resize_671  (307).jpg;PCOS/noninfected/Image_resize_671  (308).jpg
Figshare,ef72140ee1c839ae6020ba50d5469905,2,1,PCOS/infected/image11778.jpg;PCOS/infected/image12107.jpg
Figshare,ef786b17a040313a603c2d5de6ae5519,8,0,PCOS/noninfected/Image_793.jpg;PCOS/noninfected/Image_794.jpg;PCOS/noninfected/Image_SetA793.jpg;PCOS/noninfected/Image_SetA794.jpg;PCOS/noninfected/Image_SetB793.jpg;PCOS/noninfected/Image_SetB794.jpg;PCOS/noninfected/Image_resize_671  (773).jpg;PCOS/noninfected/Image_resize_671  (774).jpg
Figshare,efaa3305a761a5fe868d659b10480d81,6,0,PCOS/noninfected/Image_417.jpg;PCOS/noninfected/Image_418.jpg;PCOS/noninfected/Image_SetA417.jpg;PCOS/noninfected/Image_SetA418.jpg;PCOS/noninfected/Image_SetB417.jpg;PCOS/noninfected/Image_SetB418.jpg
Figshare,efb71737a15c4cc3ad47cf20049d16fd,4,0,PCOS/noninfected/Image_resize_076.jpg;PCOS/noninfected/Image_resize_080.jpg;PCOS/noninfected/Image_resize_671  (488).jpg;PCOS/noninfected/Image_resize_671  (492).jpg
Figshare,f0066cb6af4d367b138edddf26afb92e,2,1,PCOS/infected/image10608.jpg;PCOS/infected/image12437.jpg
Figshare,f01488d12db0096985d812e94f46dbcb,8,0,PCOS/noninfected/Image_511.jpg;PCOS/noninfected/Image_512.jpg;PCOS/noninfected/Image_SetA511.jpg;PCOS/noninfected/Image_SetA512.jpg;PCOS/noninfected/Image_SetB511.jpg;PCOS/noninfected/Image_SetB512.jpg;PCOS/noninfected/Image_resize_671  (1059).jpg;PCOS/noninfected/Image_resize_671  (1060).jpg
Figshare,f0382b93d5a44b53d95d7eb34313cbc8,6,1,PCOS/infected/Image_955.jpg;PCOS/infected/Image_956.jpg;PCOS/infected/Image_SETA_955.jpg;PCOS/infected/Image_SETA_956.jpg;PCOS/infected/Image_SETB_955.jpg;PCOS/infected/Image_SETB_956.jpg
Figshare,f0450cf4b524f67a1711ad8160a76efd,4,1,PCOS/infected/Image_Rotate_173.jpg;PCOS/infected/Image_Rotate_174.jpg;PCOS/infected/Image_Rotate_373.jpg;PCOS/infected/Image_Rotate_374.jpg
Figshare,f069ec4d42fb4fbdd0fb7024cb7da977,8,0,PCOS/noninfected/Image_457.jpg;PCOS/noninfected/Image_458.jpg;PCOS/noninfected/Image_SetA457.jpg;PCOS/noninfected/Image_SetA458.jpg;PCOS/noninfected/Image_SetB457.jpg;PCOS/noninfected/Image_SetB458.jpg;PCOS/noninfected/Image_resize_671  (1088).jpg;PCOS/noninfected/Image_resize_671  (1089).jpg
Figshare,f06a9642b3ac31c0ddd182ca69338d15,6,0,PCOS/noninfected/Image_269.jpg;PCOS/noninfected/Image_270.jpg;PCOS/noninfected/Image_SetA269.jpg;PCOS/noninfected/Image_SetA270.jpg;PCOS/noninfected/Image_SetB269.jpg;PCOS/noninfected/Image_SetB270.jpg
Figshare,f06ac7e513844252372c5e1125e29f86,2,0,PCOS/noninfected/Image_resize_676.jpg;PCOS/noninfected/Image_resize_680.jpg
Figshare,f0834e0af10071d7e3c3d82e817f176a,8,0,PCOS/noninfected/Image_627.jpg;PCOS/noninfected/Image_628.jpg;PCOS/noninfected/Image_SetA627.jpg;PCOS/noninfected/Image_SetA628.jpg;PCOS/noninfected/Image_SetB627.jpg;PCOS/noninfected/Image_SetB628.jpg;PCOS/noninfected/Image_resize_671  (935).jpg;PCOS/noninfected/Image_resize_671  (936).jpg
Figshare,f08c8c38c47599d3ae4098702f2718ae,6,0,PCOS/noninfected/Image_315.jpg;PCOS/noninfected/Image_316.jpg;PCOS/noninfected/Image_SetA315.jpg;PCOS/noninfected/Image_SetA316.jpg;PCOS/noninfected/Image_SetB315.jpg;PCOS/noninfected/Image_SetB316.jpg
Figshare,f0ea962bdc6460589172fedee5887c45,6,1,PCOS/infected/Image_105.jpg;PCOS/infected/Image_106.jpg;PCOS/infected/Image_SETA_105.jpg;PCOS/infected/Image_SETA_106.jpg;PCOS/infected/Image_SETB_105.jpg;PCOS/infected/Image_SETB_106.jpg
Figshare,f0f46f0165a67f3fadcd678c30db8fb4,6,1,PCOS/infected/Image_267.jpg;PCOS/infected/Image_268.jpg;PCOS/infected/Image_SETA_267.jpg;PCOS/infected/Image_SETA_268.jpg;PCOS/infected/Image_SETB_267.jpg;PCOS/infected/Image_SETB_268.jpg
Figshare,f1245e706a2f27e85676f91e05fec0d1,6,1,PCOS/infected/Image_117.jpg;PCOS/infected/Image_118.jpg;PCOS/infected/Image_SETA_117.jpg;PCOS/infected/Image_SETA_118.jpg;PCOS/infected/Image_SETB_117.jpg;PCOS/infected/Image_SETB_118.jpg
Figshare,f12d7a0cfbb63f3b569aad2cb7d646af,8,0,PCOS/noninfected/Image_707.jpg;PCOS/noninfected/Image_708.jpg;PCOS/noninfected/Image_SetA707.jpg;PCOS/noninfected/Image_SetA708.jpg;PCOS/noninfected/Image_SetB707.jpg;PCOS/noninfected/Image_SetB708.jpg;PCOS/noninfected/Image_resize_671  (851).jpg;PCOS/noninfected/Image_resize_671  (852).jpg
Figshare,f140340eaf138e5575bd360893cbedb3,4,1,PCOS/infected/Image_resize_053.jpg;PCOS/infected/Image_resize_054.jpg;PCOS/infected/Image_resize_253.jpg;PCOS/infected/Image_resize_254.jpg
Figshare,f14f903586813df5b2774f1886d7dedf,6,1,PCOS/infected/Image_399.jpg;PCOS/infected/Image_400.jpg;PCOS/infected/Image_SETA_399.jpg;PCOS/infected/Image_SETA_400.jpg;PCOS/infected/Image_SETB_399.jpg;PCOS/infected/Image_SETB_400.jpg
Figshare,f17e554b3521f33233b2192e8afa5903,2,1,PCOS/infected/image10939.jpg;PCOS/infected/image11141.jpg
Figshare,f1bb34bdaa2bd3a0c46fa56a974a3808,2,1,PCOS/infected/Image_Rotate_Rotate_Right_191.jpg;PCOS/infected/Image_Rotate_Rotate_Right_192.jpg
Figshare,f1ce57c07dd89c49b05ba218abce4f05,6,1,PCOS/infected/Image_517.jpg;PCOS/infected/Image_518.jpg;PCOS/infected/Image_SETA_517.jpg;PCOS/infected/Image_SETA_518.jpg;PCOS/infected/Image_SETB_517.jpg;PCOS/infected/Image_SETB_518.jpg
Figshare,f1d4b7acceeada39720cd2055df6ccbb,6,1,PCOS/infected/Image_649.jpg;PCOS/infected/Image_650.jpg;PCOS/infected/Image_SETA_649.jpg;PCOS/infected/Image_SETA_650.jpg;PCOS/infected/Image_SETB_649.jpg;PCOS/infected/Image_SETB_650.jpg
Figshare,f1db98f8b099c056a1fa938571be9bbd,6,1,PCOS/infected/Image_813.jpg;PCOS/infected/Image_814.jpg;PCOS/infected/Image_SETA_813.jpg;PCOS/infected/Image_SETA_814.jpg;PCOS/infected/Image_SETB_813.jpg;PCOS/infected/Image_SETB_814.jpg
Figshare,f1e2dc2b9278b5d52c410aaa99e4ff3a,4,1,PCOS/infected/Image_Rotate_071.jpg;PCOS/infected/Image_Rotate_072.jpg;PCOS/infected/Image_Rotate_271.jpg;PCOS/infected/Image_Rotate_272.jpg
Figshare,f1eeb768fdf080b814f66e7a697b2440,6,1,PCOS/infected/Image_255.jpg;PCOS/infected/Image_256.jpg;PCOS/infected/Image_SETA_255.jpg;PCOS/infected/Image_SETA_256.jpg;PCOS/infected/Image_SETB_255.jpg;PCOS/infected/Image_SETB_256.jpg
Figshare,f1fff4cc2ce634a9962e2560878d29d9,4,0,PCOS/noninfected/Image_resize_188.jpg;PCOS/noninfected/Image_resize_192.jpg;PCOS/noninfected/Image_resize_671  (367).jpg;PCOS/noninfected/Image_resize_671  (371).jpg
Figshare,f214ddb52e734f732bd98d917a5c39bf,2,1,PCOS/infected/Image_Rotate_Rotate_Right_107.jpg;PCOS/infected/Image_Rotate_Rotate_Right_108.jpg
Figshare,f24619c8c075b841f046a2e614297002,6,1,PCOS/infected/Image_449.jpg;PCOS/infected/Image_450.jpg;PCOS/infected/Image_SETA_449.jpg;PCOS/infected/Image_SETA_450.jpg;PCOS/infected/Image_SETB_449.jpg;PCOS/infected/Image_SETB_450.jpg
Figshare,f2532a80d30f64682fe96d8fb61b6972,2,0,PCOS/noninfected/Image_resize_697.jpg;PCOS/noninfected/Image_resize_701.jpg
Figshare,f2896c41507955bdeb22a8ca395b92c9,2,0,PCOS/noninfected/Image_resize_788.jpg;PCOS/noninfected/Image_resize_792.jpg
Figshare,f289df032739304420842fd19afd8efe,2,1,PCOS/infected/Image_Rotate_Rotate_Right_041.jpg;PCOS/infected/Image_Rotate_Rotate_Right_042.jpg
Figshare,f2c56c3229b38b640583010df19f859e,6,1,PCOS/infected/Image_719.jpg;PCOS/infected/Image_720.jpg;PCOS/infected/Image_SETA_719.jpg;PCOS/infected/Image_SETA_720.jpg;PCOS/infected/Image_SETB_719.jpg;PCOS/infected/Image_SETB_720.jpg
Figshare,f2f3d3bffd9ca261c3c769733902fa2a,4,1,PCOS/infected/Image_Rotate_197.jpg;PCOS/infected/Image_Rotate_198.jpg;PCOS/infected/Image_Rotate_397.jpg;PCOS/infected/Image_Rotate_398.jpg
Figshare,f2fe4496e74ffe11ca4b358332b95e98,6,0,PCOS/noninfected/Image_249.jpg;PCOS/noninfected/Image_250.jpg;PCOS/noninfected/Image_SetA249.jpg;PCOS/noninfected/Image_SetA250.jpg;PCOS/noninfected/Image_SetB249.jpg;PCOS/noninfected/Image_SetB250.jpg
Figshare,f31f34b30f167942af61b5c6c8f8ea59,2,1,PCOS/infected/Image_Rotate_Rotate_Right_025.jpg;PCOS/infected/Image_Rotate_Rotate_Right_026.jpg
Figshare,f3522674ce478ddeedba621eed4bbc63,6,0,PCOS/noninfected/Image_239.jpg;PCOS/noninfected/Image_240.jpg;PCOS/noninfected/Image_SetA239.jpg;PCOS/noninfected/Image_SetA240.jpg;PCOS/noninfected/Image_SetB239.jpg;PCOS/noninfected/Image_SetB240.jpg
Figshare,f35c8703ec66cae343bb5f622a3a0a40,2,0,PCOS/noninfected/Image_resize_681.jpg;PCOS/noninfected/Image_resize_685.jpg
Figshare,f35d1a0f0cc3bee5a00be066ff303df7,6,1,PCOS/infected/Image_555.jpg;PCOS/infected/Image_556.jpg;PCOS/infected/Image_SETA_555.jpg;PCOS/infected/Image_SETA_556.jpg;PCOS/infected/Image_SETB_555.jpg;PCOS/infected/Image_SETB_556.jpg
Figshare,f36766e7577486ca332d5215b79995fc,8,0,PCOS/noninfected/Image_resize_394.jpg;PCOS/noninfected/Image_resize_395.jpg;PCOS/noninfected/Image_resize_398.jpg;PCOS/noninfected/Image_resize_399.jpg;PCOS/noninfected/Image_resize_671  (271).jpg;PCOS/noninfected/Image_resize_671  (272).jpg;PCOS/noninfected/Image_resize_671  (275).jpg;PCOS/noninfected/Image_resize_671  (276).jpg
Figshare,f37a47e15c96073a70cd3db8e1918584,2,1,PCOS/infected/Image_Rotate_Rotate_Right_359.jpg;PCOS/infected/Image_Rotate_Rotate_Right_360.jpg
Figshare,f39bb990ba8370a5b244c9c151ed19a7,2,1,PCOS/infected/image10921.jpg;PCOS/infected/image11122.jpg
Figshare,f3dc5127fe0c851d561f82bbef3d73e6,8,0,PCOS/noninfected/Image_755.jpg;PCOS/noninfected/Image_756.jpg;PCOS/noninfected/Image_SetA755.jpg;PCOS/noninfected/Image_SetA756.jpg;PCOS/noninfected/Image_SetB755.jpg;PCOS/noninfected/Image_SetB756.jpg;PCOS/noninfected/Image_resize_671  (803).jpg;PCOS/noninfected/Image_resize_671  (804).jpg
Figshare,f41383a1e5c4c9edab1f96e56c4d88c3,6,1,PCOS/infected/Image_829.jpg;PCOS/infected/Image_830.jpg;PCOS/infected/Image_SETA_829.jpg;PCOS/infected/Image_SETA_830.jpg;PCOS/infected/Image_SETB_829.jpg;PCOS/infected/Image_SETB_830.jpg
Figshare,f41fbbcf5886b87b025ef4675a993ea9,2,1,PCOS/infected/image10754.jpg;PCOS/infected/image10951.jpg
Figshare,f491f899db721aca5e6dd193e228638d,4,0,PCOS/noninfected/Image_resize_060.jpg;PCOS/noninfected/Image_resize_064.jpg;PCOS/noninfected/Image_resize_671  (496).jpg;PCOS/noninfected/Image_resize_671  (500).jpg
Figshare,f4964ca7aa9f80c6ce89439832f7709f,6,0,PCOS/noninfected/Image_1003.jpg;PCOS/noninfected/Image_1004.jpg;PCOS/noninfected/Image_SetA1003.jpg;PCOS/noninfected/Image_SetA1004.jpg;PCOS/noninfected/Image_SetB1003.jpg;PCOS/noninfected/Image_SetB1004.jpg
Figshare,f4f84acdfdb823cc8f1c85bbcee162ac,4,0,PCOS/noninfected/Image_resize_738.jpg;PCOS/noninfected/Image_resize_739.jpg;PCOS/noninfected/Image_resize_742.jpg;PCOS/noninfected/Image_resize_743.jpg
Figshare,f51d3aca4bc63747504defada46d7613,6,1,PCOS/infected/Image_717.jpg;PCOS/infected/Image_718.jpg;PCOS/infected/Image_SETA_717.jpg;PCOS/infected/Image_SETA_718.jpg;PCOS/infected/Image_SETB_717.jpg;PCOS/infected/Image_SETB_718.jpg
Figshare,f554339830d468035578d4682866f156,8,0,PCOS/noninfected/Image_995.jpg;PCOS/noninfected/Image_996.jpg;PCOS/noninfected/Image_SetA995.jpg;PCOS/noninfected/Image_SetA996.jpg;PCOS/noninfected/Image_SetB995.jpg;PCOS/noninfected/Image_SetB996.jpg;PCOS/noninfected/Image_resize_671  (571).jpg;PCOS/noninfected/Image_resize_671  (572).jpg
Figshare,f572a7fb05102e95a28186579a0a45aa,2,1,PCOS/infected/image10897.jpg;PCOS/infected/image11098.jpg
Figshare,f5ce4aca653844e7276173d893909c93,6,1,PCOS/infected/Image_665.jpg;PCOS/infected/Image_666.jpg;PCOS/infected/Image_SETA_665.jpg;PCOS/infected/Image_SETA_666.jpg;PCOS/infected/Image_SETB_665.jpg;PCOS/infected/Image_SETB_666.jpg
Figshare,f5de690a650304599588b52924c181d9,2,1,PCOS/infected/Image_Rotate_Rotate_Right_287.jpg;PCOS/infected/Image_Rotate_Rotate_Right_288.jpg
Figshare,f638fb5ac05f23a5242faa2882bd7730,8,0,PCOS/noninfected/Image_735.jpg;PCOS/noninfected/Image_736.jpg;PCOS/noninfected/Image_SetA735.jpg;PCOS/noninfected/Image_SetA736.jpg;PCOS/noninfected/Image_SetB735.jpg;PCOS/noninfected/Image_SetB736.jpg;PCOS/noninfected/Image_resize_671  (832).jpg;PCOS/noninfected/Image_resize_671  (833).jpg
Figshare,f6441843231004df40e7ff88c91bba1b,8,0,PCOS/noninfected/Image_resize_010.jpg;PCOS/noninfected/Image_resize_011.jpg;PCOS/noninfected/Image_resize_014.jpg;PCOS/noninfected/Image_resize_015.jpg;PCOS/noninfected/Image_resize_671  (541).jpg;PCOS/noninfected/Image_resize_671  (544).jpg;PCOS/noninfected/Image_resize_671  (545).jpg;PCOS/noninfected/Image_resize_671  (562).jpg
Figshare,f6652523e6ecf4fd951b12ae18cfd6a3,8,0,PCOS/noninfected/Image_731.jpg;PCOS/noninfected/Image_732.jpg;PCOS/noninfected/Image_SetA731.jpg;PCOS/noninfected/Image_SetA732.jpg;PCOS/noninfected/Image_SetB731.jpg;PCOS/noninfected/Image_SetB732.jpg;PCOS/noninfected/Image_resize_671  (828).jpg;PCOS/noninfected/Image_resize_671  (829).jpg
Figshare,f6c06e63eaa1830257ec28c248f56d80,4,1,PCOS/infected/Image_Rotate_021.jpg;PCOS/infected/Image_Rotate_022.jpg;PCOS/infected/Image_Rotate_221.jpg;PCOS/infected/Image_Rotate_222.jpg
Figshare,f6df1f7d8f4067686815100b04754e9e,2,1,PCOS/infected/image10797.jpg;PCOS/infected/image10994.jpg
Figshare,f745b1e9fd9d45b593e6998ab3aa1634,6,1,PCOS/infected/Image_135.jpg;PCOS/infected/Image_136.jpg;PCOS/infected/Image_SETA_135.jpg;PCOS/infected/Image_SETA_136.jpg;PCOS/infected/Image_SETB_135.jpg;PCOS/infected/Image_SETB_136.jpg
Figshare,f75a32363b74ad07246fa2debfc343fd,2,1,PCOS/infected/image10831.jpg;PCOS/infected/image11028.jpg
Figshare,f76aa0b554ae812d66b7525b9b70a282,8,0,PCOS/noninfected/Image_521.jpg;PCOS/noninfected/Image_522.jpg;PCOS/noninfected/Image_SetA521.jpg;PCOS/noninfected/Image_SetA522.jpg;PCOS/noninfected/Image_SetB521.jpg;PCOS/noninfected/Image_SetB522.jpg;PCOS/noninfected/Image_resize_671  (1046).jpg;PCOS/noninfected/Image_resize_671  (1047).jpg
Figshare,f780d436016372aab257f93c3e0f9090,6,1,PCOS/infected/Image_323.jpg;PCOS/infected/Image_324.jpg;PCOS/infected/Image_SETA_323.jpg;PCOS/infected/Image_SETA_324.jpg;PCOS/infected/Image_SETB_323.jpg;PCOS/infected/Image_SETB_324.jpg
Figshare,f79ccfb2fdd8ecc27db9bccefa1386ac,2,1,PCOS/infected/Image_Rotate_Rotate_Right_393.jpg;PCOS/infected/Image_Rotate_Rotate_Right_394.jpg
Figshare,f7d7152572f525fc189a4e8e620d3ea4,8,0,PCOS/noninfected/Image_783.jpg;PCOS/noninfected/Image_784.jpg;PCOS/noninfected/Image_SetA783.jpg;PCOS/noninfected/Image_SetA784.jpg;PCOS/noninfected/Image_SetB783.jpg;PCOS/noninfected/Image_SetB784.jpg;PCOS/noninfected/Image_resize_671  (785).jpg;PCOS/noninfected/Image_resize_671  (786).jpg
Figshare,f8310b832b79dcf8c7dabd18fec2ef98,2,1,PCOS/infected/image10913.jpg;PCOS/infected/image11114.jpg
Figshare,f85f49e5a3d43adf217aa9b5ed6338d7,6,1,PCOS/infected/Image_867.jpg;PCOS/infected/Image_868.jpg;PCOS/infected/Image_SETA_867.jpg;PCOS/infected/Image_SETA_868.jpg;PCOS/infected/Image_SETB_867.jpg;PCOS/infected/Image_SETB_868.jpg
Figshare,f863f1d70cb8b37c628867cd0a2d404f,4,0,PCOS/noninfected/Image_resize_465.jpg;PCOS/noninfected/Image_resize_469.jpg;PCOS/noninfected/Image_resize_671  (188).jpg;PCOS/noninfected/Image_resize_671  (208).jpg
Figshare,f867b795d603edf4e707543dfffdd921,8,0,PCOS/noninfected/Image_607.jpg;PCOS/noninfected/Image_608.jpg;PCOS/noninfected/Image_SetA607.jpg;PCOS/noninfected/Image_SetA608.jpg;PCOS/noninfected/Image_SetB607.jpg;PCOS/noninfected/Image_SetB608.jpg;PCOS/noninfected/Image_resize_671  (963).jpg;PCOS/noninfected/Image_resize_671  (964).jpg
Figshare,f87119fa01023babee6e419e67f78b8a,8,0,PCOS/noninfected/Image_resize_554.jpg;PCOS/noninfected/Image_resize_555.jpg;PCOS/noninfected/Image_resize_558.jpg;PCOS/noninfected/Image_resize_559.jpg;PCOS/noninfected/Image_resize_671  (103).jpg;PCOS/noninfected/Image_resize_671  (104).jpg;PCOS/noninfected/Image_resize_671  (107).jpg;PCOS/noninfected/Image_resize_671  (108).jpg
Figshare,f890282c61a391a67d438c7e6445a439,6,0,PCOS/noninfected/Image_147.jpg;PCOS/noninfected/Image_148.jpg;PCOS/noninfected/Image_SetA147.jpg;PCOS/noninfected/Image_SetA148.jpg;PCOS/noninfected/Image_SetB147.jpg;PCOS/noninfected/Image_SetB148.jpg
Figshare,f8a4dd561c525b868fcdcc887a3a1dba,2,1,PCOS/infected/image11424.jpg;PCOS/infected/image13058.jpg
Figshare,f8b5fbf36e3a972f0cb283dfca36cf70,6,1,PCOS/infected/Image_887.jpg;PCOS/infected/Image_888.jpg;PCOS/infected/Image_SETA_887.jpg;PCOS/infected/Image_SETA_888.jpg;PCOS/infected/Image_SETB_887.jpg;PCOS/infected/Image_SETB_888.jpg
Figshare,f92021173355c8620252793719233048,8,0,PCOS/noninfected/Image_resize_482.jpg;PCOS/noninfected/Image_resize_483.jpg;PCOS/noninfected/Image_resize_486.jpg;PCOS/noninfected/Image_resize_487.jpg;PCOS/noninfected/Image_resize_671  (177).jpg;PCOS/noninfected/Image_resize_671  (178).jpg;PCOS/noninfected/Image_resize_671  (181).jpg;PCOS/noninfected/Image_resize_671  (182).jpg
Figshare,f987f318b89f8076867e66c278107d8f,6,1,PCOS/infected/Image_633.jpg;PCOS/infected/Image_634.jpg;PCOS/infected/Image_SETA_633.jpg;PCOS/infected/Image_SETA_634.jpg;PCOS/infected/Image_SETB_633.jpg;PCOS/infected/Image_SETB_634.jpg
Figshare,f9d28b80caed3a4766c30bcd23165a70,2,1,PCOS/infected/Image_Rotate_Rotate_Right_169.jpg;PCOS/infected/Image_Rotate_Rotate_Right_170.jpg
Figshare,f9ffa84bbf8a694e94414b531acfef58,6,0,PCOS/noninfected/Image_103.jpg;PCOS/noninfected/Image_104.jpg;PCOS/noninfected/Image_SetA103.jpg;PCOS/noninfected/Image_SetA104.jpg;PCOS/noninfected/Image_SetB103.jpg;PCOS/noninfected/Image_SetB104.jpg
Figshare,fa317c0fd138f02fbd51b03b336cc9dd,6,1,PCOS/infected/Image_943.jpg;PCOS/infected/Image_944.jpg;PCOS/infected/Image_SETA_943.jpg;PCOS/infected/Image_SETA_944.jpg;PCOS/infected/Image_SETB_943.jpg;PCOS/infected/Image_SETB_944.jpg
Figshare,fa493e99625e8f23edc7c2296eb49061,4,0,PCOS/noninfected/Image_resize_132.jpg;PCOS/noninfected/Image_resize_136.jpg;PCOS/noninfected/Image_resize_671  (428).jpg;PCOS/noninfected/Image_resize_671  (432).jpg
Figshare,fa4d553ab7578dbe727491829643f64a,8,0,PCOS/noninfected/Image_491.jpg;PCOS/noninfected/Image_492.jpg;PCOS/noninfected/Image_SetA491.jpg;PCOS/noninfected/Image_SetA492.jpg;PCOS/noninfected/Image_SetB491.jpg;PCOS/noninfected/Image_SetB492.jpg;PCOS/noninfected/Image_resize_671  (1075).jpg;PCOS/noninfected/Image_resize_671  (1076).jpg
Figshare,fa83bfdcc866ee4575d34b65c61acf93,2,1,PCOS/infected/Image_Rotate_Rotate_Right_113.jpg;PCOS/infected/Image_Rotate_Rotate_Right_114.jpg
Figshare,fa8af7d1efca74a5baf55f065a9ab735,2,1,PCOS/infected/Image_Rotate_Rotate_Right_085.jpg;PCOS/infected/Image_Rotate_Rotate_Right_086.jpg
Figshare,fa8dddba5bb9049a23f41937c78170ff,2,1,PCOS/infected/Image_Rotate_Rotate_Right_145.jpg;PCOS/infected/Image_Rotate_Rotate_Right_146.jpg
Figshare,faa5b382fd72575c481870b328eb13cf,2,1,PCOS/infected/image10855.jpg;PCOS/infected/image11052.jpg
Figshare,fae07ada2b815ab9a6c36f959b1e9bcb,6,1,PCOS/infected/Image_787.jpg;PCOS/infected/Image_788.jpg;PCOS/infected/Image_SETA_787.jpg;PCOS/infected/Image_SETA_788.jpg;PCOS/infected/Image_SETB_787.jpg;PCOS/infected/Image_SETB_788.jpg
Figshare,fb0ad7db05ff0528bc0dd4071affd731,6,1,PCOS/infected/Image_759.jpg;PCOS/infected/Image_760.jpg;PCOS/infected/Image_SETA_759.jpg;PCOS/infected/Image_SETA_760.jpg;PCOS/infected/Image_SETB_759.jpg;PCOS/infected/Image_SETB_760.jpg
Figshare,fb105cdd173761d3966219de32b23517,2,1,PCOS/infected/Image_Rotate_Rotate_Right_297.jpg;PCOS/infected/Image_Rotate_Rotate_Right_298.jpg
Figshare,fb1629a12cc889d9d0328cd1d9f83f27,8,0,PCOS/noninfected/Image_resize_090.jpg;PCOS/noninfected/Image_resize_091.jpg;PCOS/noninfected/Image_resize_094.jpg;PCOS/noninfected/Image_resize_095.jpg;PCOS/noninfected/Image_resize_671  (459).jpg;PCOS/noninfected/Image_resize_671  (460).jpg;PCOS/noninfected/Image_resize_671  (479).jpg;PCOS/noninfected/Image_resize_671  (480).jpg
Figshare,fb47aab6c7ee81a04f72f06f083c6714,4,1,PCOS/infected/Image_resize_179.jpg;PCOS/infected/Image_resize_180.jpg;PCOS/infected/Image_resize_379.jpg;PCOS/infected/Image_resize_380.jpg
Figshare,fb540108ccf937ca9eab138e76b4f507,6,0,PCOS/noninfected/Image_331.jpg;PCOS/noninfected/Image_332.jpg;PCOS/noninfected/Image_SetA331.jpg;PCOS/noninfected/Image_SetA332.jpg;PCOS/noninfected/Image_SetB331.jpg;PCOS/noninfected/Image_SetB332.jpg
Figshare,fbb64c40419fc59b750de7b82769b230,6,0,PCOS/noninfected/Image_101.jpg;PCOS/noninfected/Image_102.jpg;PCOS/noninfected/Image_SetA101.jpg;PCOS/noninfected/Image_SetA102.jpg;PCOS/noninfected/Image_SetB101.jpg;PCOS/noninfected/Image_SetB102.jpg
Figshare,fbeb367aa451ec2f1748459745d0b70f,2,1,PCOS/infected/image10930.jpg;PCOS/infected/image11132.jpg
Figshare,fbfd8ee072b17090cbf3437b9aa1f468,6,1,PCOS/infected/Image_703.jpg;PCOS/infected/Image_704.jpg;PCOS/infected/Image_SETA_703.jpg;PCOS/infected/Image_SETA_704.jpg;PCOS/infected/Image_SETB_703.jpg;PCOS/infected/Image_SETB_704.jpg
Figshare,fbfef0c090f2e68e9f46c8cc4e78aa92,6,0,PCOS/noninfected/Image_067.jpg;PCOS/noninfected/Image_068.jpg;PCOS/noninfected/Image_SetA067.jpg;PCOS/noninfected/Image_SetA068.jpg;PCOS/noninfected/Image_SetB067.jpg;PCOS/noninfected/Image_SetB068.jpg
Figshare,fc2614bbab92877cada2f67cb70d6321,6,1,PCOS/infected/Image_1011.jpg;PCOS/infected/Image_1012.jpg;PCOS/infected/Image_SETA_1011.jpg;PCOS/infected/Image_SETA_1012.jpg;PCOS/infected/Image_SETB_1011.jpg;PCOS/infected/Image_SETB_1012.jpg
Figshare,fc2f9f3d5c87aef453aee83d47d47f49,4,0,PCOS/noninfected/Image_resize_041.jpg;PCOS/noninfected/Image_resize_045.jpg;PCOS/noninfected/Image_resize_671  (524).jpg;PCOS/noninfected/Image_resize_671  (528).jpg
Figshare,fc4719ccda93987542238e78f2e7959c,2,1,PCOS/infected/image10866.jpg;PCOS/infected/image11063.jpg
Figshare,fc4918352b179c112930f7221fc990df,6,1,PCOS/infected/Image_387.jpg;PCOS/infected/Image_388.jpg;PCOS/infected/Image_SETA_387.jpg;PCOS/infected/Image_SETA_388.jpg;PCOS/infected/Image_SETB_387.jpg;PCOS/infected/Image_SETB_388.jpg
Figshare,fc9c2fbda6e7e4e30f7727f93d350933,4,0,PCOS/noninfected/Image_resize_057.jpg;PCOS/noninfected/Image_resize_061.jpg;PCOS/noninfected/Image_resize_671  (493).jpg;PCOS/noninfected/Image_resize_671  (497).jpg
Figshare,fca2ed28179d8dc5e7481087810dce71,6,0,PCOS/noninfected/Image_121.jpg;PCOS/noninfected/Image_122.jpg;PCOS/noninfected/Image_SetA121.jpg;PCOS/noninfected/Image_SetA122.jpg;PCOS/noninfected/Image_SetB121.jpg;PCOS/noninfected/Image_SetB122.jpg
Figshare,fcb6f4fa50ecc3286d6d7c8c887f525a,2,1,PCOS/infected/Image_Rotate_Rotate_Right_285.jpg;PCOS/infected/Image_Rotate_Rotate_Right_286.jpg
Figshare,fce15920c6532d79fe600a14c1fe7637,6,0,PCOS/noninfected/Image_025.jpg;PCOS/noninfected/Image_026.jpg;PCOS/noninfected/Image_SetA025.jpg;PCOS/noninfected/Image_SetA026.jpg;PCOS/noninfected/Image_SetB025.jpg;PCOS/noninfected/Image_SetB026.jpg
Figshare,fcfe478229a8c13951cdef0e1e4ca487,6,1,PCOS/infected/Image_889.jpg;PCOS/infected/Image_890.jpg;PCOS/infected/Image_SETA_889.jpg;PCOS/infected/Image_SETA_890.jpg;PCOS/infected/Image_SETB_889.jpg;PCOS/infected/Image_SETB_890.jpg
Figshare,fd17f1e8dec963cedf7fc448f635bfe1,2,1,PCOS/infected/image10815.jpg;PCOS/infected/image11012.jpg
Figshare,fd67d8acb8fd4b86167b6f845f310877,4,1,PCOS/infected/Image_resize_007.jpg;PCOS/infected/Image_resize_008.jpg;PCOS/infected/Image_resize_207.jpg;PCOS/infected/Image_resize_208.jpg
Figshare,fd6df30dc24d097998f4b15aec3ee3ce,8,0,PCOS/noninfected/Image_resize_074.jpg;PCOS/noninfected/Image_resize_075.jpg;PCOS/noninfected/Image_resize_078.jpg;PCOS/noninfected/Image_resize_079.jpg;PCOS/noninfected/Image_resize_671  (486).jpg;PCOS/noninfected/Image_resize_671  (487).jpg;PCOS/noninfected/Image_resize_671  (490).jpg;PCOS/noninfected/Image_resize_671  (491).jpg
Figshare,fdb01fdeb11425ab61230119d749fbd8,8,0,PCOS/noninfected/Image_475.jpg;PCOS/noninfected/Image_476.jpg;PCOS/noninfected/Image_SetA475.jpg;PCOS/noninfected/Image_SetA476.jpg;PCOS/noninfected/Image_SetB475.jpg;PCOS/noninfected/Image_SetB476.jpg;PCOS/noninfected/Image_resize_671  (1106).jpg;PCOS/noninfected/Image_resize_671  (1107).jpg
Figshare,fdcb8148fe2c9fad98f2bf1b93d3a1f3,2,1,PCOS/infected/image10772.jpg;PCOS/infected/image10969.jpg
Figshare,fe2bddac48c839787c6d8c88f1eb6f2b,2,1,PCOS/infected/Image_Rotate_Rotate_Right_371.jpg;PCOS/infected/Image_Rotate_Rotate_Right_372.jpg
Figshare,fe3991861d3927e1ae239497bb9e059a,4,1,PCOS/infected/Image_Rotate_003.jpg;PCOS/infected/Image_Rotate_004.jpg;PCOS/infected/Image_Rotate_203.jpg;PCOS/infected/Image_Rotate_204.jpg
Figshare,fe5d91446403e994e1a81e197519a3a5,6,1,PCOS/infected/Image_647.jpg;PCOS/infected/Image_648.jpg;PCOS/infected/Image_SETA_647.jpg;PCOS/infected/Image_SETA_648.jpg;PCOS/infected/Image_SETB_647.jpg;PCOS/infected/Image_SETB_648.jpg
Figshare,fe61d8c4003500f6549d52619849ff12,6,1,PCOS/infected/Image_827.jpg;PCOS/infected/Image_828.jpg;PCOS/infected/Image_SETA_827.jpg;PCOS/infected/Image_SETA_828.jpg;PCOS/infected/Image_SETB_827.jpg;PCOS/infected/Image_SETB_828.jpg
Figshare,ff09f2fedaa9f27f62c0ab5fddefb335,2,1,PCOS/infected/image10758.jpg;PCOS/infected/image10955.jpg
Figshare,ff0a8e6d7cc78d2bed1dd457084cc2be,2,1,PCOS/infected/image10792.jpg;PCOS/infected/image10989.jpg
Figshare,ff0ea9682e189b91136c5314df93a7ca,2,1,PCOS/infected/image10850.jpg;PCOS/infected/image11047.jpg
Figshare,ff2959b424664a17a654ab7dca6685a4,4,0,PCOS/noninfected/Image_resize_620.jpg;PCOS/noninfected/Image_resize_624.jpg;PCOS/noninfected/Image_resize_671  (29).jpg;PCOS/noninfected/Image_resize_671  (49).jpg
Figshare,ff9de0a93b0add3e2430caf77f124603,2,1,PCOS/infected/image10928.jpg;PCOS/infected/image11129.jpg
Figshare,ffc338dd9964761cb61491651b9519b7,2,1,PCOS/infected/image10868.jpg;PCOS/infected/image11065.jpg
Figshare,ffead1bdbf815037e5f682078213acf5,6,1,PCOS/infected/Image_305.jpg;PCOS/infected/Image_306.jpg;PCOS/infected/Image_SETA_305.jpg;PCOS/infected/Image_SETA_306.jpg;PCOS/infected/Image_SETB_305.jpg;PCOS/infected/Image_SETB_306.jpg
Figshare,fff72170892c1b00a326e391887a95c5,6,1,PCOS/infected/Image_559.jpg;PCOS/infected/Image_560.jpg;PCOS/infected/Image_SETA_559.jpg;PCOS/infected/Image_SETA_560.jpg;PCOS/infected/Image_SETB_559.jpg;PCOS/infected/Image_SETB_560.jpg
Figshare,fffac495568469c621f233c3a16a133a,4,1,PCOS/infected/Image_Rotate_185.jpg;PCOS/infected/Image_Rotate_186.jpg;PCOS/infected/Image_Rotate_385.jpg;PCOS/infected/Image_Rotate_386.jpg
Figshare,ffff425158a1e46e3d924bddb664fb12,6,0,PCOS/noninfected/Image_055.jpg;PCOS/noninfected/Image_056.jpg;PCOS/noninfected/Image_SetA055.jpg;PCOS/noninfected/Image_SetA056.jpg;PCOS/noninfected/Image_SetB055.jpg;PCOS/noninfected/Image_SetB056.jpg
